stage,dataset_size,seed,normal_scenario,attack_type,phase_index,challenge_recall,mean_score,mean_mimicry_distance
hardened_v3_event,10,42,normal_staggered,stealth_mimicry_ato,1,0.0,0.2316666666666667,0.2448839586765682
hardened_v3_event,10,42,normal_staggered,stealth_mimicry_ato,2,0.0,0.26499999999999996,0.26620662260875533
hardened_v3_event,10,42,normal_staggered,stealth_mimicry_ato,3,0.0,0.26499999999999996,0.29637234070586144
hardened_v3_event,10,42,normal_staggered,stealth_mimicry_ato,4,0.0,0.24333333333333332,0.33310968561845317
hardened_v3_event,10,42,normal_staggered,slow_credential_probe,1,0.0,0.2241666666666667,0.26792794534673475
hardened_v3_event,10,42,normal_staggered,slow_credential_probe,2,0.0,0.19083333333333333,0.26818298973651705
hardened_v3_event,10,42,normal_staggered,slow_credential_probe,3,0.0,0.375,0.30155110681452313
hardened_v3_event,10,42,normal_staggered,slow_credential_probe,4,0.0,0.32666666666666666,0.39488304484110087
hardened_v3_event,10,42,normal_staggered,session_replay_chain,1,0.0,0.18666666666666668,0.26487072134264544
hardened_v3_event,10,42,normal_staggered,session_replay_chain,2,0.0,0.18666666666666668,0.29688862005035804
hardened_v3_event,10,42,normal_staggered,session_replay_chain,3,0.0,0.1925,0.3393484307258312
hardened_v3_event,10,42,normal_staggered,session_replay_chain,4,0.0,0.33666666666666667,0.3874937808194487
hardened_v3_event,10,42,normal_staggered,gradual_exfiltration,1,0.0,0.2316666666666667,0.24998123848088574
hardened_v3_event,10,42,normal_staggered,gradual_exfiltration,2,0.0,0.26499999999999996,0.2673931177127324
hardened_v3_event,10,42,normal_staggered,gradual_exfiltration,3,0.0,0.27083333333333326,0.291015709561792
hardened_v3_event,10,42,normal_staggered,gradual_exfiltration,4,0.0,0.31000000000000005,0.3121854950141068
hardened_v3_event,10,42,normal_staggered,distributed_lateral_drift,1,0.0,0.30000000000000004,0.2516616237386737
hardened_v3_event,10,42,normal_staggered,distributed_lateral_drift,2,0.0,0.36375,0.26759983547069255
hardened_v3_event,10,42,normal_staggered,distributed_lateral_drift,3,0.0,0.28,0.25118127364695575
hardened_v3_event,10,42,normal_staggered,distributed_lateral_drift,4,0.0,0.275,0.2647417812678918
hardened_v3_event,10,42,normal_staggered,profile_poisoning_chain,1,0.0,0.18666666666666668,0.26851411394688374
hardened_v3_event,10,42,normal_staggered,profile_poisoning_chain,2,0.0,0.26499999999999996,0.2988947809447791
hardened_v3_event,10,42,normal_staggered,profile_poisoning_chain,3,0.0,0.385,0.3363768886336242
hardened_v3_event,10,42,normal_staggered,profile_poisoning_chain,4,0.0,0.4083333333333334,0.3826926815605642
sequence_v4,10,42,normal_staggered,stealth_mimicry_ato,1,0.0,0.2556333333333333,0.2448839586765682
sequence_v4,10,42,normal_staggered,stealth_mimicry_ato,2,0.0,0.28537944646195923,0.26620662260875533
sequence_v4,10,42,normal_staggered,stealth_mimicry_ato,3,0.0,0.33032656980644987,0.29637234070586144
sequence_v4,10,42,normal_staggered,stealth_mimicry_ato,4,0.0,0.393943778297213,0.33310968561845317
sequence_v4,10,42,normal_staggered,slow_credential_probe,1,0.0,0.30150000000000005,0.26792794534673475
sequence_v4,10,42,normal_staggered,slow_credential_probe,2,0.0,0.32558105164451573,0.26818298973651705
sequence_v4,10,42,normal_staggered,slow_credential_probe,3,0.0,0.39366985376587005,0.30155110681452313
sequence_v4,10,42,normal_staggered,slow_credential_probe,4,0.0,0.3941923063404163,0.39488304484110087
sequence_v4,10,42,normal_staggered,session_replay_chain,1,0.0,0.24819999999999998,0.26487072134264544
sequence_v4,10,42,normal_staggered,session_replay_chain,2,0.0,0.4190593541976375,0.29688862005035804
sequence_v4,10,42,normal_staggered,session_replay_chain,3,0.0,0.62759473099399,0.3393484307258312
sequence_v4,10,42,normal_staggered,session_replay_chain,4,0.5833333333333334,0.8643374914451457,0.3874937808194487
sequence_v4,10,42,normal_staggered,gradual_exfiltration,1,0.0,0.2556333333333333,0.24998123848088574
sequence_v4,10,42,normal_staggered,gradual_exfiltration,2,0.0,0.28537944646195923,0.2673931177127324
sequence_v4,10,42,normal_staggered,gradual_exfiltration,3,0.0,0.3157265698064498,0.291015709561792
sequence_v4,10,42,normal_staggered,gradual_exfiltration,4,0.0,0.42651782346788586,0.3121854950141068
sequence_v4,10,42,normal_staggered,distributed_lateral_drift,1,0.0,0.31615000000000004,0.2516616237386737
sequence_v4,10,42,normal_staggered,distributed_lateral_drift,2,0.0,0.37341207437907903,0.26759983547069255
sequence_v4,10,42,normal_staggered,distributed_lateral_drift,3,0.0,0.3421605501100078,0.25118127364695575
sequence_v4,10,42,normal_staggered,distributed_lateral_drift,4,0.0,0.3881313576302079,0.2647417812678918
sequence_v4,10,42,normal_staggered,profile_poisoning_chain,1,0.0,0.24819999999999998,0.26851411394688374
sequence_v4,10,42,normal_staggered,profile_poisoning_chain,2,0.0,0.3644939704551479,0.2988947809447791
sequence_v4,10,42,normal_staggered,profile_poisoning_chain,3,0.0,0.5055595112029956,0.3363768886336242
sequence_v4,10,42,normal_staggered,profile_poisoning_chain,4,0.08333333333333333,0.6044461802010107,0.3826926815605642
hardened_v3_event,10,42,normal_nat_burst,stealth_mimicry_ato,1,0.0,0.32333333333333325,0.2567550335999325
hardened_v3_event,10,42,normal_nat_burst,stealth_mimicry_ato,2,0.0,0.16000000000000003,0.2612274972155065
hardened_v3_event,10,42,normal_nat_burst,stealth_mimicry_ato,3,0.0,0.32333333333333325,0.30911766047954975
hardened_v3_event,10,42,normal_nat_burst,stealth_mimicry_ato,4,0.0,0.17500000000000004,0.33472544635894746
hardened_v3_event,10,42,normal_nat_burst,slow_credential_probe,1,0.0,0.25666666666666677,0.27933848681387524
hardened_v3_event,10,42,normal_nat_burst,slow_credential_probe,2,0.0,0.08,0.26332762684388866
hardened_v3_event,10,42,normal_nat_burst,slow_credential_probe,3,0.0,0.4733333333333334,0.3170363520243444
hardened_v3_event,10,42,normal_nat_burst,slow_credential_probe,4,0.0,0.24499999999999997,0.397109702486737
hardened_v3_event,10,42,normal_nat_burst,session_replay_chain,1,0.0,0.3083333333333333,0.2760905920008411
hardened_v3_event,10,42,normal_nat_burst,session_replay_chain,2,0.0,0.3083333333333333,0.3135323483543771
hardened_v3_event,10,42,normal_nat_burst,session_replay_chain,3,0.0,0.32583333333333336,0.3575047845331301
hardened_v3_event,10,42,normal_nat_burst,session_replay_chain,4,0.25,0.48333333333333334,0.40924656819150984
hardened_v3_event,10,42,normal_nat_burst,gradual_exfiltration,1,0.0,0.32333333333333325,0.2636006344507761
hardened_v3_event,10,42,normal_nat_burst,gradual_exfiltration,2,0.0,0.16000000000000003,0.2678063585878296
hardened_v3_event,10,42,normal_nat_burst,gradual_exfiltration,3,0.0,0.3416666666666666,0.3088126482174996
hardened_v3_event,10,42,normal_nat_burst,gradual_exfiltration,4,0.0,0.21833333333333335,0.31656093845005695
hardened_v3_event,10,42,normal_nat_burst,distributed_lateral_drift,1,0.0,0.26,0.24961233199209104
hardened_v3_event,10,42,normal_nat_burst,distributed_lateral_drift,2,0.0,0.37625000000000003,0.2664070753363636
hardened_v3_event,10,42,normal_nat_burst,distributed_lateral_drift,3,0.0,0.36,0.2648576700303661
hardened_v3_event,10,42,normal_nat_burst,distributed_lateral_drift,4,0.0,0.3125,0.2671128720895418
hardened_v3_event,10,42,normal_nat_burst,profile_poisoning_chain,1,0.0,0.3083333333333333,0.2814719037006858
hardened_v3_event,10,42,normal_nat_burst,profile_poisoning_chain,2,0.0,0.2933333333333333,0.3123799416696797
hardened_v3_event,10,42,normal_nat_burst,profile_poisoning_chain,3,0.08333333333333333,0.44333333333333336,0.3511824280292391
hardened_v3_event,10,42,normal_nat_burst,profile_poisoning_chain,4,0.0,0.4366666666666667,0.3955894740402363
sequence_v4,10,42,normal_nat_burst,stealth_mimicry_ato,1,0.0,0.32333333333333325,0.2567550335999325
sequence_v4,10,42,normal_nat_burst,stealth_mimicry_ato,2,0.0,0.27133156616237536,0.2612274972155065
sequence_v4,10,42,normal_nat_burst,stealth_mimicry_ato,3,0.0,0.372255391842833,0.30911766047954975
sequence_v4,10,42,normal_nat_burst,stealth_mimicry_ato,4,0.0,0.44029767760997757,0.33472544635894746
sequence_v4,10,42,normal_nat_burst,slow_credential_probe,1,0.0,0.3140666666666667,0.27933848681387524
sequence_v4,10,42,normal_nat_burst,slow_credential_probe,2,0.0,0.3334621608579238,0.26332762684388866
sequence_v4,10,42,normal_nat_burst,slow_credential_probe,3,0.0,0.4733333333333334,0.3170363520243444
sequence_v4,10,42,normal_nat_burst,slow_credential_probe,4,0.0,0.4174242262654975,0.397109702486737
sequence_v4,10,42,normal_nat_burst,session_replay_chain,1,0.0,0.3183333333333333,0.2760905920008411
sequence_v4,10,42,normal_nat_burst,session_replay_chain,2,0.0,0.4737548373073319,0.3135323483543771
sequence_v4,10,42,normal_nat_burst,session_replay_chain,3,0.5,0.7265402831279557,0.3575047845331301
sequence_v4,10,42,normal_nat_burst,session_replay_chain,4,0.75,0.9260235705798022,0.40924656819150984
sequence_v4,10,42,normal_nat_burst,gradual_exfiltration,1,0.0,0.32333333333333325,0.2636006344507761
sequence_v4,10,42,normal_nat_burst,gradual_exfiltration,2,0.0,0.285748232829042,0.2678063585878296
sequence_v4,10,42,normal_nat_burst,gradual_exfiltration,3,0.0,0.3678672224122658,0.3088126482174996
sequence_v4,10,42,normal_nat_burst,gradual_exfiltration,4,0.0,0.4357729372273367,0.31656093845005695
sequence_v4,10,42,normal_nat_burst,distributed_lateral_drift,1,0.0,0.30095,0.24961233199209104
sequence_v4,10,42,normal_nat_burst,distributed_lateral_drift,2,0.0,0.37625000000000003,0.2664070753363636
sequence_v4,10,42,normal_nat_burst,distributed_lateral_drift,3,0.0,0.37570917623346123,0.2648576700303661
sequence_v4,10,42,normal_nat_burst,distributed_lateral_drift,4,0.0,0.38461920864822086,0.2671128720895418
sequence_v4,10,42,normal_nat_burst,profile_poisoning_chain,1,0.0,0.3183333333333333,0.2814719037006858
sequence_v4,10,42,normal_nat_burst,profile_poisoning_chain,2,0.0,0.4628879166666666,0.3123799416696797
sequence_v4,10,42,normal_nat_burst,profile_poisoning_chain,3,0.08333333333333333,0.512302219607518,0.3511824280292391
sequence_v4,10,42,normal_nat_burst,profile_poisoning_chain,4,0.5,0.7827582813683719,0.3955894740402363
hardened_v3_event,10,43,normal_staggered,stealth_mimicry_ato,1,0.0,0.2316666666666666,0.2517696888335059
hardened_v3_event,10,43,normal_staggered,stealth_mimicry_ato,2,0.0,0.24999999999999992,0.2693136711648107
hardened_v3_event,10,43,normal_staggered,stealth_mimicry_ato,3,0.0,0.27999999999999997,0.3000302029029186
hardened_v3_event,10,43,normal_staggered,stealth_mimicry_ato,4,0.0,0.27999999999999997,0.3407697793814903
hardened_v3_event,10,43,normal_staggered,slow_credential_probe,1,0.0,0.2241666666666667,0.2702994914833794
hardened_v3_event,10,43,normal_staggered,slow_credential_probe,2,0.0,0.16999999999999996,0.2728690399816785
hardened_v3_event,10,43,normal_staggered,slow_credential_probe,3,0.0,0.3966666666666667,0.3111262735761071
hardened_v3_event,10,43,normal_staggered,slow_credential_probe,4,0.08333333333333333,0.35833333333333334,0.41147529092432983
hardened_v3_event,10,43,normal_staggered,session_replay_chain,1,0.0,0.20166666666666666,0.2671828672295781
hardened_v3_event,10,43,normal_staggered,session_replay_chain,2,0.0,0.20166666666666666,0.30683029395163236
hardened_v3_event,10,43,normal_staggered,session_replay_chain,3,0.0,0.21916666666666665,0.34967938880183946
hardened_v3_event,10,43,normal_staggered,session_replay_chain,4,0.16666666666666666,0.36833333333333335,0.40301239010390494
hardened_v3_event,10,43,normal_staggered,gradual_exfiltration,1,0.0,0.2316666666666666,0.2519376015653162
hardened_v3_event,10,43,normal_staggered,gradual_exfiltration,2,0.0,0.24999999999999992,0.2721199223699236
hardened_v3_event,10,43,normal_staggered,gradual_exfiltration,3,0.0,0.2924999999999999,0.29880540054293
hardened_v3_event,10,43,normal_staggered,gradual_exfiltration,4,0.0,0.3233333333333333,0.32462407216238676
hardened_v3_event,10,43,normal_staggered,distributed_lateral_drift,1,0.0,0.3225,0.2563502715740117
hardened_v3_event,10,43,normal_staggered,distributed_lateral_drift,2,0.0,0.27,0.25613098430862674
hardened_v3_event,10,43,normal_staggered,distributed_lateral_drift,3,0.0,0.24750000000000003,0.25810544019602616
hardened_v3_event,10,43,normal_staggered,distributed_lateral_drift,4,0.0,0.2025,0.2541669061032725
hardened_v3_event,10,43,normal_staggered,profile_poisoning_chain,1,0.0,0.20166666666666666,0.2725469443242697
hardened_v3_event,10,43,normal_staggered,profile_poisoning_chain,2,0.0,0.26499999999999996,0.3047430004179607
hardened_v3_event,10,43,normal_staggered,profile_poisoning_chain,3,0.0,0.41500000000000004,0.34326041923804324
hardened_v3_event,10,43,normal_staggered,profile_poisoning_chain,4,0.0,0.4000000000000001,0.38671197906717864
sequence_v4,10,43,normal_staggered,stealth_mimicry_ato,1,0.0,0.2672999999999999,0.2517696888335059
sequence_v4,10,43,normal_staggered,stealth_mimicry_ato,2,0.0,0.29183971487680077,0.2693136711648107
sequence_v4,10,43,normal_staggered,stealth_mimicry_ato,3,0.0,0.3444027177800298,0.3000302029029186
sequence_v4,10,43,normal_staggered,stealth_mimicry_ato,4,0.0,0.41024740260700193,0.3407697793814903
sequence_v4,10,43,normal_staggered,slow_credential_probe,1,0.0,0.3038,0.2702994914833794
sequence_v4,10,43,normal_staggered,slow_credential_probe,2,0.0,0.32618802930037144,0.2728690399816785
sequence_v4,10,43,normal_staggered,slow_credential_probe,3,0.0,0.4110370188834258,0.3111262735761071
sequence_v4,10,43,normal_staggered,slow_credential_probe,4,0.08333333333333333,0.421542828231731,0.41147529092432983
sequence_v4,10,43,normal_staggered,session_replay_chain,1,0.0,0.25730000000000003,0.2671828672295781
sequence_v4,10,43,normal_staggered,session_replay_chain,2,0.0,0.4400739345503096,0.30683029395163236
sequence_v4,10,43,normal_staggered,session_replay_chain,3,0.25,0.6777885637437068,0.34967938880183946
sequence_v4,10,43,normal_staggered,session_replay_chain,4,0.75,0.9107014691112685,0.40301239010390494
sequence_v4,10,43,normal_staggered,gradual_exfiltration,1,0.0,0.2672999999999999,0.2519376015653162
sequence_v4,10,43,normal_staggered,gradual_exfiltration,2,0.0,0.294048048210134,0.2721199223699236
sequence_v4,10,43,normal_staggered,gradual_exfiltration,3,0.0,0.3321193844466965,0.29880540054293
sequence_v4,10,43,normal_staggered,gradual_exfiltration,4,0.0,0.420324783912616,0.32462407216238676
sequence_v4,10,43,normal_staggered,distributed_lateral_drift,1,0.0,0.32595,0.2563502715740117
sequence_v4,10,43,normal_staggered,distributed_lateral_drift,2,0.0,0.32183472795910806,0.25613098430862674
sequence_v4,10,43,normal_staggered,distributed_lateral_drift,3,0.0,0.3429384511411331,0.25810544019602616
sequence_v4,10,43,normal_staggered,distributed_lateral_drift,4,0.0,0.3412897064208264,0.2541669061032725
sequence_v4,10,43,normal_staggered,profile_poisoning_chain,1,0.0,0.25730000000000003,0.2725469443242697
sequence_v4,10,43,normal_staggered,profile_poisoning_chain,2,0.0,0.3809500216826613,0.3047430004179607
sequence_v4,10,43,normal_staggered,profile_poisoning_chain,3,0.0,0.5070024081321717,0.34326041923804324
sequence_v4,10,43,normal_staggered,profile_poisoning_chain,4,0.16666666666666666,0.6460082016353209,0.38671197906717864
hardened_v3_event,10,43,normal_nat_burst,stealth_mimicry_ato,1,0.0,0.28333333333333327,0.24584946586168419
hardened_v3_event,10,43,normal_nat_burst,stealth_mimicry_ato,2,0.0,0.15500000000000003,0.25148941606130354
hardened_v3_event,10,43,normal_nat_burst,stealth_mimicry_ato,3,0.0,0.29,0.2986645465356339
hardened_v3_event,10,43,normal_nat_burst,stealth_mimicry_ato,4,0.0,0.17583333333333337,0.32735549992656804
hardened_v3_event,10,43,normal_nat_burst,slow_credential_probe,1,0.0,0.22250000000000003,0.26656385007193256
hardened_v3_event,10,43,normal_nat_burst,slow_credential_probe,2,0.0,0.08666666666666667,0.2537378165622918
hardened_v3_event,10,43,normal_nat_burst,slow_credential_probe,3,0.0,0.4333333333333334,0.3066630385526165
hardened_v3_event,10,43,normal_nat_burst,slow_credential_probe,4,0.0,0.23999999999999996,0.39490491802628186
hardened_v3_event,10,43,normal_nat_burst,session_replay_chain,1,0.0,0.2683333333333333,0.2646494799404417
hardened_v3_event,10,43,normal_nat_burst,session_replay_chain,2,0.0,0.2683333333333333,0.3037945909782129
hardened_v3_event,10,43,normal_nat_burst,session_replay_chain,3,0.0,0.29833333333333334,0.3484995025770354
hardened_v3_event,10,43,normal_nat_burst,session_replay_chain,4,0.16666666666666666,0.43500000000000005,0.4030453333814701
hardened_v3_event,10,43,normal_nat_burst,gradual_exfiltration,1,0.0,0.28333333333333327,0.2509769023270989
hardened_v3_event,10,43,normal_nat_burst,gradual_exfiltration,2,0.0,0.15500000000000003,0.2584900318279792
hardened_v3_event,10,43,normal_nat_burst,gradual_exfiltration,3,0.0,0.3441666666666667,0.3001596364560483
hardened_v3_event,10,43,normal_nat_burst,gradual_exfiltration,4,0.08333333333333333,0.2575,0.3122958548463045
hardened_v3_event,10,43,normal_nat_burst,distributed_lateral_drift,1,0.0,0.2525,0.24876493705103964
hardened_v3_event,10,43,normal_nat_burst,distributed_lateral_drift,2,0.0,0.34375,0.25637430319677706
hardened_v3_event,10,43,normal_nat_burst,distributed_lateral_drift,3,0.0,0.3225,0.25683280065026837
hardened_v3_event,10,43,normal_nat_burst,distributed_lateral_drift,4,0.0,0.27,0.2553717045985936
hardened_v3_event,10,43,normal_nat_burst,profile_poisoning_chain,1,0.0,0.2683333333333333,0.2690452085847746
hardened_v3_event,10,43,normal_nat_burst,profile_poisoning_chain,2,0.0,0.24499999999999997,0.2997200594291463
hardened_v3_event,10,43,normal_nat_burst,profile_poisoning_chain,3,0.0,0.4100000000000001,0.3403432518281965
hardened_v3_event,10,43,normal_nat_burst,profile_poisoning_chain,4,0.0,0.395,0.3848977219422886
sequence_v4,10,43,normal_nat_burst,stealth_mimicry_ato,1,0.0,0.2849999999999999,0.24584946586168419
sequence_v4,10,43,normal_nat_burst,stealth_mimicry_ato,2,0.0,0.24837042278527957,0.25148941606130354
sequence_v4,10,43,normal_nat_burst,stealth_mimicry_ato,3,0.0,0.3209902494455432,0.2986645465356339
sequence_v4,10,43,normal_nat_burst,stealth_mimicry_ato,4,0.0,0.3930342916449476,0.32735549992656804
sequence_v4,10,43,normal_nat_burst,slow_credential_probe,1,0.0,0.29226666666666673,0.26656385007193256
sequence_v4,10,43,normal_nat_burst,slow_credential_probe,2,0.0,0.3228144939757664,0.2537378165622918
sequence_v4,10,43,normal_nat_burst,slow_credential_probe,3,0.0,0.43865181310317247,0.3066630385526165
sequence_v4,10,43,normal_nat_burst,slow_credential_probe,4,0.0,0.40549868903655345,0.39490491802628186
sequence_v4,10,43,normal_nat_burst,session_replay_chain,1,0.0,0.27999999999999997,0.2646494799404417
sequence_v4,10,43,normal_nat_burst,session_replay_chain,2,0.0,0.4217941283531222,0.3037945909782129
sequence_v4,10,43,normal_nat_burst,session_replay_chain,3,0.25,0.6592236544340215,0.3484995025770354
sequence_v4,10,43,normal_nat_burst,session_replay_chain,4,0.8333333333333334,0.909292058227229,0.4030453333814701
sequence_v4,10,43,normal_nat_burst,gradual_exfiltration,1,0.0,0.2849999999999999,0.2509769023270989
sequence_v4,10,43,normal_nat_burst,gradual_exfiltration,2,0.0,0.25057875611861286,0.2584900318279792
sequence_v4,10,43,normal_nat_burst,gradual_exfiltration,3,0.0,0.3646633744455432,0.3001596364560483
sequence_v4,10,43,normal_nat_burst,gradual_exfiltration,4,0.08333333333333333,0.46666587662823433,0.3122958548463045
sequence_v4,10,43,normal_nat_burst,distributed_lateral_drift,1,0.0,0.29345,0.24876493705103964
sequence_v4,10,43,normal_nat_burst,distributed_lateral_drift,2,0.0,0.34375,0.25637430319677706
sequence_v4,10,43,normal_nat_burst,distributed_lateral_drift,3,0.0,0.3529825413440133,0.25683280065026837
sequence_v4,10,43,normal_nat_burst,distributed_lateral_drift,4,0.0,0.3410321987800082,0.2553717045985936
sequence_v4,10,43,normal_nat_burst,profile_poisoning_chain,1,0.0,0.27999999999999997,0.2690452085847746
sequence_v4,10,43,normal_nat_burst,profile_poisoning_chain,2,0.0,0.40219374999999996,0.2997200594291463
sequence_v4,10,43,normal_nat_burst,profile_poisoning_chain,3,0.0,0.457339474189778,0.3403432518281965
sequence_v4,10,43,normal_nat_burst,profile_poisoning_chain,4,0.25,0.6757933848903627,0.3848977219422886
hardened_v3_event,10,44,normal_staggered,stealth_mimicry_ato,1,0.0,0.2758333333333333,0.2487213283944193
hardened_v3_event,10,44,normal_staggered,stealth_mimicry_ato,2,0.0,0.2316666666666667,0.26493895760972647
hardened_v3_event,10,44,normal_staggered,stealth_mimicry_ato,3,0.0,0.29749999999999993,0.3028015643687632
hardened_v3_event,10,44,normal_staggered,stealth_mimicry_ato,4,0.0,0.2766666666666666,0.3423934759656598
hardened_v3_event,10,44,normal_staggered,slow_credential_probe,1,0.0,0.2508333333333334,0.27000053155573306
hardened_v3_event,10,44,normal_staggered,slow_credential_probe,2,0.0,0.17,0.26941555392027877
hardened_v3_event,10,44,normal_staggered,slow_credential_probe,3,0.08333333333333333,0.43500000000000005,0.3139633693301242
hardened_v3_event,10,44,normal_staggered,slow_credential_probe,4,0.0,0.3533333333333333,0.4092538014126348
hardened_v3_event,10,44,normal_staggered,session_replay_chain,1,0.0,0.26333333333333336,0.2657349228782953
hardened_v3_event,10,44,normal_staggered,session_replay_chain,2,0.0,0.26333333333333336,0.30396707228579595
hardened_v3_event,10,44,normal_staggered,session_replay_chain,3,0.0,0.2866666666666666,0.35309700153926454
hardened_v3_event,10,44,normal_staggered,session_replay_chain,4,0.25,0.4383333333333333,0.4093168282593551
hardened_v3_event,10,44,normal_staggered,gradual_exfiltration,1,0.0,0.2758333333333333,0.2542855131667769
hardened_v3_event,10,44,normal_staggered,gradual_exfiltration,2,0.0,0.2316666666666667,0.2752610396799314
hardened_v3_event,10,44,normal_staggered,gradual_exfiltration,3,0.0,0.33916666666666667,0.30570945050696846
hardened_v3_event,10,44,normal_staggered,gradual_exfiltration,4,0.0,0.36250000000000004,0.3298182288676815
hardened_v3_event,10,44,normal_staggered,distributed_lateral_drift,1,0.0,0.32375,0.2558041050905248
hardened_v3_event,10,44,normal_staggered,distributed_lateral_drift,2,0.0,0.33875,0.25913155905780566
hardened_v3_event,10,44,normal_staggered,distributed_lateral_drift,3,0.0,0.29000000000000004,0.25406328822933655
hardened_v3_event,10,44,normal_staggered,distributed_lateral_drift,4,0.0,0.255,0.25924545312601793
hardened_v3_event,10,44,normal_staggered,profile_poisoning_chain,1,0.0,0.26333333333333336,0.27096729700664884
hardened_v3_event,10,44,normal_staggered,profile_poisoning_chain,2,0.0,0.2316666666666666,0.3037118034602047
hardened_v3_event,10,44,normal_staggered,profile_poisoning_chain,3,0.08333333333333333,0.4116666666666667,0.3407255158694768
hardened_v3_event,10,44,normal_staggered,profile_poisoning_chain,4,0.0,0.42666666666666675,0.3922303398359577
sequence_v4,10,44,normal_staggered,stealth_mimicry_ato,1,0.0,0.28750000000000003,0.2487213283944193
sequence_v4,10,44,normal_staggered,stealth_mimicry_ato,2,0.0,0.27339575865863375,0.26493895760972647
sequence_v4,10,44,normal_staggered,stealth_mimicry_ato,3,0.0,0.33420252310841353,0.3028015643687632
sequence_v4,10,44,normal_staggered,stealth_mimicry_ato,4,0.0,0.39334006761514556,0.3423934759656598
sequence_v4,10,44,normal_staggered,slow_credential_probe,1,0.0,0.3367781250000001,0.27000053155573306
sequence_v4,10,44,normal_staggered,slow_credential_probe,2,0.0,0.33811411387309304,0.26941555392027877
sequence_v4,10,44,normal_staggered,slow_credential_probe,3,0.08333333333333333,0.45365375335964114,0.3139633693301242
sequence_v4,10,44,normal_staggered,slow_credential_probe,4,0.0,0.46381331311643503,0.4092538014126348
sequence_v4,10,44,normal_staggered,session_replay_chain,1,0.0,0.27499999999999997,0.2657349228782953
sequence_v4,10,44,normal_staggered,session_replay_chain,2,0.0,0.4170442574514908,0.30396707228579595
sequence_v4,10,44,normal_staggered,session_replay_chain,3,0.16666666666666666,0.6382385615294053,0.35309700153926454
sequence_v4,10,44,normal_staggered,session_replay_chain,4,1.0,0.9342645400920286,0.4093168282593551
sequence_v4,10,44,normal_staggered,gradual_exfiltration,1,0.0,0.28750000000000003,0.2542855131667769
sequence_v4,10,44,normal_staggered,gradual_exfiltration,2,0.0,0.2797119552610973,0.2752610396799314
sequence_v4,10,44,normal_staggered,gradual_exfiltration,3,0.0,0.38769423285985627,0.30570945050696846
sequence_v4,10,44,normal_staggered,gradual_exfiltration,4,0.16666666666666666,0.49720950111031614,0.3298182288676815
sequence_v4,10,44,normal_staggered,distributed_lateral_drift,1,0.0,0.33240000000000003,0.2558041050905248
sequence_v4,10,44,normal_staggered,distributed_lateral_drift,2,0.0,0.36384176509694943,0.25913155905780566
sequence_v4,10,44,normal_staggered,distributed_lateral_drift,3,0.0,0.3460052634498277,0.25406328822933655
sequence_v4,10,44,normal_staggered,distributed_lateral_drift,4,0.0,0.35076131379215814,0.25924545312601793
sequence_v4,10,44,normal_staggered,profile_poisoning_chain,1,0.0,0.27499999999999997,0.27096729700664884
sequence_v4,10,44,normal_staggered,profile_poisoning_chain,2,0.0,0.4029866666666666,0.3037118034602047
sequence_v4,10,44,normal_staggered,profile_poisoning_chain,3,0.08333333333333333,0.45839782948770097,0.3407255158694768
sequence_v4,10,44,normal_staggered,profile_poisoning_chain,4,0.25,0.6826897826988324,0.3922303398359577
hardened_v3_event,10,44,normal_nat_burst,stealth_mimicry_ato,1,0.0,0.27333333333333326,0.25139152738336773
hardened_v3_event,10,44,normal_nat_burst,stealth_mimicry_ato,2,0.0,0.13000000000000003,0.25451820631966965
hardened_v3_event,10,44,normal_nat_burst,stealth_mimicry_ato,3,0.0,0.27999999999999997,0.3006296289064969
hardened_v3_event,10,44,normal_nat_burst,stealth_mimicry_ato,4,0.0,0.16,0.3275329257052239
hardened_v3_event,10,44,normal_nat_burst,slow_credential_probe,1,0.0,0.2241666666666667,0.27175928724601467
hardened_v3_event,10,44,normal_nat_burst,slow_credential_probe,2,0.0,0.055833333333333325,0.25837945168484955
hardened_v3_event,10,44,normal_nat_burst,slow_credential_probe,3,0.0,0.4233333333333334,0.3149672324152809
hardened_v3_event,10,44,normal_nat_burst,slow_credential_probe,4,0.0,0.22999999999999998,0.3974141400162265
hardened_v3_event,10,44,normal_nat_burst,session_replay_chain,1,0.0,0.2583333333333333,0.2691087140031385
hardened_v3_event,10,44,normal_nat_burst,session_replay_chain,2,0.0,0.2583333333333333,0.30730383154856594
hardened_v3_event,10,44,normal_nat_burst,session_replay_chain,3,0.0,0.2758333333333333,0.3569561651960229
hardened_v3_event,10,44,normal_nat_burst,session_replay_chain,4,0.16666666666666666,0.425,0.4107490571533062
hardened_v3_event,10,44,normal_nat_burst,gradual_exfiltration,1,0.0,0.27333333333333326,0.2540391639378954
hardened_v3_event,10,44,normal_nat_burst,gradual_exfiltration,2,0.0,0.13000000000000003,0.26046832192176356
hardened_v3_event,10,44,normal_nat_burst,gradual_exfiltration,3,0.0,0.29833333333333334,0.30065151472631396
hardened_v3_event,10,44,normal_nat_burst,gradual_exfiltration,4,0.0,0.20333333333333337,0.3114015338364307
hardened_v3_event,10,44,normal_nat_burst,distributed_lateral_drift,1,0.0,0.24500000000000005,0.24745338556043722
hardened_v3_event,10,44,normal_nat_burst,distributed_lateral_drift,2,0.0,0.3525,0.25799571910959096
hardened_v3_event,10,44,normal_nat_burst,distributed_lateral_drift,3,0.0,0.31875,0.2552625141723094
hardened_v3_event,10,44,normal_nat_burst,distributed_lateral_drift,4,0.0,0.2625,0.256570527186877
hardened_v3_event,10,44,normal_nat_burst,profile_poisoning_chain,1,0.0,0.2583333333333333,0.27392296375890157
hardened_v3_event,10,44,normal_nat_burst,profile_poisoning_chain,2,0.0,0.23499999999999996,0.3039226561788229
hardened_v3_event,10,44,normal_nat_burst,profile_poisoning_chain,3,0.0,0.4000000000000001,0.3395572487435549
hardened_v3_event,10,44,normal_nat_burst,profile_poisoning_chain,4,0.0,0.38500000000000006,0.38742458348251846
sequence_v4,10,44,normal_nat_burst,stealth_mimicry_ato,1,0.0,0.2765333333333333,0.25139152738336773
sequence_v4,10,44,normal_nat_burst,stealth_mimicry_ato,2,0.0,0.2515917227839969,0.25451820631966965
sequence_v4,10,44,normal_nat_burst,stealth_mimicry_ato,3,0.0,0.3305529250350967,0.3006296289064969
sequence_v4,10,44,normal_nat_burst,stealth_mimicry_ato,4,0.0,0.3908006041121812,0.3275329257052239
sequence_v4,10,44,normal_nat_burst,slow_credential_probe,1,0.0,0.3115489583333334,0.27175928724601467
sequence_v4,10,44,normal_nat_burst,slow_credential_probe,2,0.0,0.3281284780183703,0.25837945168484955
sequence_v4,10,44,normal_nat_burst,slow_credential_probe,3,0.0,0.4305972920838938,0.3149672324152809
sequence_v4,10,44,normal_nat_burst,slow_credential_probe,4,0.0,0.4183898031373579,0.3974141400162265
sequence_v4,10,44,normal_nat_burst,session_replay_chain,1,0.0,0.27153333333333335,0.2691087140031385
sequence_v4,10,44,normal_nat_burst,session_replay_chain,2,0.0,0.4285590960009002,0.30730383154856594
sequence_v4,10,44,normal_nat_burst,session_replay_chain,3,0.16666666666666666,0.6672222084698891,0.3569561651960229
sequence_v4,10,44,normal_nat_burst,session_replay_chain,4,0.8333333333333334,0.9240256700780246,0.4107490571533062
sequence_v4,10,44,normal_nat_burst,gradual_exfiltration,1,0.0,0.2765333333333333,0.2540391639378954
sequence_v4,10,44,normal_nat_burst,gradual_exfiltration,2,0.0,0.2578603507334733,0.26046832192176356
sequence_v4,10,44,normal_nat_burst,gradual_exfiltration,3,0.0,0.3477139969667867,0.30065151472631396
sequence_v4,10,44,normal_nat_burst,gradual_exfiltration,4,0.08333333333333333,0.41900545086816093,0.3114015338364307
sequence_v4,10,44,normal_nat_burst,distributed_lateral_drift,1,0.0,0.30095000000000005,0.24745338556043722
sequence_v4,10,44,normal_nat_burst,distributed_lateral_drift,2,0.0,0.3525,0.25799571910959096
sequence_v4,10,44,normal_nat_burst,distributed_lateral_drift,3,0.0,0.3527770986912217,0.2552625141723094
sequence_v4,10,44,normal_nat_burst,distributed_lateral_drift,4,0.0,0.3391321192494218,0.256570527186877
sequence_v4,10,44,normal_nat_burst,profile_poisoning_chain,1,0.0,0.27153333333333335,0.27392296375890157
sequence_v4,10,44,normal_nat_burst,profile_poisoning_chain,2,0.0,0.40896958333333333,0.3039226561788229
sequence_v4,10,44,normal_nat_burst,profile_poisoning_chain,3,0.0,0.4659961719190344,0.3395572487435549
sequence_v4,10,44,normal_nat_burst,profile_poisoning_chain,4,0.25,0.6732754953093245,0.38742458348251846
hardened_v3_event,10,45,normal_staggered,stealth_mimicry_ato,1,0.0,0.27083333333333337,0.25249944675790637
hardened_v3_event,10,45,normal_staggered,stealth_mimicry_ato,2,0.0,0.24,0.27030146287590484
hardened_v3_event,10,45,normal_staggered,stealth_mimicry_ato,3,0.0,0.29749999999999993,0.30743011536878867
hardened_v3_event,10,45,normal_staggered,stealth_mimicry_ato,4,0.0,0.27,0.3453659543535535
hardened_v3_event,10,45,normal_staggered,slow_credential_probe,1,0.0,0.26249999999999996,0.2746174671054995
hardened_v3_event,10,45,normal_staggered,slow_credential_probe,2,0.0,0.17166666666666663,0.27178164116028464
hardened_v3_event,10,45,normal_staggered,slow_credential_probe,3,0.08333333333333333,0.4083333333333334,0.31357285840192356
hardened_v3_event,10,45,normal_staggered,slow_credential_probe,4,0.0,0.34,0.4097161590642242
hardened_v3_event,10,45,normal_staggered,session_replay_chain,1,0.0,0.2191666666666667,0.2708282827610357
hardened_v3_event,10,45,normal_staggered,session_replay_chain,2,0.0,0.21916666666666673,0.3060075418355662
hardened_v3_event,10,45,normal_staggered,session_replay_chain,3,0.0,0.25500000000000006,0.3506373261820219
hardened_v3_event,10,45,normal_staggered,session_replay_chain,4,0.16666666666666666,0.38000000000000006,0.4057710055729766
hardened_v3_event,10,45,normal_staggered,gradual_exfiltration,1,0.0,0.27083333333333337,0.2615709805488698
hardened_v3_event,10,45,normal_staggered,gradual_exfiltration,2,0.0,0.24583333333333335,0.2794657437520354
hardened_v3_event,10,45,normal_staggered,gradual_exfiltration,3,0.0,0.33416666666666667,0.3079399081744351
hardened_v3_event,10,45,normal_staggered,gradual_exfiltration,4,0.08333333333333333,0.3633333333333333,0.33104502572843114
hardened_v3_event,10,45,normal_staggered,distributed_lateral_drift,1,0.0,0.3125,0.25764619914090237
hardened_v3_event,10,45,normal_staggered,distributed_lateral_drift,2,0.0,0.3175,0.2572456296446643
hardened_v3_event,10,45,normal_staggered,distributed_lateral_drift,3,0.0,0.29500000000000004,0.2582413416869252
hardened_v3_event,10,45,normal_staggered,distributed_lateral_drift,4,0.0,0.26,0.2587759878560306
hardened_v3_event,10,45,normal_staggered,profile_poisoning_chain,1,0.0,0.2191666666666667,0.2738065708355121
hardened_v3_event,10,45,normal_staggered,profile_poisoning_chain,2,0.0,0.225,0.3083169127718312
hardened_v3_event,10,45,normal_staggered,profile_poisoning_chain,3,0.08333333333333333,0.42666666666666675,0.348012194226554
hardened_v3_event,10,45,normal_staggered,profile_poisoning_chain,4,0.08333333333333333,0.4116666666666668,0.3961681752108406
sequence_v4,10,45,normal_staggered,stealth_mimicry_ato,1,0.0,0.2823666666666667,0.25249944675790637
sequence_v4,10,45,normal_staggered,stealth_mimicry_ato,2,0.0,0.28232597245381097,0.27030146287590484
sequence_v4,10,45,normal_staggered,stealth_mimicry_ato,3,0.0,0.3572764462670703,0.30743011536878867
sequence_v4,10,45,normal_staggered,stealth_mimicry_ato,4,0.0,0.4193883584999023,0.3453659543535535
sequence_v4,10,45,normal_staggered,slow_credential_probe,1,0.0,0.32393333333333335,0.2746174671054995
sequence_v4,10,45,normal_staggered,slow_credential_probe,2,0.0,0.34227915721544294,0.27178164116028464
sequence_v4,10,45,normal_staggered,slow_credential_probe,3,0.08333333333333333,0.4297112805155176,0.31357285840192356
sequence_v4,10,45,normal_staggered,slow_credential_probe,4,0.0,0.4468360171514143,0.4097161590642242
sequence_v4,10,45,normal_staggered,session_replay_chain,1,0.0,0.2631333333333334,0.2708282827610357
sequence_v4,10,45,normal_staggered,session_replay_chain,2,0.0,0.44723408901502615,0.3060075418355662
sequence_v4,10,45,normal_staggered,session_replay_chain,3,0.3333333333333333,0.7057873435691174,0.3506373261820219
sequence_v4,10,45,normal_staggered,session_replay_chain,4,0.75,0.9209794875280339,0.4057710055729766
sequence_v4,10,45,normal_staggered,gradual_exfiltration,1,0.0,0.2823666666666667,0.2615709805488698
sequence_v4,10,45,normal_staggered,gradual_exfiltration,2,0.0,0.3024358643572809,0.2794657437520354
sequence_v4,10,45,normal_staggered,gradual_exfiltration,3,0.0,0.39250497902213405,0.3079399081744351
sequence_v4,10,45,normal_staggered,gradual_exfiltration,4,0.08333333333333333,0.5154218073935672,0.33104502572843114
sequence_v4,10,45,normal_staggered,distributed_lateral_drift,1,0.0,0.32865,0.25764619914090237
sequence_v4,10,45,normal_staggered,distributed_lateral_drift,2,0.0,0.3413485195752779,0.2572456296446643
sequence_v4,10,45,normal_staggered,distributed_lateral_drift,3,0.0,0.34169169899152185,0.2582413416869252
sequence_v4,10,45,normal_staggered,distributed_lateral_drift,4,0.0,0.369498730088036,0.2587759878560306
sequence_v4,10,45,normal_staggered,profile_poisoning_chain,1,0.0,0.2631333333333334,0.2738065708355121
sequence_v4,10,45,normal_staggered,profile_poisoning_chain,2,0.0,0.3957735210872251,0.3083169127718312
sequence_v4,10,45,normal_staggered,profile_poisoning_chain,3,0.08333333333333333,0.5257682243774865,0.348012194226554
sequence_v4,10,45,normal_staggered,profile_poisoning_chain,4,0.4166666666666667,0.6826351162167615,0.3961681752108406
hardened_v3_event,10,45,normal_nat_burst,stealth_mimicry_ato,1,0.0,0.25999999999999995,0.24458648547084527
hardened_v3_event,10,45,normal_nat_burst,stealth_mimicry_ato,2,0.0,0.14500000000000005,0.24872114195497108
hardened_v3_event,10,45,normal_nat_burst,stealth_mimicry_ato,3,0.0,0.26499999999999996,0.2919998309737108
hardened_v3_event,10,45,normal_nat_burst,stealth_mimicry_ato,4,0.0,0.18083333333333332,0.32230132892217306
hardened_v3_event,10,45,normal_nat_burst,slow_credential_probe,1,0.0,0.24333333333333337,0.2628187115685196
hardened_v3_event,10,45,normal_nat_burst,slow_credential_probe,2,0.0,0.065,0.2553192522733437
hardened_v3_event,10,45,normal_nat_burst,slow_credential_probe,3,0.0,0.3883333333333334,0.30918168049484157
hardened_v3_event,10,45,normal_nat_burst,slow_credential_probe,4,0.08333333333333333,0.25333333333333335,0.3986023618851003
hardened_v3_event,10,45,normal_nat_burst,session_replay_chain,1,0.0,0.2508333333333333,0.26152905169698143
hardened_v3_event,10,45,normal_nat_burst,session_replay_chain,2,0.0,0.2508333333333333,0.3037182819844598
hardened_v3_event,10,45,normal_nat_burst,session_replay_chain,3,0.0,0.29833333333333334,0.35120764850945957
hardened_v3_event,10,45,normal_nat_burst,session_replay_chain,4,0.3333333333333333,0.4283333333333334,0.4082354882122692
hardened_v3_event,10,45,normal_nat_burst,gradual_exfiltration,1,0.0,0.25999999999999995,0.24559583655504533
hardened_v3_event,10,45,normal_nat_burst,gradual_exfiltration,2,0.0,0.14500000000000005,0.2538336521456304
hardened_v3_event,10,45,normal_nat_burst,gradual_exfiltration,3,0.0,0.30083333333333334,0.29509209481735726
hardened_v3_event,10,45,normal_nat_burst,gradual_exfiltration,4,0.0,0.23750000000000002,0.3131341753715763
hardened_v3_event,10,45,normal_nat_burst,distributed_lateral_drift,1,0.0,0.2625,0.2450353118212596
hardened_v3_event,10,45,normal_nat_burst,distributed_lateral_drift,2,0.0,0.34875,0.25925088819249453
hardened_v3_event,10,45,normal_nat_burst,distributed_lateral_drift,3,0.0,0.33625,0.2542842270921657
hardened_v3_event,10,45,normal_nat_burst,distributed_lateral_drift,4,0.0,0.2725,0.25878246053307336
hardened_v3_event,10,45,normal_nat_burst,profile_poisoning_chain,1,0.0,0.24499999999999997,0.2681223877453887
hardened_v3_event,10,45,normal_nat_burst,profile_poisoning_chain,2,0.0,0.24999999999999992,0.29422360210697784
hardened_v3_event,10,45,normal_nat_burst,profile_poisoning_chain,3,0.0,0.4000000000000001,0.3305609969921686
hardened_v3_event,10,45,normal_nat_burst,profile_poisoning_chain,4,0.0,0.4000000000000001,0.38109279373940824
sequence_v4,10,45,normal_nat_burst,stealth_mimicry_ato,1,0.0,0.26409999999999995,0.24458648547084527
sequence_v4,10,45,normal_nat_burst,stealth_mimicry_ato,2,0.0,0.2466358172284732,0.24872114195497108
sequence_v4,10,45,normal_nat_burst,stealth_mimicry_ato,3,0.0,0.31633349983090825,0.2919998309737108
sequence_v4,10,45,normal_nat_burst,stealth_mimicry_ato,4,0.0,0.3807084627522856,0.32230132892217306
sequence_v4,10,45,normal_nat_burst,slow_credential_probe,1,0.0,0.31580854166666666,0.2628187115685196
sequence_v4,10,45,normal_nat_burst,slow_credential_probe,2,0.0,0.31751858911247743,0.2553192522733437
sequence_v4,10,45,normal_nat_burst,slow_credential_probe,3,0.0,0.42072861846833653,0.30918168049484157
sequence_v4,10,45,normal_nat_burst,slow_credential_probe,4,0.08333333333333333,0.4126210749152191,0.3986023618851003
sequence_v4,10,45,normal_nat_burst,session_replay_chain,1,0.0,0.2649333333333333,0.26152905169698143
sequence_v4,10,45,normal_nat_burst,session_replay_chain,2,0.0,0.42460087024954074,0.3037182819844598
sequence_v4,10,45,normal_nat_burst,session_replay_chain,3,0.3333333333333333,0.6899150824382646,0.35120764850945957
sequence_v4,10,45,normal_nat_burst,session_replay_chain,4,0.8333333333333334,0.9425508014237814,0.4082354882122692
sequence_v4,10,45,normal_nat_burst,gradual_exfiltration,1,0.0,0.26409999999999995,0.24559583655504533
sequence_v4,10,45,normal_nat_burst,gradual_exfiltration,2,0.0,0.2466358172284732,0.2538336521456304
sequence_v4,10,45,normal_nat_burst,gradual_exfiltration,3,0.0,0.35356141649757483,0.29509209481735726
sequence_v4,10,45,normal_nat_burst,gradual_exfiltration,4,0.0,0.4288353511107255,0.3131341753715763
sequence_v4,10,45,normal_nat_burst,distributed_lateral_drift,1,0.0,0.3098,0.2450353118212596
sequence_v4,10,45,normal_nat_burst,distributed_lateral_drift,2,0.0,0.34944209920098546,0.25925088819249453
sequence_v4,10,45,normal_nat_burst,distributed_lateral_drift,3,0.0,0.3650058634987145,0.2542842270921657
sequence_v4,10,45,normal_nat_burst,distributed_lateral_drift,4,0.0,0.3622019494847476,0.25878246053307336
sequence_v4,10,45,normal_nat_burst,profile_poisoning_chain,1,0.0,0.25909999999999994,0.2681223877453887
sequence_v4,10,45,normal_nat_burst,profile_poisoning_chain,2,0.0,0.37767774207597177,0.29422360210697784
sequence_v4,10,45,normal_nat_burst,profile_poisoning_chain,3,0.0,0.4789925115608345,0.3305609969921686
sequence_v4,10,45,normal_nat_burst,profile_poisoning_chain,4,0.08333333333333333,0.6184112102964524,0.38109279373940824
hardened_v3_event,10,46,normal_staggered,stealth_mimicry_ato,1,0.0,0.2558333333333333,0.24936795624883298
hardened_v3_event,10,46,normal_staggered,stealth_mimicry_ato,2,0.0,0.225,0.26501408192312464
hardened_v3_event,10,46,normal_staggered,stealth_mimicry_ato,3,0.0,0.2758333333333333,0.2968288413121242
hardened_v3_event,10,46,normal_staggered,stealth_mimicry_ato,4,0.0,0.19499999999999998,0.33440426948833596
hardened_v3_event,10,46,normal_staggered,slow_credential_probe,1,0.0,0.2808333333333334,0.26749750291050256
hardened_v3_event,10,46,normal_staggered,slow_credential_probe,2,0.0,0.1625,0.2702055203269706
hardened_v3_event,10,46,normal_staggered,slow_credential_probe,3,0.0,0.39333333333333337,0.31120528631872985
hardened_v3_event,10,46,normal_staggered,slow_credential_probe,4,0.0,0.26499999999999996,0.40021229632618577
hardened_v3_event,10,46,normal_staggered,session_replay_chain,1,0.0,0.23499999999999996,0.2662962064348335
hardened_v3_event,10,46,normal_staggered,session_replay_chain,2,0.0,0.23499999999999996,0.30431971928720103
hardened_v3_event,10,46,normal_staggered,session_replay_chain,3,0.0,0.25249999999999995,0.3504522574078399
hardened_v3_event,10,46,normal_staggered,session_replay_chain,4,0.08333333333333333,0.39333333333333337,0.4012569622041681
hardened_v3_event,10,46,normal_staggered,gradual_exfiltration,1,0.0,0.2558333333333333,0.248794630595763
hardened_v3_event,10,46,normal_staggered,gradual_exfiltration,2,0.0,0.225,0.26819723796213707
hardened_v3_event,10,46,normal_staggered,gradual_exfiltration,3,0.0,0.29916666666666664,0.29682677349927794
hardened_v3_event,10,46,normal_staggered,gradual_exfiltration,4,0.0,0.27999999999999997,0.3172502064962341
hardened_v3_event,10,46,normal_staggered,distributed_lateral_drift,1,0.0,0.29750000000000004,0.25409907098715623
hardened_v3_event,10,46,normal_staggered,distributed_lateral_drift,2,0.0,0.36375,0.2614537520657759
hardened_v3_event,10,46,normal_staggered,distributed_lateral_drift,3,0.0,0.29375,0.25875711354460873
hardened_v3_event,10,46,normal_staggered,distributed_lateral_drift,4,0.0,0.265,0.26016694756613845
hardened_v3_event,10,46,normal_staggered,profile_poisoning_chain,1,0.0,0.24083333333333332,0.2705551249276357
hardened_v3_event,10,46,normal_staggered,profile_poisoning_chain,2,0.0,0.2608333333333333,0.29948877120778244
hardened_v3_event,10,46,normal_staggered,profile_poisoning_chain,3,0.0,0.38999999999999996,0.33576529339119565
hardened_v3_event,10,46,normal_staggered,profile_poisoning_chain,4,0.0,0.4200000000000001,0.38446722242744835
sequence_v4,10,46,normal_staggered,stealth_mimicry_ato,1,0.0,0.2689,0.24936795624883298
sequence_v4,10,46,normal_staggered,stealth_mimicry_ato,2,0.0,0.28195070382266874,0.26501408192312464
sequence_v4,10,46,normal_staggered,stealth_mimicry_ato,3,0.0,0.34901428207996116,0.2968288413121242
sequence_v4,10,46,normal_staggered,stealth_mimicry_ato,4,0.0,0.4115994358760063,0.33440426948833596
sequence_v4,10,46,normal_staggered,slow_credential_probe,1,0.0,0.3650347916666667,0.26749750291050256
sequence_v4,10,46,normal_staggered,slow_credential_probe,2,0.0,0.3601159826321782,0.2702055203269706
sequence_v4,10,46,normal_staggered,slow_credential_probe,3,0.0,0.45124818695752245,0.31120528631872985
sequence_v4,10,46,normal_staggered,slow_credential_probe,4,0.0,0.4610425216349079,0.40021229632618577
sequence_v4,10,46,normal_staggered,session_replay_chain,1,0.0,0.2630666666666666,0.2662962064348335
sequence_v4,10,46,normal_staggered,session_replay_chain,2,0.0,0.4353240636486782,0.30431971928720103
sequence_v4,10,46,normal_staggered,session_replay_chain,3,0.3333333333333333,0.6734547208390902,0.3504522574078399
sequence_v4,10,46,normal_staggered,session_replay_chain,4,0.6666666666666666,0.8837385165605625,0.4012569622041681
sequence_v4,10,46,normal_staggered,gradual_exfiltration,1,0.0,0.2689,0.248794630595763
sequence_v4,10,46,normal_staggered,gradual_exfiltration,2,0.0,0.28195070382266874,0.26819723796213707
sequence_v4,10,46,normal_staggered,gradual_exfiltration,3,0.0,0.37119262383809204,0.29682677349927794
sequence_v4,10,46,normal_staggered,gradual_exfiltration,4,0.08333333333333333,0.4883754085238046,0.3172502064962341
sequence_v4,10,46,normal_staggered,distributed_lateral_drift,1,0.0,0.30095,0.25409907098715623
sequence_v4,10,46,normal_staggered,distributed_lateral_drift,2,0.0,0.3723912186154245,0.2614537520657759
sequence_v4,10,46,normal_staggered,distributed_lateral_drift,3,0.0,0.3499797043850228,0.25875711354460873
sequence_v4,10,46,normal_staggered,distributed_lateral_drift,4,0.0,0.37262813690895313,0.26016694756613845
sequence_v4,10,46,normal_staggered,profile_poisoning_chain,1,0.0,0.2689,0.2705551249276357
sequence_v4,10,46,normal_staggered,profile_poisoning_chain,2,0.0,0.4106866180756996,0.29948877120778244
sequence_v4,10,46,normal_staggered,profile_poisoning_chain,3,0.0,0.515354790492163,0.33576529339119565
sequence_v4,10,46,normal_staggered,profile_poisoning_chain,4,0.25,0.6617452809880097,0.38446722242744835
hardened_v3_event,10,46,normal_nat_burst,stealth_mimicry_ato,1,0.0,0.2775,0.2478151304243815
hardened_v3_event,10,46,normal_nat_burst,stealth_mimicry_ato,2,0.0,0.11500000000000003,0.25021449327004786
hardened_v3_event,10,46,normal_nat_burst,stealth_mimicry_ato,3,0.0,0.2775,0.2984926954648897
hardened_v3_event,10,46,normal_nat_burst,stealth_mimicry_ato,4,0.0,0.13583333333333336,0.32844775495951917
hardened_v3_event,10,46,normal_nat_burst,slow_credential_probe,1,0.0,0.22750000000000004,0.26723870738215855
hardened_v3_event,10,46,normal_nat_burst,slow_credential_probe,2,0.0,0.04083333333333333,0.25564856514150786
hardened_v3_event,10,46,normal_nat_burst,slow_credential_probe,3,0.0,0.41500000000000004,0.3105980786038804
hardened_v3_event,10,46,normal_nat_burst,slow_credential_probe,4,0.08333333333333333,0.20833333333333334,0.39319181669272424
hardened_v3_event,10,46,normal_nat_burst,session_replay_chain,1,0.0,0.2625,0.26458029939157185
hardened_v3_event,10,46,normal_nat_burst,session_replay_chain,2,0.0,0.2625,0.30519963321462257
hardened_v3_event,10,46,normal_nat_burst,session_replay_chain,3,0.0,0.28,0.3533185031946266
hardened_v3_event,10,46,normal_nat_burst,session_replay_chain,4,0.16666666666666666,0.42333333333333334,0.4075384027557525
hardened_v3_event,10,46,normal_nat_burst,gradual_exfiltration,1,0.0,0.2775,0.2528879042474305
hardened_v3_event,10,46,normal_nat_burst,gradual_exfiltration,2,0.0,0.12083333333333335,0.26230795976668453
hardened_v3_event,10,46,normal_nat_burst,gradual_exfiltration,3,0.0,0.3383333333333334,0.30544793237159085
hardened_v3_event,10,46,normal_nat_burst,gradual_exfiltration,4,0.0,0.19833333333333336,0.31724822217707477
hardened_v3_event,10,46,normal_nat_burst,distributed_lateral_drift,1,0.0,0.2325,0.24518117009106066
hardened_v3_event,10,46,normal_nat_burst,distributed_lateral_drift,2,0.0,0.35125,0.26077328802137445
hardened_v3_event,10,46,normal_nat_burst,distributed_lateral_drift,3,0.0,0.3125,0.25458243078998216
hardened_v3_event,10,46,normal_nat_burst,distributed_lateral_drift,4,0.0,0.3075,0.26223840778169716
hardened_v3_event,10,46,normal_nat_burst,profile_poisoning_chain,1,0.0,0.2625,0.27074371436080397
hardened_v3_event,10,46,normal_nat_burst,profile_poisoning_chain,2,0.0,0.24083333333333332,0.3000909994604317
hardened_v3_event,10,46,normal_nat_burst,profile_poisoning_chain,3,0.0,0.4000000000000001,0.33949752291662816
hardened_v3_event,10,46,normal_nat_burst,profile_poisoning_chain,4,0.0,0.37666666666666665,0.38695371307583554
sequence_v4,10,46,normal_nat_burst,stealth_mimicry_ato,1,0.0,0.2775,0.2478151304243815
sequence_v4,10,46,normal_nat_burst,stealth_mimicry_ato,2,0.0,0.22174369399692404,0.25021449327004786
sequence_v4,10,46,normal_nat_burst,stealth_mimicry_ato,3,0.0,0.29667310000198127,0.2984926954648897
sequence_v4,10,46,normal_nat_burst,stealth_mimicry_ato,4,0.0,0.35882091662709104,0.32844775495951917
sequence_v4,10,46,normal_nat_burst,slow_credential_probe,1,0.0,0.30893333333333334,0.26723870738215855
sequence_v4,10,46,normal_nat_burst,slow_credential_probe,2,0.0,0.3095527806962583,0.25564856514150786
sequence_v4,10,46,normal_nat_burst,slow_credential_probe,3,0.0,0.4182802789834472,0.3105980786038804
sequence_v4,10,46,normal_nat_burst,slow_credential_probe,4,0.08333333333333333,0.3741997077549524,0.39319181669272424
sequence_v4,10,46,normal_nat_burst,session_replay_chain,1,0.0,0.2725,0.26458029939157185
sequence_v4,10,46,normal_nat_burst,session_replay_chain,2,0.0,0.40315448345126575,0.30519963321462257
sequence_v4,10,46,normal_nat_burst,session_replay_chain,3,0.08333333333333333,0.6233247639699463,0.3533185031946266
sequence_v4,10,46,normal_nat_burst,session_replay_chain,4,0.9166666666666666,0.9198372649766121,0.4075384027557525
sequence_v4,10,46,normal_nat_burst,gradual_exfiltration,1,0.0,0.2775,0.2528879042474305
sequence_v4,10,46,normal_nat_burst,gradual_exfiltration,2,0.0,0.24913536066359068,0.26230795976668453
sequence_v4,10,46,normal_nat_burst,gradual_exfiltration,3,0.0,0.37016723998634277,0.30544793237159085
sequence_v4,10,46,normal_nat_burst,gradual_exfiltration,4,0.0,0.42811211011504247,0.31724822217707477
sequence_v4,10,46,normal_nat_burst,distributed_lateral_drift,1,0.0,0.28615,0.24518117009106066
sequence_v4,10,46,normal_nat_burst,distributed_lateral_drift,2,0.0,0.3519300190993454,0.26077328802137445
sequence_v4,10,46,normal_nat_burst,distributed_lateral_drift,3,0.0,0.32001529879584545,0.25458243078998216
sequence_v4,10,46,normal_nat_burst,distributed_lateral_drift,4,0.0,0.3510754336886927,0.26223840778169716
sequence_v4,10,46,normal_nat_burst,profile_poisoning_chain,1,0.0,0.2725,0.27074371436080397
sequence_v4,10,46,normal_nat_burst,profile_poisoning_chain,2,0.0,0.39138125,0.3000909994604317
sequence_v4,10,46,normal_nat_burst,profile_poisoning_chain,3,0.0,0.4400448842795126,0.33949752291662816
sequence_v4,10,46,normal_nat_burst,profile_poisoning_chain,4,0.08333333333333333,0.6301288753717837,0.38695371307583554
hardened_v3_event,50,42,normal_staggered,stealth_mimicry_ato,1,0.0,0.23083333333333336,0.26180962302082944
hardened_v3_event,50,42,normal_staggered,stealth_mimicry_ato,2,0.0,0.18666666666666668,0.27753946520904
hardened_v3_event,50,42,normal_staggered,stealth_mimicry_ato,3,0.0,0.2141666666666667,0.31367686778904363
hardened_v3_event,50,42,normal_staggered,stealth_mimicry_ato,4,0.0,0.20000000000000004,0.3516370414816947
hardened_v3_event,50,42,normal_staggered,slow_credential_probe,1,0.0,0.3225,0.28233826545419316
hardened_v3_event,50,42,normal_staggered,slow_credential_probe,2,0.0,0.19000000000000003,0.2800674962084838
hardened_v3_event,50,42,normal_staggered,slow_credential_probe,3,0.0,0.3383333333333334,0.318827097943835
hardened_v3_event,50,42,normal_staggered,slow_credential_probe,4,0.0,0.3566666666666667,0.41186642853276356
hardened_v3_event,50,42,normal_staggered,session_replay_chain,1,0.0,0.07666666666666666,0.27213784880319897
hardened_v3_event,50,42,normal_staggered,session_replay_chain,2,0.0,0.07666666666666666,0.30760745093181935
hardened_v3_event,50,42,normal_staggered,session_replay_chain,3,0.0,0.135,0.35017093867203775
hardened_v3_event,50,42,normal_staggered,session_replay_chain,4,0.0,0.22666666666666666,0.3981056705492503
hardened_v3_event,50,42,normal_staggered,gradual_exfiltration,1,0.0,0.23083333333333336,0.269226925363301
hardened_v3_event,50,42,normal_staggered,gradual_exfiltration,2,0.0,0.18666666666666668,0.28250883026575874
hardened_v3_event,50,42,normal_staggered,gradual_exfiltration,3,0.0,0.23750000000000004,0.3087371890565816
hardened_v3_event,50,42,normal_staggered,gradual_exfiltration,4,0.0,0.27,0.3304427098097842
hardened_v3_event,50,42,normal_staggered,distributed_lateral_drift,1,0.0,0.2425,0.27075920216406846
hardened_v3_event,50,42,normal_staggered,distributed_lateral_drift,2,0.0,0.33999999999999997,0.2782963395828383
hardened_v3_event,50,42,normal_staggered,distributed_lateral_drift,3,0.0,0.265,0.2738051798206633
hardened_v3_event,50,42,normal_staggered,distributed_lateral_drift,4,0.0,0.29500000000000004,0.2753244585096749
hardened_v3_event,50,42,normal_staggered,profile_poisoning_chain,1,0.0,0.07666666666666666,0.27726646386466036
hardened_v3_event,50,42,normal_staggered,profile_poisoning_chain,2,0.0,0.33666666666666667,0.31462269921841035
hardened_v3_event,50,42,normal_staggered,profile_poisoning_chain,3,0.0,0.3133333333333333,0.35445887577664315
hardened_v3_event,50,42,normal_staggered,profile_poisoning_chain,4,0.0,0.395,0.40095928070607795
sequence_v4,50,42,normal_staggered,stealth_mimicry_ato,1,0.0,0.2732666666666667,0.26180962302082944
sequence_v4,50,42,normal_staggered,stealth_mimicry_ato,2,0.0,0.25824557622467753,0.27753946520904
sequence_v4,50,42,normal_staggered,stealth_mimicry_ato,3,0.0,0.3310292843644121,0.31367686778904363
sequence_v4,50,42,normal_staggered,stealth_mimicry_ato,4,0.0,0.39506196129637816,0.3516370414816947
sequence_v4,50,42,normal_staggered,slow_credential_probe,1,0.0,0.36977604166666667,0.28233826545419316
sequence_v4,50,42,normal_staggered,slow_credential_probe,2,0.0,0.4050872007426807,0.2800674962084838
sequence_v4,50,42,normal_staggered,slow_credential_probe,3,0.0,0.4573789718593477,0.318827097943835
sequence_v4,50,42,normal_staggered,slow_credential_probe,4,0.0,0.484294364872802,0.41186642853276356
sequence_v4,50,42,normal_staggered,session_replay_chain,1,0.0,0.21730000000000005,0.27213784880319897
sequence_v4,50,42,normal_staggered,session_replay_chain,2,0.0,0.4075445156482282,0.30760745093181935
sequence_v4,50,42,normal_staggered,session_replay_chain,3,0.25,0.6546558757201725,0.35017093867203775
sequence_v4,50,42,normal_staggered,session_replay_chain,4,0.8333333333333334,0.8864108873479323,0.3981056705492503
sequence_v4,50,42,normal_staggered,gradual_exfiltration,1,0.0,0.2732666666666667,0.269226925363301
sequence_v4,50,42,normal_staggered,gradual_exfiltration,2,0.0,0.25824557622467753,0.28250883026575874
sequence_v4,50,42,normal_staggered,gradual_exfiltration,3,0.0,0.31339887959560436,0.3087371890565816
sequence_v4,50,42,normal_staggered,gradual_exfiltration,4,0.0,0.4551700741942943,0.3304427098097842
sequence_v4,50,42,normal_staggered,distributed_lateral_drift,1,0.0,0.28980000000000006,0.27075920216406846
sequence_v4,50,42,normal_staggered,distributed_lateral_drift,2,0.0,0.348420571438772,0.2782963395828383
sequence_v4,50,42,normal_staggered,distributed_lateral_drift,3,0.0,0.3391404846066301,0.2738051798206633
sequence_v4,50,42,normal_staggered,distributed_lateral_drift,4,0.0,0.36444517997134873,0.2753244585096749
sequence_v4,50,42,normal_staggered,profile_poisoning_chain,1,0.0,0.27785,0.27726646386466036
sequence_v4,50,42,normal_staggered,profile_poisoning_chain,2,0.0,0.4566932158409367,0.31462269921841035
sequence_v4,50,42,normal_staggered,profile_poisoning_chain,3,0.16666666666666666,0.5600643943349605,0.35445887577664315
sequence_v4,50,42,normal_staggered,profile_poisoning_chain,4,0.16666666666666666,0.6909598619726568,0.40095928070607795
hardened_v3_event,50,42,normal_nat_burst,stealth_mimicry_ato,1,0.0,0.29750000000000004,0.27560128952222174
hardened_v3_event,50,42,normal_nat_burst,stealth_mimicry_ato,2,0.0,0.24499999999999997,0.2841352269499532
hardened_v3_event,50,42,normal_nat_burst,stealth_mimicry_ato,3,0.0,0.3108333333333333,0.32773049295498496
hardened_v3_event,50,42,normal_nat_burst,stealth_mimicry_ato,4,0.0,0.2508333333333333,0.3533860880308451
hardened_v3_event,50,42,normal_nat_burst,slow_credential_probe,1,0.0,0.3758333333333334,0.29691617623976596
hardened_v3_event,50,42,normal_nat_burst,slow_credential_probe,2,0.0,0.23749999999999996,0.28672306130602526
hardened_v3_event,50,42,normal_nat_burst,slow_credential_probe,3,0.0,0.4283333333333334,0.3330699834941042
hardened_v3_event,50,42,normal_nat_burst,slow_credential_probe,4,0.0,0.395,0.41319233726503324
hardened_v3_event,50,42,normal_nat_burst,session_replay_chain,1,0.0,0.28250000000000003,0.29181508602097045
hardened_v3_event,50,42,normal_nat_burst,session_replay_chain,2,0.0,0.28250000000000003,0.32769690696592974
hardened_v3_event,50,42,normal_nat_burst,session_replay_chain,3,0.0,0.3241666666666667,0.36819301039644525
hardened_v3_event,50,42,normal_nat_burst,session_replay_chain,4,0.0,0.42666666666666675,0.414280591449655
hardened_v3_event,50,42,normal_nat_burst,gradual_exfiltration,1,0.0,0.2916666666666667,0.28185349810932586
hardened_v3_event,50,42,normal_nat_burst,gradual_exfiltration,2,0.0,0.24499999999999997,0.28657761958502775
hardened_v3_event,50,42,normal_nat_burst,gradual_exfiltration,3,0.0,0.3225,0.3183426077867519
hardened_v3_event,50,42,normal_nat_burst,gradual_exfiltration,4,0.0,0.2866666666666667,0.32667660541848814
hardened_v3_event,50,42,normal_nat_burst,distributed_lateral_drift,1,0.0,0.27,0.2743563250683056
hardened_v3_event,50,42,normal_nat_burst,distributed_lateral_drift,2,0.0,0.33999999999999997,0.2760956962972034
hardened_v3_event,50,42,normal_nat_burst,distributed_lateral_drift,3,0.0,0.3375,0.2827156066623335
hardened_v3_event,50,42,normal_nat_burst,distributed_lateral_drift,4,0.0,0.3075,0.2706313678844923
hardened_v3_event,50,42,normal_nat_burst,profile_poisoning_chain,1,0.0,0.28250000000000003,0.2974177277156818
hardened_v3_event,50,42,normal_nat_burst,profile_poisoning_chain,2,0.0,0.4183333333333334,0.32621135387258454
hardened_v3_event,50,42,normal_nat_burst,profile_poisoning_chain,3,0.0,0.4333333333333334,0.363953428725277
hardened_v3_event,50,42,normal_nat_burst,profile_poisoning_chain,4,0.0,0.41833333333333345,0.4057150426591502
sequence_v4,50,42,normal_nat_burst,stealth_mimicry_ato,1,0.0,0.3066,0.27560128952222174
sequence_v4,50,42,normal_nat_burst,stealth_mimicry_ato,2,0.0,0.29091083469376405,0.2841352269499532
sequence_v4,50,42,normal_nat_burst,stealth_mimicry_ato,3,0.0,0.37795880329752213,0.32773049295498496
sequence_v4,50,42,normal_nat_burst,stealth_mimicry_ato,4,0.0,0.4573970466189013,0.3533860880308451
sequence_v4,50,42,normal_nat_burst,slow_credential_probe,1,0.0,0.3928066666666667,0.29691617623976596
sequence_v4,50,42,normal_nat_burst,slow_credential_probe,2,0.0,0.4232526279882865,0.28672306130602526
sequence_v4,50,42,normal_nat_burst,slow_credential_probe,3,0.0,0.4958710054780835,0.3330699834941042
sequence_v4,50,42,normal_nat_burst,slow_credential_probe,4,0.0,0.5269283470304983,0.41319233726503324
sequence_v4,50,42,normal_nat_burst,session_replay_chain,1,0.0,0.30160000000000003,0.29181508602097045
sequence_v4,50,42,normal_nat_burst,session_replay_chain,2,0.0,0.4666300309548849,0.32769690696592974
sequence_v4,50,42,normal_nat_burst,session_replay_chain,3,0.5,0.7295364979376978,0.36819301039644525
sequence_v4,50,42,normal_nat_burst,session_replay_chain,4,0.9166666666666666,0.9397882371416727,0.414280591449655
sequence_v4,50,42,normal_nat_burst,gradual_exfiltration,1,0.0,0.3007666666666666,0.28185349810932586
sequence_v4,50,42,normal_nat_burst,gradual_exfiltration,2,0.0,0.29087225613281203,0.28657761958502775
sequence_v4,50,42,normal_nat_burst,gradual_exfiltration,3,0.0,0.35568549697365,0.3183426077867519
sequence_v4,50,42,normal_nat_burst,gradual_exfiltration,4,0.0,0.44839975581892916,0.32667660541848814
sequence_v4,50,42,normal_nat_burst,distributed_lateral_drift,1,0.0,0.30345,0.2743563250683056
sequence_v4,50,42,normal_nat_burst,distributed_lateral_drift,2,0.0,0.3574582923053572,0.2760956962972034
sequence_v4,50,42,normal_nat_burst,distributed_lateral_drift,3,0.0,0.358153278824276,0.2827156066623335
sequence_v4,50,42,normal_nat_burst,distributed_lateral_drift,4,0.0,0.38617068328211684,0.2706313678844923
sequence_v4,50,42,normal_nat_burst,profile_poisoning_chain,1,0.0,0.31729645833333325,0.2974177277156818
sequence_v4,50,42,normal_nat_burst,profile_poisoning_chain,2,0.0,0.5153768615901441,0.32621135387258454
sequence_v4,50,42,normal_nat_burst,profile_poisoning_chain,3,0.3333333333333333,0.6594301244609687,0.363953428725277
sequence_v4,50,42,normal_nat_burst,profile_poisoning_chain,4,0.4166666666666667,0.761785629769927,0.4057150426591502
hardened_v3_event,50,43,normal_staggered,stealth_mimicry_ato,1,0.0,0.26416666666666666,0.27215526456629685
hardened_v3_event,50,43,normal_staggered,stealth_mimicry_ato,2,0.0,0.24916666666666668,0.29024289171784773
hardened_v3_event,50,43,normal_staggered,stealth_mimicry_ato,3,0.0,0.2841666666666666,0.32514286125963415
hardened_v3_event,50,43,normal_staggered,stealth_mimicry_ato,4,0.0,0.22583333333333333,0.35870661896458883
hardened_v3_event,50,43,normal_staggered,slow_credential_probe,1,0.0,0.3491666666666667,0.29305011704179934
hardened_v3_event,50,43,normal_staggered,slow_credential_probe,2,0.0,0.24666666666666667,0.29196339287006506
hardened_v3_event,50,43,normal_staggered,slow_credential_probe,3,0.0,0.38166666666666665,0.330448931622848
hardened_v3_event,50,43,normal_staggered,slow_credential_probe,4,0.0,0.37000000000000005,0.4205848808397668
hardened_v3_event,50,43,normal_staggered,session_replay_chain,1,0.0,0.18416666666666667,0.2852831032645288
hardened_v3_event,50,43,normal_staggered,session_replay_chain,2,0.0,0.18416666666666667,0.3223336355409872
hardened_v3_event,50,43,normal_staggered,session_replay_chain,3,0.0,0.23666666666666666,0.3625194296860272
hardened_v3_event,50,43,normal_staggered,session_replay_chain,4,0.0,0.3283333333333333,0.4101168957460502
hardened_v3_event,50,43,normal_staggered,gradual_exfiltration,1,0.0,0.26416666666666666,0.277982819800424
hardened_v3_event,50,43,normal_staggered,gradual_exfiltration,2,0.0,0.24916666666666668,0.29271814523060774
hardened_v3_event,50,43,normal_staggered,gradual_exfiltration,3,0.0,0.30749999999999994,0.3172085378230249
hardened_v3_event,50,43,normal_staggered,gradual_exfiltration,4,0.0,0.3241666666666667,0.3355254962702105
hardened_v3_event,50,43,normal_staggered,distributed_lateral_drift,1,0.0,0.2625,0.279363422460522
hardened_v3_event,50,43,normal_staggered,distributed_lateral_drift,2,0.0,0.36,0.2866678526161996
hardened_v3_event,50,43,normal_staggered,distributed_lateral_drift,3,0.0,0.295,0.28038670134357196
hardened_v3_event,50,43,normal_staggered,distributed_lateral_drift,4,0.0,0.325,0.28327477287111813
hardened_v3_event,50,43,normal_staggered,profile_poisoning_chain,1,0.0,0.18416666666666667,0.2895103133246916
hardened_v3_event,50,43,normal_staggered,profile_poisoning_chain,2,0.0,0.3483333333333334,0.32553206308910304
hardened_v3_event,50,43,normal_staggered,profile_poisoning_chain,3,0.0,0.36833333333333335,0.36284515510312976
hardened_v3_event,50,43,normal_staggered,profile_poisoning_chain,4,0.0,0.3983333333333334,0.4096423711122512
sequence_v4,50,43,normal_staggered,stealth_mimicry_ato,1,0.0,0.2899333333333333,0.27215526456629685
sequence_v4,50,43,normal_staggered,stealth_mimicry_ato,2,0.0,0.28148192304401515,0.29024289171784773
sequence_v4,50,43,normal_staggered,stealth_mimicry_ato,3,0.0,0.35420429024074945,0.32514286125963415
sequence_v4,50,43,normal_staggered,stealth_mimicry_ato,4,0.0,0.41974630179152,0.35870661896458883
sequence_v4,50,43,normal_staggered,slow_credential_probe,1,0.0,0.3814895833333334,0.29305011704179934
sequence_v4,50,43,normal_staggered,slow_credential_probe,2,0.0,0.41413150719466096,0.29196339287006506
sequence_v4,50,43,normal_staggered,slow_credential_probe,3,0.0,0.47134876547473764,0.330448931622848
sequence_v4,50,43,normal_staggered,slow_credential_probe,4,0.0,0.4976581120550762,0.4205848808397668
sequence_v4,50,43,normal_staggered,session_replay_chain,1,0.0,0.2523,0.2852831032645288
sequence_v4,50,43,normal_staggered,session_replay_chain,2,0.0,0.4353240636486782,0.3223336355409872
sequence_v4,50,43,normal_staggered,session_replay_chain,3,0.25,0.6936380541724235,0.3625194296860272
sequence_v4,50,43,normal_staggered,session_replay_chain,4,1.0,0.9308257620940424,0.4101168957460502
sequence_v4,50,43,normal_staggered,gradual_exfiltration,1,0.0,0.2899333333333333,0.277982819800424
sequence_v4,50,43,normal_staggered,gradual_exfiltration,2,0.0,0.28148192304401515,0.29271814523060774
sequence_v4,50,43,normal_staggered,gradual_exfiltration,3,0.0,0.35275429024074945,0.3172085378230249
sequence_v4,50,43,normal_staggered,gradual_exfiltration,4,0.0,0.48974614954240914,0.3355254962702105
sequence_v4,50,43,normal_staggered,distributed_lateral_drift,1,0.0,0.2873,0.279363422460522
sequence_v4,50,43,normal_staggered,distributed_lateral_drift,2,0.0,0.36,0.2866678526161996
sequence_v4,50,43,normal_staggered,distributed_lateral_drift,3,0.0,0.3398294810668818,0.28038670134357196
sequence_v4,50,43,normal_staggered,distributed_lateral_drift,4,0.0,0.3836604857679675,0.28327477287111813
sequence_v4,50,43,normal_staggered,profile_poisoning_chain,1,0.0,0.29357083333333334,0.2895103133246916
sequence_v4,50,43,normal_staggered,profile_poisoning_chain,2,0.0,0.481917604040653,0.32553206308910304
sequence_v4,50,43,normal_staggered,profile_poisoning_chain,3,0.16666666666666666,0.6097207014327494,0.36284515510312976
sequence_v4,50,43,normal_staggered,profile_poisoning_chain,4,0.3333333333333333,0.7371681348059983,0.4096423711122512
hardened_v3_event,50,43,normal_nat_burst,stealth_mimicry_ato,1,0.0,0.2591666666666667,0.26255666828691654
hardened_v3_event,50,43,normal_nat_burst,stealth_mimicry_ato,2,0.0,0.19000000000000003,0.2639501884210401
hardened_v3_event,50,43,normal_nat_burst,stealth_mimicry_ato,3,0.0,0.28583333333333333,0.31427832210321655
hardened_v3_event,50,43,normal_nat_burst,stealth_mimicry_ato,4,0.0,0.19583333333333333,0.3336299668926304
hardened_v3_event,50,43,normal_nat_burst,slow_credential_probe,1,0.0,0.3566666666666667,0.2821055347827551
hardened_v3_event,50,43,normal_nat_burst,slow_credential_probe,2,0.0,0.17500000000000002,0.26583646789016885
hardened_v3_event,50,43,normal_nat_burst,slow_credential_probe,3,0.0,0.39000000000000007,0.3205386662845712
hardened_v3_event,50,43,normal_nat_burst,slow_credential_probe,4,0.0,0.34,0.39581176434389304
hardened_v3_event,50,43,normal_nat_burst,session_replay_chain,1,0.0,0.24416666666666673,0.27836683915916577
hardened_v3_event,50,43,normal_nat_burst,session_replay_chain,2,0.0,0.24416666666666673,0.31585978260116804
hardened_v3_event,50,43,normal_nat_burst,session_replay_chain,3,0.0,0.28500000000000003,0.35595503965476705
hardened_v3_event,50,43,normal_nat_burst,session_replay_chain,4,0.0,0.38833333333333336,0.40333501153206736
hardened_v3_event,50,43,normal_nat_burst,gradual_exfiltration,1,0.0,0.2591666666666667,0.2676003301923517
hardened_v3_event,50,43,normal_nat_burst,gradual_exfiltration,2,0.0,0.19583333333333333,0.265549313465571
hardened_v3_event,50,43,normal_nat_burst,gradual_exfiltration,3,0.0,0.3033333333333333,0.30495650842193806
hardened_v3_event,50,43,normal_nat_burst,gradual_exfiltration,4,0.0,0.27416666666666667,0.30922644286040674
hardened_v3_event,50,43,normal_nat_burst,distributed_lateral_drift,1,0.0,0.2525,0.26258560863397157
hardened_v3_event,50,43,normal_nat_burst,distributed_lateral_drift,2,0.0,0.31000000000000005,0.264319290931219
hardened_v3_event,50,43,normal_nat_burst,distributed_lateral_drift,3,0.0,0.3275,0.27764283581508564
hardened_v3_event,50,43,normal_nat_burst,distributed_lateral_drift,4,0.0,0.30875,0.26149646146276173
hardened_v3_event,50,43,normal_nat_burst,profile_poisoning_chain,1,0.0,0.24416666666666673,0.2842061188679189
hardened_v3_event,50,43,normal_nat_burst,profile_poisoning_chain,2,0.0,0.385,0.31166489294934874
hardened_v3_event,50,43,normal_nat_burst,profile_poisoning_chain,3,0.0,0.4000000000000001,0.35223127851280256
hardened_v3_event,50,43,normal_nat_burst,profile_poisoning_chain,4,0.0,0.38500000000000006,0.39198406153953397
sequence_v4,50,43,normal_nat_burst,stealth_mimicry_ato,1,0.0,0.26993333333333336,0.26255666828691654
sequence_v4,50,43,normal_nat_burst,stealth_mimicry_ato,2,0.0,0.2575063922012389,0.2639501884210401
sequence_v4,50,43,normal_nat_burst,stealth_mimicry_ato,3,0.0,0.33112815985158967,0.31427832210321655
sequence_v4,50,43,normal_nat_burst,stealth_mimicry_ato,4,0.0,0.40046343439066207,0.3336299668926304
sequence_v4,50,43,normal_nat_burst,slow_credential_probe,1,0.0,0.37554270833333336,0.2821055347827551
sequence_v4,50,43,normal_nat_burst,slow_credential_probe,2,0.0,0.39540239326681886,0.26583646789016885
sequence_v4,50,43,normal_nat_burst,slow_credential_probe,3,0.0,0.4571729716029056,0.3205386662845712
sequence_v4,50,43,normal_nat_burst,slow_credential_probe,4,0.0,0.4790968889922869,0.39581176434389304
sequence_v4,50,43,normal_nat_burst,session_replay_chain,1,0.0,0.2649333333333334,0.27836683915916577
sequence_v4,50,43,normal_nat_burst,session_replay_chain,2,0.0,0.42460087024954074,0.31585978260116804
sequence_v4,50,43,normal_nat_burst,session_replay_chain,3,0.16666666666666666,0.6664519574382645,0.35595503965476705
sequence_v4,50,43,normal_nat_burst,session_replay_chain,4,0.9166666666666666,0.9187689094861705,0.40333501153206736
sequence_v4,50,43,normal_nat_burst,gradual_exfiltration,1,0.0,0.26993333333333336,0.2676003301923517
sequence_v4,50,43,normal_nat_burst,gradual_exfiltration,2,0.0,0.26366951720123893,0.265549313465571
sequence_v4,50,43,normal_nat_burst,gradual_exfiltration,3,0.0,0.33165856653369213,0.30495650842193806
sequence_v4,50,43,normal_nat_burst,gradual_exfiltration,4,0.0,0.4332553869436941,0.30922644286040674
sequence_v4,50,43,normal_nat_burst,distributed_lateral_drift,1,0.0,0.27845,0.26258560863397157
sequence_v4,50,43,normal_nat_burst,distributed_lateral_drift,2,0.0,0.3249397933011754,0.264319290931219
sequence_v4,50,43,normal_nat_burst,distributed_lateral_drift,3,0.0,0.3539063866621275,0.27764283581508564
sequence_v4,50,43,normal_nat_burst,distributed_lateral_drift,4,0.0,0.3545082574611871,0.26149646146276173
sequence_v4,50,43,normal_nat_burst,profile_poisoning_chain,1,0.0,0.28820062499999993,0.2842061188679189
sequence_v4,50,43,normal_nat_burst,profile_poisoning_chain,2,0.0,0.4717903865797884,0.31166489294934874
sequence_v4,50,43,normal_nat_burst,profile_poisoning_chain,3,0.16666666666666666,0.5829266535257875,0.35223127851280256
sequence_v4,50,43,normal_nat_burst,profile_poisoning_chain,4,0.25,0.7165155451457075,0.39198406153953397
hardened_v3_event,50,44,normal_staggered,stealth_mimicry_ato,1,0.0,0.2183333333333333,0.2666559836240222
hardened_v3_event,50,44,normal_staggered,stealth_mimicry_ato,2,0.0,0.18500000000000003,0.2821241090189576
hardened_v3_event,50,44,normal_staggered,stealth_mimicry_ato,3,0.0,0.25166666666666665,0.32248835080153304
hardened_v3_event,50,44,normal_staggered,stealth_mimicry_ato,4,0.0,0.1591666666666667,0.35501576477280555
hardened_v3_event,50,44,normal_staggered,slow_credential_probe,1,0.0,0.3233333333333333,0.2892310737969614
hardened_v3_event,50,44,normal_staggered,slow_credential_probe,2,0.0,0.17833333333333334,0.28480293599734535
hardened_v3_event,50,44,normal_staggered,slow_credential_probe,3,0.0,0.36166666666666664,0.3284596826727234
hardened_v3_event,50,44,normal_staggered,slow_credential_probe,4,0.0,0.31,0.41460361260025197
hardened_v3_event,50,44,normal_staggered,session_replay_chain,1,0.0,0.09166666666666667,0.2791406359920444
hardened_v3_event,50,44,normal_staggered,session_replay_chain,2,0.0,0.09166666666666667,0.3129259132333409
hardened_v3_event,50,44,normal_staggered,session_replay_chain,3,0.0,0.13833333333333336,0.35750862562973706
hardened_v3_event,50,44,normal_staggered,session_replay_chain,4,0.0,0.2416666666666666,0.40635144645294147
hardened_v3_event,50,44,normal_staggered,gradual_exfiltration,1,0.0,0.2183333333333333,0.27465529152747664
hardened_v3_event,50,44,normal_staggered,gradual_exfiltration,2,0.0,0.18500000000000003,0.2884745897322745
hardened_v3_event,50,44,normal_staggered,gradual_exfiltration,3,0.0,0.2808333333333333,0.3151068999812771
hardened_v3_event,50,44,normal_staggered,gradual_exfiltration,4,0.0,0.19999999999999998,0.3302054846832836
hardened_v3_event,50,44,normal_staggered,distributed_lateral_drift,1,0.0,0.2875,0.2806475138576129
hardened_v3_event,50,44,normal_staggered,distributed_lateral_drift,2,0.0,0.29000000000000004,0.2789804468564951
hardened_v3_event,50,44,normal_staggered,distributed_lateral_drift,3,0.0,0.31,0.27945820929178067
hardened_v3_event,50,44,normal_staggered,distributed_lateral_drift,4,0.0,0.25375000000000003,0.2778676617482484
hardened_v3_event,50,44,normal_staggered,profile_poisoning_chain,1,0.0,0.09166666666666667,0.28361656217524106
hardened_v3_event,50,44,normal_staggered,profile_poisoning_chain,2,0.0,0.31333333333333335,0.32209066332770153
hardened_v3_event,50,44,normal_staggered,profile_poisoning_chain,3,0.0,0.335,0.3603385325695237
hardened_v3_event,50,44,normal_staggered,profile_poisoning_chain,4,0.0,0.37166666666666676,0.406499226499712
sequence_v4,50,44,normal_staggered,stealth_mimicry_ato,1,0.0,0.24410000000000007,0.2666559836240222
sequence_v4,50,44,normal_staggered,stealth_mimicry_ato,2,0.0,0.25195107372260855,0.2821241090189576
sequence_v4,50,44,normal_staggered,stealth_mimicry_ato,3,0.0,0.3152511965632685,0.32248835080153304
sequence_v4,50,44,normal_staggered,stealth_mimicry_ato,4,0.0,0.3833183207638952,0.35501576477280555
sequence_v4,50,44,normal_staggered,slow_credential_probe,1,0.0,0.35724979166666665,0.2892310737969614
sequence_v4,50,44,normal_staggered,slow_credential_probe,2,0.0,0.3770335143233707,0.28480293599734535
sequence_v4,50,44,normal_staggered,slow_credential_probe,3,0.0,0.4357008986415003,0.3284596826727234
sequence_v4,50,44,normal_staggered,slow_credential_probe,4,0.0,0.4608893269677299,0.41460361260025197
sequence_v4,50,44,normal_staggered,session_replay_chain,1,0.0,0.22230000000000005,0.2791406359920444
sequence_v4,50,44,normal_staggered,session_replay_chain,2,0.0,0.4075445156482282,0.3129259132333409
sequence_v4,50,44,normal_staggered,session_replay_chain,3,0.0,0.6435190007201724,0.35750862562973706
sequence_v4,50,44,normal_staggered,session_replay_chain,4,0.9166666666666666,0.9098174766814147,0.40635144645294147
sequence_v4,50,44,normal_staggered,gradual_exfiltration,1,0.0,0.24410000000000007,0.27465529152747664
sequence_v4,50,44,normal_staggered,gradual_exfiltration,2,0.0,0.25195107372260855,0.2884745897322745
sequence_v4,50,44,normal_staggered,gradual_exfiltration,3,0.0,0.3193143215632685,0.3151068999812771
sequence_v4,50,44,normal_staggered,gradual_exfiltration,4,0.0,0.42756868811139476,0.3302054846832836
sequence_v4,50,44,normal_staggered,distributed_lateral_drift,1,0.0,0.2998,0.2806475138576129
sequence_v4,50,44,normal_staggered,distributed_lateral_drift,2,0.0,0.3211363459911772,0.2789804468564951
sequence_v4,50,44,normal_staggered,distributed_lateral_drift,3,0.0,0.3348526678593644,0.27945820929178067
sequence_v4,50,44,normal_staggered,distributed_lateral_drift,4,0.0,0.3562230024243571,0.2778676617482484
sequence_v4,50,44,normal_staggered,profile_poisoning_chain,1,0.0,0.27785,0.28361656217524106
sequence_v4,50,44,normal_staggered,profile_poisoning_chain,2,0.0,0.42230924639386297,0.32209066332770153
sequence_v4,50,44,normal_staggered,profile_poisoning_chain,3,0.08333333333333333,0.5408539955868398,0.3603385325695237
sequence_v4,50,44,normal_staggered,profile_poisoning_chain,4,0.16666666666666666,0.6538969867173167,0.406499226499712
hardened_v3_event,50,44,normal_nat_burst,stealth_mimicry_ato,1,0.0,0.25166666666666676,0.27037657187073566
hardened_v3_event,50,44,normal_nat_burst,stealth_mimicry_ato,2,0.0,0.20166666666666666,0.2750290435070395
hardened_v3_event,50,44,normal_nat_burst,stealth_mimicry_ato,3,0.0,0.2916666666666666,0.3239366704714853
hardened_v3_event,50,44,normal_nat_burst,stealth_mimicry_ato,4,0.0,0.21666666666666665,0.34607610812042094
hardened_v3_event,50,44,normal_nat_burst,slow_credential_probe,1,0.0,0.36166666666666664,0.29247769488888786
hardened_v3_event,50,44,normal_nat_burst,slow_credential_probe,2,0.0,0.18166666666666664,0.2769923735221186
hardened_v3_event,50,44,normal_nat_burst,slow_credential_probe,3,0.0,0.395,0.32989808473068466
hardened_v3_event,50,44,normal_nat_burst,slow_credential_probe,4,0.0,0.3666666666666667,0.4047318224991853
hardened_v3_event,50,44,normal_nat_burst,session_replay_chain,1,0.0,0.23666666666666672,0.2882948067447699
hardened_v3_event,50,44,normal_nat_burst,session_replay_chain,2,0.0,0.23666666666666672,0.3216071252449681
hardened_v3_event,50,44,normal_nat_burst,session_replay_chain,3,0.0,0.2833333333333334,0.3642748408531628
hardened_v3_event,50,44,normal_nat_burst,session_replay_chain,4,0.0,0.3866666666666667,0.4111048377081623
hardened_v3_event,50,44,normal_nat_burst,gradual_exfiltration,1,0.0,0.25166666666666676,0.2772641600397334
hardened_v3_event,50,44,normal_nat_burst,gradual_exfiltration,2,0.0,0.20166666666666666,0.2787099955255691
hardened_v3_event,50,44,normal_nat_burst,gradual_exfiltration,3,0.0,0.30916666666666665,0.31417705924155587
hardened_v3_event,50,44,normal_nat_burst,gradual_exfiltration,4,0.0,0.24583333333333332,0.31816127482039075
hardened_v3_event,50,44,normal_nat_burst,distributed_lateral_drift,1,0.0,0.28,0.2757883079814239
hardened_v3_event,50,44,normal_nat_burst,distributed_lateral_drift,2,0.0,0.3075,0.27129314849653297
hardened_v3_event,50,44,normal_nat_burst,distributed_lateral_drift,3,0.0,0.325,0.28228729658208274
hardened_v3_event,50,44,normal_nat_burst,distributed_lateral_drift,4,0.0,0.28500000000000003,0.2680787678449096
hardened_v3_event,50,44,normal_nat_burst,profile_poisoning_chain,1,0.0,0.23666666666666672,0.2921870863058078
hardened_v3_event,50,44,normal_nat_burst,profile_poisoning_chain,2,0.0,0.3966666666666667,0.32347441266229965
hardened_v3_event,50,44,normal_nat_burst,profile_poisoning_chain,3,0.0,0.4116666666666667,0.35896778657441225
hardened_v3_event,50,44,normal_nat_burst,profile_poisoning_chain,4,0.0,0.3966666666666668,0.4038293191615993
sequence_v4,50,44,normal_nat_burst,stealth_mimicry_ato,1,0.0,0.2616666666666667,0.27037657187073566
sequence_v4,50,44,normal_nat_burst,stealth_mimicry_ato,2,0.0,0.2634796338698646,0.2750290435070395
sequence_v4,50,44,normal_nat_burst,stealth_mimicry_ato,3,0.0,0.3279074824861706,0.3239366704714853
sequence_v4,50,44,normal_nat_burst,stealth_mimicry_ato,4,0.0,0.3933170733144992,0.34607610812042094
sequence_v4,50,44,normal_nat_burst,slow_credential_probe,1,0.0,0.3755229166666667,0.29247769488888786
sequence_v4,50,44,normal_nat_burst,slow_credential_probe,2,0.0,0.3885358286392003,0.2769923735221186
sequence_v4,50,44,normal_nat_burst,slow_credential_probe,3,0.0,0.4581195704126446,0.32989808473068466
sequence_v4,50,44,normal_nat_burst,slow_credential_probe,4,0.0,0.4737145626478494,0.4047318224991853
sequence_v4,50,44,normal_nat_burst,session_replay_chain,1,0.0,0.25666666666666677,0.2882948067447699
sequence_v4,50,44,normal_nat_burst,session_replay_chain,2,0.0,0.423377418653666,0.3216071252449681
sequence_v4,50,44,normal_nat_burst,session_replay_chain,3,0.25,0.6699910465133381,0.3642748408531628
sequence_v4,50,44,normal_nat_burst,session_replay_chain,4,0.9166666666666666,0.9107366548152065,0.4111048377081623
sequence_v4,50,44,normal_nat_burst,gradual_exfiltration,1,0.0,0.2616666666666667,0.2772641600397334
sequence_v4,50,44,normal_nat_burst,gradual_exfiltration,2,0.0,0.2634796338698646,0.2787099955255691
sequence_v4,50,44,normal_nat_burst,gradual_exfiltration,3,0.0,0.3234158158195038,0.31417705924155587
sequence_v4,50,44,normal_nat_burst,gradual_exfiltration,4,0.0,0.38822659628361467,0.31816127482039075
sequence_v4,50,44,normal_nat_burst,distributed_lateral_drift,1,0.0,0.3048,0.2757883079814239
sequence_v4,50,44,normal_nat_burst,distributed_lateral_drift,2,0.0,0.31887739948654503,0.27129314849653297
sequence_v4,50,44,normal_nat_burst,distributed_lateral_drift,3,0.0,0.3404332354369365,0.28228729658208274
sequence_v4,50,44,normal_nat_burst,distributed_lateral_drift,4,0.0,0.35016488337934526,0.2680787678449096
sequence_v4,50,44,normal_nat_burst,profile_poisoning_chain,1,0.0,0.2920791666666666,0.2921870863058078
sequence_v4,50,44,normal_nat_burst,profile_poisoning_chain,2,0.0,0.4687822916666667,0.32347441266229965
sequence_v4,50,44,normal_nat_burst,profile_poisoning_chain,3,0.08333333333333333,0.5783778099938441,0.35896778657441225
sequence_v4,50,44,normal_nat_burst,profile_poisoning_chain,4,0.25,0.7171993248275564,0.4038293191615993
hardened_v3_event,50,45,normal_staggered,stealth_mimicry_ato,1,0.0,0.2525,0.26883029777710055
hardened_v3_event,50,45,normal_staggered,stealth_mimicry_ato,2,0.0,0.16333333333333336,0.28425197382624134
hardened_v3_event,50,45,normal_staggered,stealth_mimicry_ato,3,0.0,0.2291666666666667,0.3183542113158559
hardened_v3_event,50,45,normal_staggered,stealth_mimicry_ato,4,0.0,0.25666666666666665,0.3568493039618737
hardened_v3_event,50,45,normal_staggered,slow_credential_probe,1,0.0,0.33749999999999997,0.2894356922784487
hardened_v3_event,50,45,normal_staggered,slow_credential_probe,2,0.0,0.16666666666666666,0.28733001891024446
hardened_v3_event,50,45,normal_staggered,slow_credential_probe,3,0.0,0.3400000000000001,0.3281090434736707
hardened_v3_event,50,45,normal_staggered,slow_credential_probe,4,0.0,0.395,0.4213348162937875
hardened_v3_event,50,45,normal_staggered,session_replay_chain,1,0.0,0.09000000000000001,0.2782738307991085
hardened_v3_event,50,45,normal_staggered,session_replay_chain,2,0.0,0.09000000000000001,0.31577798133773266
hardened_v3_event,50,45,normal_staggered,session_replay_chain,3,0.0,0.125,0.3572885725777934
hardened_v3_event,50,45,normal_staggered,session_replay_chain,4,0.08333333333333333,0.24833333333333332,0.40669372418382665
hardened_v3_event,50,45,normal_staggered,gradual_exfiltration,1,0.0,0.2525,0.2743884520591164
hardened_v3_event,50,45,normal_staggered,gradual_exfiltration,2,0.0,0.16333333333333336,0.2863355366947412
hardened_v3_event,50,45,normal_staggered,gradual_exfiltration,3,0.0,0.25833333333333336,0.3100606018098038
hardened_v3_event,50,45,normal_staggered,gradual_exfiltration,4,0.0,0.32250000000000006,0.3342917950856276
hardened_v3_event,50,45,normal_staggered,distributed_lateral_drift,1,0.0,0.2225,0.2748998633853065
hardened_v3_event,50,45,normal_staggered,distributed_lateral_drift,2,0.0,0.3125,0.2796550153060261
hardened_v3_event,50,45,normal_staggered,distributed_lateral_drift,3,0.0,0.25375000000000003,0.27996252679678496
hardened_v3_event,50,45,normal_staggered,distributed_lateral_drift,4,0.0,0.33375000000000005,0.2790370909536203
hardened_v3_event,50,45,normal_staggered,profile_poisoning_chain,1,0.0,0.09000000000000001,0.28284613280847387
hardened_v3_event,50,45,normal_staggered,profile_poisoning_chain,2,0.0,0.3283333333333333,0.3189122115064849
hardened_v3_event,50,45,normal_staggered,profile_poisoning_chain,3,0.0,0.38166666666666665,0.359142720201501
hardened_v3_event,50,45,normal_staggered,profile_poisoning_chain,4,0.0,0.4033333333333333,0.4067598760587232
sequence_v4,50,45,normal_staggered,stealth_mimicry_ato,1,0.0,0.2790333333333334,0.26883029777710055
sequence_v4,50,45,normal_staggered,stealth_mimicry_ato,2,0.0,0.2580124113368294,0.28425197382624134
sequence_v4,50,45,normal_staggered,stealth_mimicry_ato,3,0.0,0.343552516351498,0.3183542113158559
sequence_v4,50,45,normal_staggered,stealth_mimicry_ato,4,0.0,0.4222100312464476,0.3568493039618737
sequence_v4,50,45,normal_staggered,slow_credential_probe,1,0.0,0.3811129166666667,0.2894356922784487
sequence_v4,50,45,normal_staggered,slow_credential_probe,2,0.0,0.4132013372242072,0.28733001891024446
sequence_v4,50,45,normal_staggered,slow_credential_probe,3,0.0,0.46428159835201094,0.3281090434736707
sequence_v4,50,45,normal_staggered,slow_credential_probe,4,0.0,0.5107986821678098,0.4213348162937875
sequence_v4,50,45,normal_staggered,session_replay_chain,1,0.0,0.22306666666666672,0.2782738307991085
sequence_v4,50,45,normal_staggered,session_replay_chain,2,0.0,0.4190593541976375,0.31577798133773266
sequence_v4,50,45,normal_staggered,session_replay_chain,3,0.08333333333333333,0.6488232726606565,0.3572885725777934
sequence_v4,50,45,normal_staggered,session_replay_chain,4,0.8333333333333334,0.9076397143355086,0.40669372418382665
sequence_v4,50,45,normal_staggered,gradual_exfiltration,1,0.0,0.2790333333333334,0.2743884520591164
sequence_v4,50,45,normal_staggered,gradual_exfiltration,2,0.0,0.2580124113368294,0.2863355366947412
sequence_v4,50,45,normal_staggered,gradual_exfiltration,3,0.0,0.330990641351498,0.3100606018098038
sequence_v4,50,45,normal_staggered,gradual_exfiltration,4,0.0,0.4653558482956388,0.3342917950856276
sequence_v4,50,45,normal_staggered,distributed_lateral_drift,1,0.0,0.2896,0.2748998633853065
sequence_v4,50,45,normal_staggered,distributed_lateral_drift,2,0.0,0.3495437998564351,0.2796550153060261
sequence_v4,50,45,normal_staggered,distributed_lateral_drift,3,0.0,0.3575757643536783,0.27996252679678496
sequence_v4,50,45,normal_staggered,distributed_lateral_drift,4,0.0,0.38322052886032953,0.2790370909536203
sequence_v4,50,45,normal_staggered,profile_poisoning_chain,1,0.0,0.28361666666666663,0.28284613280847387
sequence_v4,50,45,normal_staggered,profile_poisoning_chain,2,0.0,0.48153500460623017,0.3189122115064849
sequence_v4,50,45,normal_staggered,profile_poisoning_chain,3,0.08333333333333333,0.6037546722763938,0.359142720201501
sequence_v4,50,45,normal_staggered,profile_poisoning_chain,4,0.08333333333333333,0.6973839301220849,0.4067598760587232
hardened_v3_event,50,45,normal_nat_burst,stealth_mimicry_ato,1,0.0,0.2608333333333333,0.26307329738753554
hardened_v3_event,50,45,normal_nat_burst,stealth_mimicry_ato,2,0.0,0.215,0.2698175862524092
hardened_v3_event,50,45,normal_nat_burst,stealth_mimicry_ato,3,0.0,0.28750000000000003,0.315838503474877
hardened_v3_event,50,45,normal_nat_burst,stealth_mimicry_ato,4,0.0,0.22083333333333335,0.33855585805587723
hardened_v3_event,50,45,normal_nat_burst,slow_credential_probe,1,0.0,0.35833333333333334,0.28410959639427946
hardened_v3_event,50,45,normal_nat_burst,slow_credential_probe,2,0.0,0.21166666666666664,0.27205803646022725
hardened_v3_event,50,45,normal_nat_burst,slow_credential_probe,3,0.0,0.3983333333333334,0.32495214343176465
hardened_v3_event,50,45,normal_nat_burst,slow_credential_probe,4,0.0,0.365,0.4038887346176314
hardened_v3_event,50,45,normal_nat_burst,session_replay_chain,1,0.0,0.24,0.2795882301077419
hardened_v3_event,50,45,normal_nat_burst,session_replay_chain,2,0.0,0.24,0.31700915103872446
hardened_v3_event,50,45,normal_nat_burst,session_replay_chain,3,0.0,0.30583333333333335,0.35924519910949365
hardened_v3_event,50,45,normal_nat_burst,session_replay_chain,4,0.0,0.38999999999999996,0.40911079841951903
hardened_v3_event,50,45,normal_nat_burst,gradual_exfiltration,1,0.0,0.2608333333333333,0.2694130182629464
hardened_v3_event,50,45,normal_nat_burst,gradual_exfiltration,2,0.0,0.22083333333333335,0.27259872563375137
hardened_v3_event,50,45,normal_nat_burst,gradual_exfiltration,3,0.0,0.3466666666666667,0.3081217650892056
hardened_v3_event,50,45,normal_nat_burst,gradual_exfiltration,4,0.0,0.2991666666666667,0.31594184860052593
hardened_v3_event,50,45,normal_nat_burst,distributed_lateral_drift,1,0.0,0.27,0.262054597231567
hardened_v3_event,50,45,normal_nat_burst,distributed_lateral_drift,2,0.0,0.30375,0.2653227286394362
hardened_v3_event,50,45,normal_nat_burst,distributed_lateral_drift,3,0.0,0.325,0.2743775771911134
hardened_v3_event,50,45,normal_nat_burst,distributed_lateral_drift,4,0.0,0.29875,0.26333546846276484
hardened_v3_event,50,45,normal_nat_burst,profile_poisoning_chain,1,0.0,0.24,0.28469271950374925
hardened_v3_event,50,45,normal_nat_burst,profile_poisoning_chain,2,0.0,0.3866666666666667,0.31361006568624195
hardened_v3_event,50,45,normal_nat_burst,profile_poisoning_chain,3,0.0,0.40166666666666667,0.35147886185651417
hardened_v3_event,50,45,normal_nat_burst,profile_poisoning_chain,4,0.0,0.3866666666666667,0.395905537054815
sequence_v4,50,45,normal_nat_burst,stealth_mimicry_ato,1,0.0,0.2716,0.26307329738753554
sequence_v4,50,45,normal_nat_burst,stealth_mimicry_ato,2,0.0,0.2630701847896438,0.2698175862524092
sequence_v4,50,45,normal_nat_burst,stealth_mimicry_ato,3,0.0,0.3318594456767354,0.315838503474877
sequence_v4,50,45,normal_nat_burst,stealth_mimicry_ato,4,0.0,0.4001882210053833,0.33855585805587723
sequence_v4,50,45,normal_nat_burst,slow_credential_probe,1,0.0,0.37633562500000006,0.28410959639427946
sequence_v4,50,45,normal_nat_burst,slow_credential_probe,2,0.0,0.4069779854732843,0.27205803646022725
sequence_v4,50,45,normal_nat_burst,slow_credential_probe,3,0.0,0.46416815385374366,0.32495214343176465
sequence_v4,50,45,normal_nat_burst,slow_credential_probe,4,0.0,0.49007627609621146,0.4038887346176314
sequence_v4,50,45,normal_nat_burst,session_replay_chain,1,0.0,0.26076666666666665,0.2795882301077419
sequence_v4,50,45,normal_nat_burst,session_replay_chain,2,0.0,0.4138776768504033,0.31700915103872446
sequence_v4,50,45,normal_nat_burst,session_replay_chain,3,0.25,0.668279402370772,0.35924519910949365
sequence_v4,50,45,normal_nat_burst,session_replay_chain,4,1.0,0.9409773268207634,0.40911079841951903
sequence_v4,50,45,normal_nat_burst,gradual_exfiltration,1,0.0,0.2716,0.2694130182629464
sequence_v4,50,45,normal_nat_burst,gradual_exfiltration,2,0.0,0.26895168548663856,0.27259872563375137
sequence_v4,50,45,normal_nat_burst,gradual_exfiltration,3,0.0,0.37600469637373,0.3081217650892056
sequence_v4,50,45,normal_nat_burst,gradual_exfiltration,4,0.0,0.4967478588431155,0.31594184860052593
sequence_v4,50,45,normal_nat_burst,distributed_lateral_drift,1,0.0,0.29480000000000006,0.262054597231567
sequence_v4,50,45,normal_nat_burst,distributed_lateral_drift,2,0.0,0.3521690723850106,0.2653227286394362
sequence_v4,50,45,normal_nat_burst,distributed_lateral_drift,3,0.0,0.3435740328763711,0.2743775771911134
sequence_v4,50,45,normal_nat_burst,distributed_lateral_drift,4,0.0,0.40376468373031815,0.26333546846276484
sequence_v4,50,45,normal_nat_burst,profile_poisoning_chain,1,0.0,0.2837041666666666,0.28469271950374925
sequence_v4,50,45,normal_nat_burst,profile_poisoning_chain,2,0.0,0.4710482016968362,0.31361006568624195
sequence_v4,50,45,normal_nat_burst,profile_poisoning_chain,3,0.08333333333333333,0.5521371002126282,0.35147886185651417
sequence_v4,50,45,normal_nat_burst,profile_poisoning_chain,4,0.25,0.715534599731022,0.395905537054815
hardened_v3_event,50,46,normal_staggered,stealth_mimicry_ato,1,0.0,0.24583333333333335,0.27100346158147065
hardened_v3_event,50,46,normal_staggered,stealth_mimicry_ato,2,0.0,0.25166666666666665,0.28958998888191706
hardened_v3_event,50,46,normal_staggered,stealth_mimicry_ato,3,0.0,0.23583333333333334,0.32467276865452904
hardened_v3_event,50,46,normal_staggered,stealth_mimicry_ato,4,0.0,0.24250000000000002,0.3636257153539457
hardened_v3_event,50,46,normal_staggered,slow_credential_probe,1,0.0,0.3325000000000001,0.2922720360608901
hardened_v3_event,50,46,normal_staggered,slow_credential_probe,2,0.0,0.23166666666666666,0.2922469438609841
hardened_v3_event,50,46,normal_staggered,slow_credential_probe,3,0.0,0.3333333333333333,0.32978597275787286
hardened_v3_event,50,46,normal_staggered,slow_credential_probe,4,0.0,0.3866666666666667,0.42040446719703506
hardened_v3_event,50,46,normal_staggered,session_replay_chain,1,0.0,0.13,0.2847718297688181
hardened_v3_event,50,46,normal_staggered,session_replay_chain,2,0.0,0.13,0.31982509279796656
hardened_v3_event,50,46,normal_staggered,session_replay_chain,3,0.0,0.16500000000000004,0.36450046092272914
hardened_v3_event,50,46,normal_staggered,session_replay_chain,4,0.0,0.27999999999999997,0.41330367623163716
hardened_v3_event,50,46,normal_staggered,gradual_exfiltration,1,0.0,0.24583333333333335,0.27927540709832727
hardened_v3_event,50,46,normal_staggered,gradual_exfiltration,2,0.0,0.25166666666666665,0.297810536206745
hardened_v3_event,50,46,normal_staggered,gradual_exfiltration,3,0.0,0.26500000000000007,0.32169750055473895
hardened_v3_event,50,46,normal_staggered,gradual_exfiltration,4,0.0,0.3266666666666667,0.3426078776421955
hardened_v3_event,50,46,normal_staggered,distributed_lateral_drift,1,0.0,0.33125000000000004,0.2808062879685856
hardened_v3_event,50,46,normal_staggered,distributed_lateral_drift,2,0.0,0.31000000000000005,0.28387909205426515
hardened_v3_event,50,46,normal_staggered,distributed_lateral_drift,3,0.0,0.33125000000000004,0.2821464010108463
hardened_v3_event,50,46,normal_staggered,distributed_lateral_drift,4,0.0,0.30000000000000004,0.28591180866766963
hardened_v3_event,50,46,normal_staggered,profile_poisoning_chain,1,0.0,0.13,0.2901294746750088
hardened_v3_event,50,46,normal_staggered,profile_poisoning_chain,2,0.0,0.35833333333333334,0.32509384825902915
hardened_v3_event,50,46,normal_staggered,profile_poisoning_chain,3,0.0,0.35000000000000003,0.3644592945618752
hardened_v3_event,50,46,normal_staggered,profile_poisoning_chain,4,0.0,0.42333333333333334,0.4125232389127229
sequence_v4,50,46,normal_staggered,stealth_mimicry_ato,1,0.0,0.2782666666666667,0.27100346158147065
sequence_v4,50,46,normal_staggered,stealth_mimicry_ato,2,0.0,0.28477545288227196,0.28958998888191706
sequence_v4,50,46,normal_staggered,stealth_mimicry_ato,3,0.0,0.3536808719845863,0.32467276865452904
sequence_v4,50,46,normal_staggered,stealth_mimicry_ato,4,0.0,0.4316650216234699,0.3636257153539457
sequence_v4,50,46,normal_staggered,slow_credential_probe,1,0.0,0.3683497916666667,0.2922720360608901
sequence_v4,50,46,normal_staggered,slow_credential_probe,2,0.0,0.3931533435907835,0.2922469438609841
sequence_v4,50,46,normal_staggered,slow_credential_probe,3,0.0,0.4389828983957944,0.32978597275787286
sequence_v4,50,46,normal_staggered,slow_credential_probe,4,0.0,0.4952385783372346,0.42040446719703506
sequence_v4,50,46,normal_staggered,session_replay_chain,1,0.0,0.2348666666666667,0.2847718297688181
sequence_v4,50,46,normal_staggered,session_replay_chain,2,0.0,0.4190593541976375,0.31982509279796656
sequence_v4,50,46,normal_staggered,session_replay_chain,3,0.16666666666666666,0.6508055643273233,0.36450046092272914
sequence_v4,50,46,normal_staggered,session_replay_chain,4,0.9166666666666666,0.8949873390539436,0.41330367623163716
sequence_v4,50,46,normal_staggered,gradual_exfiltration,1,0.0,0.2782666666666667,0.27927540709832727
sequence_v4,50,46,normal_staggered,gradual_exfiltration,2,0.0,0.28477545288227196,0.297810536206745
sequence_v4,50,46,normal_staggered,gradual_exfiltration,3,0.0,0.37098735019583495,0.32169750055473895
sequence_v4,50,46,normal_staggered,gradual_exfiltration,4,0.0,0.5228493738559322,0.3426078776421955
sequence_v4,50,46,normal_staggered,distributed_lateral_drift,1,0.0,0.34625000000000006,0.2808062879685856
sequence_v4,50,46,normal_staggered,distributed_lateral_drift,2,0.0,0.3402640498987289,0.28387909205426515
sequence_v4,50,46,normal_staggered,distributed_lateral_drift,3,0.0,0.3650608690099575,0.2821464010108463
sequence_v4,50,46,normal_staggered,distributed_lateral_drift,4,0.0,0.38409974260077284,0.28591180866766963
sequence_v4,50,46,normal_staggered,profile_poisoning_chain,1,0.0,0.28361666666666663,0.2901294746750088
sequence_v4,50,46,normal_staggered,profile_poisoning_chain,2,0.0,0.4527757679009878,0.32509384825902915
sequence_v4,50,46,normal_staggered,profile_poisoning_chain,3,0.25,0.6126092274231844,0.3644592945618752
sequence_v4,50,46,normal_staggered,profile_poisoning_chain,4,0.3333333333333333,0.7440622687158934,0.4125232389127229
hardened_v3_event,50,46,normal_nat_burst,stealth_mimicry_ato,1,0.0,0.23583333333333334,0.261617197712626
hardened_v3_event,50,46,normal_nat_burst,stealth_mimicry_ato,2,0.0,0.2091666666666667,0.2660475019645853
hardened_v3_event,50,46,normal_nat_burst,stealth_mimicry_ato,3,0.0,0.27499999999999997,0.31540025580454056
hardened_v3_event,50,46,normal_nat_burst,stealth_mimicry_ato,4,0.0,0.2091666666666667,0.3374197069581996
hardened_v3_event,50,46,normal_nat_burst,slow_credential_probe,1,0.0,0.3466666666666667,0.2835639314158944
hardened_v3_event,50,46,normal_nat_burst,slow_credential_probe,2,0.0,0.18333333333333335,0.2689214495294196
hardened_v3_event,50,46,normal_nat_burst,slow_credential_probe,3,0.0,0.37333333333333335,0.3211532128456504
hardened_v3_event,50,46,normal_nat_burst,slow_credential_probe,4,0.0,0.35333333333333333,0.394249918116614
hardened_v3_event,50,46,normal_nat_burst,session_replay_chain,1,0.0,0.22666666666666666,0.2791180218467667
hardened_v3_event,50,46,normal_nat_burst,session_replay_chain,2,0.0,0.22666666666666666,0.31371895006073436
hardened_v3_event,50,46,normal_nat_burst,session_replay_chain,3,0.0,0.2983333333333334,0.35559857315214316
hardened_v3_event,50,46,normal_nat_burst,session_replay_chain,4,0.0,0.365,0.4007036888668379
hardened_v3_event,50,46,normal_nat_burst,gradual_exfiltration,1,0.0,0.23583333333333334,0.26844672109989226
hardened_v3_event,50,46,normal_nat_burst,gradual_exfiltration,2,0.0,0.20333333333333337,0.269958649936868
hardened_v3_event,50,46,normal_nat_burst,gradual_exfiltration,3,0.0,0.34,0.3060408087680142
hardened_v3_event,50,46,normal_nat_burst,gradual_exfiltration,4,0.0,0.29333333333333333,0.308816870708674
hardened_v3_event,50,46,normal_nat_burst,distributed_lateral_drift,1,0.0,0.2675,0.26720282765537484
hardened_v3_event,50,46,normal_nat_burst,distributed_lateral_drift,2,0.0,0.28250000000000003,0.2647088616629329
hardened_v3_event,50,46,normal_nat_burst,distributed_lateral_drift,3,0.0,0.3125,0.2785485365229949
hardened_v3_event,50,46,normal_nat_burst,distributed_lateral_drift,4,0.0,0.26,0.26374106689163795
hardened_v3_event,50,46,normal_nat_burst,profile_poisoning_chain,1,0.0,0.22666666666666666,0.2839831139197601
hardened_v3_event,50,46,normal_nat_burst,profile_poisoning_chain,2,0.0,0.38333333333333336,0.31208995986320115
hardened_v3_event,50,46,normal_nat_burst,profile_poisoning_chain,3,0.0,0.38333333333333336,0.35111380129160485
hardened_v3_event,50,46,normal_nat_burst,profile_poisoning_chain,4,0.0,0.36833333333333335,0.39354774188545893
sequence_v4,50,46,normal_nat_burst,stealth_mimicry_ato,1,0.0,0.2557,0.261617197712626
sequence_v4,50,46,normal_nat_burst,stealth_mimicry_ato,2,0.0,0.2666189759544834,0.2660475019645853
sequence_v4,50,46,normal_nat_burst,stealth_mimicry_ato,3,0.0,0.33784686302140843,0.31540025580454056
sequence_v4,50,46,normal_nat_burst,stealth_mimicry_ato,4,0.0,0.4046352040826397,0.3374197069581996
sequence_v4,50,46,normal_nat_burst,slow_credential_probe,1,0.0,0.3707852083333334,0.2835639314158944
sequence_v4,50,46,normal_nat_burst,slow_credential_probe,2,0.0,0.38237871084255753,0.2689214495294196
sequence_v4,50,46,normal_nat_burst,slow_credential_probe,3,0.0,0.44516265862348686,0.3211532128456504
sequence_v4,50,46,normal_nat_burst,slow_credential_probe,4,0.0,0.4771915451741608,0.394249918116614
sequence_v4,50,46,normal_nat_burst,session_replay_chain,1,0.0,0.2564666666666667,0.2791180218467667
sequence_v4,50,46,normal_nat_burst,session_replay_chain,2,0.0,0.4313658378973188,0.31371895006073436
sequence_v4,50,46,normal_nat_burst,session_replay_chain,3,0.3333333333333333,0.6974450948074654,0.35559857315214316
sequence_v4,50,46,normal_nat_burst,session_replay_chain,4,1.0,0.9342703267159672,0.4007036888668379
sequence_v4,50,46,normal_nat_burst,gradual_exfiltration,1,0.0,0.2557,0.26844672109989226
sequence_v4,50,46,normal_nat_burst,gradual_exfiltration,2,0.0,0.2607494641005241,0.269958649936868
sequence_v4,50,46,normal_nat_burst,gradual_exfiltration,3,0.0,0.3776726886361503,0.3060408087680142
sequence_v4,50,46,normal_nat_burst,gradual_exfiltration,4,0.0,0.48812113700229415,0.308816870708674
sequence_v4,50,46,normal_nat_burst,distributed_lateral_drift,1,0.0,0.30345,0.26720282765537484
sequence_v4,50,46,normal_nat_burst,distributed_lateral_drift,2,0.0,0.31721254794604425,0.2647088616629329
sequence_v4,50,46,normal_nat_burst,distributed_lateral_drift,3,0.0,0.3477851118773642,0.2785485365229949
sequence_v4,50,46,normal_nat_burst,distributed_lateral_drift,4,0.0,0.35094273642996454,0.26374106689163795
sequence_v4,50,46,normal_nat_burst,profile_poisoning_chain,1,0.0,0.2897797916666666,0.2839831139197601
sequence_v4,50,46,normal_nat_burst,profile_poisoning_chain,2,0.0,0.4755981478467554,0.31208995986320115
sequence_v4,50,46,normal_nat_burst,profile_poisoning_chain,3,0.08333333333333333,0.5625561968577938,0.35111380129160485
sequence_v4,50,46,normal_nat_burst,profile_poisoning_chain,4,0.3333333333333333,0.7016065086157229,0.39354774188545893
hardened_v3_event,100,42,normal_staggered,stealth_mimicry_ato,1,0.0,0.2091666666666667,0.2676416459512478
hardened_v3_event,100,42,normal_staggered,stealth_mimicry_ato,2,0.0,0.16416666666666666,0.28505990390320174
hardened_v3_event,100,42,normal_staggered,stealth_mimicry_ato,3,0.0,0.2241666666666667,0.31763213334521
hardened_v3_event,100,42,normal_staggered,stealth_mimicry_ato,4,0.0,0.17916666666666667,0.35281570531468276
hardened_v3_event,100,42,normal_staggered,slow_credential_probe,1,0.0,0.27999999999999997,0.28778825910447264
hardened_v3_event,100,42,normal_staggered,slow_credential_probe,2,0.0,0.24833333333333332,0.2872594929033027
hardened_v3_event,100,42,normal_staggered,slow_credential_probe,3,0.0,0.375,0.32368664763871663
hardened_v3_event,100,42,normal_staggered,slow_credential_probe,4,0.0,0.32333333333333336,0.4134399579275773
hardened_v3_event,100,42,normal_staggered,session_replay_chain,1,0.0,0.12083333333333333,0.2788292946454915
hardened_v3_event,100,42,normal_staggered,session_replay_chain,2,0.0,0.11499999999999999,0.31355921350758514
hardened_v3_event,100,42,normal_staggered,session_replay_chain,3,0.0,0.15,0.3539559347068392
hardened_v3_event,100,42,normal_staggered,session_replay_chain,4,0.0,0.26499999999999996,0.39877900715283165
hardened_v3_event,100,42,normal_staggered,gradual_exfiltration,1,0.0,0.2091666666666667,0.27254126453169136
hardened_v3_event,100,42,normal_staggered,gradual_exfiltration,2,0.0,0.16416666666666666,0.2852145529908381
hardened_v3_event,100,42,normal_staggered,gradual_exfiltration,3,0.0,0.2416666666666667,0.3074227717137392
hardened_v3_event,100,42,normal_staggered,gradual_exfiltration,4,0.0,0.2575,0.32553857031131833
hardened_v3_event,100,42,normal_staggered,distributed_lateral_drift,1,0.0,0.2225,0.27756818450323995
hardened_v3_event,100,42,normal_staggered,distributed_lateral_drift,2,0.0,0.21000000000000002,0.27696590300125945
hardened_v3_event,100,42,normal_staggered,distributed_lateral_drift,3,0.0,0.2675,0.27845853230667117
hardened_v3_event,100,42,normal_staggered,distributed_lateral_drift,4,0.0,0.20750000000000002,0.27718834416650356
hardened_v3_event,100,42,normal_staggered,profile_poisoning_chain,1,0.0,0.12083333333333333,0.2820632785737942
hardened_v3_event,100,42,normal_staggered,profile_poisoning_chain,2,0.0,0.25000000000000006,0.31558059088860585
hardened_v3_event,100,42,normal_staggered,profile_poisoning_chain,3,0.08333333333333333,0.29333333333333333,0.3554183336144337
hardened_v3_event,100,42,normal_staggered,profile_poisoning_chain,4,0.0,0.32333333333333336,0.4006967559335733
sequence_v4,100,42,normal_staggered,stealth_mimicry_ato,1,0.0,0.2448666666666667,0.2676416459512478
sequence_v4,100,42,normal_staggered,stealth_mimicry_ato,2,0.0,0.25974040195445497,0.28505990390320174
sequence_v4,100,42,normal_staggered,stealth_mimicry_ato,3,0.0,0.35343435624422465,0.31763213334521
sequence_v4,100,42,normal_staggered,stealth_mimicry_ato,4,0.0,0.4314981786072101,0.35281570531468276
sequence_v4,100,42,normal_staggered,slow_credential_probe,1,0.0,0.3717745833333334,0.28778825910447264
sequence_v4,100,42,normal_staggered,slow_credential_probe,2,0.0,0.42102837484603245,0.2872594929033027
sequence_v4,100,42,normal_staggered,slow_credential_probe,3,0.0,0.46437075753106005,0.32368664763871663
sequence_v4,100,42,normal_staggered,slow_credential_probe,4,0.0,0.4756055447992042,0.4134399579275773
sequence_v4,100,42,normal_staggered,session_replay_chain,1,0.0,0.23140000000000005,0.2788292946454915
sequence_v4,100,42,normal_staggered,session_replay_chain,2,0.0,0.42480752608038014,0.31355921350758514
sequence_v4,100,42,normal_staggered,session_replay_chain,3,0.16666666666666666,0.6545477689934054,0.3539559347068392
sequence_v4,100,42,normal_staggered,session_replay_chain,4,0.75,0.9015788834172538,0.39877900715283165
sequence_v4,100,42,normal_staggered,gradual_exfiltration,1,0.0,0.2448666666666667,0.27254126453169136
sequence_v4,100,42,normal_staggered,gradual_exfiltration,2,0.0,0.25974040195445497,0.2852145529908381
sequence_v4,100,42,normal_staggered,gradual_exfiltration,3,0.0,0.3015343562442247,0.3074227717137392
sequence_v4,100,42,normal_staggered,gradual_exfiltration,4,0.08333333333333333,0.4395464210013149,0.32553857031131833
sequence_v4,100,42,normal_staggered,distributed_lateral_drift,1,0.0,0.27980000000000005,0.27756818450323995
sequence_v4,100,42,normal_staggered,distributed_lateral_drift,2,0.0,0.28966218645977837,0.27696590300125945
sequence_v4,100,42,normal_staggered,distributed_lateral_drift,3,0.0,0.3246429711190437,0.27845853230667117
sequence_v4,100,42,normal_staggered,distributed_lateral_drift,4,0.0,0.3395750782386135,0.27718834416650356
sequence_v4,100,42,normal_staggered,profile_poisoning_chain,1,0.0,0.2893833333333333,0.2820632785737942
sequence_v4,100,42,normal_staggered,profile_poisoning_chain,2,0.0,0.4786229166666667,0.31558059088860585
sequence_v4,100,42,normal_staggered,profile_poisoning_chain,3,0.16666666666666666,0.5515204274502614,0.3554183336144337
sequence_v4,100,42,normal_staggered,profile_poisoning_chain,4,0.16666666666666666,0.6796357825396352,0.4006967559335733
hardened_v3_event,100,42,normal_nat_burst,stealth_mimicry_ato,1,0.0,0.25250000000000006,0.27588444669743944
hardened_v3_event,100,42,normal_nat_burst,stealth_mimicry_ato,2,0.0,0.1925,0.2805012543343666
hardened_v3_event,100,42,normal_nat_burst,stealth_mimicry_ato,3,0.0,0.24666666666666673,0.3263673683053291
hardened_v3_event,100,42,normal_nat_burst,stealth_mimicry_ato,4,0.0,0.18666666666666668,0.34854275950173336
hardened_v3_event,100,42,normal_nat_burst,slow_credential_probe,1,0.0,0.33,0.2955908510774184
hardened_v3_event,100,42,normal_nat_burst,slow_credential_probe,2,0.0,0.2966666666666667,0.28404328437369775
hardened_v3_event,100,42,normal_nat_burst,slow_credential_probe,3,0.0,0.41,0.3337881802373903
hardened_v3_event,100,42,normal_nat_burst,slow_credential_probe,4,0.0,0.33666666666666667,0.4108053376704101
hardened_v3_event,100,42,normal_nat_burst,session_replay_chain,1,0.0,0.24333333333333337,0.29072794242887484
hardened_v3_event,100,42,normal_nat_burst,session_replay_chain,2,0.0,0.23750000000000004,0.3274095554377215
hardened_v3_event,100,42,normal_nat_burst,session_replay_chain,3,0.0,0.3025,0.3685284354717915
hardened_v3_event,100,42,normal_nat_burst,session_replay_chain,4,0.0,0.38166666666666665,0.4140698421090061
hardened_v3_event,100,42,normal_nat_burst,gradual_exfiltration,1,0.0,0.24666666666666673,0.28048750327552047
hardened_v3_event,100,42,normal_nat_burst,gradual_exfiltration,2,0.0,0.1925,0.2817924345665345
hardened_v3_event,100,42,normal_nat_burst,gradual_exfiltration,3,0.0,0.2991666666666667,0.31715667724682
hardened_v3_event,100,42,normal_nat_burst,gradual_exfiltration,4,0.0,0.2633333333333333,0.3223535210378881
hardened_v3_event,100,42,normal_nat_burst,distributed_lateral_drift,1,0.0,0.3025,0.2857979310682979
hardened_v3_event,100,42,normal_nat_burst,distributed_lateral_drift,2,0.0,0.2375,0.2683024574121091
hardened_v3_event,100,42,normal_nat_burst,distributed_lateral_drift,3,0.0,0.33375,0.2894336200583088
hardened_v3_event,100,42,normal_nat_burst,distributed_lateral_drift,4,0.0,0.24375,0.27698456554003686
hardened_v3_event,100,42,normal_nat_burst,profile_poisoning_chain,1,0.0,0.24916666666666668,0.29493881153304957
hardened_v3_event,100,42,normal_nat_burst,profile_poisoning_chain,2,0.0,0.35333333333333333,0.3237099980825139
hardened_v3_event,100,42,normal_nat_burst,profile_poisoning_chain,3,0.0,0.36833333333333335,0.36166330587487355
hardened_v3_event,100,42,normal_nat_burst,profile_poisoning_chain,4,0.0,0.35333333333333333,0.4031018175312173
sequence_v4,100,42,normal_nat_burst,stealth_mimicry_ato,1,0.0,0.26410000000000006,0.27588444669743944
sequence_v4,100,42,normal_nat_burst,stealth_mimicry_ato,2,0.0,0.2759312193051034,0.2805012543343666
sequence_v4,100,42,normal_nat_burst,stealth_mimicry_ato,3,0.0,0.36664125836460376,0.3263673683053291
sequence_v4,100,42,normal_nat_burst,stealth_mimicry_ato,4,0.0,0.44230879268825324,0.34854275950173336
sequence_v4,100,42,normal_nat_burst,slow_credential_probe,1,0.0,0.38864208333333333,0.2955908510774184
sequence_v4,100,42,normal_nat_burst,slow_credential_probe,2,0.0,0.44488229892607506,0.28404328437369775
sequence_v4,100,42,normal_nat_burst,slow_credential_probe,3,0.0,0.4946977715860063,0.3337881802373903
sequence_v4,100,42,normal_nat_burst,slow_credential_probe,4,0.0,0.5104522115317539,0.4108053376704101
sequence_v4,100,42,normal_nat_burst,session_replay_chain,1,0.0,0.2699333333333334,0.29072794242887484
sequence_v4,100,42,normal_nat_burst,session_replay_chain,2,0.0,0.462479459668242,0.3274095554377215
sequence_v4,100,42,normal_nat_burst,session_replay_chain,3,0.4166666666666667,0.7421263701232883,0.3685284354717915
sequence_v4,100,42,normal_nat_burst,session_replay_chain,4,1.0,0.9290938280518194,0.4140698421090061
sequence_v4,100,42,normal_nat_burst,gradual_exfiltration,1,0.0,0.25833333333333336,0.28048750327552047
sequence_v4,100,42,normal_nat_burst,gradual_exfiltration,2,0.0,0.27089245738746526,0.2817924345665345
sequence_v4,100,42,normal_nat_burst,gradual_exfiltration,3,0.0,0.35364368699087195,0.31715667724682
sequence_v4,100,42,normal_nat_burst,gradual_exfiltration,4,0.0,0.5178570331528028,0.3223535210378881
sequence_v4,100,42,normal_nat_burst,distributed_lateral_drift,1,0.0,0.32115,0.2857979310682979
sequence_v4,100,42,normal_nat_burst,distributed_lateral_drift,2,0.0,0.3055185638820276,0.2683024574121091
sequence_v4,100,42,normal_nat_burst,distributed_lateral_drift,3,0.0,0.3706946043333809,0.2894336200583088
sequence_v4,100,42,normal_nat_burst,distributed_lateral_drift,4,0.0,0.37172046655036967,0.27698456554003686
sequence_v4,100,42,normal_nat_burst,profile_poisoning_chain,1,0.0,0.3203739583333333,0.29493881153304957
sequence_v4,100,42,normal_nat_burst,profile_poisoning_chain,2,0.0,0.48219748264391243,0.3237099980825139
sequence_v4,100,42,normal_nat_burst,profile_poisoning_chain,3,0.25,0.6507460832138691,0.36166330587487355
sequence_v4,100,42,normal_nat_burst,profile_poisoning_chain,4,0.4166666666666667,0.6679748924821497,0.4031018175312173
hardened_v3_event,100,43,normal_staggered,stealth_mimicry_ato,1,0.0,0.2025,0.26689382100253645
hardened_v3_event,100,43,normal_staggered,stealth_mimicry_ato,2,0.0,0.1725,0.2854799999729006
hardened_v3_event,100,43,normal_staggered,stealth_mimicry_ato,3,0.0,0.19666666666666668,0.3192848103156963
hardened_v3_event,100,43,normal_staggered,stealth_mimicry_ato,4,0.0,0.18916666666666668,0.35574595632586953
hardened_v3_event,100,43,normal_staggered,slow_credential_probe,1,0.0,0.24416666666666667,0.2874175514840735
hardened_v3_event,100,43,normal_staggered,slow_credential_probe,2,0.0,0.23916666666666667,0.2884141853878294
hardened_v3_event,100,43,normal_staggered,slow_credential_probe,3,0.0,0.36000000000000004,0.3253982011054795
hardened_v3_event,100,43,normal_staggered,slow_credential_probe,4,0.0,0.3333333333333333,0.4186698436909812
hardened_v3_event,100,43,normal_staggered,session_replay_chain,1,0.0,0.049999999999999996,0.2753346088004301
hardened_v3_event,100,43,normal_staggered,session_replay_chain,2,0.0,0.049999999999999996,0.31382308056310965
hardened_v3_event,100,43,normal_staggered,session_replay_chain,3,0.0,0.09666666666666668,0.35422325298902774
hardened_v3_event,100,43,normal_staggered,session_replay_chain,4,0.0,0.19999999999999998,0.4015641041437082
hardened_v3_event,100,43,normal_staggered,gradual_exfiltration,1,0.0,0.2025,0.27259650793106555
hardened_v3_event,100,43,normal_staggered,gradual_exfiltration,2,0.0,0.1725,0.2887764818593496
hardened_v3_event,100,43,normal_staggered,gradual_exfiltration,3,0.0,0.22,0.31043381034407524
hardened_v3_event,100,43,normal_staggered,gradual_exfiltration,4,0.0,0.25416666666666665,0.3314542111515948
hardened_v3_event,100,43,normal_staggered,distributed_lateral_drift,1,0.0,0.18,0.2732690481827549
hardened_v3_event,100,43,normal_staggered,distributed_lateral_drift,2,0.0,0.22499999999999998,0.2757039103862539
hardened_v3_event,100,43,normal_staggered,distributed_lateral_drift,3,0.0,0.25625,0.28251725471720285
hardened_v3_event,100,43,normal_staggered,distributed_lateral_drift,4,0.0,0.26875000000000004,0.2778827813265238
hardened_v3_event,100,43,normal_staggered,profile_poisoning_chain,1,0.0,0.049999999999999996,0.2821167530326066
hardened_v3_event,100,43,normal_staggered,profile_poisoning_chain,2,0.0,0.22999999999999998,0.3176008734381044
hardened_v3_event,100,43,normal_staggered,profile_poisoning_chain,3,0.0,0.31833333333333336,0.36012567799367373
hardened_v3_event,100,43,normal_staggered,profile_poisoning_chain,4,0.0,0.33166666666666667,0.4030636626676229
sequence_v4,100,43,normal_staggered,stealth_mimicry_ato,1,0.0,0.25320000000000004,0.26689382100253645
sequence_v4,100,43,normal_staggered,stealth_mimicry_ato,2,0.0,0.26624816910337495,0.2854799999729006
sequence_v4,100,43,normal_staggered,stealth_mimicry_ato,3,0.0,0.3566738106528706,0.3192848103156963
sequence_v4,100,43,normal_staggered,stealth_mimicry_ato,4,0.0,0.43491547001665126,0.35574595632586953
sequence_v4,100,43,normal_staggered,slow_credential_probe,1,0.0,0.34527875,0.2874175514840735
sequence_v4,100,43,normal_staggered,slow_credential_probe,2,0.0,0.4007659447391345,0.2884141853878294
sequence_v4,100,43,normal_staggered,slow_credential_probe,3,0.0,0.45168600273331183,0.3253982011054795
sequence_v4,100,43,normal_staggered,slow_credential_probe,4,0.0,0.47701348888776707,0.4186698436909812
sequence_v4,100,43,normal_staggered,session_replay_chain,1,0.0,0.22306666666666672,0.2753346088004301
sequence_v4,100,43,normal_staggered,session_replay_chain,2,0.0,0.4190593541976375,0.31382308056310965
sequence_v4,100,43,normal_staggered,session_replay_chain,3,0.25,0.6603566059939899,0.35422325298902774
sequence_v4,100,43,normal_staggered,session_replay_chain,4,0.8333333333333334,0.9144515893355086,0.4015641041437082
sequence_v4,100,43,normal_staggered,gradual_exfiltration,1,0.0,0.25320000000000004,0.27259650793106555
sequence_v4,100,43,normal_staggered,gradual_exfiltration,2,0.0,0.26624816910337495,0.2887764818593496
sequence_v4,100,43,normal_staggered,gradual_exfiltration,3,0.0,0.31774881065287064,0.31043381034407524
sequence_v4,100,43,normal_staggered,gradual_exfiltration,4,0.0,0.46487314676641606,0.3314542111515948
sequence_v4,100,43,normal_staggered,distributed_lateral_drift,1,0.0,0.26825,0.2732690481827549
sequence_v4,100,43,normal_staggered,distributed_lateral_drift,2,0.0,0.28357796627130605,0.2757039103862539
sequence_v4,100,43,normal_staggered,distributed_lateral_drift,3,0.0,0.3281681847136265,0.28251725471720285
sequence_v4,100,43,normal_staggered,distributed_lateral_drift,4,0.0,0.36785143723237484,0.2778827813265238
sequence_v4,100,43,normal_staggered,profile_poisoning_chain,1,0.0,0.28361666666666663,0.2821167530326066
sequence_v4,100,43,normal_staggered,profile_poisoning_chain,2,0.0,0.4821341666666667,0.3176008734381044
sequence_v4,100,43,normal_staggered,profile_poisoning_chain,3,0.0,0.5301251935042856,0.36012567799367373
sequence_v4,100,43,normal_staggered,profile_poisoning_chain,4,0.3333333333333333,0.7134476714996958,0.4030636626676229
hardened_v3_event,100,43,normal_nat_burst,stealth_mimicry_ato,1,0.0,0.2141666666666667,0.2630662092716836
hardened_v3_event,100,43,normal_nat_burst,stealth_mimicry_ato,2,0.0,0.12416666666666666,0.2622180506896738
hardened_v3_event,100,43,normal_nat_burst,stealth_mimicry_ato,3,0.0,0.20833333333333337,0.3131789675055353
hardened_v3_event,100,43,normal_nat_burst,stealth_mimicry_ato,4,0.0,0.13333333333333333,0.3347303345205131
hardened_v3_event,100,43,normal_nat_burst,slow_credential_probe,1,0.0,0.2783333333333333,0.28209582686509627
hardened_v3_event,100,43,normal_nat_burst,slow_credential_probe,2,0.0,0.18333333333333335,0.2670444493215721
hardened_v3_event,100,43,normal_nat_burst,slow_credential_probe,3,0.0,0.37833333333333335,0.3217209050761443
hardened_v3_event,100,43,normal_nat_burst,slow_credential_probe,4,0.0,0.2833333333333333,0.399412858357574
hardened_v3_event,100,43,normal_nat_burst,session_replay_chain,1,0.0,0.20500000000000004,0.27713588038706877
hardened_v3_event,100,43,normal_nat_burst,session_replay_chain,2,0.0,0.20500000000000004,0.31661566790086976
hardened_v3_event,100,43,normal_nat_burst,session_replay_chain,3,0.0,0.25333333333333335,0.3566888587059569
hardened_v3_event,100,43,normal_nat_burst,session_replay_chain,4,0.0,0.3433333333333333,0.4037606096222877
hardened_v3_event,100,43,normal_nat_burst,gradual_exfiltration,1,0.0,0.20833333333333337,0.26645088435919256
hardened_v3_event,100,43,normal_nat_burst,gradual_exfiltration,2,0.0,0.12416666666666666,0.2648795640289657
hardened_v3_event,100,43,normal_nat_burst,gradual_exfiltration,3,0.0,0.24333333333333337,0.30427116024903716
hardened_v3_event,100,43,normal_nat_burst,gradual_exfiltration,4,0.0,0.21083333333333332,0.31019328148332287
hardened_v3_event,100,43,normal_nat_burst,distributed_lateral_drift,1,0.0,0.2375,0.26545568967719635
hardened_v3_event,100,43,normal_nat_burst,distributed_lateral_drift,2,0.0,0.25,0.26297970406606264
hardened_v3_event,100,43,normal_nat_burst,distributed_lateral_drift,3,0.0,0.28875,0.2763887984228638
hardened_v3_event,100,43,normal_nat_burst,distributed_lateral_drift,4,0.0,0.28750000000000003,0.2736721746691605
hardened_v3_event,100,43,normal_nat_burst,profile_poisoning_chain,1,0.0,0.20500000000000004,0.2828730561781561
hardened_v3_event,100,43,normal_nat_burst,profile_poisoning_chain,2,0.0,0.31333333333333335,0.3085348402798795
hardened_v3_event,100,43,normal_nat_burst,profile_poisoning_chain,3,0.0,0.33,0.35081046954833844
hardened_v3_event,100,43,normal_nat_burst,profile_poisoning_chain,4,0.0,0.3133333333333333,0.39094377921642326
sequence_v4,100,43,normal_nat_burst,stealth_mimicry_ato,1,0.0,0.23653333333333337,0.2630662092716836
sequence_v4,100,43,normal_nat_burst,stealth_mimicry_ato,2,0.0,0.24918998204399287,0.2622180506896738
sequence_v4,100,43,normal_nat_burst,stealth_mimicry_ato,3,0.0,0.332985230968008,0.3131789675055353
sequence_v4,100,43,normal_nat_burst,stealth_mimicry_ato,4,0.0,0.4025603003704287,0.3347303345205131
sequence_v4,100,43,normal_nat_burst,slow_credential_probe,1,0.0,0.36362916666666667,0.28209582686509627
sequence_v4,100,43,normal_nat_burst,slow_credential_probe,2,0.0,0.39798090791709667,0.2670444493215721
sequence_v4,100,43,normal_nat_burst,slow_credential_probe,3,0.0,0.45323914190790293,0.3217209050761443
sequence_v4,100,43,normal_nat_burst,slow_credential_probe,4,0.0,0.4641706468294402,0.399412858357574
sequence_v4,100,43,normal_nat_burst,session_replay_chain,1,0.0,0.24230000000000007,0.27713588038706877
sequence_v4,100,43,normal_nat_burst,session_replay_chain,2,0.0,0.43690735394922203,0.31661566790086976
sequence_v4,100,43,normal_nat_burst,session_replay_chain,3,0.25,0.6810864879184066,0.3566888587059569
sequence_v4,100,43,normal_nat_burst,session_replay_chain,4,0.75,0.9016210413230846,0.4037606096222877
sequence_v4,100,43,normal_nat_burst,gradual_exfiltration,1,0.0,0.2307666666666667,0.26645088435919256
sequence_v4,100,43,normal_nat_burst,gradual_exfiltration,2,0.0,0.24416017662341014,0.2648795640289657
sequence_v4,100,43,normal_nat_burst,gradual_exfiltration,3,0.0,0.29398079974416774,0.30427116024903716
sequence_v4,100,43,normal_nat_burst,gradual_exfiltration,4,0.0,0.44473971524104966,0.31019328148332287
sequence_v4,100,43,normal_nat_burst,distributed_lateral_drift,1,0.0,0.27595000000000003,0.26545568967719635
sequence_v4,100,43,normal_nat_burst,distributed_lateral_drift,2,0.0,0.3135604217152516,0.26297970406606264
sequence_v4,100,43,normal_nat_burst,distributed_lateral_drift,3,0.0,0.3462331154576598,0.2763887984228638
sequence_v4,100,43,normal_nat_burst,distributed_lateral_drift,4,0.0,0.37224812259985973,0.2736721746691605
sequence_v4,100,43,normal_nat_burst,profile_poisoning_chain,1,0.0,0.2952375,0.2828730561781561
sequence_v4,100,43,normal_nat_burst,profile_poisoning_chain,2,0.0,0.48395708333333337,0.3085348402798795
sequence_v4,100,43,normal_nat_burst,profile_poisoning_chain,3,0.16666666666666666,0.5779948975199323,0.35081046954833844
sequence_v4,100,43,normal_nat_burst,profile_poisoning_chain,4,0.25,0.645155728527574,0.39094377921642326
hardened_v3_event,100,44,normal_staggered,stealth_mimicry_ato,1,0.0,0.16833333333333333,0.25928012503070036
hardened_v3_event,100,44,normal_staggered,stealth_mimicry_ato,2,0.0,0.10083333333333333,0.2743147652536653
hardened_v3_event,100,44,normal_staggered,stealth_mimicry_ato,3,0.0,0.17416666666666666,0.3107830154155938
hardened_v3_event,100,44,normal_staggered,stealth_mimicry_ato,4,0.0,0.155,0.3461006521805148
hardened_v3_event,100,44,normal_staggered,slow_credential_probe,1,0.0,0.24583333333333335,0.2799302805296713
hardened_v3_event,100,44,normal_staggered,slow_credential_probe,2,0.0,0.1791666666666667,0.27707269562316855
hardened_v3_event,100,44,normal_staggered,slow_credential_probe,3,0.0,0.3383333333333334,0.31956213134965034
hardened_v3_event,100,44,normal_staggered,slow_credential_probe,4,0.0,0.305,0.40806389600365994
hardened_v3_event,100,44,normal_staggered,session_replay_chain,1,0.0,0.065,0.27084960768693567
hardened_v3_event,100,44,normal_staggered,session_replay_chain,2,0.0,0.065,0.30630413909371645
hardened_v3_event,100,44,normal_staggered,session_replay_chain,3,0.0,0.11833333333333335,0.35012795376773836
hardened_v3_event,100,44,normal_staggered,session_replay_chain,4,0.0,0.21499999999999997,0.39847080801349466
hardened_v3_event,100,44,normal_staggered,gradual_exfiltration,1,0.0,0.16833333333333333,0.2645509463712149
hardened_v3_event,100,44,normal_staggered,gradual_exfiltration,2,0.0,0.09499999999999999,0.2779673538725606
hardened_v3_event,100,44,normal_staggered,gradual_exfiltration,3,0.0,0.19166666666666665,0.3031947933348957
hardened_v3_event,100,44,normal_staggered,gradual_exfiltration,4,0.0,0.2191666666666667,0.320176883987624
hardened_v3_event,100,44,normal_staggered,distributed_lateral_drift,1,0.0,0.21750000000000003,0.2717218265841581
hardened_v3_event,100,44,normal_staggered,distributed_lateral_drift,2,0.0,0.26125,0.27441674421718376
hardened_v3_event,100,44,normal_staggered,distributed_lateral_drift,3,0.0,0.22625,0.2718658451186692
hardened_v3_event,100,44,normal_staggered,distributed_lateral_drift,4,0.0,0.23875000000000002,0.2733750587675169
hardened_v3_event,100,44,normal_staggered,profile_poisoning_chain,1,0.0,0.065,0.2753507857715723
hardened_v3_event,100,44,normal_staggered,profile_poisoning_chain,2,0.0,0.215,0.30930837720032606
hardened_v3_event,100,44,normal_staggered,profile_poisoning_chain,3,0.0,0.2583333333333333,0.34616608889444306
hardened_v3_event,100,44,normal_staggered,profile_poisoning_chain,4,0.0,0.31833333333333336,0.3957506121039775
sequence_v4,100,44,normal_staggered,stealth_mimicry_ato,1,0.0,0.22820000000000007,0.25928012503070036
sequence_v4,100,44,normal_staggered,stealth_mimicry_ato,2,0.0,0.24078002444677182,0.2743147652536653
sequence_v4,100,44,normal_staggered,stealth_mimicry_ato,3,0.0,0.33177946583308243,0.3107830154155938
sequence_v4,100,44,normal_staggered,stealth_mimicry_ato,4,0.0,0.39785867437542727,0.3461006521805148
sequence_v4,100,44,normal_staggered,slow_credential_probe,1,0.0,0.3566731250000001,0.2799302805296713
sequence_v4,100,44,normal_staggered,slow_credential_probe,2,0.0,0.399100913194485,0.27707269562316855
sequence_v4,100,44,normal_staggered,slow_credential_probe,3,0.0,0.4439621529649429,0.31956213134965034
sequence_v4,100,44,normal_staggered,slow_credential_probe,4,0.0,0.45576010355379076,0.40806389600365994
sequence_v4,100,44,normal_staggered,session_replay_chain,1,0.0,0.21730000000000005,0.27084960768693567
sequence_v4,100,44,normal_staggered,session_replay_chain,2,0.0,0.4075445156482282,0.30630413909371645
sequence_v4,100,44,normal_staggered,session_replay_chain,3,0.16666666666666666,0.6435190007201724,0.35012795376773836
sequence_v4,100,44,normal_staggered,session_replay_chain,4,0.8333333333333334,0.881074970399701,0.39847080801349466
sequence_v4,100,44,normal_staggered,gradual_exfiltration,1,0.0,0.22820000000000007,0.2645509463712149
sequence_v4,100,44,normal_staggered,gradual_exfiltration,2,0.0,0.23501335778010515,0.2779673538725606
sequence_v4,100,44,normal_staggered,gradual_exfiltration,3,0.0,0.28189192250694584,0.3031947933348957
sequence_v4,100,44,normal_staggered,gradual_exfiltration,4,0.0,0.4290926915698476,0.320176883987624
sequence_v4,100,44,normal_staggered,distributed_lateral_drift,1,0.0,0.2923,0.2717218265841581
sequence_v4,100,44,normal_staggered,distributed_lateral_drift,2,0.0,0.3161996824654181,0.27441674421718376
sequence_v4,100,44,normal_staggered,distributed_lateral_drift,3,0.0,0.3490560588512671,0.2718658451186692
sequence_v4,100,44,normal_staggered,distributed_lateral_drift,4,0.0,0.3798219840557264,0.2733750587675169
sequence_v4,100,44,normal_staggered,profile_poisoning_chain,1,0.0,0.27784999999999993,0.2753507857715723
sequence_v4,100,44,normal_staggered,profile_poisoning_chain,2,0.0,0.44186064819208265,0.30930837720032606
sequence_v4,100,44,normal_staggered,profile_poisoning_chain,3,0.0,0.5332568289691535,0.34616608889444306
sequence_v4,100,44,normal_staggered,profile_poisoning_chain,4,0.25,0.6854262252154985,0.3957506121039775
hardened_v3_event,100,44,normal_nat_burst,stealth_mimicry_ato,1,0.0,0.2166666666666667,0.26413945770083413
hardened_v3_event,100,44,normal_nat_burst,stealth_mimicry_ato,2,0.0,0.1325,0.26378780564973586
hardened_v3_event,100,44,normal_nat_burst,stealth_mimicry_ato,3,0.0,0.22250000000000006,0.3159380917176346
hardened_v3_event,100,44,normal_nat_burst,stealth_mimicry_ato,4,0.0,0.1475,0.3362299841431089
hardened_v3_event,100,44,normal_nat_burst,slow_credential_probe,1,0.0,0.2933333333333333,0.28467542780292293
hardened_v3_event,100,44,normal_nat_burst,slow_credential_probe,2,0.0,0.23,0.26774811824812655
hardened_v3_event,100,44,normal_nat_burst,slow_credential_probe,3,0.0,0.37333333333333335,0.3240541783978751
hardened_v3_event,100,44,normal_nat_burst,slow_credential_probe,4,0.0,0.2916666666666667,0.3967737661233482
hardened_v3_event,100,44,normal_nat_burst,session_replay_chain,1,0.0,0.21333333333333337,0.2794175342835478
hardened_v3_event,100,44,normal_nat_burst,session_replay_chain,2,0.0,0.21333333333333337,0.3147942024021887
hardened_v3_event,100,44,normal_nat_burst,session_replay_chain,3,0.0,0.24333333333333332,0.3575461848185051
hardened_v3_event,100,44,normal_nat_burst,session_replay_chain,4,0.0,0.3516666666666666,0.4042990759113511
hardened_v3_event,100,44,normal_nat_burst,gradual_exfiltration,1,0.0,0.22250000000000006,0.26923686434700084
hardened_v3_event,100,44,normal_nat_burst,gradual_exfiltration,2,0.0,0.1325,0.2675621511742899
hardened_v3_event,100,44,normal_nat_burst,gradual_exfiltration,3,0.0,0.2516666666666667,0.3064834250209691
hardened_v3_event,100,44,normal_nat_burst,gradual_exfiltration,4,0.0,0.20083333333333334,0.3078269903619419
hardened_v3_event,100,44,normal_nat_burst,distributed_lateral_drift,1,0.0,0.17,0.2603280094550958
hardened_v3_event,100,44,normal_nat_burst,distributed_lateral_drift,2,0.0,0.27375000000000005,0.26356119319934035
hardened_v3_event,100,44,normal_nat_burst,distributed_lateral_drift,3,0.0,0.255,0.2793578818367993
hardened_v3_event,100,44,normal_nat_burst,distributed_lateral_drift,4,0.0,0.2825,0.2641332249224904
hardened_v3_event,100,44,normal_nat_burst,profile_poisoning_chain,1,0.0,0.21333333333333337,0.28477415567175574
hardened_v3_event,100,44,normal_nat_burst,profile_poisoning_chain,2,0.0,0.3233333333333333,0.3132663395977702
hardened_v3_event,100,44,normal_nat_burst,profile_poisoning_chain,3,0.0,0.34,0.3500256128023967
hardened_v3_event,100,44,normal_nat_burst,profile_poisoning_chain,4,0.0,0.3216666666666667,0.3949785094730605
sequence_v4,100,44,normal_nat_burst,stealth_mimicry_ato,1,0.0,0.2333333333333334,0.26413945770083413
sequence_v4,100,44,normal_nat_burst,stealth_mimicry_ato,2,0.0,0.2391699252240799,0.26378780564973586
sequence_v4,100,44,normal_nat_burst,stealth_mimicry_ato,3,0.0,0.322822131021215,0.3159380917176346
sequence_v4,100,44,normal_nat_burst,stealth_mimicry_ato,4,0.0,0.39093385413963183,0.3362299841431089
sequence_v4,100,44,normal_nat_burst,slow_credential_probe,1,0.0,0.36222354166666665,0.28467542780292293
sequence_v4,100,44,normal_nat_burst,slow_credential_probe,2,0.0,0.41243048699975476,0.26774811824812655
sequence_v4,100,44,normal_nat_burst,slow_credential_probe,3,0.0,0.4480364349436487,0.3240541783978751
sequence_v4,100,44,normal_nat_burst,slow_credential_probe,4,0.0,0.4653083491189787,0.3967737661233482
sequence_v4,100,44,normal_nat_burst,session_replay_chain,1,0.0,0.24486666666666676,0.2794175342835478
sequence_v4,100,44,normal_nat_burst,session_replay_chain,2,0.0,0.43172567660198774,0.3147942024021887
sequence_v4,100,44,normal_nat_burst,session_replay_chain,3,0.16666666666666666,0.6594190759618557,0.3575461848185051
sequence_v4,100,44,normal_nat_burst,session_replay_chain,4,0.6666666666666666,0.8794597078980333,0.4042990759113511
sequence_v4,100,44,normal_nat_burst,gradual_exfiltration,1,0.0,0.2391000000000001,0.26923686434700084
sequence_v4,100,44,normal_nat_burst,gradual_exfiltration,2,0.0,0.24335294914728176,0.2675621511742899
sequence_v4,100,44,normal_nat_burst,gradual_exfiltration,3,0.0,0.2855676241947083,0.3064834250209691
sequence_v4,100,44,normal_nat_burst,gradual_exfiltration,4,0.0,0.41209857684631984,0.3078269903619419
sequence_v4,100,44,normal_nat_burst,distributed_lateral_drift,1,0.0,0.26345,0.2603280094550958
sequence_v4,100,44,normal_nat_burst,distributed_lateral_drift,2,0.0,0.31386786466305083,0.26356119319934035
sequence_v4,100,44,normal_nat_burst,distributed_lateral_drift,3,0.0,0.33325266822368493,0.2793578818367993
sequence_v4,100,44,normal_nat_burst,distributed_lateral_drift,4,0.0,0.3635124497032404,0.2641332249224904
sequence_v4,100,44,normal_nat_burst,profile_poisoning_chain,1,0.0,0.295325,0.28477415567175574
sequence_v4,100,44,normal_nat_burst,profile_poisoning_chain,2,0.0,0.45157225780728033,0.3132663395977702
sequence_v4,100,44,normal_nat_burst,profile_poisoning_chain,3,0.08333333333333333,0.5191503303110268,0.3500256128023967
sequence_v4,100,44,normal_nat_burst,profile_poisoning_chain,4,0.16666666666666666,0.6579877056743947,0.3949785094730605
hardened_v3_event,100,45,normal_staggered,stealth_mimicry_ato,1,0.0,0.19083333333333333,0.2680225964992032
hardened_v3_event,100,45,normal_staggered,stealth_mimicry_ato,2,0.0,0.13083333333333333,0.28321417280490635
hardened_v3_event,100,45,normal_staggered,stealth_mimicry_ato,3,0.0,0.12499999999999999,0.31590986263439597
hardened_v3_event,100,45,normal_staggered,stealth_mimicry_ato,4,0.0,0.12499999999999999,0.3497820450897045
hardened_v3_event,100,45,normal_staggered,slow_credential_probe,1,0.0,0.25,0.2880668381585065
hardened_v3_event,100,45,normal_staggered,slow_credential_probe,2,0.0,0.18500000000000003,0.286406951228077
hardened_v3_event,100,45,normal_staggered,slow_credential_probe,3,0.0,0.2816666666666667,0.32494028670505226
hardened_v3_event,100,45,normal_staggered,slow_credential_probe,4,0.0,0.275,0.4141128452744316
hardened_v3_event,100,45,normal_staggered,session_replay_chain,1,0.0,0.10083333333333333,0.2786745856598279
hardened_v3_event,100,45,normal_staggered,session_replay_chain,2,0.0,0.09499999999999999,0.316311430812295
hardened_v3_event,100,45,normal_staggered,session_replay_chain,3,0.0,0.16,0.35641735083429665
hardened_v3_event,100,45,normal_staggered,session_replay_chain,4,0.0,0.245,0.4031078258048206
hardened_v3_event,100,45,normal_staggered,gradual_exfiltration,1,0.0,0.19083333333333333,0.27281099284740884
hardened_v3_event,100,45,normal_staggered,gradual_exfiltration,2,0.0,0.13083333333333333,0.28370089145626015
hardened_v3_event,100,45,normal_staggered,gradual_exfiltration,3,0.0,0.14833333333333334,0.30364338050515144
hardened_v3_event,100,45,normal_staggered,gradual_exfiltration,4,0.0,0.18916666666666668,0.32216771653729903
hardened_v3_event,100,45,normal_staggered,distributed_lateral_drift,1,0.0,0.21500000000000002,0.27459772586104825
hardened_v3_event,100,45,normal_staggered,distributed_lateral_drift,2,0.0,0.2475,0.2749544557851286
hardened_v3_event,100,45,normal_staggered,distributed_lateral_drift,3,0.0,0.1925,0.275779703267011
hardened_v3_event,100,45,normal_staggered,distributed_lateral_drift,4,0.0,0.245,0.276066274679745
hardened_v3_event,100,45,normal_staggered,profile_poisoning_chain,1,0.0,0.09499999999999999,0.2834661802584975
hardened_v3_event,100,45,normal_staggered,profile_poisoning_chain,2,0.0,0.21499999999999997,0.3150914604307065
hardened_v3_event,100,45,normal_staggered,profile_poisoning_chain,3,0.0,0.27499999999999997,0.35501860501593235
hardened_v3_event,100,45,normal_staggered,profile_poisoning_chain,4,0.0,0.29,0.40016416337653915
sequence_v4,100,45,normal_staggered,stealth_mimicry_ato,1,0.0,0.23396666666666674,0.2680225964992032
sequence_v4,100,45,normal_staggered,stealth_mimicry_ato,2,0.0,0.2532103638237609,0.28321417280490635
sequence_v4,100,45,normal_staggered,stealth_mimicry_ato,3,0.0,0.3376773638202036,0.31590986263439597
sequence_v4,100,45,normal_staggered,stealth_mimicry_ato,4,0.0,0.40785254933176335,0.3497820450897045
sequence_v4,100,45,normal_staggered,slow_credential_probe,1,0.0,0.35429437500000005,0.2880668381585065
sequence_v4,100,45,normal_staggered,slow_credential_probe,2,0.0,0.3866091988721674,0.286406951228077
sequence_v4,100,45,normal_staggered,slow_credential_probe,3,0.0,0.4371602080342858,0.32494028670505226
sequence_v4,100,45,normal_staggered,slow_credential_probe,4,0.0,0.4549806054406096,0.4141128452744316
sequence_v4,100,45,normal_staggered,session_replay_chain,1,0.0,0.22883333333333336,0.2786745856598279
sequence_v4,100,45,normal_staggered,session_replay_chain,2,0.0,0.42480752608038014,0.316311430812295
sequence_v4,100,45,normal_staggered,session_replay_chain,3,0.3333333333333333,0.6776144356600721,0.35641735083429665
sequence_v4,100,45,normal_staggered,session_replay_chain,4,0.8333333333333334,0.9054388423137172,0.4031078258048206
sequence_v4,100,45,normal_staggered,gradual_exfiltration,1,0.0,0.23396666666666674,0.27281099284740884
sequence_v4,100,45,normal_staggered,gradual_exfiltration,2,0.0,0.2532103638237609,0.28370089145626015
sequence_v4,100,45,normal_staggered,gradual_exfiltration,3,0.0,0.2935263221535369,0.30364338050515144
sequence_v4,100,45,normal_staggered,gradual_exfiltration,4,0.0,0.43748417862572286,0.32216771653729903
sequence_v4,100,45,normal_staggered,distributed_lateral_drift,1,0.0,0.26345,0.27459772586104825
sequence_v4,100,45,normal_staggered,distributed_lateral_drift,2,0.0,0.30048422502443983,0.2749544557851286
sequence_v4,100,45,normal_staggered,distributed_lateral_drift,3,0.0,0.3176100151289972,0.275779703267011
sequence_v4,100,45,normal_staggered,distributed_lateral_drift,4,0.0,0.35878019590366195,0.276066274679745
sequence_v4,100,45,normal_staggered,profile_poisoning_chain,1,0.0,0.28361666666666663,0.2834661802584975
sequence_v4,100,45,normal_staggered,profile_poisoning_chain,2,0.0,0.4552779408620502,0.3150914604307065
sequence_v4,100,45,normal_staggered,profile_poisoning_chain,3,0.08333333333333333,0.5278390081838464,0.35501860501593235
sequence_v4,100,45,normal_staggered,profile_poisoning_chain,4,0.16666666666666666,0.6450142925025225,0.40016416337653915
hardened_v3_event,100,45,normal_nat_burst,stealth_mimicry_ato,1,0.0,0.2283333333333334,0.271231826727996
hardened_v3_event,100,45,normal_nat_burst,stealth_mimicry_ato,2,0.0,0.15333333333333332,0.27458957137711676
hardened_v3_event,100,45,normal_nat_burst,stealth_mimicry_ato,3,0.0,0.23416666666666672,0.3238321200554561
hardened_v3_event,100,45,normal_nat_burst,stealth_mimicry_ato,4,0.0,0.17416666666666666,0.3439610474783538
hardened_v3_event,100,45,normal_nat_burst,slow_credential_probe,1,0.0,0.3116666666666667,0.29213302810611647
hardened_v3_event,100,45,normal_nat_burst,slow_credential_probe,2,0.0,0.23166666666666666,0.27685167318881765
hardened_v3_event,100,45,normal_nat_burst,slow_credential_probe,3,0.0,0.3983333333333334,0.331265181747891
hardened_v3_event,100,45,normal_nat_burst,slow_credential_probe,4,0.0,0.3183333333333333,0.40614344979809175
hardened_v3_event,100,45,normal_nat_burst,session_replay_chain,1,0.0,0.2191666666666667,0.2871845543391945
hardened_v3_event,100,45,normal_nat_burst,session_replay_chain,2,0.0,0.2191666666666667,0.32320270729191825
hardened_v3_event,100,45,normal_nat_burst,session_replay_chain,3,0.0,0.25416666666666665,0.36253141316017706
hardened_v3_event,100,45,normal_nat_burst,session_replay_chain,4,0.0,0.36333333333333334,0.40870850913475304
hardened_v3_event,100,45,normal_nat_burst,gradual_exfiltration,1,0.0,0.2283333333333334,0.27715786049945884
hardened_v3_event,100,45,normal_nat_burst,gradual_exfiltration,2,0.0,0.15916666666666665,0.2747914356413068
hardened_v3_event,100,45,normal_nat_burst,gradual_exfiltration,3,0.0,0.2516666666666667,0.3107466424614512
hardened_v3_event,100,45,normal_nat_burst,gradual_exfiltration,4,0.0,0.2383333333333333,0.31517270686775173
hardened_v3_event,100,45,normal_nat_burst,distributed_lateral_drift,1,0.0,0.1875,0.26104243080135164
hardened_v3_event,100,45,normal_nat_burst,distributed_lateral_drift,2,0.0,0.265,0.2694945764867791
hardened_v3_event,100,45,normal_nat_burst,distributed_lateral_drift,3,0.0,0.3125,0.2836889042662608
hardened_v3_event,100,45,normal_nat_burst,distributed_lateral_drift,4,0.0,0.33375,0.28312398797362914
hardened_v3_event,100,45,normal_nat_burst,profile_poisoning_chain,1,0.0,0.2191666666666667,0.2918525691150854
hardened_v3_event,100,45,normal_nat_burst,profile_poisoning_chain,2,0.0,0.33499999999999996,0.3205359209898145
hardened_v3_event,100,45,normal_nat_burst,profile_poisoning_chain,3,0.0,0.34833333333333333,0.35756982019036504
hardened_v3_event,100,45,normal_nat_burst,profile_poisoning_chain,4,0.0,0.33499999999999996,0.4006788990691643
sequence_v4,100,45,normal_nat_burst,stealth_mimicry_ato,1,0.0,0.2474333333333334,0.271231826727996
sequence_v4,100,45,normal_nat_burst,stealth_mimicry_ato,2,0.0,0.25883050533508306,0.27458957137711676
sequence_v4,100,45,normal_nat_burst,stealth_mimicry_ato,3,0.0,0.35337820804302683,0.3238321200554561
sequence_v4,100,45,normal_nat_burst,stealth_mimicry_ato,4,0.0,0.431874800314151,0.3439610474783538
sequence_v4,100,45,normal_nat_burst,slow_credential_probe,1,0.0,0.3826952083333334,0.29213302810611647
sequence_v4,100,45,normal_nat_burst,slow_credential_probe,2,0.0,0.4191867152021622,0.27685167318881765
sequence_v4,100,45,normal_nat_burst,slow_credential_probe,3,0.0,0.48074499364479123,0.331265181747891
sequence_v4,100,45,normal_nat_burst,slow_credential_probe,4,0.0,0.49479005326591374,0.40614344979809175
sequence_v4,100,45,normal_nat_burst,session_replay_chain,1,0.0,0.25320000000000004,0.2871845543391945
sequence_v4,100,45,normal_nat_burst,session_replay_chain,2,0.0,0.44842219249863136,0.32320270729191825
sequence_v4,100,45,normal_nat_burst,session_replay_chain,3,0.3333333333333333,0.6967347181922242,0.36253141316017706
sequence_v4,100,45,normal_nat_burst,session_replay_chain,4,0.75,0.905777696332779,0.40870850913475304
sequence_v4,100,45,normal_nat_burst,gradual_exfiltration,1,0.0,0.2474333333333334,0.27715786049945884
sequence_v4,100,45,normal_nat_burst,gradual_exfiltration,2,0.0,0.26459717200174976,0.2747914356413068
sequence_v4,100,45,normal_nat_burst,gradual_exfiltration,3,0.0,0.3088517446888536,0.3107466424614512
sequence_v4,100,45,normal_nat_burst,gradual_exfiltration,4,0.0,0.4685813546126649,0.31517270686775173
sequence_v4,100,45,normal_nat_burst,distributed_lateral_drift,1,0.0,0.26825,0.26104243080135164
sequence_v4,100,45,normal_nat_burst,distributed_lateral_drift,2,0.0,0.31898603566220907,0.2694945764867791
sequence_v4,100,45,normal_nat_burst,distributed_lateral_drift,3,0.0,0.3744692482901495,0.2836889042662608
sequence_v4,100,45,normal_nat_burst,distributed_lateral_drift,4,0.0,0.40996652771231407,0.28312398797362914
sequence_v4,100,45,normal_nat_burst,profile_poisoning_chain,1,0.0,0.3010041666666667,0.2918525691150854
sequence_v4,100,45,normal_nat_burst,profile_poisoning_chain,2,0.0,0.49396869392535375,0.3205359209898145
sequence_v4,100,45,normal_nat_burst,profile_poisoning_chain,3,0.16666666666666666,0.5715881486254012,0.35756982019036504
sequence_v4,100,45,normal_nat_burst,profile_poisoning_chain,4,0.25,0.6789502412149967,0.4006788990691643
hardened_v3_event,100,46,normal_staggered,stealth_mimicry_ato,1,0.0,0.19416666666666668,0.2698187515037624
hardened_v3_event,100,46,normal_staggered,stealth_mimicry_ato,2,0.0,0.15083333333333332,0.2873232072355167
hardened_v3_event,100,46,normal_staggered,stealth_mimicry_ato,3,0.0,0.2241666666666667,0.3227662212160298
hardened_v3_event,100,46,normal_staggered,stealth_mimicry_ato,4,0.0,0.17166666666666663,0.3568769316259052
hardened_v3_event,100,46,normal_staggered,slow_credential_probe,1,0.0,0.2591666666666667,0.2900071505027892
hardened_v3_event,100,46,normal_staggered,slow_credential_probe,2,0.0,0.23583333333333334,0.29146445524730186
hardened_v3_event,100,46,normal_staggered,slow_credential_probe,3,0.0,0.38166666666666665,0.33204673299297305
hardened_v3_event,100,46,normal_staggered,slow_credential_probe,4,0.0,0.31,0.41711165251878385
hardened_v3_event,100,46,normal_staggered,session_replay_chain,1,0.0,0.05499999999999999,0.27937263784334765
hardened_v3_event,100,46,normal_staggered,session_replay_chain,2,0.0,0.05499999999999999,0.3167246630102641
hardened_v3_event,100,46,normal_staggered,session_replay_chain,3,0.0,0.1075,0.35873179754518336
hardened_v3_event,100,46,normal_staggered,session_replay_chain,4,0.0,0.20499999999999996,0.4050175110005521
hardened_v3_event,100,46,normal_staggered,gradual_exfiltration,1,0.0,0.18833333333333335,0.27281403798274256
hardened_v3_event,100,46,normal_staggered,gradual_exfiltration,2,0.0,0.15666666666666665,0.2898948838051219
hardened_v3_event,100,46,normal_staggered,gradual_exfiltration,3,0.0,0.265,0.3146317331485141
hardened_v3_event,100,46,normal_staggered,gradual_exfiltration,4,0.0,0.24416666666666667,0.33040547924006314
hardened_v3_event,100,46,normal_staggered,distributed_lateral_drift,1,0.0,0.22,0.278023221754911
hardened_v3_event,100,46,normal_staggered,distributed_lateral_drift,2,0.0,0.2525,0.2819294357183356
hardened_v3_event,100,46,normal_staggered,distributed_lateral_drift,3,0.0,0.22875,0.27904731204563943
hardened_v3_event,100,46,normal_staggered,distributed_lateral_drift,4,0.0,0.21625,0.2790349147197004
hardened_v3_event,100,46,normal_staggered,profile_poisoning_chain,1,0.0,0.05499999999999999,0.2843809313776519
hardened_v3_event,100,46,normal_staggered,profile_poisoning_chain,2,0.0,0.205,0.31793385395509766
hardened_v3_event,100,46,normal_staggered,profile_poisoning_chain,3,0.0,0.2783333333333333,0.3587754219271529
hardened_v3_event,100,46,normal_staggered,profile_poisoning_chain,4,0.0,0.32333333333333336,0.40393274086041603
sequence_v4,100,46,normal_staggered,stealth_mimicry_ato,1,0.0,0.2506333333333334,0.2698187515037624
sequence_v4,100,46,normal_staggered,stealth_mimicry_ato,2,0.0,0.2659937009233879,0.2873232072355167
sequence_v4,100,46,normal_staggered,stealth_mimicry_ato,3,0.0,0.36276857235021076,0.3227662212160298
sequence_v4,100,46,normal_staggered,stealth_mimicry_ato,4,0.0,0.4458692579193002,0.3568769316259052
sequence_v4,100,46,normal_staggered,slow_credential_probe,1,0.0,0.3717745833333334,0.2900071505027892
sequence_v4,100,46,normal_staggered,slow_credential_probe,2,0.0,0.4152233632339059,0.29146445524730186
sequence_v4,100,46,normal_staggered,slow_credential_probe,3,0.0,0.46590369675677934,0.33204673299297305
sequence_v4,100,46,normal_staggered,slow_credential_probe,4,0.0,0.4796050847855729,0.41711165251878385
sequence_v4,100,46,normal_staggered,session_replay_chain,1,0.0,0.22883333333333342,0.27937263784334765
sequence_v4,100,46,normal_staggered,session_replay_chain,2,0.0,0.43057419274704684,0.3167246630102641
sequence_v4,100,46,normal_staggered,session_replay_chain,3,0.3333333333333333,0.6833573362678073,0.35873179754518336
sequence_v4,100,46,normal_staggered,session_replay_chain,4,0.9166666666666666,0.9125451668862148,0.4050175110005521
sequence_v4,100,46,normal_staggered,gradual_exfiltration,1,0.0,0.2448666666666667,0.27281403798274256
sequence_v4,100,46,normal_staggered,gradual_exfiltration,2,0.0,0.266403714912984,0.2898948838051219
sequence_v4,100,46,normal_staggered,gradual_exfiltration,3,0.0,0.35212223879233945,0.3146317331485141
sequence_v4,100,46,normal_staggered,gradual_exfiltration,4,0.0,0.4798069408622245,0.33040547924006314
sequence_v4,100,46,normal_staggered,distributed_lateral_drift,1,0.0,0.28845,0.278023221754911
sequence_v4,100,46,normal_staggered,distributed_lateral_drift,2,0.0,0.33680695341561134,0.2819294357183356
sequence_v4,100,46,normal_staggered,distributed_lateral_drift,3,0.0,0.35637657904449815,0.27904731204563943
sequence_v4,100,46,normal_staggered,distributed_lateral_drift,4,0.0,0.386716880942954,0.2790349147197004
sequence_v4,100,46,normal_staggered,profile_poisoning_chain,1,0.0,0.28938333333333327,0.2843809313776519
sequence_v4,100,46,normal_staggered,profile_poisoning_chain,2,0.0,0.45076911775798995,0.31793385395509766
sequence_v4,100,46,normal_staggered,profile_poisoning_chain,3,0.0,0.593346322961962,0.3587754219271529
sequence_v4,100,46,normal_staggered,profile_poisoning_chain,4,0.3333333333333333,0.7044453765720947,0.40393274086041603
hardened_v3_event,100,46,normal_nat_burst,stealth_mimicry_ato,1,0.0,0.26083333333333336,0.27585718903292206
hardened_v3_event,100,46,normal_nat_burst,stealth_mimicry_ato,2,0.0,0.15333333333333332,0.27233698467199
hardened_v3_event,100,46,normal_nat_burst,stealth_mimicry_ato,3,0.0,0.25500000000000006,0.32880685402767834
hardened_v3_event,100,46,normal_nat_burst,stealth_mimicry_ato,4,0.0,0.1725,0.3458947087866606
hardened_v3_event,100,46,normal_nat_burst,slow_credential_probe,1,0.0,0.3316666666666667,0.29543763076083834
hardened_v3_event,100,46,normal_nat_burst,slow_credential_probe,2,0.0,0.23750000000000002,0.2751995033171926
hardened_v3_event,100,46,normal_nat_burst,slow_credential_probe,3,0.0,0.4183333333333334,0.3353069660656945
hardened_v3_event,100,46,normal_nat_burst,slow_credential_probe,4,0.0,0.3166666666666667,0.4032428324796194
hardened_v3_event,100,46,normal_nat_burst,session_replay_chain,1,0.0,0.24583333333333335,0.29172568824729506
hardened_v3_event,100,46,normal_nat_burst,session_replay_chain,2,0.0,0.24583333333333335,0.32741173074782187
hardened_v3_event,100,46,normal_nat_burst,session_replay_chain,3,0.0,0.2875,0.3691578411050926
hardened_v3_event,100,46,normal_nat_burst,session_replay_chain,4,0.0,0.39000000000000007,0.4148396445317497
hardened_v3_event,100,46,normal_nat_burst,gradual_exfiltration,1,0.0,0.26083333333333336,0.28160072501967176
hardened_v3_event,100,46,normal_nat_burst,gradual_exfiltration,2,0.0,0.15916666666666665,0.27603326516053744
hardened_v3_event,100,46,normal_nat_burst,gradual_exfiltration,3,0.0,0.2783333333333334,0.32040635857961985
hardened_v3_event,100,46,normal_nat_burst,gradual_exfiltration,4,0.0,0.23166666666666666,0.31902993646428607
hardened_v3_event,100,46,normal_nat_burst,distributed_lateral_drift,1,0.0,0.23750000000000002,0.26954353591244307
hardened_v3_event,100,46,normal_nat_burst,distributed_lateral_drift,2,0.0,0.265,0.2723847437689956
hardened_v3_event,100,46,normal_nat_burst,distributed_lateral_drift,3,0.0,0.33125,0.28768463998856314
hardened_v3_event,100,46,normal_nat_burst,distributed_lateral_drift,4,0.0,0.31625,0.2874921789195389
hardened_v3_event,100,46,normal_nat_burst,profile_poisoning_chain,1,0.0,0.24583333333333335,0.2971767371506571
hardened_v3_event,100,46,normal_nat_burst,profile_poisoning_chain,2,0.0,0.36166666666666664,0.32516949624608776
hardened_v3_event,100,46,normal_nat_burst,profile_poisoning_chain,3,0.0,0.37666666666666665,0.36323072907020965
hardened_v3_event,100,46,normal_nat_burst,profile_poisoning_chain,4,0.0,0.36166666666666664,0.40529009960942797
sequence_v4,100,46,normal_nat_burst,stealth_mimicry_ato,1,0.0,0.27243333333333336,0.27585718903292206
sequence_v4,100,46,normal_nat_burst,stealth_mimicry_ato,2,0.0,0.26764877276768956,0.27233698467199
sequence_v4,100,46,normal_nat_burst,stealth_mimicry_ato,3,0.0,0.36341374975694957,0.32880685402767834
sequence_v4,100,46,normal_nat_burst,stealth_mimicry_ato,4,0.0,0.44365721994136403,0.3458947087866606
sequence_v4,100,46,normal_nat_burst,slow_credential_probe,1,0.0,0.38943500000000003,0.29543763076083834
sequence_v4,100,46,normal_nat_burst,slow_credential_probe,2,0.0,0.42741611858330714,0.2751995033171926
sequence_v4,100,46,normal_nat_burst,slow_credential_probe,3,0.0,0.49332350236515626,0.3353069660656945
sequence_v4,100,46,normal_nat_burst,slow_credential_probe,4,0.0,0.505434769727343,0.4032428324796194
sequence_v4,100,46,normal_nat_burst,session_replay_chain,1,0.0,0.27243333333333336,0.29172568824729506
sequence_v4,100,46,normal_nat_burst,session_replay_chain,2,0.0,0.4610885149029816,0.32741173074782187
sequence_v4,100,46,normal_nat_burst,session_replay_chain,3,0.3333333333333333,0.7168815631600899,0.3691578411050926
sequence_v4,100,46,normal_nat_burst,session_replay_chain,4,0.8333333333333334,0.9248374108220228,0.4148396445317497
sequence_v4,100,46,normal_nat_burst,gradual_exfiltration,1,0.0,0.27243333333333336,0.28160072501967176
sequence_v4,100,46,normal_nat_burst,gradual_exfiltration,2,0.0,0.27341543943435626,0.27603326516053744
sequence_v4,100,46,normal_nat_burst,gradual_exfiltration,3,0.0,0.32921321604109344,0.32040635857961985
sequence_v4,100,46,normal_nat_burst,gradual_exfiltration,4,0.0,0.490244354137316,0.31902993646428607
sequence_v4,100,46,normal_nat_burst,distributed_lateral_drift,1,0.0,0.28845,0.26954353591244307
sequence_v4,100,46,normal_nat_burst,distributed_lateral_drift,2,0.0,0.32203095398534914,0.2723847437689956
sequence_v4,100,46,normal_nat_burst,distributed_lateral_drift,3,0.0,0.37083376999949647,0.28768463998856314
sequence_v4,100,46,normal_nat_burst,distributed_lateral_drift,4,0.0,0.38750200047308625,0.2874921789195389
sequence_v4,100,46,normal_nat_burst,profile_poisoning_chain,1,0.0,0.31271249999999995,0.2971767371506571
sequence_v4,100,46,normal_nat_burst,profile_poisoning_chain,2,0.0,0.5321600000000001,0.32516949624608776
sequence_v4,100,46,normal_nat_burst,profile_poisoning_chain,3,0.16666666666666666,0.6183770689895942,0.36323072907020965
sequence_v4,100,46,normal_nat_burst,profile_poisoning_chain,4,0.4166666666666667,0.7228552416998048,0.40529009960942797
hardened_v3_event,500,42,normal_staggered,stealth_mimicry_ato,1,0.0,0.24,0.2669093423825449
hardened_v3_event,500,42,normal_staggered,stealth_mimicry_ato,2,0.0,0.14750000000000002,0.2779686117629006
hardened_v3_event,500,42,normal_staggered,stealth_mimicry_ato,3,0.0,0.28833333333333333,0.31686440141114075
hardened_v3_event,500,42,normal_staggered,stealth_mimicry_ato,4,0.0,0.1975,0.34852411403695277
hardened_v3_event,500,42,normal_staggered,slow_credential_probe,1,0.0,0.36333333333333334,0.2856936391308778
hardened_v3_event,500,42,normal_staggered,slow_credential_probe,2,0.0,0.29000000000000004,0.2823278778240768
hardened_v3_event,500,42,normal_staggered,slow_credential_probe,3,0.0,0.4716666666666666,0.32431668207432457
hardened_v3_event,500,42,normal_staggered,slow_credential_probe,4,0.08333333333333333,0.355,0.4103832336185839
hardened_v3_event,500,42,normal_staggered,session_replay_chain,1,0.0,0.13000000000000003,0.2751260651285513
hardened_v3_event,500,42,normal_staggered,session_replay_chain,2,0.0,0.13000000000000003,0.311885302965418
hardened_v3_event,500,42,normal_staggered,session_replay_chain,3,0.0,0.16,0.35265081515294794
hardened_v3_event,500,42,normal_staggered,session_replay_chain,4,0.0,0.27999999999999997,0.39833210864369467
hardened_v3_event,500,42,normal_staggered,gradual_exfiltration,1,0.0,0.24,0.27112154807394606
hardened_v3_event,500,42,normal_staggered,gradual_exfiltration,2,0.0,0.14750000000000002,0.2801259533320021
hardened_v3_event,500,42,normal_staggered,gradual_exfiltration,3,0.0,0.3,0.30789467401475784
hardened_v3_event,500,42,normal_staggered,gradual_exfiltration,4,0.0,0.275,0.32213717924264546
hardened_v3_event,500,42,normal_staggered,distributed_lateral_drift,1,0.0,0.2625,0.2755839235788937
hardened_v3_event,500,42,normal_staggered,distributed_lateral_drift,2,0.0,0.345,0.2787943083763128
hardened_v3_event,500,42,normal_staggered,distributed_lateral_drift,3,0.0,0.3325,0.27935070797938416
hardened_v3_event,500,42,normal_staggered,distributed_lateral_drift,4,0.0,0.2575,0.27354299287053735
hardened_v3_event,500,42,normal_staggered,profile_poisoning_chain,1,0.0,0.13000000000000003,0.279451310916425
hardened_v3_event,500,42,normal_staggered,profile_poisoning_chain,2,0.0,0.29500000000000004,0.31372016976211275
hardened_v3_event,500,42,normal_staggered,profile_poisoning_chain,3,0.08333333333333333,0.33,0.3536013017294468
hardened_v3_event,500,42,normal_staggered,profile_poisoning_chain,4,0.0,0.425,0.4004119555244108
sequence_v4,500,42,normal_staggered,stealth_mimicry_ato,1,0.0,0.25076666666666664,0.2669093423825449
sequence_v4,500,42,normal_staggered,stealth_mimicry_ato,2,0.0,0.2549861505429761,0.2779686117629006
sequence_v4,500,42,normal_staggered,stealth_mimicry_ato,3,0.0,0.36206719326118747,0.31686440141114075
sequence_v4,500,42,normal_staggered,stealth_mimicry_ato,4,0.0,0.46897407114080564,0.34852411403695277
sequence_v4,500,42,normal_staggered,slow_credential_probe,1,0.0,0.4365414583333333,0.2856936391308778
sequence_v4,500,42,normal_staggered,slow_credential_probe,2,0.0,0.5086408967125173,0.2823278778240768
sequence_v4,500,42,normal_staggered,slow_credential_probe,3,0.0,0.6016386378182784,0.32431668207432457
sequence_v4,500,42,normal_staggered,slow_credential_probe,4,0.08333333333333333,0.6060987984852605,0.4103832336185839
sequence_v4,500,42,normal_staggered,session_replay_chain,1,0.0,0.2356333333333334,0.2751260651285513
sequence_v4,500,42,normal_staggered,session_replay_chain,2,0.0,0.43057419274704684,0.311885302965418
sequence_v4,500,42,normal_staggered,session_replay_chain,3,0.25,0.654524002934474,0.35265081515294794
sequence_v4,500,42,normal_staggered,session_replay_chain,4,0.5,0.8694323324266214,0.39833210864369467
sequence_v4,500,42,normal_staggered,gradual_exfiltration,1,0.0,0.25076666666666664,0.27112154807394606
sequence_v4,500,42,normal_staggered,gradual_exfiltration,2,0.0,0.2549861505429761,0.2801259533320021
sequence_v4,500,42,normal_staggered,gradual_exfiltration,3,0.0,0.3240479371632409,0.30789467401475784
sequence_v4,500,42,normal_staggered,gradual_exfiltration,4,0.0,0.5211112557585561,0.32213717924264546
sequence_v4,500,42,normal_staggered,distributed_lateral_drift,1,0.0,0.30615000000000003,0.2755839235788937
sequence_v4,500,42,normal_staggered,distributed_lateral_drift,2,0.0,0.3718355460278757,0.2787943083763128
sequence_v4,500,42,normal_staggered,distributed_lateral_drift,3,0.0,0.4248854227168435,0.27935070797938416
sequence_v4,500,42,normal_staggered,distributed_lateral_drift,4,0.0,0.46888711102322844,0.27354299287053735
sequence_v4,500,42,normal_staggered,profile_poisoning_chain,1,0.0,0.28938333333333327,0.279451310916425
sequence_v4,500,42,normal_staggered,profile_poisoning_chain,2,0.0,0.45164363680037806,0.31372016976211275
sequence_v4,500,42,normal_staggered,profile_poisoning_chain,3,0.16666666666666666,0.5494141594337465,0.3536013017294468
sequence_v4,500,42,normal_staggered,profile_poisoning_chain,4,0.16666666666666666,0.6910488849628981,0.4004119555244108
hardened_v3_event,500,42,normal_nat_burst,stealth_mimicry_ato,1,0.0,0.25333333333333335,0.26490913795398613
hardened_v3_event,500,42,normal_nat_burst,stealth_mimicry_ato,2,0.0,0.13083333333333336,0.2312186521831968
hardened_v3_event,500,42,normal_nat_burst,stealth_mimicry_ato,3,0.0,0.3033333333333333,0.3157375836037798
hardened_v3_event,500,42,normal_nat_burst,stealth_mimicry_ato,4,0.0,0.1525,0.30352765197907755
hardened_v3_event,500,42,normal_nat_burst,slow_credential_probe,1,0.0,0.3475,0.28403487517820997
hardened_v3_event,500,42,normal_nat_burst,slow_credential_probe,2,0.0,0.215,0.23524119049735503
hardened_v3_event,500,42,normal_nat_burst,slow_credential_probe,3,0.0,0.48,0.32246090164462576
hardened_v3_event,500,42,normal_nat_burst,slow_credential_probe,4,0.0,0.305,0.3648553430101162
hardened_v3_event,500,42,normal_nat_burst,session_replay_chain,1,0.0,0.27166666666666667,0.2796915612316986
hardened_v3_event,500,42,normal_nat_burst,session_replay_chain,2,0.0,0.27166666666666667,0.31571104118571164
hardened_v3_event,500,42,normal_nat_burst,session_replay_chain,3,0.0,0.3008333333333334,0.3564992395103563
hardened_v3_event,500,42,normal_nat_burst,session_replay_chain,4,0.0,0.4216666666666667,0.40196448128443246
hardened_v3_event,500,42,normal_nat_burst,gradual_exfiltration,1,0.0,0.25333333333333335,0.2698633030579587
hardened_v3_event,500,42,normal_nat_burst,gradual_exfiltration,2,0.0,0.13083333333333336,0.23339496669212192
hardened_v3_event,500,42,normal_nat_burst,gradual_exfiltration,3,0.0,0.35000000000000003,0.3060848167202178
hardened_v3_event,500,42,normal_nat_burst,gradual_exfiltration,4,0.0,0.22416666666666665,0.2765597772682113
hardened_v3_event,500,42,normal_nat_burst,distributed_lateral_drift,1,0.0,0.2125,0.2501939168482258
hardened_v3_event,500,42,normal_nat_burst,distributed_lateral_drift,2,0.0,0.35250000000000004,0.27962294354971234
hardened_v3_event,500,42,normal_nat_burst,distributed_lateral_drift,3,0.0,0.37375,0.2780891620864693
hardened_v3_event,500,42,normal_nat_burst,distributed_lateral_drift,4,0.0,0.34750000000000003,0.2755023236899998
hardened_v3_event,500,42,normal_nat_burst,profile_poisoning_chain,1,0.0,0.27166666666666667,0.28397504984861627
hardened_v3_event,500,42,normal_nat_burst,profile_poisoning_chain,2,0.0,0.385,0.3104825050235217
hardened_v3_event,500,42,normal_nat_burst,profile_poisoning_chain,3,0.0,0.4166666666666667,0.35049319231737835
hardened_v3_event,500,42,normal_nat_burst,profile_poisoning_chain,4,0.0,0.4083333333333334,0.3927531943430023
sequence_v4,500,42,normal_nat_burst,stealth_mimicry_ato,1,0.0,0.26333333333333336,0.26490913795398613
sequence_v4,500,42,normal_nat_burst,stealth_mimicry_ato,2,0.0,0.2715221572512274,0.2312186521831968
sequence_v4,500,42,normal_nat_burst,stealth_mimicry_ato,3,0.0,0.3877271457346619,0.3157375836037798
sequence_v4,500,42,normal_nat_burst,stealth_mimicry_ato,4,0.0,0.47348101008763094,0.30352765197907755
sequence_v4,500,42,normal_nat_burst,slow_credential_probe,1,0.0,0.4174754166666667,0.28403487517820997
sequence_v4,500,42,normal_nat_burst,slow_credential_probe,2,0.0,0.47907347248386745,0.23524119049735503
sequence_v4,500,42,normal_nat_burst,slow_credential_probe,3,0.0,0.592663612870194,0.32246090164462576
sequence_v4,500,42,normal_nat_burst,slow_credential_probe,4,0.0,0.5812492634998051,0.3648553430101162
sequence_v4,500,42,normal_nat_burst,session_replay_chain,1,0.0,0.28909999999999997,0.2796915612316986
sequence_v4,500,42,normal_nat_burst,session_replay_chain,2,0.0,0.48253490170125657,0.31571104118571164
sequence_v4,500,42,normal_nat_burst,session_replay_chain,3,0.4166666666666667,0.729410267910836,0.3564992395103563
sequence_v4,500,42,normal_nat_burst,session_replay_chain,4,0.8333333333333334,0.9285813144108142,0.40196448128443246
sequence_v4,500,42,normal_nat_burst,gradual_exfiltration,1,0.0,0.26333333333333336,0.2698633030579587
sequence_v4,500,42,normal_nat_burst,gradual_exfiltration,2,0.0,0.2715221572512274,0.23339496669212192
sequence_v4,500,42,normal_nat_burst,gradual_exfiltration,3,0.0,0.38432326776981607,0.3060848167202178
sequence_v4,500,42,normal_nat_burst,gradual_exfiltration,4,0.08333333333333333,0.5413830732640834,0.2765597772682113
sequence_v4,500,42,normal_nat_burst,distributed_lateral_drift,1,0.0,0.27595000000000003,0.2501939168482258
sequence_v4,500,42,normal_nat_burst,distributed_lateral_drift,2,0.0,0.36952619435713685,0.27962294354971234
sequence_v4,500,42,normal_nat_burst,distributed_lateral_drift,3,0.0,0.4460540757297853,0.2780891620864693
sequence_v4,500,42,normal_nat_burst,distributed_lateral_drift,4,0.0,0.48826571692371545,0.2755023236899998
sequence_v4,500,42,normal_nat_burst,profile_poisoning_chain,1,0.0,0.3198966666666666,0.28397504984861627
sequence_v4,500,42,normal_nat_burst,profile_poisoning_chain,2,0.08333333333333333,0.5414572968416389,0.3104825050235217
sequence_v4,500,42,normal_nat_burst,profile_poisoning_chain,3,0.08333333333333333,0.5790831514531048,0.35049319231737835
sequence_v4,500,42,normal_nat_burst,profile_poisoning_chain,4,0.4166666666666667,0.7822830617646971,0.3927531943430023
hardened_v3_event,500,43,normal_staggered,stealth_mimicry_ato,1,0.0,0.22583333333333336,0.25939976291857214
hardened_v3_event,500,43,normal_staggered,stealth_mimicry_ato,2,0.0,0.10833333333333332,0.26869435544110615
hardened_v3_event,500,43,normal_staggered,stealth_mimicry_ato,3,0.0,0.26666666666666666,0.31004024146276127
hardened_v3_event,500,43,normal_staggered,stealth_mimicry_ato,4,0.0,0.1875,0.3391759146012891
hardened_v3_event,500,43,normal_staggered,slow_credential_probe,1,0.0,0.32916666666666666,0.27935372434023326
hardened_v3_event,500,43,normal_staggered,slow_credential_probe,2,0.0,0.25833333333333336,0.27220799841082477
hardened_v3_event,500,43,normal_staggered,slow_credential_probe,3,0.0,0.43333333333333335,0.31694142586588736
hardened_v3_event,500,43,normal_staggered,slow_credential_probe,4,0.0,0.34,0.4017382323492285
hardened_v3_event,500,43,normal_staggered,session_replay_chain,1,0.0,0.09916666666666667,0.267261339847245
hardened_v3_event,500,43,normal_staggered,session_replay_chain,2,0.0,0.09333333333333332,0.30514487875030694
hardened_v3_event,500,43,normal_staggered,session_replay_chain,3,0.0,0.13999999999999999,0.34408641589962846
hardened_v3_event,500,43,normal_staggered,session_replay_chain,4,0.0,0.24333333333333332,0.3893537324159047
hardened_v3_event,500,43,normal_staggered,gradual_exfiltration,1,0.0,0.22583333333333336,0.26338185401721
hardened_v3_event,500,43,normal_staggered,gradual_exfiltration,2,0.0,0.11416666666666664,0.2693069651726549
hardened_v3_event,500,43,normal_staggered,gradual_exfiltration,3,0.0,0.30833333333333335,0.29795280503746135
hardened_v3_event,500,43,normal_staggered,gradual_exfiltration,4,0.0,0.27166666666666667,0.3107609614671074
hardened_v3_event,500,43,normal_staggered,distributed_lateral_drift,1,0.0,0.2425,0.26812960348310144
hardened_v3_event,500,43,normal_staggered,distributed_lateral_drift,2,0.0,0.31625000000000003,0.27585300379958455
hardened_v3_event,500,43,normal_staggered,distributed_lateral_drift,3,0.0,0.34875,0.2719197285664186
hardened_v3_event,500,43,normal_staggered,distributed_lateral_drift,4,0.0,0.28874999999999995,0.2688817363470017
hardened_v3_event,500,43,normal_staggered,profile_poisoning_chain,1,0.0,0.09916666666666667,0.2727191919868743
hardened_v3_event,500,43,normal_staggered,profile_poisoning_chain,2,0.0,0.26,0.3058450122515823
hardened_v3_event,500,43,normal_staggered,profile_poisoning_chain,3,0.0,0.33666666666666667,0.3475697385495351
hardened_v3_event,500,43,normal_staggered,profile_poisoning_chain,4,0.0,0.3983333333333334,0.39131860491037956
sequence_v4,500,43,normal_staggered,stealth_mimicry_ato,1,0.0,0.2525,0.25939976291857214
sequence_v4,500,43,normal_staggered,stealth_mimicry_ato,2,0.0,0.23704561233699498,0.26869435544110615
sequence_v4,500,43,normal_staggered,stealth_mimicry_ato,3,0.0,0.3566494129703706,0.31004024146276127
sequence_v4,500,43,normal_staggered,stealth_mimicry_ato,4,0.0,0.4453773219761368,0.3391759146012891
sequence_v4,500,43,normal_staggered,slow_credential_probe,1,0.0,0.4031668750000001,0.27935372434023326
sequence_v4,500,43,normal_staggered,slow_credential_probe,2,0.0,0.4862748247974005,0.27220799841082477
sequence_v4,500,43,normal_staggered,slow_credential_probe,3,0.0,0.5691175215261444,0.31694142586588736
sequence_v4,500,43,normal_staggered,slow_credential_probe,4,0.0,0.5809430373447427,0.4017382323492285
sequence_v4,500,43,normal_staggered,session_replay_chain,1,0.0,0.22730000000000006,0.267261339847245
sequence_v4,500,43,normal_staggered,session_replay_chain,2,0.0,0.4075260208643041,0.30514487875030694
sequence_v4,500,43,normal_staggered,session_replay_chain,3,0.0,0.6373374714451863,0.34408641589962846
sequence_v4,500,43,normal_staggered,session_replay_chain,4,0.8333333333333334,0.8792283988054117,0.3893537324159047
sequence_v4,500,43,normal_staggered,gradual_exfiltration,1,0.0,0.2525,0.26338185401721
sequence_v4,500,43,normal_staggered,gradual_exfiltration,2,0.0,0.24281227900366165,0.2693069651726549
sequence_v4,500,43,normal_staggered,gradual_exfiltration,3,0.0,0.34850986754652813,0.29795280503746135
sequence_v4,500,43,normal_staggered,gradual_exfiltration,4,0.0,0.5037607471140704,0.3107609614671074
sequence_v4,500,43,normal_staggered,distributed_lateral_drift,1,0.0,0.2673,0.26812960348310144
sequence_v4,500,43,normal_staggered,distributed_lateral_drift,2,0.0,0.36729198435257693,0.27585300379958455
sequence_v4,500,43,normal_staggered,distributed_lateral_drift,3,0.0,0.4226184368140158,0.2719197285664186
sequence_v4,500,43,normal_staggered,distributed_lateral_drift,4,0.0,0.4761129286034735,0.2688817363470017
sequence_v4,500,43,normal_staggered,profile_poisoning_chain,1,0.0,0.27785,0.2727191919868743
sequence_v4,500,43,normal_staggered,profile_poisoning_chain,2,0.0,0.44197515803677917,0.3058450122515823
sequence_v4,500,43,normal_staggered,profile_poisoning_chain,3,0.08333333333333333,0.5747647517107196,0.3475697385495351
sequence_v4,500,43,normal_staggered,profile_poisoning_chain,4,0.4166666666666667,0.7284259247170173,0.39131860491037956
hardened_v3_event,500,43,normal_nat_burst,stealth_mimicry_ato,1,0.0,0.2558333333333333,0.2649128032124166
hardened_v3_event,500,43,normal_nat_burst,stealth_mimicry_ato,2,0.0,0.1625,0.2476085690584665
hardened_v3_event,500,43,normal_nat_burst,stealth_mimicry_ato,3,0.0,0.2916666666666667,0.3157540164455312
hardened_v3_event,500,43,normal_nat_burst,stealth_mimicry_ato,4,0.0,0.20750000000000002,0.3227760246978215
hardened_v3_event,500,43,normal_nat_burst,slow_credential_probe,1,0.0,0.33499999999999996,0.28467583295237875
hardened_v3_event,500,43,normal_nat_burst,slow_credential_probe,2,0.0,0.28,0.2517666706752761
hardened_v3_event,500,43,normal_nat_burst,slow_credential_probe,3,0.0,0.48333333333333334,0.32298236529218205
hardened_v3_event,500,43,normal_nat_burst,slow_credential_probe,4,0.0,0.36000000000000004,0.3857789692930469
hardened_v3_event,500,43,normal_nat_burst,session_replay_chain,1,0.0,0.2658333333333333,0.27881008973433913
hardened_v3_event,500,43,normal_nat_burst,session_replay_chain,2,0.0,0.2658333333333333,0.31731397046392645
hardened_v3_event,500,43,normal_nat_burst,session_replay_chain,3,0.0,0.3016666666666667,0.35666635041119316
hardened_v3_event,500,43,normal_nat_burst,session_replay_chain,4,0.0,0.4100000000000001,0.40288936210932086
hardened_v3_event,500,43,normal_nat_burst,gradual_exfiltration,1,0.0,0.25,0.2688278562425488
hardened_v3_event,500,43,normal_nat_burst,gradual_exfiltration,2,0.0,0.1625,0.24962001101942985
hardened_v3_event,500,43,normal_nat_burst,gradual_exfiltration,3,0.0,0.32083333333333336,0.3053096178664257
hardened_v3_event,500,43,normal_nat_burst,gradual_exfiltration,4,0.0,0.285,0.2963240959463459
hardened_v3_event,500,43,normal_nat_burst,distributed_lateral_drift,1,0.0,0.195,0.24511956560268833
hardened_v3_event,500,43,normal_nat_burst,distributed_lateral_drift,2,0.0,0.38,0.2829444676678254
hardened_v3_event,500,43,normal_nat_burst,distributed_lateral_drift,3,0.0,0.34625,0.2757486715386437
hardened_v3_event,500,43,normal_nat_burst,distributed_lateral_drift,4,0.0,0.35875,0.27118345055609205
hardened_v3_event,500,43,normal_nat_burst,profile_poisoning_chain,1,0.0,0.2658333333333333,0.284328486708781
hardened_v3_event,500,43,normal_nat_burst,profile_poisoning_chain,2,0.0,0.37166666666666665,0.31315657861566226
hardened_v3_event,500,43,normal_nat_burst,profile_poisoning_chain,3,0.0,0.4033333333333333,0.35076409850543744
hardened_v3_event,500,43,normal_nat_burst,profile_poisoning_chain,4,0.0,0.39666666666666667,0.3915481032486368
sequence_v4,500,43,normal_nat_burst,stealth_mimicry_ato,1,0.0,0.2657,0.2649128032124166
sequence_v4,500,43,normal_nat_burst,stealth_mimicry_ato,2,0.0,0.2774514779324248,0.2476085690584665
sequence_v4,500,43,normal_nat_burst,stealth_mimicry_ato,3,0.0,0.39437759170178044,0.3157540164455312
sequence_v4,500,43,normal_nat_burst,stealth_mimicry_ato,4,0.0,0.4882751151974007,0.3227760246978215
sequence_v4,500,43,normal_nat_burst,slow_credential_probe,1,0.0,0.42007041666666667,0.28467583295237875
sequence_v4,500,43,normal_nat_burst,slow_credential_probe,2,0.0,0.5063847658096161,0.2517666706752761
sequence_v4,500,43,normal_nat_burst,slow_credential_probe,3,0.0,0.6077933331795097,0.32298236529218205
sequence_v4,500,43,normal_nat_burst,slow_credential_probe,4,0.0,0.6114068226418898,0.3857789692930469
sequence_v4,500,43,normal_nat_burst,session_replay_chain,1,0.0,0.2848,0.27881008973433913
sequence_v4,500,43,normal_nat_burst,session_replay_chain,2,0.0,0.4785766759498971,0.31731397046392645
sequence_v4,500,43,normal_nat_burst,session_replay_chain,3,0.3333333333333333,0.7388749639301166,0.35666635041119316
sequence_v4,500,43,normal_nat_burst,session_replay_chain,4,0.9166666666666666,0.954392683909752,0.40288936210932086
sequence_v4,500,43,normal_nat_burst,gradual_exfiltration,1,0.0,0.25986666666666663,0.2688278562425488
sequence_v4,500,43,normal_nat_burst,gradual_exfiltration,2,0.0,0.2729700161695537,0.24962001101942985
sequence_v4,500,43,normal_nat_burst,gradual_exfiltration,3,0.0,0.36878688934549136,0.3053096178664257
sequence_v4,500,43,normal_nat_burst,gradual_exfiltration,4,0.08333333333333333,0.5450567387748875,0.2963240959463459
sequence_v4,500,43,normal_nat_burst,distributed_lateral_drift,1,0.0,0.27595000000000003,0.24511956560268833
sequence_v4,500,43,normal_nat_burst,distributed_lateral_drift,2,0.0,0.3946176987465554,0.2829444676678254
sequence_v4,500,43,normal_nat_burst,distributed_lateral_drift,3,0.0,0.4550180101902786,0.2757486715386437
sequence_v4,500,43,normal_nat_burst,distributed_lateral_drift,4,0.0,0.5558557718369491,0.27118345055609205
sequence_v4,500,43,normal_nat_burst,profile_poisoning_chain,1,0.0,0.318788125,0.284328486708781
sequence_v4,500,43,normal_nat_burst,profile_poisoning_chain,2,0.0,0.5290886230485999,0.31315657861566226
sequence_v4,500,43,normal_nat_burst,profile_poisoning_chain,3,0.08333333333333333,0.595735127162354,0.35076409850543744
sequence_v4,500,43,normal_nat_burst,profile_poisoning_chain,4,0.4166666666666667,0.7810933207853342,0.3915481032486368
hardened_v3_event,500,44,normal_staggered,stealth_mimicry_ato,1,0.0,0.26749999999999996,0.2660146150016231
hardened_v3_event,500,44,normal_staggered,stealth_mimicry_ato,2,0.0,0.15000000000000002,0.27665537254913375
hardened_v3_event,500,44,normal_staggered,stealth_mimicry_ato,3,0.0,0.2875,0.3152658353195335
hardened_v3_event,500,44,normal_staggered,stealth_mimicry_ato,4,0.0,0.20166666666666666,0.34624223982499136
hardened_v3_event,500,44,normal_staggered,slow_credential_probe,1,0.0,0.33916666666666667,0.28599100401034433
hardened_v3_event,500,44,normal_staggered,slow_credential_probe,2,0.0,0.2775,0.28016595296009755
hardened_v3_event,500,44,normal_staggered,slow_credential_probe,3,0.0,0.4666666666666666,0.3243556014293521
hardened_v3_event,500,44,normal_staggered,slow_credential_probe,4,0.0,0.36000000000000004,0.4083486889653101
hardened_v3_event,500,44,normal_staggered,session_replay_chain,1,0.0,0.11666666666666668,0.2718773934187421
hardened_v3_event,500,44,normal_staggered,session_replay_chain,2,0.0,0.11666666666666668,0.3078012468264977
hardened_v3_event,500,44,normal_staggered,session_replay_chain,3,0.0,0.18083333333333332,0.350608958368179
hardened_v3_event,500,44,normal_staggered,session_replay_chain,4,0.0,0.26666666666666666,0.3973261805795245
hardened_v3_event,500,44,normal_staggered,gradual_exfiltration,1,0.0,0.26749999999999996,0.2702616008213287
hardened_v3_event,500,44,normal_staggered,gradual_exfiltration,2,0.0,0.15000000000000002,0.27860063472753377
hardened_v3_event,500,44,normal_staggered,gradual_exfiltration,3,0.0,0.3166666666666667,0.30510559926831965
hardened_v3_event,500,44,normal_staggered,gradual_exfiltration,4,0.0,0.27166666666666667,0.31747407749362017
hardened_v3_event,500,44,normal_staggered,distributed_lateral_drift,1,0.0,0.19749999999999998,0.2677926871793583
hardened_v3_event,500,44,normal_staggered,distributed_lateral_drift,2,0.0,0.35750000000000004,0.28330104392912975
hardened_v3_event,500,44,normal_staggered,distributed_lateral_drift,3,0.0,0.2925,0.2750137367961808
hardened_v3_event,500,44,normal_staggered,distributed_lateral_drift,4,0.0,0.305,0.2739727222344066
hardened_v3_event,500,44,normal_staggered,profile_poisoning_chain,1,0.0,0.12250000000000001,0.2763155125165211
hardened_v3_event,500,44,normal_staggered,profile_poisoning_chain,2,0.0,0.2966666666666667,0.3129410275385391
hardened_v3_event,500,44,normal_staggered,profile_poisoning_chain,3,0.0,0.36166666666666664,0.35191769708764714
hardened_v3_event,500,44,normal_staggered,profile_poisoning_chain,4,0.0,0.41500000000000004,0.39812739188984675
sequence_v4,500,44,normal_staggered,stealth_mimicry_ato,1,0.0,0.2758333333333333,0.2660146150016231
sequence_v4,500,44,normal_staggered,stealth_mimicry_ato,2,0.0,0.25075653724840913,0.27665537254913375
sequence_v4,500,44,normal_staggered,stealth_mimicry_ato,3,0.0,0.37186532773241887,0.3152658353195335
sequence_v4,500,44,normal_staggered,stealth_mimicry_ato,4,0.0,0.4608857792630187,0.34624223982499136
sequence_v4,500,44,normal_staggered,slow_credential_probe,1,0.0,0.41906125,0.28599100401034433
sequence_v4,500,44,normal_staggered,slow_credential_probe,2,0.0,0.5034502735733737,0.28016595296009755
sequence_v4,500,44,normal_staggered,slow_credential_probe,3,0.0,0.5944473861597975,0.3243556014293521
sequence_v4,500,44,normal_staggered,slow_credential_probe,4,0.0,0.6031641536630329,0.4083486889653101
sequence_v4,500,44,normal_staggered,session_replay_chain,1,0.0,0.22809291666666673,0.2718773934187421
sequence_v4,500,44,normal_staggered,session_replay_chain,2,0.0,0.4206426444981813,0.3078012468264977
sequence_v4,500,44,normal_staggered,session_replay_chain,3,0.25,0.6780897689270174,0.350608958368179
sequence_v4,500,44,normal_staggered,session_replay_chain,4,0.9166666666666666,0.8853313876294973,0.3973261805795245
sequence_v4,500,44,normal_staggered,gradual_exfiltration,1,0.0,0.2758333333333333,0.2702616008213287
sequence_v4,500,44,normal_staggered,gradual_exfiltration,2,0.0,0.25075653724840913,0.27860063472753377
sequence_v4,500,44,normal_staggered,gradual_exfiltration,3,0.0,0.3513452535415617,0.30510559926831965
sequence_v4,500,44,normal_staggered,gradual_exfiltration,4,0.0,0.5165553218784172,0.31747407749362017
sequence_v4,500,44,normal_staggered,distributed_lateral_drift,1,0.0,0.2773,0.2677926871793583
sequence_v4,500,44,normal_staggered,distributed_lateral_drift,2,0.0,0.3863011913549601,0.28330104392912975
sequence_v4,500,44,normal_staggered,distributed_lateral_drift,3,0.0,0.40959597535674086,0.2750137367961808
sequence_v4,500,44,normal_staggered,distributed_lateral_drift,4,0.0,0.47200559038273393,0.2739727222344066
sequence_v4,500,44,normal_staggered,profile_poisoning_chain,1,0.0,0.29594291666666667,0.2763155125165211
sequence_v4,500,44,normal_staggered,profile_poisoning_chain,2,0.0,0.4785391405148478,0.3129410275385391
sequence_v4,500,44,normal_staggered,profile_poisoning_chain,3,0.25,0.6049500884590261,0.35191769708764714
sequence_v4,500,44,normal_staggered,profile_poisoning_chain,4,0.25,0.7095039476123489,0.39812739188984675
hardened_v3_event,500,44,normal_nat_burst,stealth_mimicry_ato,1,0.0,0.225,0.2546744113675525
hardened_v3_event,500,44,normal_nat_burst,stealth_mimicry_ato,2,0.0,0.07666666666666666,0.2246279082367635
hardened_v3_event,500,44,normal_nat_burst,stealth_mimicry_ato,3,0.0,0.2833333333333334,0.30731755165669533
hardened_v3_event,500,44,normal_nat_burst,stealth_mimicry_ato,4,0.0,0.13833333333333334,0.2948288349729153
hardened_v3_event,500,44,normal_nat_burst,slow_credential_probe,1,0.0,0.3333333333333333,0.27614039932163775
hardened_v3_event,500,44,normal_nat_burst,slow_credential_probe,2,0.0,0.21833333333333335,0.22771167226238287
hardened_v3_event,500,44,normal_nat_burst,slow_credential_probe,3,0.0,0.4666666666666666,0.31407654585496697
hardened_v3_event,500,44,normal_nat_burst,slow_credential_probe,4,0.0,0.285,0.3537351608986943
hardened_v3_event,500,44,normal_nat_burst,session_replay_chain,1,0.0,0.2575,0.26990689998009054
hardened_v3_event,500,44,normal_nat_burst,session_replay_chain,2,0.0,0.2516666666666667,0.3044598888911113
hardened_v3_event,500,44,normal_nat_burst,session_replay_chain,3,0.0,0.29250000000000004,0.34638189777082345
hardened_v3_event,500,44,normal_nat_burst,session_replay_chain,4,0.0,0.40166666666666667,0.3921051832825198
hardened_v3_event,500,44,normal_nat_burst,gradual_exfiltration,1,0.0,0.225,0.26063160437292593
hardened_v3_event,500,44,normal_nat_burst,gradual_exfiltration,2,0.0,0.07666666666666666,0.22754748190383767
hardened_v3_event,500,44,normal_nat_burst,gradual_exfiltration,3,0.0,0.31250000000000006,0.2961149181966382
hardened_v3_event,500,44,normal_nat_burst,gradual_exfiltration,4,0.0,0.18666666666666665,0.2645670540064376
hardened_v3_event,500,44,normal_nat_burst,distributed_lateral_drift,1,0.0,0.20750000000000002,0.24710073092727758
hardened_v3_event,500,44,normal_nat_burst,distributed_lateral_drift,2,0.0,0.355,0.2738020072431723
hardened_v3_event,500,44,normal_nat_burst,distributed_lateral_drift,3,0.0,0.34375,0.2706348507446251
hardened_v3_event,500,44,normal_nat_burst,distributed_lateral_drift,4,0.0,0.33375,0.2664556050572352
hardened_v3_event,500,44,normal_nat_burst,profile_poisoning_chain,1,0.0,0.2575,0.27508880707854494
hardened_v3_event,500,44,normal_nat_burst,profile_poisoning_chain,2,0.0,0.3383333333333334,0.30298301793792853
hardened_v3_event,500,44,normal_nat_burst,profile_poisoning_chain,3,0.0,0.3866666666666667,0.3403444532242365
hardened_v3_event,500,44,normal_nat_burst,profile_poisoning_chain,4,0.0,0.38833333333333336,0.38413271572627955
sequence_v4,500,44,normal_nat_burst,stealth_mimicry_ato,1,0.0,0.2374333333333333,0.2546744113675525
sequence_v4,500,44,normal_nat_burst,stealth_mimicry_ato,2,0.0,0.2279917610470912,0.2246279082367635
sequence_v4,500,44,normal_nat_burst,stealth_mimicry_ato,3,0.0,0.34481745603483754,0.30731755165669533
sequence_v4,500,44,normal_nat_burst,stealth_mimicry_ato,4,0.0,0.43891234339883467,0.2948288349729153
sequence_v4,500,44,normal_nat_burst,slow_credential_probe,1,0.0,0.40496895833333335,0.27614039932163775
sequence_v4,500,44,normal_nat_burst,slow_credential_probe,2,0.0,0.47922141894380194,0.22771167226238287
sequence_v4,500,44,normal_nat_burst,slow_credential_probe,3,0.0,0.5797961596442339,0.31407654585496697
sequence_v4,500,44,normal_nat_burst,slow_credential_probe,4,0.0,0.5647986501963008,0.3537351608986943
sequence_v4,500,44,normal_nat_burst,session_replay_chain,1,0.0,0.2757,0.26990689998009054
sequence_v4,500,44,normal_nat_burst,session_replay_chain,2,0.0,0.4660803897477219,0.3044598888911113
sequence_v4,500,44,normal_nat_burst,session_replay_chain,3,0.4166666666666667,0.7266464205883335,0.34638189777082345
sequence_v4,500,44,normal_nat_burst,session_replay_chain,4,0.8333333333333334,0.9537645152500245,0.3921051832825198
sequence_v4,500,44,normal_nat_burst,gradual_exfiltration,1,0.0,0.2374333333333333,0.26063160437292593
sequence_v4,500,44,normal_nat_burst,gradual_exfiltration,2,0.0,0.2279917610470912,0.22754748190383767
sequence_v4,500,44,normal_nat_burst,gradual_exfiltration,3,0.0,0.32697495603483745,0.2961149181966382
sequence_v4,500,44,normal_nat_burst,gradual_exfiltration,4,0.0,0.4361408895981986,0.2645670540064376
sequence_v4,500,44,normal_nat_burst,distributed_lateral_drift,1,0.0,0.2923,0.24710073092727758
sequence_v4,500,44,normal_nat_burst,distributed_lateral_drift,2,0.0,0.37574351753383994,0.2738020072431723
sequence_v4,500,44,normal_nat_burst,distributed_lateral_drift,3,0.0,0.4196753511425866,0.2706348507446251
sequence_v4,500,44,normal_nat_burst,distributed_lateral_drift,4,0.0,0.4857347087886003,0.2664556050572352
sequence_v4,500,44,normal_nat_burst,profile_poisoning_chain,1,0.0,0.3129339583333333,0.27508880707854494
sequence_v4,500,44,normal_nat_burst,profile_poisoning_chain,2,0.0,0.5075215384792741,0.30298301793792853
sequence_v4,500,44,normal_nat_burst,profile_poisoning_chain,3,0.0,0.5540371452127099,0.3403444532242365
sequence_v4,500,44,normal_nat_burst,profile_poisoning_chain,4,0.3333333333333333,0.7420625376545624,0.38413271572627955
hardened_v3_event,500,45,normal_staggered,stealth_mimicry_ato,1,0.0,0.24916666666666673,0.26291508608403186
hardened_v3_event,500,45,normal_staggered,stealth_mimicry_ato,2,0.0,0.12250000000000001,0.27380668697115734
hardened_v3_event,500,45,normal_staggered,stealth_mimicry_ato,3,0.0,0.28250000000000003,0.3142662521761104
hardened_v3_event,500,45,normal_staggered,stealth_mimicry_ato,4,0.0,0.1875,0.34101275465005837
hardened_v3_event,500,45,normal_staggered,slow_credential_probe,1,0.0,0.3416666666666666,0.28301301437492715
hardened_v3_event,500,45,normal_staggered,slow_credential_probe,2,0.0,0.24666666666666667,0.2767090178280846
hardened_v3_event,500,45,normal_staggered,slow_credential_probe,3,0.0,0.4616666666666666,0.32279723263193777
hardened_v3_event,500,45,normal_staggered,slow_credential_probe,4,0.0,0.34,0.40440298773790273
hardened_v3_event,500,45,normal_staggered,session_replay_chain,1,0.0,0.105,0.2707497740394896
hardened_v3_event,500,45,normal_staggered,session_replay_chain,2,0.0,0.105,0.3080046312232497
hardened_v3_event,500,45,normal_staggered,session_replay_chain,3,0.0,0.12250000000000001,0.3481455281703119
hardened_v3_event,500,45,normal_staggered,session_replay_chain,4,0.0,0.255,0.3952135901337271
hardened_v3_event,500,45,normal_staggered,gradual_exfiltration,1,0.0,0.2433333333333334,0.26861336493814764
hardened_v3_event,500,45,normal_staggered,gradual_exfiltration,2,0.0,0.1166666666666667,0.2749927234550001
hardened_v3_event,500,45,normal_staggered,gradual_exfiltration,3,0.0,0.30583333333333335,0.30284254878160766
hardened_v3_event,500,45,normal_staggered,gradual_exfiltration,4,0.0,0.24666666666666667,0.31397894087313255
hardened_v3_event,500,45,normal_staggered,distributed_lateral_drift,1,0.0,0.15250000000000002,0.26319299303869104
hardened_v3_event,500,45,normal_staggered,distributed_lateral_drift,2,0.0,0.34625000000000006,0.27861832276869347
hardened_v3_event,500,45,normal_staggered,distributed_lateral_drift,3,0.0,0.28750000000000003,0.2714979315495337
hardened_v3_event,500,45,normal_staggered,distributed_lateral_drift,4,0.0,0.37,0.28011240593145204
hardened_v3_event,500,45,normal_staggered,profile_poisoning_chain,1,0.0,0.105,0.27564271881785535
hardened_v3_event,500,45,normal_staggered,profile_poisoning_chain,2,0.0,0.27666666666666667,0.3093104110147156
hardened_v3_event,500,45,normal_staggered,profile_poisoning_chain,3,0.0,0.3516666666666666,0.35030068960369287
hardened_v3_event,500,45,normal_staggered,profile_poisoning_chain,4,0.0,0.3966666666666667,0.3973252383354074
sequence_v4,500,45,normal_staggered,stealth_mimicry_ato,1,0.0,0.25993333333333335,0.26291508608403186
sequence_v4,500,45,normal_staggered,stealth_mimicry_ato,2,0.0,0.24911237272998651,0.27380668697115734
sequence_v4,500,45,normal_staggered,stealth_mimicry_ato,3,0.0,0.3743894167838608,0.3142662521761104
sequence_v4,500,45,normal_staggered,stealth_mimicry_ato,4,0.0,0.4649531107689289,0.34101275465005837
sequence_v4,500,45,normal_staggered,slow_credential_probe,1,0.0,0.4147002083333334,0.28301301437492715
sequence_v4,500,45,normal_staggered,slow_credential_probe,2,0.0,0.48330723383624097,0.2767090178280846
sequence_v4,500,45,normal_staggered,slow_credential_probe,3,0.0,0.5878905618063592,0.32279723263193777
sequence_v4,500,45,normal_staggered,slow_credential_probe,4,0.0,0.591550685118659,0.40440298773790273
sequence_v4,500,45,normal_staggered,session_replay_chain,1,0.0,0.22306666666666672,0.2707497740394896
sequence_v4,500,45,normal_staggered,session_replay_chain,2,0.0,0.4190593541976375,0.3080046312232497
sequence_v4,500,45,normal_staggered,session_replay_chain,3,0.16666666666666666,0.6315232726606567,0.3481455281703119
sequence_v4,500,45,normal_staggered,session_replay_chain,4,0.4166666666666667,0.8461816715425817,0.3952135901337271
sequence_v4,500,45,normal_staggered,gradual_exfiltration,1,0.0,0.2541,0.26861336493814764
sequence_v4,500,45,normal_staggered,gradual_exfiltration,2,0.0,0.23887848757234997,0.2749927234550001
sequence_v4,500,45,normal_staggered,gradual_exfiltration,3,0.0,0.3476682409269381,0.30284254878160766
sequence_v4,500,45,normal_staggered,gradual_exfiltration,4,0.08333333333333333,0.4860892867029692,0.31397894087313255
sequence_v4,500,45,normal_staggered,distributed_lateral_drift,1,0.0,0.25095,0.26319299303869104
sequence_v4,500,45,normal_staggered,distributed_lateral_drift,2,0.0,0.3932603836361206,0.27861832276869347
sequence_v4,500,45,normal_staggered,distributed_lateral_drift,3,0.0,0.4025903149709179,0.2714979315495337
sequence_v4,500,45,normal_staggered,distributed_lateral_drift,4,0.0,0.5051353370213056,0.28011240593145204
sequence_v4,500,45,normal_staggered,profile_poisoning_chain,1,0.0,0.28361666666666663,0.27564271881785535
sequence_v4,500,45,normal_staggered,profile_poisoning_chain,2,0.0,0.46504523845874496,0.3093104110147156
sequence_v4,500,45,normal_staggered,profile_poisoning_chain,3,0.08333333333333333,0.5355702233926213,0.35030068960369287
sequence_v4,500,45,normal_staggered,profile_poisoning_chain,4,0.3333333333333333,0.7322712947488271,0.3973252383354074
hardened_v3_event,500,45,normal_nat_burst,stealth_mimicry_ato,1,0.0,0.26833333333333337,0.26840861166473
hardened_v3_event,500,45,normal_nat_burst,stealth_mimicry_ato,2,0.0,0.13250000000000003,0.23801865214509466
hardened_v3_event,500,45,normal_nat_burst,stealth_mimicry_ato,3,0.0,0.2866666666666667,0.3168160406536576
hardened_v3_event,500,45,normal_nat_burst,stealth_mimicry_ato,4,0.0,0.20249999999999999,0.31510276742582854
hardened_v3_event,500,45,normal_nat_burst,slow_credential_probe,1,0.0,0.3325,0.2890017706401176
hardened_v3_event,500,45,normal_nat_burst,slow_credential_probe,2,0.0,0.2308333333333333,0.24062599174244645
hardened_v3_event,500,45,normal_nat_burst,slow_credential_probe,3,0.0,0.4716666666666667,0.3237867254316243
hardened_v3_event,500,45,normal_nat_burst,slow_credential_probe,4,0.0,0.355,0.3767480456755499
hardened_v3_event,500,45,normal_nat_burst,session_replay_chain,1,0.0,0.29250000000000004,0.28396315486206875
hardened_v3_event,500,45,normal_nat_burst,session_replay_chain,2,0.0,0.2866666666666667,0.31996190757806847
hardened_v3_event,500,45,normal_nat_burst,session_replay_chain,3,0.0,0.31,0.3596912446300453
hardened_v3_event,500,45,normal_nat_burst,session_replay_chain,4,0.0,0.43666666666666676,0.40620089817232846
hardened_v3_event,500,45,normal_nat_burst,gradual_exfiltration,1,0.0,0.26833333333333337,0.27507294734341187
hardened_v3_event,500,45,normal_nat_burst,gradual_exfiltration,2,0.0,0.13250000000000003,0.23957789120263162
hardened_v3_event,500,45,normal_nat_burst,gradual_exfiltration,3,0.0,0.2983333333333334,0.30465571908628064
hardened_v3_event,500,45,normal_nat_burst,gradual_exfiltration,4,0.0,0.26166666666666666,0.287220970673157
hardened_v3_event,500,45,normal_nat_burst,distributed_lateral_drift,1,0.0,0.21000000000000002,0.25013277777667164
hardened_v3_event,500,45,normal_nat_burst,distributed_lateral_drift,2,0.0,0.3825,0.2860505241828375
hardened_v3_event,500,45,normal_nat_burst,distributed_lateral_drift,3,0.0,0.335,0.2774661022938668
hardened_v3_event,500,45,normal_nat_burst,distributed_lateral_drift,4,0.0,0.385,0.2853745259594717
hardened_v3_event,500,45,normal_nat_burst,profile_poisoning_chain,1,0.0,0.29250000000000004,0.28816513909181535
hardened_v3_event,500,45,normal_nat_burst,profile_poisoning_chain,2,0.0,0.4000000000000001,0.3164402194206
hardened_v3_event,500,45,normal_nat_burst,profile_poisoning_chain,3,0.0,0.41333333333333333,0.3551824510096169
hardened_v3_event,500,45,normal_nat_burst,profile_poisoning_chain,4,0.0,0.40666666666666673,0.39765589926864336
sequence_v4,500,45,normal_nat_burst,stealth_mimicry_ato,1,0.0,0.2765333333333333,0.26840861166473
sequence_v4,500,45,normal_nat_burst,stealth_mimicry_ato,2,0.0,0.2928425833620784,0.23801865214509466
sequence_v4,500,45,normal_nat_burst,stealth_mimicry_ato,3,0.0,0.4157535911159582,0.3168160406536576
sequence_v4,500,45,normal_nat_burst,stealth_mimicry_ato,4,0.0,0.5050070201823794,0.31510276742582854
sequence_v4,500,45,normal_nat_burst,slow_credential_probe,1,0.0,0.42443145833333334,0.2890017706401176
sequence_v4,500,45,normal_nat_burst,slow_credential_probe,2,0.0,0.5018177128941158,0.24062599174244645
sequence_v4,500,45,normal_nat_burst,slow_credential_probe,3,0.0,0.6097372758710933,0.3237867254316243
sequence_v4,500,45,normal_nat_burst,slow_credential_probe,4,0.0,0.6149871493610664,0.3767480456755499
sequence_v4,500,45,normal_nat_burst,session_replay_chain,1,0.0,0.3081333333333333,0.28396315486206875
sequence_v4,500,45,normal_nat_burst,session_replay_chain,2,0.0,0.5132912278003003,0.31996190757806847
sequence_v4,500,45,normal_nat_burst,session_replay_chain,3,0.4166666666666667,0.765013634326746,0.3596912446300453
sequence_v4,500,45,normal_nat_burst,session_replay_chain,4,1.0,0.9692712181870916,0.40620089817232846
sequence_v4,500,45,normal_nat_burst,gradual_exfiltration,1,0.0,0.2765333333333333,0.27507294734341187
sequence_v4,500,45,normal_nat_burst,gradual_exfiltration,2,0.0,0.2928425833620784,0.23957789120263162
sequence_v4,500,45,normal_nat_burst,gradual_exfiltration,3,0.0,0.3660502485413722,0.30465571908628064
sequence_v4,500,45,normal_nat_burst,gradual_exfiltration,4,0.0,0.5227437127282818,0.287220970673157
sequence_v4,500,45,normal_nat_burst,distributed_lateral_drift,1,0.0,0.2846,0.25013277777667164
sequence_v4,500,45,normal_nat_burst,distributed_lateral_drift,2,0.0,0.3991850392465597,0.2860505241828375
sequence_v4,500,45,normal_nat_burst,distributed_lateral_drift,3,0.0,0.4351850035456224,0.2774661022938668
sequence_v4,500,45,normal_nat_burst,distributed_lateral_drift,4,0.0,0.5124513988327093,0.2853745259594717
sequence_v4,500,45,normal_nat_burst,profile_poisoning_chain,1,0.0,0.33925979166666664,0.28816513909181535
sequence_v4,500,45,normal_nat_burst,profile_poisoning_chain,2,0.08333333333333333,0.5786169830078057,0.3164402194206
sequence_v4,500,45,normal_nat_burst,profile_poisoning_chain,3,0.08333333333333333,0.6211672882502853,0.3551824510096169
sequence_v4,500,45,normal_nat_burst,profile_poisoning_chain,4,0.5833333333333334,0.8026986361485995,0.39765589926864336
hardened_v3_event,500,46,normal_staggered,stealth_mimicry_ato,1,0.0,0.23833333333333337,0.26445314715092494
hardened_v3_event,500,46,normal_staggered,stealth_mimicry_ato,2,0.0,0.1475,0.2755382791532722
hardened_v3_event,500,46,normal_staggered,stealth_mimicry_ato,3,0.0,0.30916666666666665,0.31616855673161465
hardened_v3_event,500,46,normal_staggered,stealth_mimicry_ato,4,0.0,0.19333333333333336,0.34468219949322737
hardened_v3_event,500,46,normal_staggered,slow_credential_probe,1,0.0,0.36333333333333334,0.28460868749727636
hardened_v3_event,500,46,normal_staggered,slow_credential_probe,2,0.0,0.2833333333333334,0.2798022901102121
hardened_v3_event,500,46,normal_staggered,slow_credential_probe,3,0.0,0.47333333333333333,0.32384652011228676
hardened_v3_event,500,46,normal_staggered,slow_credential_probe,4,0.0,0.35000000000000003,0.40324986211855024
hardened_v3_event,500,46,normal_staggered,session_replay_chain,1,0.0,0.09000000000000001,0.27261285660139284
hardened_v3_event,500,46,normal_staggered,session_replay_chain,2,0.0,0.09000000000000001,0.30835979158613497
hardened_v3_event,500,46,normal_staggered,session_replay_chain,3,0.0,0.09583333333333333,0.349547594559451
hardened_v3_event,500,46,normal_staggered,session_replay_chain,4,0.0,0.24833333333333332,0.39387270058339247
hardened_v3_event,500,46,normal_staggered,gradual_exfiltration,1,0.0,0.23833333333333337,0.2689078052616531
hardened_v3_event,500,46,normal_staggered,gradual_exfiltration,2,0.0,0.1416666666666667,0.2776660251216645
hardened_v3_event,500,46,normal_staggered,gradual_exfiltration,3,0.0,0.32083333333333336,0.30492401852092665
hardened_v3_event,500,46,normal_staggered,gradual_exfiltration,4,0.0,0.2525,0.31433058011532694
hardened_v3_event,500,46,normal_staggered,distributed_lateral_drift,1,0.0,0.1625,0.26979047292353253
hardened_v3_event,500,46,normal_staggered,distributed_lateral_drift,2,0.0,0.3325,0.27512573960041975
hardened_v3_event,500,46,normal_staggered,distributed_lateral_drift,3,0.0,0.36375,0.282205608044595
hardened_v3_event,500,46,normal_staggered,distributed_lateral_drift,4,0.0,0.30374999999999996,0.2712104664423544
hardened_v3_event,500,46,normal_staggered,profile_poisoning_chain,1,0.0,0.09000000000000001,0.2769590130141222
hardened_v3_event,500,46,normal_staggered,profile_poisoning_chain,2,0.0,0.25333333333333335,0.3121791633986027
hardened_v3_event,500,46,normal_staggered,profile_poisoning_chain,3,0.0,0.37166666666666676,0.35120745696296424
hardened_v3_event,500,46,normal_staggered,profile_poisoning_chain,4,0.0,0.42500000000000004,0.39690591557919014
sequence_v4,500,46,normal_staggered,stealth_mimicry_ato,1,0.0,0.24833333333333338,0.26445314715092494
sequence_v4,500,46,normal_staggered,stealth_mimicry_ato,2,0.0,0.25552730434280585,0.2755382791532722
sequence_v4,500,46,normal_staggered,stealth_mimicry_ato,3,0.0,0.3798189330935311,0.31616855673161465
sequence_v4,500,46,normal_staggered,stealth_mimicry_ato,4,0.0,0.46485798098426206,0.34468219949322737
sequence_v4,500,46,normal_staggered,slow_credential_probe,1,0.0,0.42001375,0.28460868749727636
sequence_v4,500,46,normal_staggered,slow_credential_probe,2,0.0,0.49524832276658953,0.2798022901102121
sequence_v4,500,46,normal_staggered,slow_credential_probe,3,0.0,0.5940349360723438,0.32384652011228676
sequence_v4,500,46,normal_staggered,slow_credential_probe,4,0.0,0.5933765621961884,0.40324986211855024
sequence_v4,500,46,normal_staggered,session_replay_chain,1,0.0,0.23396666666666674,0.27261285660139284
sequence_v4,500,46,normal_staggered,session_replay_chain,2,0.0,0.43057419274704684,0.30835979158613497
sequence_v4,500,46,normal_staggered,session_replay_chain,3,0.08333333333333333,0.637224002934474,0.349547594559451
sequence_v4,500,46,normal_staggered,session_replay_chain,4,0.5,0.8583637548759153,0.39387270058339247
sequence_v4,500,46,normal_staggered,gradual_exfiltration,1,0.0,0.24833333333333338,0.2689078052616531
sequence_v4,500,46,normal_staggered,gradual_exfiltration,2,0.0,0.24976063767613918,0.2776660251216645
sequence_v4,500,46,normal_staggered,gradual_exfiltration,3,0.0,0.34101213870123076,0.30492401852092665
sequence_v4,500,46,normal_staggered,gradual_exfiltration,4,0.0,0.47310426461795324,0.31433058011532694
sequence_v4,500,46,normal_staggered,distributed_lateral_drift,1,0.0,0.25939999999999996,0.26979047292353253
sequence_v4,500,46,normal_staggered,distributed_lateral_drift,2,0.0,0.3715481583636698,0.27512573960041975
sequence_v4,500,46,normal_staggered,distributed_lateral_drift,3,0.0,0.4345796565911332,0.282205608044595
sequence_v4,500,46,normal_staggered,distributed_lateral_drift,4,0.0,0.48388678702118465,0.2712104664423544
sequence_v4,500,46,normal_staggered,profile_poisoning_chain,1,0.0,0.28938333333333327,0.2769590130141222
sequence_v4,500,46,normal_staggered,profile_poisoning_chain,2,0.0,0.4732217460699309,0.3121791633986027
sequence_v4,500,46,normal_staggered,profile_poisoning_chain,3,0.0,0.536549548466624,0.35120745696296424
sequence_v4,500,46,normal_staggered,profile_poisoning_chain,4,0.25,0.7566760738073968,0.39690591557919014
hardened_v3_event,500,46,normal_nat_burst,stealth_mimicry_ato,1,0.0,0.25,0.2642557606670987
hardened_v3_event,500,46,normal_nat_burst,stealth_mimicry_ato,2,0.0,0.09666666666666668,0.2371769212684108
hardened_v3_event,500,46,normal_nat_burst,stealth_mimicry_ato,3,0.0,0.2916666666666667,0.3157999625744198
hardened_v3_event,500,46,normal_nat_burst,stealth_mimicry_ato,4,0.0,0.1466666666666667,0.3085247855347923
hardened_v3_event,500,46,normal_nat_burst,slow_credential_probe,1,0.0,0.31750000000000006,0.283823706051959
hardened_v3_event,500,46,normal_nat_burst,slow_credential_probe,2,0.0,0.2325,0.24174002652803359
hardened_v3_event,500,46,normal_nat_burst,slow_credential_probe,3,0.0,0.48333333333333334,0.3238550510009136
hardened_v3_event,500,46,normal_nat_burst,slow_credential_probe,4,0.0,0.305,0.3676852980697203
hardened_v3_event,500,46,normal_nat_burst,session_replay_chain,1,0.0,0.27416666666666667,0.2785666669177395
hardened_v3_event,500,46,normal_nat_burst,session_replay_chain,2,0.0,0.27416666666666667,0.31518795230159785
hardened_v3_event,500,46,normal_nat_burst,session_replay_chain,3,0.0,0.31083333333333335,0.35706796809956337
hardened_v3_event,500,46,normal_nat_burst,session_replay_chain,4,0.0,0.4183333333333334,0.40229693267086103
hardened_v3_event,500,46,normal_nat_burst,gradual_exfiltration,1,0.0,0.25,0.2685844074453576
hardened_v3_event,500,46,normal_nat_burst,gradual_exfiltration,2,0.0,0.09666666666666668,0.24042445954017344
hardened_v3_event,500,46,normal_nat_burst,gradual_exfiltration,3,0.0,0.32083333333333336,0.30628864061647537
hardened_v3_event,500,46,normal_nat_burst,gradual_exfiltration,4,0.0,0.2058333333333333,0.28012791465084375
hardened_v3_event,500,46,normal_nat_burst,distributed_lateral_drift,1,0.0,0.21000000000000002,0.24707097664694833
hardened_v3_event,500,46,normal_nat_burst,distributed_lateral_drift,2,0.0,0.36750000000000005,0.27783610761389793
hardened_v3_event,500,46,normal_nat_burst,distributed_lateral_drift,3,0.0,0.34375,0.27747321794828095
hardened_v3_event,500,46,normal_nat_burst,distributed_lateral_drift,4,0.0,0.37,0.2797874044794829
hardened_v3_event,500,46,normal_nat_burst,profile_poisoning_chain,1,0.0,0.27416666666666667,0.28316858104343884
hardened_v3_event,500,46,normal_nat_burst,profile_poisoning_chain,2,0.0,0.38166666666666665,0.3111272459907811
hardened_v3_event,500,46,normal_nat_burst,profile_poisoning_chain,3,0.0,0.395,0.3492412530647719
hardened_v3_event,500,46,normal_nat_burst,profile_poisoning_chain,4,0.0,0.39666666666666667,0.39147112131091394
sequence_v4,500,46,normal_nat_burst,stealth_mimicry_ato,1,0.0,0.25909999999999994,0.2642557606670987
sequence_v4,500,46,normal_nat_burst,stealth_mimicry_ato,2,0.0,0.24025753283978865,0.2371769212684108
sequence_v4,500,46,normal_nat_burst,stealth_mimicry_ato,3,0.0,0.3627902599795287,0.3157999625744198
sequence_v4,500,46,normal_nat_burst,stealth_mimicry_ato,4,0.0,0.4478935865751777,0.3085247855347923
sequence_v4,500,46,normal_nat_burst,slow_credential_probe,1,0.0,0.39700375000000004,0.283823706051959
sequence_v4,500,46,normal_nat_burst,slow_credential_probe,2,0.0,0.48061236941148683,0.24174002652803359
sequence_v4,500,46,normal_nat_burst,slow_credential_probe,3,0.0,0.5932926162539088,0.3238550510009136
sequence_v4,500,46,normal_nat_burst,slow_credential_probe,4,0.0,0.5807055659891743,0.3676852980697203
sequence_v4,500,46,normal_nat_burst,session_replay_chain,1,0.0,0.29144687500000005,0.2785666669177395
sequence_v4,500,46,normal_nat_burst,session_replay_chain,2,0.08333333333333333,0.4917778437342712,0.31518795230159785
sequence_v4,500,46,normal_nat_burst,session_replay_chain,3,0.3333333333333333,0.724283508339553,0.35706796809956337
sequence_v4,500,46,normal_nat_burst,session_replay_chain,4,0.8333333333333334,0.9349057874823415,0.40229693267086103
sequence_v4,500,46,normal_nat_burst,gradual_exfiltration,1,0.0,0.25909999999999994,0.2685844074453576
sequence_v4,500,46,normal_nat_burst,gradual_exfiltration,2,0.0,0.24025753283978865,0.24042445954017344
sequence_v4,500,46,normal_nat_burst,gradual_exfiltration,3,0.0,0.350633593312862,0.30628864061647537
sequence_v4,500,46,normal_nat_burst,gradual_exfiltration,4,0.08333333333333333,0.4994009280213069,0.28012791465084375
sequence_v4,500,46,normal_nat_burst,distributed_lateral_drift,1,0.0,0.27980000000000005,0.24707097664694833
sequence_v4,500,46,normal_nat_burst,distributed_lateral_drift,2,0.0,0.38584239709085166,0.27783610761389793
sequence_v4,500,46,normal_nat_burst,distributed_lateral_drift,3,0.0,0.42805849934053036,0.27747321794828095
sequence_v4,500,46,normal_nat_burst,distributed_lateral_drift,4,0.0,0.49433513541461205,0.2797874044794829
sequence_v4,500,46,normal_nat_burst,profile_poisoning_chain,1,0.0,0.3242510416666667,0.28316858104343884
sequence_v4,500,46,normal_nat_burst,profile_poisoning_chain,2,0.08333333333333333,0.5460493093775274,0.3111272459907811
sequence_v4,500,46,normal_nat_burst,profile_poisoning_chain,3,0.08333333333333333,0.580671105864568,0.3492412530647719
sequence_v4,500,46,normal_nat_burst,profile_poisoning_chain,4,0.3333333333333333,0.756704057045476,0.39147112131091394
hardened_v3_event,1000,42,normal_staggered,stealth_mimicry_ato,1,0.0,0.1775,0.25855571746488715
hardened_v3_event,1000,42,normal_staggered,stealth_mimicry_ato,2,0.0,0.15166666666666664,0.27600304399407144
hardened_v3_event,1000,42,normal_staggered,stealth_mimicry_ato,3,0.0,0.21333333333333337,0.3092561196628432
hardened_v3_event,1000,42,normal_staggered,stealth_mimicry_ato,4,0.0,0.20166666666666666,0.3445604182411546
hardened_v3_event,1000,42,normal_staggered,slow_credential_probe,1,0.0,0.305,0.2778303269043519
hardened_v3_event,1000,42,normal_staggered,slow_credential_probe,2,0.0,0.34500000000000003,0.28020008471951335
hardened_v3_event,1000,42,normal_staggered,slow_credential_probe,3,0.0,0.405,0.3164135820591935
hardened_v3_event,1000,42,normal_staggered,slow_credential_probe,4,0.0,0.385,0.4062349652080804
hardened_v3_event,1000,42,normal_staggered,session_replay_chain,1,0.0,0.07333333333333332,0.2681923790053698
hardened_v3_event,1000,42,normal_staggered,session_replay_chain,2,0.0,0.07333333333333332,0.30506961455393716
hardened_v3_event,1000,42,normal_staggered,session_replay_chain,3,0.0,0.12000000000000001,0.3456948437265252
hardened_v3_event,1000,42,normal_staggered,session_replay_chain,4,0.0,0.2233333333333333,0.3910055782836009
hardened_v3_event,1000,42,normal_staggered,gradual_exfiltration,1,0.0,0.17166666666666666,0.26303635871444336
hardened_v3_event,1000,42,normal_staggered,gradual_exfiltration,2,0.0,0.1575,0.27794381443456767
hardened_v3_event,1000,42,normal_staggered,gradual_exfiltration,3,0.0,0.22500000000000006,0.29969922777862934
hardened_v3_event,1000,42,normal_staggered,gradual_exfiltration,4,0.0,0.285,0.31762112795802744
hardened_v3_event,1000,42,normal_staggered,distributed_lateral_drift,1,0.0,0.22000000000000003,0.26804463524300326
hardened_v3_event,1000,42,normal_staggered,distributed_lateral_drift,2,0.0,0.33,0.27708485796629134
hardened_v3_event,1000,42,normal_staggered,distributed_lateral_drift,3,0.0,0.27749999999999997,0.26696495927786223
hardened_v3_event,1000,42,normal_staggered,distributed_lateral_drift,4,0.0,0.29000000000000004,0.2722013303484696
hardened_v3_event,1000,42,normal_staggered,profile_poisoning_chain,1,0.0,0.07916666666666666,0.2725240506288684
hardened_v3_event,1000,42,normal_staggered,profile_poisoning_chain,2,0.0,0.275,0.3066584805834462
hardened_v3_event,1000,42,normal_staggered,profile_poisoning_chain,3,0.0,0.32666666666666666,0.34819781323102306
hardened_v3_event,1000,42,normal_staggered,profile_poisoning_chain,4,0.0,0.38833333333333336,0.39282120530870457
sequence_v4,1000,42,normal_staggered,stealth_mimicry_ato,1,0.0,0.23910000000000006,0.25855571746488715
sequence_v4,1000,42,normal_staggered,stealth_mimicry_ato,2,0.0,0.24068438762582253,0.27600304399407144
sequence_v4,1000,42,normal_staggered,stealth_mimicry_ato,3,0.0,0.35567509954903037,0.3092561196628432
sequence_v4,1000,42,normal_staggered,stealth_mimicry_ato,4,0.0,0.4512054117224003,0.3445604182411546
sequence_v4,1000,42,normal_staggered,slow_credential_probe,1,0.0,0.4089335416666667,0.2778303269043519
sequence_v4,1000,42,normal_staggered,slow_credential_probe,2,0.0,0.5114644426048311,0.28020008471951335
sequence_v4,1000,42,normal_staggered,slow_credential_probe,3,0.0,0.5737014363593507,0.3164135820591935
sequence_v4,1000,42,normal_staggered,slow_credential_probe,4,0.0,0.6031956508968755,0.4062349652080804
sequence_v4,1000,42,normal_staggered,session_replay_chain,1,0.0,0.2361858333333334,0.2681923790053698
sequence_v4,1000,42,normal_staggered,session_replay_chain,2,0.0,0.44525561189754376,0.30506961455393716
sequence_v4,1000,42,normal_staggered,session_replay_chain,3,0.25,0.6901406424076795,0.3456948437265252
sequence_v4,1000,42,normal_staggered,session_replay_chain,4,0.75,0.8856182560021756,0.3910055782836009
sequence_v4,1000,42,normal_staggered,gradual_exfiltration,1,0.0,0.2333333333333334,0.26303635871444336
sequence_v4,1000,42,normal_staggered,gradual_exfiltration,2,0.0,0.24091856342283022,0.27794381443456767
sequence_v4,1000,42,normal_staggered,gradual_exfiltration,3,0.0,0.30122070062477563,0.29969922777862934
sequence_v4,1000,42,normal_staggered,gradual_exfiltration,4,0.0,0.5040234011531628,0.31762112795802744
sequence_v4,1000,42,normal_staggered,distributed_lateral_drift,1,0.0,0.27115,0.26804463524300326
sequence_v4,1000,42,normal_staggered,distributed_lateral_drift,2,0.0,0.3600707307672121,0.27708485796629134
sequence_v4,1000,42,normal_staggered,distributed_lateral_drift,3,0.0,0.39227548274882507,0.26696495927786223
sequence_v4,1000,42,normal_staggered,distributed_lateral_drift,4,0.0,0.44971990016275776,0.2722013303484696
sequence_v4,1000,42,normal_staggered,profile_poisoning_chain,1,0.0,0.3052777083333333,0.2725240506288684
sequence_v4,1000,42,normal_staggered,profile_poisoning_chain,2,0.0,0.4787781738836167,0.3066584805834462
sequence_v4,1000,42,normal_staggered,profile_poisoning_chain,3,0.08333333333333333,0.6313378376231559,0.34819781323102306
sequence_v4,1000,42,normal_staggered,profile_poisoning_chain,4,0.3333333333333333,0.7542936866250912,0.39282120530870457
hardened_v3_event,1000,42,normal_nat_burst,stealth_mimicry_ato,1,0.0,0.2041666666666667,0.25934735180577845
hardened_v3_event,1000,42,normal_nat_burst,stealth_mimicry_ato,2,0.0,0.10916666666666668,0.2513737832029551
hardened_v3_event,1000,42,normal_nat_burst,stealth_mimicry_ato,3,0.0,0.2483333333333334,0.3094319489444318
hardened_v3_event,1000,42,normal_nat_burst,stealth_mimicry_ato,4,0.0,0.16833333333333333,0.3224723369175033
hardened_v3_event,1000,42,normal_nat_burst,slow_credential_probe,1,0.0,0.3383333333333333,0.2787295649246691
hardened_v3_event,1000,42,normal_nat_burst,slow_credential_probe,2,0.0,0.2783333333333334,0.25570747605515337
hardened_v3_event,1000,42,normal_nat_burst,slow_credential_probe,3,0.0,0.44,0.31683722547719395
hardened_v3_event,1000,42,normal_nat_burst,slow_credential_probe,4,0.0,0.36000000000000004,0.38452999774919405
hardened_v3_event,1000,42,normal_nat_burst,session_replay_chain,1,0.0,0.25583333333333336,0.27339455985510064
hardened_v3_event,1000,42,normal_nat_burst,session_replay_chain,2,0.0,0.25000000000000006,0.3100777232912994
hardened_v3_event,1000,42,normal_nat_burst,session_replay_chain,3,0.0,0.28500000000000003,0.350570070073849
hardened_v3_event,1000,42,normal_nat_burst,session_replay_chain,4,0.0,0.4000000000000001,0.39545272914006846
hardened_v3_event,1000,42,normal_nat_burst,gradual_exfiltration,1,0.0,0.2041666666666667,0.26344436089455775
hardened_v3_event,1000,42,normal_nat_burst,gradual_exfiltration,2,0.0,0.10916666666666668,0.25257321594078624
hardened_v3_event,1000,42,normal_nat_burst,gradual_exfiltration,3,0.0,0.2716666666666667,0.2990320823869916
hardened_v3_event,1000,42,normal_nat_burst,gradual_exfiltration,4,0.0,0.22666666666666666,0.2945562450723465
hardened_v3_event,1000,42,normal_nat_burst,distributed_lateral_drift,1,0.0,0.185,0.2552141893221321
hardened_v3_event,1000,42,normal_nat_burst,distributed_lateral_drift,2,0.0,0.33,0.26084922059685556
hardened_v3_event,1000,42,normal_nat_burst,distributed_lateral_drift,3,0.0,0.30000000000000004,0.2714475332249064
hardened_v3_event,1000,42,normal_nat_burst,distributed_lateral_drift,4,0.0,0.325,0.2569686017607532
hardened_v3_event,1000,42,normal_nat_burst,profile_poisoning_chain,1,0.0,0.25583333333333336,0.27780451612017215
hardened_v3_event,1000,42,normal_nat_burst,profile_poisoning_chain,2,0.0,0.32,0.3046079081130511
hardened_v3_event,1000,42,normal_nat_burst,profile_poisoning_chain,3,0.0,0.36000000000000004,0.3436044670108836
hardened_v3_event,1000,42,normal_nat_burst,profile_poisoning_chain,4,0.0,0.35333333333333333,0.3862796192248032
sequence_v4,1000,42,normal_nat_burst,stealth_mimicry_ato,1,0.0,0.22820000000000007,0.25934735180577845
sequence_v4,1000,42,normal_nat_burst,stealth_mimicry_ato,2,0.0,0.25151964058741283,0.2513737832029551
sequence_v4,1000,42,normal_nat_burst,stealth_mimicry_ato,3,0.0,0.36574581626219427,0.3094319489444318
sequence_v4,1000,42,normal_nat_burst,stealth_mimicry_ato,4,0.0,0.4524557084173362,0.3224723369175033
sequence_v4,1000,42,normal_nat_burst,slow_credential_probe,1,0.0,0.4045725,0.2787295649246691
sequence_v4,1000,42,normal_nat_burst,slow_credential_probe,2,0.0,0.4865443464389338,0.25570747605515337
sequence_v4,1000,42,normal_nat_burst,slow_credential_probe,3,0.0,0.572886288664244,0.31683722547719395
sequence_v4,1000,42,normal_nat_burst,slow_credential_probe,4,0.0,0.5901264338646238,0.38452999774919405
sequence_v4,1000,42,normal_nat_burst,session_replay_chain,1,0.0,0.2797333333333334,0.27339455985510064
sequence_v4,1000,42,normal_nat_burst,session_replay_chain,2,0.0,0.5002297185790114,0.3100777232912994
sequence_v4,1000,42,normal_nat_burst,session_replay_chain,3,0.4166666666666667,0.7686569652199365,0.350570070073849
sequence_v4,1000,42,normal_nat_burst,session_replay_chain,4,0.9166666666666666,0.9647032706076549,0.39545272914006846
sequence_v4,1000,42,normal_nat_burst,gradual_exfiltration,1,0.0,0.22820000000000007,0.26344436089455775
sequence_v4,1000,42,normal_nat_burst,gradual_exfiltration,2,0.0,0.25151964058741283,0.25257321594078624
sequence_v4,1000,42,normal_nat_burst,gradual_exfiltration,3,0.0,0.3249806079288609,0.2990320823869916
sequence_v4,1000,42,normal_nat_burst,gradual_exfiltration,4,0.0,0.48089846263910624,0.2945562450723465
sequence_v4,1000,42,normal_nat_burst,distributed_lateral_drift,1,0.0,0.25095,0.2552141893221321
sequence_v4,1000,42,normal_nat_burst,distributed_lateral_drift,2,0.0,0.3568771665927486,0.26084922059685556
sequence_v4,1000,42,normal_nat_burst,distributed_lateral_drift,3,0.0,0.3955093360006508,0.2714475332249064
sequence_v4,1000,42,normal_nat_burst,distributed_lateral_drift,4,0.0,0.4736892823230084,0.2569686017607532
sequence_v4,1000,42,normal_nat_burst,profile_poisoning_chain,1,0.0,0.3298375,0.27780451612017215
sequence_v4,1000,42,normal_nat_burst,profile_poisoning_chain,2,0.0,0.48081244638563936,0.3046079081130511
sequence_v4,1000,42,normal_nat_burst,profile_poisoning_chain,3,0.08333333333333333,0.5975913084090944,0.3436044670108836
sequence_v4,1000,42,normal_nat_burst,profile_poisoning_chain,4,0.4166666666666667,0.7781619026858732,0.3862796192248032
hardened_v3_event,1000,43,normal_staggered,stealth_mimicry_ato,1,0.0,0.22083333333333335,0.2670383238629343
hardened_v3_event,1000,43,normal_staggered,stealth_mimicry_ato,2,0.0,0.2091666666666667,0.2835107987662125
hardened_v3_event,1000,43,normal_staggered,stealth_mimicry_ato,3,0.0,0.2775,0.3190380678323916
hardened_v3_event,1000,43,normal_staggered,stealth_mimicry_ato,4,0.0,0.275,0.35475384701643553
hardened_v3_event,1000,43,normal_staggered,slow_credential_probe,1,0.0,0.35333333333333333,0.2865134142983246
hardened_v3_event,1000,43,normal_staggered,slow_credential_probe,2,0.0,0.38000000000000006,0.28715473384859264
hardened_v3_event,1000,43,normal_staggered,slow_credential_probe,3,0.08333333333333333,0.455,0.32600279197084564
hardened_v3_event,1000,43,normal_staggered,slow_credential_probe,4,0.0,0.44166666666666665,0.4172631319944198
hardened_v3_event,1000,43,normal_staggered,session_replay_chain,1,0.0,0.12583333333333332,0.27493206425087974
hardened_v3_event,1000,43,normal_staggered,session_replay_chain,2,0.0,0.12583333333333332,0.31294241163992104
hardened_v3_event,1000,43,normal_staggered,session_replay_chain,3,0.0,0.16749999999999998,0.3516330899124664
hardened_v3_event,1000,43,normal_staggered,session_replay_chain,4,0.0,0.2783333333333333,0.3966302911901379
hardened_v3_event,1000,43,normal_staggered,gradual_exfiltration,1,0.0,0.22083333333333335,0.2707940999540743
hardened_v3_event,1000,43,normal_staggered,gradual_exfiltration,2,0.0,0.2091666666666667,0.2839272127197781
hardened_v3_event,1000,43,normal_staggered,gradual_exfiltration,3,0.0,0.325,0.3065218426715242
hardened_v3_event,1000,43,normal_staggered,gradual_exfiltration,4,0.0,0.36166666666666664,0.3258846566743203
hardened_v3_event,1000,43,normal_staggered,distributed_lateral_drift,1,0.0,0.285,0.2783513028889516
hardened_v3_event,1000,43,normal_staggered,distributed_lateral_drift,2,0.0,0.30000000000000004,0.27721647270229266
hardened_v3_event,1000,43,normal_staggered,distributed_lateral_drift,3,0.0,0.36375,0.2787450858815714
hardened_v3_event,1000,43,normal_staggered,distributed_lateral_drift,4,0.0,0.27375,0.277328321143469
hardened_v3_event,1000,43,normal_staggered,profile_poisoning_chain,1,0.0,0.13416666666666666,0.28083125788983
hardened_v3_event,1000,43,normal_staggered,profile_poisoning_chain,2,0.0,0.2833333333333334,0.31490357187534385
hardened_v3_event,1000,43,normal_staggered,profile_poisoning_chain,3,0.0,0.34,0.3560897091983049
hardened_v3_event,1000,43,normal_staggered,profile_poisoning_chain,4,0.0,0.4066666666666667,0.40048399039976235
sequence_v4,1000,43,normal_staggered,stealth_mimicry_ato,1,0.0,0.26410000000000006,0.2670383238629343
sequence_v4,1000,43,normal_staggered,stealth_mimicry_ato,2,0.0,0.28523289855839457,0.2835107987662125
sequence_v4,1000,43,normal_staggered,stealth_mimicry_ato,3,0.0,0.41690448621333603,0.3190380678323916
sequence_v4,1000,43,normal_staggered,stealth_mimicry_ato,4,0.08333333333333333,0.5445061127849341,0.35475384701643553
sequence_v4,1000,43,normal_staggered,slow_credential_probe,1,0.0,0.43434291666666663,0.2865134142983246
sequence_v4,1000,43,normal_staggered,slow_credential_probe,2,0.0,0.5431739081175454,0.28715473384859264
sequence_v4,1000,43,normal_staggered,slow_credential_probe,3,0.08333333333333333,0.6133514668842189,0.32600279197084564
sequence_v4,1000,43,normal_staggered,slow_credential_probe,4,0.0,0.6473718584135773,0.4172631319944198
sequence_v4,1000,43,normal_staggered,session_replay_chain,1,0.0,0.26422625000000005,0.27493206425087974
sequence_v4,1000,43,normal_staggered,session_replay_chain,2,0.0,0.5012465143440467,0.31294241163992104
sequence_v4,1000,43,normal_staggered,session_replay_chain,3,0.5,0.7647776271100998,0.3516330899124664
sequence_v4,1000,43,normal_staggered,session_replay_chain,4,0.75,0.9334617675377282,0.3966302911901379
sequence_v4,1000,43,normal_staggered,gradual_exfiltration,1,0.0,0.26410000000000006,0.2707940999540743
sequence_v4,1000,43,normal_staggered,gradual_exfiltration,2,0.0,0.28523289855839457,0.2839272127197781
sequence_v4,1000,43,normal_staggered,gradual_exfiltration,3,0.0,0.3972967778800027,0.3065218426715242
sequence_v4,1000,43,normal_staggered,gradual_exfiltration,4,0.16666666666666666,0.5877628687460233,0.3258846566743203
sequence_v4,1000,43,normal_staggered,distributed_lateral_drift,1,0.0,0.3125,0.2783513028889516
sequence_v4,1000,43,normal_staggered,distributed_lateral_drift,2,0.0,0.35677859089809744,0.27721647270229266
sequence_v4,1000,43,normal_staggered,distributed_lateral_drift,3,0.0,0.45679111813169876,0.2787450858815714
sequence_v4,1000,43,normal_staggered,distributed_lateral_drift,4,0.0,0.5232211168477824,0.277328321143469
sequence_v4,1000,43,normal_staggered,profile_poisoning_chain,1,0.0,0.33054291666666663,0.28083125788983
sequence_v4,1000,43,normal_staggered,profile_poisoning_chain,2,0.0,0.5224794429714676,0.31490357187534385
sequence_v4,1000,43,normal_staggered,profile_poisoning_chain,3,0.0,0.6081842511106873,0.3560897091983049
sequence_v4,1000,43,normal_staggered,profile_poisoning_chain,4,0.3333333333333333,0.7706326577296535,0.40048399039976235
hardened_v3_event,1000,43,normal_nat_burst,stealth_mimicry_ato,1,0.0,0.24416666666666673,0.2657012754865338
hardened_v3_event,1000,43,normal_nat_burst,stealth_mimicry_ato,2,0.0,0.2041666666666667,0.2684921902427802
hardened_v3_event,1000,43,normal_nat_burst,stealth_mimicry_ato,3,0.0,0.28666666666666674,0.3224737874155094
hardened_v3_event,1000,43,normal_nat_burst,stealth_mimicry_ato,4,0.0,0.18833333333333335,0.32473625530004324
hardened_v3_event,1000,43,normal_nat_burst,slow_credential_probe,1,0.0,0.36166666666666664,0.28570432858066036
hardened_v3_event,1000,43,normal_nat_burst,slow_credential_probe,2,0.0,0.34833333333333333,0.27213882951875273
hardened_v3_event,1000,43,normal_nat_burst,slow_credential_probe,3,0.0,0.47,0.32898400400083366
hardened_v3_event,1000,43,normal_nat_burst,slow_credential_probe,4,0.0,0.38000000000000006,0.3869692297194615
hardened_v3_event,1000,43,normal_nat_burst,session_replay_chain,1,0.0,0.2775000000000001,0.2849443675315739
hardened_v3_event,1000,43,normal_nat_burst,session_replay_chain,2,0.0,0.2775000000000001,0.3232841703311194
hardened_v3_event,1000,43,normal_nat_burst,session_replay_chain,3,0.0,0.325,0.36236677249243
hardened_v3_event,1000,43,normal_nat_burst,session_replay_chain,4,0.0,0.4216666666666667,0.4079065963598915
hardened_v3_event,1000,43,normal_nat_burst,gradual_exfiltration,1,0.0,0.24416666666666673,0.27024884600713095
hardened_v3_event,1000,43,normal_nat_burst,gradual_exfiltration,2,0.0,0.2041666666666667,0.270036171040464
hardened_v3_event,1000,43,normal_nat_burst,gradual_exfiltration,3,0.0,0.2983333333333334,0.3108913844289523
hardened_v3_event,1000,43,normal_nat_burst,gradual_exfiltration,4,0.0,0.24749999999999997,0.2968992666270268
hardened_v3_event,1000,43,normal_nat_burst,distributed_lateral_drift,1,0.0,0.2025,0.259587654247351
hardened_v3_event,1000,43,normal_nat_burst,distributed_lateral_drift,2,0.0,0.315,0.26818214853475847
hardened_v3_event,1000,43,normal_nat_burst,distributed_lateral_drift,3,0.0,0.345,0.28365234858470256
hardened_v3_event,1000,43,normal_nat_burst,distributed_lateral_drift,4,0.0,0.35,0.27947167632900377
hardened_v3_event,1000,43,normal_nat_burst,profile_poisoning_chain,1,0.0,0.2775000000000001,0.29119423422100527
hardened_v3_event,1000,43,normal_nat_burst,profile_poisoning_chain,2,0.0,0.37833333333333335,0.3181579106263656
hardened_v3_event,1000,43,normal_nat_burst,profile_poisoning_chain,3,0.0,0.41,0.3576875550307257
hardened_v3_event,1000,43,normal_nat_burst,profile_poisoning_chain,4,0.0,0.3916666666666668,0.39819632885312206
sequence_v4,1000,43,normal_nat_burst,stealth_mimicry_ato,1,0.0,0.27820000000000006,0.2657012754865338
sequence_v4,1000,43,normal_nat_burst,stealth_mimicry_ato,2,0.0,0.30928405918196894,0.2684921902427802
sequence_v4,1000,43,normal_nat_burst,stealth_mimicry_ato,3,0.0,0.4351288584076307,0.3224737874155094
sequence_v4,1000,43,normal_nat_burst,stealth_mimicry_ato,4,0.0,0.5268924248125887,0.32473625530004324
sequence_v4,1000,43,normal_nat_burst,slow_credential_probe,1,0.0,0.4452833333333333,0.28570432858066036
sequence_v4,1000,43,normal_nat_burst,slow_credential_probe,2,0.0,0.5356726861789364,0.27213882951875273
sequence_v4,1000,43,normal_nat_burst,slow_credential_probe,3,0.0,0.6206648403769387,0.32898400400083366
sequence_v4,1000,43,normal_nat_burst,slow_credential_probe,4,0.0,0.6354256248625113,0.3869692297194615
sequence_v4,1000,43,normal_nat_burst,session_replay_chain,1,0.0,0.30306666666666676,0.2849443675315739
sequence_v4,1000,43,normal_nat_burst,session_replay_chain,2,0.0,0.5365107074016129,0.3232841703311194
sequence_v4,1000,43,normal_nat_burst,session_replay_chain,3,0.5,0.811530031951477,0.36236677249243
sequence_v4,1000,43,normal_nat_burst,session_replay_chain,4,0.8333333333333334,0.9417470592961129,0.4079065963598915
sequence_v4,1000,43,normal_nat_burst,gradual_exfiltration,1,0.0,0.27820000000000006,0.27024884600713095
sequence_v4,1000,43,normal_nat_burst,gradual_exfiltration,2,0.0,0.30928405918196894,0.270036171040464
sequence_v4,1000,43,normal_nat_burst,gradual_exfiltration,3,0.0,0.3795515667409642,0.3108913844289523
sequence_v4,1000,43,normal_nat_burst,gradual_exfiltration,4,0.0,0.5443642739683264,0.2968992666270268
sequence_v4,1000,43,normal_nat_burst,distributed_lateral_drift,1,0.0,0.26825,0.259587654247351
sequence_v4,1000,43,normal_nat_burst,distributed_lateral_drift,2,0.0,0.3647829958066324,0.26818214853475847
sequence_v4,1000,43,normal_nat_burst,distributed_lateral_drift,3,0.0,0.43980525493825673,0.28365234858470256
sequence_v4,1000,43,normal_nat_burst,distributed_lateral_drift,4,0.0,0.4800102262212389,0.27947167632900377
sequence_v4,1000,43,normal_nat_burst,profile_poisoning_chain,1,0.0,0.3478016666666666,0.29119423422100527
sequence_v4,1000,43,normal_nat_burst,profile_poisoning_chain,2,0.0,0.5239822184274635,0.3181579106263656
sequence_v4,1000,43,normal_nat_burst,profile_poisoning_chain,3,0.3333333333333333,0.6702078295483868,0.3576875550307257
sequence_v4,1000,43,normal_nat_burst,profile_poisoning_chain,4,0.5833333333333334,0.8673333337322294,0.39819632885312206
hardened_v3_event,1000,44,normal_staggered,stealth_mimicry_ato,1,0.0,0.19416666666666668,0.25663546546626653
hardened_v3_event,1000,44,normal_staggered,stealth_mimicry_ato,2,0.0,0.1325,0.27350951834505494
hardened_v3_event,1000,44,normal_staggered,stealth_mimicry_ato,3,0.0,0.24416666666666673,0.3085722556273014
hardened_v3_event,1000,44,normal_staggered,stealth_mimicry_ato,4,0.0,0.23916666666666667,0.345709109003483
hardened_v3_event,1000,44,normal_staggered,slow_credential_probe,1,0.0,0.33083333333333337,0.27750657676679896
hardened_v3_event,1000,44,normal_staggered,slow_credential_probe,2,0.0,0.31333333333333335,0.27696085663662107
hardened_v3_event,1000,44,normal_staggered,slow_credential_probe,3,0.0,0.43,0.3166383896811364
hardened_v3_event,1000,44,normal_staggered,slow_credential_probe,4,0.0,0.4116666666666667,0.4063120840308864
hardened_v3_event,1000,44,normal_staggered,session_replay_chain,1,0.0,0.10083333333333333,0.26850742955954326
hardened_v3_event,1000,44,normal_staggered,session_replay_chain,2,0.0,0.09499999999999999,0.30392868348902374
hardened_v3_event,1000,44,normal_staggered,session_replay_chain,3,0.0,0.1425,0.3462138496183527
hardened_v3_event,1000,44,normal_staggered,session_replay_chain,4,0.0,0.245,0.3922539465239954
hardened_v3_event,1000,44,normal_staggered,gradual_exfiltration,1,0.0,0.19416666666666668,0.26166341640782714
hardened_v3_event,1000,44,normal_staggered,gradual_exfiltration,2,0.0,0.12666666666666668,0.27585781076395094
hardened_v3_event,1000,44,normal_staggered,gradual_exfiltration,3,0.0,0.2791666666666667,0.29761750651442226
hardened_v3_event,1000,44,normal_staggered,gradual_exfiltration,4,0.0,0.30583333333333335,0.3157416894593272
hardened_v3_event,1000,44,normal_staggered,distributed_lateral_drift,1,0.0,0.19,0.2638661924217145
hardened_v3_event,1000,44,normal_staggered,distributed_lateral_drift,2,0.0,0.3075,0.27474942409679265
hardened_v3_event,1000,44,normal_staggered,distributed_lateral_drift,3,0.0,0.3025,0.26935901441052723
hardened_v3_event,1000,44,normal_staggered,distributed_lateral_drift,4,0.0,0.31,0.27011287528826144
hardened_v3_event,1000,44,normal_staggered,profile_poisoning_chain,1,0.0,0.10083333333333333,0.273356382646409
hardened_v3_event,1000,44,normal_staggered,profile_poisoning_chain,2,0.0,0.245,0.30587144974047936
hardened_v3_event,1000,44,normal_staggered,profile_poisoning_chain,3,0.0,0.3116666666666667,0.3457510309551468
hardened_v3_event,1000,44,normal_staggered,profile_poisoning_chain,4,0.0,0.38000000000000006,0.3921528810823631
sequence_v4,1000,44,normal_staggered,stealth_mimicry_ato,1,0.0,0.22820000000000004,0.25663546546626653
sequence_v4,1000,44,normal_staggered,stealth_mimicry_ato,2,0.0,0.24436960810481448,0.27350951834505494
sequence_v4,1000,44,normal_staggered,stealth_mimicry_ato,3,0.0,0.36758415885050466,0.3085722556273014
sequence_v4,1000,44,normal_staggered,stealth_mimicry_ato,4,0.08333333333333333,0.48144097584431417,0.345709109003483
sequence_v4,1000,44,normal_staggered,slow_credential_probe,1,0.0,0.41032291666666665,0.27750657676679896
sequence_v4,1000,44,normal_staggered,slow_credential_probe,2,0.0,0.5073599405709414,0.27696085663662107
sequence_v4,1000,44,normal_staggered,slow_credential_probe,3,0.0,0.5779300811171794,0.3166383896811364
sequence_v4,1000,44,normal_staggered,slow_credential_probe,4,0.08333333333333333,0.6132716627319369,0.4063120840308864
sequence_v4,1000,44,normal_staggered,session_replay_chain,1,0.0,0.2362929166666667,0.26850742955954326
sequence_v4,1000,44,normal_staggered,session_replay_chain,2,0.0,0.4379056549303333,0.30392868348902374
sequence_v4,1000,44,normal_staggered,session_replay_chain,3,0.3333333333333333,0.6763958288669168,0.3462138496183527
sequence_v4,1000,44,normal_staggered,session_replay_chain,4,0.5833333333333334,0.8802404664690221,0.3922539465239954
sequence_v4,1000,44,normal_staggered,gradual_exfiltration,1,0.0,0.22820000000000004,0.26166341640782714
sequence_v4,1000,44,normal_staggered,gradual_exfiltration,2,0.0,0.23860294143814784,0.27585781076395094
sequence_v4,1000,44,normal_staggered,gradual_exfiltration,3,0.0,0.33365521325897435,0.29761750651442226
sequence_v4,1000,44,normal_staggered,gradual_exfiltration,4,0.0,0.5106203671765784,0.3157416894593272
sequence_v4,1000,44,normal_staggered,distributed_lateral_drift,1,0.0,0.27115,0.2638661924217145
sequence_v4,1000,44,normal_staggered,distributed_lateral_drift,2,0.0,0.3555066342594607,0.27474942409679265
sequence_v4,1000,44,normal_staggered,distributed_lateral_drift,3,0.0,0.4165952084780521,0.26935901441052723
sequence_v4,1000,44,normal_staggered,distributed_lateral_drift,4,0.0,0.4840819002524852,0.27011287528826144
sequence_v4,1000,44,normal_staggered,profile_poisoning_chain,1,0.0,0.29594291666666667,0.273356382646409
sequence_v4,1000,44,normal_staggered,profile_poisoning_chain,2,0.0,0.4911293749999999,0.30587144974047936
sequence_v4,1000,44,normal_staggered,profile_poisoning_chain,3,0.0,0.5861747671504308,0.3457510309551468
sequence_v4,1000,44,normal_staggered,profile_poisoning_chain,4,0.25,0.7386854140208032,0.3921528810823631
hardened_v3_event,1000,44,normal_nat_burst,stealth_mimicry_ato,1,0.0,0.24416666666666673,0.2667413566059384
hardened_v3_event,1000,44,normal_nat_burst,stealth_mimicry_ato,2,0.0,0.17,0.2652562369550638
hardened_v3_event,1000,44,normal_nat_burst,stealth_mimicry_ato,3,0.0,0.28666666666666674,0.3232987796200103
hardened_v3_event,1000,44,normal_nat_burst,stealth_mimicry_ato,4,0.0,0.18666666666666665,0.32671359135422257
hardened_v3_event,1000,44,normal_nat_burst,slow_credential_probe,1,0.0,0.3683333333333334,0.2873478956317889
hardened_v3_event,1000,44,normal_nat_burst,slow_credential_probe,2,0.0,0.33499999999999996,0.2690495553811782
hardened_v3_event,1000,44,normal_nat_burst,slow_credential_probe,3,0.0,0.47,0.33148650000857477
hardened_v3_event,1000,44,normal_nat_burst,slow_credential_probe,4,0.0,0.36999999999999994,0.3876504051855006
hardened_v3_event,1000,44,normal_nat_burst,session_replay_chain,1,0.0,0.2691666666666667,0.28653141109865404
hardened_v3_event,1000,44,normal_nat_burst,session_replay_chain,2,0.0,0.26333333333333336,0.3217372363693077
hardened_v3_event,1000,44,normal_nat_burst,session_replay_chain,3,0.0,0.31083333333333335,0.36435826187203274
hardened_v3_event,1000,44,normal_nat_burst,session_replay_chain,4,0.0,0.41333333333333333,0.41084171275241793
hardened_v3_event,1000,44,normal_nat_burst,gradual_exfiltration,1,0.0,0.24416666666666673,0.2717276206202362
hardened_v3_event,1000,44,normal_nat_burst,gradual_exfiltration,2,0.0,0.17,0.2682983402646798
hardened_v3_event,1000,44,normal_nat_burst,gradual_exfiltration,3,0.0,0.3216666666666667,0.3129781516465077
hardened_v3_event,1000,44,normal_nat_burst,gradual_exfiltration,4,0.0,0.24,0.29772761013235904
hardened_v3_event,1000,44,normal_nat_burst,distributed_lateral_drift,1,0.0,0.20750000000000002,0.26125386044181875
hardened_v3_event,1000,44,normal_nat_burst,distributed_lateral_drift,2,0.0,0.345,0.27132520599293575
hardened_v3_event,1000,44,normal_nat_burst,distributed_lateral_drift,3,0.0,0.33,0.2813930620822963
hardened_v3_event,1000,44,normal_nat_burst,distributed_lateral_drift,4,0.0,0.3775,0.2748899433229703
hardened_v3_event,1000,44,normal_nat_burst,profile_poisoning_chain,1,0.0,0.2691666666666667,0.2908323157370008
hardened_v3_event,1000,44,normal_nat_burst,profile_poisoning_chain,2,0.0,0.3766666666666667,0.32042081819747986
hardened_v3_event,1000,44,normal_nat_burst,profile_poisoning_chain,3,0.0,0.4183333333333334,0.35596802468625516
hardened_v3_event,1000,44,normal_nat_burst,profile_poisoning_chain,4,0.0,0.3916666666666668,0.4006691653521776
sequence_v4,1000,44,normal_nat_burst,stealth_mimicry_ato,1,0.0,0.27820000000000006,0.2667413566059384
sequence_v4,1000,44,normal_nat_burst,stealth_mimicry_ato,2,0.0,0.2925897715537453,0.2652562369550638
sequence_v4,1000,44,normal_nat_burst,stealth_mimicry_ato,3,0.0,0.4237664385018256,0.3232987796200103
sequence_v4,1000,44,normal_nat_burst,stealth_mimicry_ato,4,0.0,0.5212520078073791,0.32671359135422257
sequence_v4,1000,44,normal_nat_burst,slow_credential_probe,1,0.0,0.44010958333333333,0.2873478956317889
sequence_v4,1000,44,normal_nat_burst,slow_credential_probe,2,0.0,0.5281753924800494,0.2690495553811782
sequence_v4,1000,44,normal_nat_burst,slow_credential_probe,3,0.0,0.6184944889125641,0.33148650000857477
sequence_v4,1000,44,normal_nat_burst,slow_credential_probe,4,0.0,0.6322306179749406,0.3876504051855006
sequence_v4,1000,44,normal_nat_burst,session_replay_chain,1,0.0,0.30883333333333335,0.28653141109865404
sequence_v4,1000,44,normal_nat_burst,session_replay_chain,2,0.0,0.5422588792843556,0.3217372363693077
sequence_v4,1000,44,normal_nat_burst,session_replay_chain,3,0.6666666666666666,0.8174707782842258,0.36435826187203274
sequence_v4,1000,44,normal_nat_burst,session_replay_chain,4,0.9166666666666666,0.9650973714082625,0.41084171275241793
sequence_v4,1000,44,normal_nat_burst,gradual_exfiltration,1,0.0,0.27820000000000006,0.2717276206202362
sequence_v4,1000,44,normal_nat_burst,gradual_exfiltration,2,0.0,0.2925897715537453,0.2682983402646798
sequence_v4,1000,44,normal_nat_burst,gradual_exfiltration,3,0.0,0.39669914683515906,0.3129781516465077
sequence_v4,1000,44,normal_nat_burst,gradual_exfiltration,4,0.0,0.5599900610777916,0.29772761013235904
sequence_v4,1000,44,normal_nat_burst,distributed_lateral_drift,1,0.0,0.27595000000000003,0.26125386044181875
sequence_v4,1000,44,normal_nat_burst,distributed_lateral_drift,2,0.0,0.3788857422784729,0.27132520599293575
sequence_v4,1000,44,normal_nat_burst,distributed_lateral_drift,3,0.0,0.43347084125931024,0.2813930620822963
sequence_v4,1000,44,normal_nat_burst,distributed_lateral_drift,4,0.0,0.5378392071770979,0.2748899433229703
sequence_v4,1000,44,normal_nat_burst,profile_poisoning_chain,1,0.0,0.3535683333333333,0.2908323157370008
sequence_v4,1000,44,normal_nat_burst,profile_poisoning_chain,2,0.08333333333333333,0.5395114327897294,0.32042081819747986
sequence_v4,1000,44,normal_nat_burst,profile_poisoning_chain,3,0.25,0.6723402860611656,0.35596802468625516
sequence_v4,1000,44,normal_nat_burst,profile_poisoning_chain,4,0.5833333333333334,0.8680556435499706,0.4006691653521776
hardened_v3_event,1000,45,normal_staggered,stealth_mimicry_ato,1,0.0,0.21083333333333334,0.2645877019663176
hardened_v3_event,1000,45,normal_staggered,stealth_mimicry_ato,2,0.0,0.1991666666666667,0.2848666539723413
hardened_v3_event,1000,45,normal_staggered,stealth_mimicry_ato,3,0.0,0.26666666666666666,0.31908646617988873
hardened_v3_event,1000,45,normal_staggered,stealth_mimicry_ato,4,0.0,0.24333333333333337,0.35154730963344116
hardened_v3_event,1000,45,normal_staggered,slow_credential_probe,1,0.0,0.3216666666666667,0.28530121400800507
hardened_v3_event,1000,45,normal_staggered,slow_credential_probe,2,0.0,0.3825,0.28759992631472414
hardened_v3_event,1000,45,normal_staggered,slow_credential_probe,3,0.0,0.4549999999999999,0.32693384552767357
hardened_v3_event,1000,45,normal_staggered,slow_credential_probe,4,0.0,0.435,0.41413533491252813
hardened_v3_event,1000,45,normal_staggered,session_replay_chain,1,0.0,0.14166666666666666,0.27575243260979315
hardened_v3_event,1000,45,normal_staggered,session_replay_chain,2,0.0,0.13583333333333333,0.31234982722989635
hardened_v3_event,1000,45,normal_staggered,session_replay_chain,3,0.0,0.18333333333333335,0.3519690420943866
hardened_v3_event,1000,45,normal_staggered,session_replay_chain,4,0.08333333333333333,0.28,0.3982282283526795
hardened_v3_event,1000,45,normal_staggered,gradual_exfiltration,1,0.0,0.21083333333333334,0.2703208075560513
hardened_v3_event,1000,45,normal_staggered,gradual_exfiltration,2,0.0,0.1991666666666667,0.2853902302677233
hardened_v3_event,1000,45,normal_staggered,gradual_exfiltration,3,0.0,0.28416666666666673,0.3065044887629599
hardened_v3_event,1000,45,normal_staggered,gradual_exfiltration,4,0.0,0.31333333333333335,0.3229262383904809
hardened_v3_event,1000,45,normal_staggered,distributed_lateral_drift,1,0.0,0.2275,0.2754718525889653
hardened_v3_event,1000,45,normal_staggered,distributed_lateral_drift,2,0.0,0.31625000000000003,0.27614926942397533
hardened_v3_event,1000,45,normal_staggered,distributed_lateral_drift,3,0.0,0.3175,0.2775106407240436
hardened_v3_event,1000,45,normal_staggered,distributed_lateral_drift,4,0.0,0.37250000000000005,0.27753026018058374
hardened_v3_event,1000,45,normal_staggered,profile_poisoning_chain,1,0.0,0.14166666666666666,0.2804952170341439
hardened_v3_event,1000,45,normal_staggered,profile_poisoning_chain,2,0.0,0.265,0.31418003584178783
hardened_v3_event,1000,45,normal_staggered,profile_poisoning_chain,3,0.0,0.37166666666666665,0.35378606521031214
hardened_v3_event,1000,45,normal_staggered,profile_poisoning_chain,4,0.0,0.36333333333333345,0.40003353331835817
sequence_v4,1000,45,normal_staggered,stealth_mimicry_ato,1,0.0,0.26153333333333345,0.2645877019663176
sequence_v4,1000,45,normal_staggered,stealth_mimicry_ato,2,0.0,0.26373999011632854,0.2848666539723413
sequence_v4,1000,45,normal_staggered,stealth_mimicry_ato,3,0.0,0.39847092094270975,0.31908646617988873
sequence_v4,1000,45,normal_staggered,stealth_mimicry_ato,4,0.0,0.49759534303491093,0.35154730963344116
sequence_v4,1000,45,normal_staggered,slow_credential_probe,1,0.0,0.4279995833333334,0.28530121400800507
sequence_v4,1000,45,normal_staggered,slow_credential_probe,2,0.0,0.5254659114881411,0.28759992631472414
sequence_v4,1000,45,normal_staggered,slow_credential_probe,3,0.0,0.6056770832847863,0.32693384552767357
sequence_v4,1000,45,normal_staggered,slow_credential_probe,4,0.0,0.641280649755375,0.41413533491252813
sequence_v4,1000,45,normal_staggered,session_replay_chain,1,0.0,0.2743333333333334,0.27575243260979315
sequence_v4,1000,45,normal_staggered,session_replay_chain,2,0.0,0.5002297185790114,0.31234982722989635
sequence_v4,1000,45,normal_staggered,session_replay_chain,3,0.5,0.7708555068866033,0.3519690420943866
sequence_v4,1000,45,normal_staggered,session_replay_chain,4,0.9166666666666666,0.9460717739752034,0.3982282283526795
sequence_v4,1000,45,normal_staggered,gradual_exfiltration,1,0.0,0.26153333333333345,0.2703208075560513
sequence_v4,1000,45,normal_staggered,gradual_exfiltration,2,0.0,0.26373999011632854,0.2853902302677233
sequence_v4,1000,45,normal_staggered,gradual_exfiltration,3,0.0,0.3489496709427098,0.3065044887629599
sequence_v4,1000,45,normal_staggered,gradual_exfiltration,4,0.0,0.5329943789276649,0.3229262383904809
sequence_v4,1000,45,normal_staggered,distributed_lateral_drift,1,0.0,0.28845,0.2754718525889653
sequence_v4,1000,45,normal_staggered,distributed_lateral_drift,2,0.0,0.37581539563708277,0.27614926942397533
sequence_v4,1000,45,normal_staggered,distributed_lateral_drift,3,0.0,0.45787916795887074,0.2775106407240436
sequence_v4,1000,45,normal_staggered,distributed_lateral_drift,4,0.0,0.5256596074456892,0.27753026018058374
sequence_v4,1000,45,normal_staggered,profile_poisoning_chain,1,0.0,0.3298375,0.2804952170341439
sequence_v4,1000,45,normal_staggered,profile_poisoning_chain,2,0.0,0.4875131170664317,0.31418003584178783
sequence_v4,1000,45,normal_staggered,profile_poisoning_chain,3,0.08333333333333333,0.6542370315191476,0.35378606521031214
sequence_v4,1000,45,normal_staggered,profile_poisoning_chain,4,0.25,0.7805461297636181,0.40003353331835817
hardened_v3_event,1000,45,normal_nat_burst,stealth_mimicry_ato,1,0.0,0.2041666666666667,0.2562907608414788
hardened_v3_event,1000,45,normal_nat_burst,stealth_mimicry_ato,2,0.0,0.1225,0.25274994285329494
hardened_v3_event,1000,45,normal_nat_burst,stealth_mimicry_ato,3,0.0,0.2483333333333334,0.30909149773977185
hardened_v3_event,1000,45,normal_nat_burst,stealth_mimicry_ato,4,0.0,0.17333333333333334,0.32293098493746075
hardened_v3_event,1000,45,normal_nat_burst,slow_credential_probe,1,0.0,0.325,0.27683154155670575
hardened_v3_event,1000,45,normal_nat_burst,slow_credential_probe,2,0.0,0.26,0.25547423448382983
hardened_v3_event,1000,45,normal_nat_burst,slow_credential_probe,3,0.0,0.44,0.3165642234881915
hardened_v3_event,1000,45,normal_nat_burst,slow_credential_probe,4,0.0,0.365,0.3851300465170277
hardened_v3_event,1000,45,normal_nat_burst,session_replay_chain,1,0.0,0.2366666666666667,0.27158565760824077
hardened_v3_event,1000,45,normal_nat_burst,session_replay_chain,2,0.0,0.23083333333333336,0.3079315564344531
hardened_v3_event,1000,45,normal_nat_burst,session_replay_chain,3,0.0,0.27166666666666667,0.34751563322432916
hardened_v3_event,1000,45,normal_nat_burst,session_replay_chain,4,0.0,0.375,0.3936335319255327
hardened_v3_event,1000,45,normal_nat_burst,gradual_exfiltration,1,0.0,0.19833333333333336,0.2624757839865603
hardened_v3_event,1000,45,normal_nat_burst,gradual_exfiltration,2,0.0,0.1225,0.2536014682038382
hardened_v3_event,1000,45,normal_nat_burst,gradual_exfiltration,3,0.0,0.2716666666666667,0.29611138224858563
hardened_v3_event,1000,45,normal_nat_burst,gradual_exfiltration,4,0.0,0.2333333333333333,0.2939412865731393
hardened_v3_event,1000,45,normal_nat_burst,distributed_lateral_drift,1,0.0,0.2575,0.26623660729321824
hardened_v3_event,1000,45,normal_nat_burst,distributed_lateral_drift,2,0.0,0.34375,0.26499660762568145
hardened_v3_event,1000,45,normal_nat_burst,distributed_lateral_drift,3,0.0,0.32375,0.27266331186216747
hardened_v3_event,1000,45,normal_nat_burst,distributed_lateral_drift,4,0.0,0.28250000000000003,0.25298849143533153
hardened_v3_event,1000,45,normal_nat_burst,profile_poisoning_chain,1,0.0,0.2366666666666667,0.2761345364938537
hardened_v3_event,1000,45,normal_nat_burst,profile_poisoning_chain,2,0.0,0.31333333333333335,0.30344395526489093
hardened_v3_event,1000,45,normal_nat_burst,profile_poisoning_chain,3,0.0,0.3433333333333333,0.342122127724871
hardened_v3_event,1000,45,normal_nat_burst,profile_poisoning_chain,4,0.0,0.35333333333333333,0.38603385295044057
sequence_v4,1000,45,normal_nat_burst,stealth_mimicry_ato,1,0.0,0.22820000000000007,0.2562907608414788
sequence_v4,1000,45,normal_nat_burst,stealth_mimicry_ato,2,0.0,0.2443929477214489,0.25274994285329494
sequence_v4,1000,45,normal_nat_burst,stealth_mimicry_ato,3,0.0,0.3602833491074829,0.30909149773977185
sequence_v4,1000,45,normal_nat_burst,stealth_mimicry_ato,4,0.0,0.45227455253235505,0.32293098493746075
sequence_v4,1000,45,normal_nat_burst,slow_credential_probe,1,0.0,0.4065547916666667,0.27683154155670575
sequence_v4,1000,45,normal_nat_burst,slow_credential_probe,2,0.0,0.46958186792879353,0.25547423448382983
sequence_v4,1000,45,normal_nat_burst,slow_credential_probe,3,0.0,0.5690968828786581,0.3165642234881915
sequence_v4,1000,45,normal_nat_burst,slow_credential_probe,4,0.0,0.5910576282844414,0.3851300465170277
sequence_v4,1000,45,normal_nat_burst,session_replay_chain,1,0.0,0.27784687500000005,0.27158565760824077
sequence_v4,1000,45,normal_nat_burst,session_replay_chain,2,0.08333333333333333,0.5142225315136574,0.3079315564344531
sequence_v4,1000,45,normal_nat_burst,session_replay_chain,3,0.5,0.7659907681690311,0.34751563322432916
sequence_v4,1000,45,normal_nat_burst,session_replay_chain,4,0.8333333333333334,0.9472192763902819,0.3936335319255327
sequence_v4,1000,45,normal_nat_burst,gradual_exfiltration,1,0.0,0.2224333333333334,0.2624757839865603
sequence_v4,1000,45,normal_nat_burst,gradual_exfiltration,2,0.0,0.2390131076058949,0.2536014682038382
sequence_v4,1000,45,normal_nat_burst,gradual_exfiltration,3,0.0,0.31788019122272637,0.29611138224858563
sequence_v4,1000,45,normal_nat_burst,gradual_exfiltration,4,0.08333333333333333,0.45714668081640447,0.2939412865731393
sequence_v4,1000,45,normal_nat_burst,distributed_lateral_drift,1,0.0,0.27980000000000005,0.26623660729321824
sequence_v4,1000,45,normal_nat_burst,distributed_lateral_drift,2,0.0,0.37837158623774236,0.26499660762568145
sequence_v4,1000,45,normal_nat_burst,distributed_lateral_drift,3,0.0,0.43174687969159764,0.27266331186216747
sequence_v4,1000,45,normal_nat_burst,distributed_lateral_drift,4,0.0,0.46751187126931537,0.25298849143533153
sequence_v4,1000,45,normal_nat_burst,profile_poisoning_chain,1,0.0,0.335696875,0.2761345364938537
sequence_v4,1000,45,normal_nat_burst,profile_poisoning_chain,2,0.08333333333333333,0.48271868578152605,0.30344395526489093
sequence_v4,1000,45,normal_nat_burst,profile_poisoning_chain,3,0.08333333333333333,0.5870273291002677,0.342122127724871
sequence_v4,1000,45,normal_nat_burst,profile_poisoning_chain,4,0.25,0.7197967010277918,0.38603385295044057
hardened_v3_event,1000,46,normal_staggered,stealth_mimicry_ato,1,0.0,0.19583333333333333,0.26514076135909864
hardened_v3_event,1000,46,normal_staggered,stealth_mimicry_ato,2,0.0,0.15416666666666665,0.2796462157280444
hardened_v3_event,1000,46,normal_staggered,stealth_mimicry_ato,3,0.0,0.22250000000000006,0.31540149182747074
hardened_v3_event,1000,46,normal_staggered,stealth_mimicry_ato,4,0.0,0.18833333333333335,0.3505183980757687
hardened_v3_event,1000,46,normal_staggered,slow_credential_probe,1,0.0,0.2866666666666667,0.2849392642792701
hardened_v3_event,1000,46,normal_staggered,slow_credential_probe,2,0.0,0.3383333333333334,0.28413515918313065
hardened_v3_event,1000,46,normal_staggered,slow_credential_probe,3,0.0,0.4166666666666667,0.3232322008203487
hardened_v3_event,1000,46,normal_staggered,slow_credential_probe,4,0.0,0.37999999999999995,0.4092222959017242
hardened_v3_event,1000,46,normal_staggered,session_replay_chain,1,0.0,0.10166666666666668,0.2742261961527784
hardened_v3_event,1000,46,normal_staggered,session_replay_chain,2,0.0,0.10166666666666668,0.31012666150413587
hardened_v3_event,1000,46,normal_staggered,session_replay_chain,3,0.0,0.14833333333333334,0.3510382694290443
hardened_v3_event,1000,46,normal_staggered,session_replay_chain,4,0.0,0.2433333333333333,0.3952073831770165
hardened_v3_event,1000,46,normal_staggered,gradual_exfiltration,1,0.0,0.19583333333333333,0.2692115259462041
hardened_v3_event,1000,46,normal_staggered,gradual_exfiltration,2,0.0,0.16,0.2817085510709332
hardened_v3_event,1000,46,normal_staggered,gradual_exfiltration,3,0.0,0.24000000000000002,0.3039896665573463
hardened_v3_event,1000,46,normal_staggered,gradual_exfiltration,4,0.0,0.2783333333333333,0.3201389530624022
hardened_v3_event,1000,46,normal_staggered,distributed_lateral_drift,1,0.0,0.22,0.2759432432513597
hardened_v3_event,1000,46,normal_staggered,distributed_lateral_drift,2,0.0,0.3375,0.2788539435678122
hardened_v3_event,1000,46,normal_staggered,distributed_lateral_drift,3,0.0,0.28,0.28103548620298746
hardened_v3_event,1000,46,normal_staggered,distributed_lateral_drift,4,0.0,0.28625,0.274067194012997
hardened_v3_event,1000,46,normal_staggered,profile_poisoning_chain,1,0.0,0.10166666666666668,0.2788137186680067
hardened_v3_event,1000,46,normal_staggered,profile_poisoning_chain,2,0.0,0.2733333333333334,0.3123174556070319
hardened_v3_event,1000,46,normal_staggered,profile_poisoning_chain,3,0.0,0.33,0.35424601996647587
hardened_v3_event,1000,46,normal_staggered,profile_poisoning_chain,4,0.0,0.38333333333333336,0.3987086230082266
sequence_v4,1000,46,normal_staggered,stealth_mimicry_ato,1,0.0,0.26153333333333345,0.26514076135909864
sequence_v4,1000,46,normal_staggered,stealth_mimicry_ato,2,0.0,0.2680466641581878,0.2796462157280444
sequence_v4,1000,46,normal_staggered,stealth_mimicry_ato,3,0.0,0.39410576935562713,0.31540149182747074
sequence_v4,1000,46,normal_staggered,stealth_mimicry_ato,4,0.0,0.49478835219577283,0.3505183980757687
sequence_v4,1000,46,normal_staggered,slow_credential_probe,1,0.0,0.41648604166666675,0.2849392642792701
sequence_v4,1000,46,normal_staggered,slow_credential_probe,2,0.0,0.5116692309425696,0.28413515918313065
sequence_v4,1000,46,normal_staggered,slow_credential_probe,3,0.0,0.5873075078724516,0.3232322008203487
sequence_v4,1000,46,normal_staggered,slow_credential_probe,4,0.0,0.6186410493905449,0.4092222959017242
sequence_v4,1000,46,normal_staggered,session_replay_chain,1,0.0,0.25925250000000005,0.2742261961527784
sequence_v4,1000,46,normal_staggered,session_replay_chain,2,0.0,0.4913149660951812,0.31012666150413587
sequence_v4,1000,46,normal_staggered,session_replay_chain,3,0.4166666666666667,0.7567348514359765,0.3510382694290443
sequence_v4,1000,46,normal_staggered,session_replay_chain,4,0.8333333333333334,0.9220281964244975,0.3952073831770165
sequence_v4,1000,46,normal_staggered,gradual_exfiltration,1,0.0,0.26153333333333345,0.2692115259462041
sequence_v4,1000,46,normal_staggered,gradual_exfiltration,2,0.0,0.27381333082485443,0.2817085510709332
sequence_v4,1000,46,normal_staggered,gradual_exfiltration,3,0.0,0.3490483211093629,0.3039896665573463
sequence_v4,1000,46,normal_staggered,gradual_exfiltration,4,0.08333333333333333,0.5372382955927302,0.3201389530624022
sequence_v4,1000,46,normal_staggered,distributed_lateral_drift,1,0.0,0.2846,0.2759432432513597
sequence_v4,1000,46,normal_staggered,distributed_lateral_drift,2,0.0,0.3745081228394168,0.2788539435678122
sequence_v4,1000,46,normal_staggered,distributed_lateral_drift,3,0.0,0.4316349235962095,0.28103548620298746
sequence_v4,1000,46,normal_staggered,distributed_lateral_drift,4,0.0,0.47699583499497006,0.274067194012997
sequence_v4,1000,46,normal_staggered,profile_poisoning_chain,1,0.0,0.31980249999999993,0.2788137186680067
sequence_v4,1000,46,normal_staggered,profile_poisoning_chain,2,0.0,0.5081190036320634,0.3123174556070319
sequence_v4,1000,46,normal_staggered,profile_poisoning_chain,3,0.25,0.6432221864110055,0.35424601996647587
sequence_v4,1000,46,normal_staggered,profile_poisoning_chain,4,0.4166666666666667,0.803011033728856,0.3987086230082266
hardened_v3_event,1000,46,normal_nat_burst,stealth_mimicry_ato,1,0.0,0.19833333333333336,0.25821373463035296
hardened_v3_event,1000,46,normal_nat_burst,stealth_mimicry_ato,2,0.0,0.10916666666666668,0.2511605780610379
hardened_v3_event,1000,46,normal_nat_burst,stealth_mimicry_ato,3,0.0,0.24000000000000002,0.3096034697602758
hardened_v3_event,1000,46,normal_nat_burst,stealth_mimicry_ato,4,0.0,0.17,0.3235782285203567
hardened_v3_event,1000,46,normal_nat_burst,slow_credential_probe,1,0.0,0.33,0.27778565306504716
hardened_v3_event,1000,46,normal_nat_burst,slow_credential_probe,2,0.0,0.2666666666666667,0.2557074970176494
hardened_v3_event,1000,46,normal_nat_burst,slow_credential_probe,3,0.0,0.43166666666666664,0.3174985379345285
hardened_v3_event,1000,46,normal_nat_burst,slow_credential_probe,4,0.0,0.3566666666666667,0.3824115683455045
hardened_v3_event,1000,46,normal_nat_burst,session_replay_chain,1,0.0,0.23916666666666675,0.2725826173858217
hardened_v3_event,1000,46,normal_nat_burst,session_replay_chain,2,0.0,0.23916666666666675,0.30899523621339686
hardened_v3_event,1000,46,normal_nat_burst,session_replay_chain,3,0.0,0.2808333333333333,0.350275471298549
hardened_v3_event,1000,46,normal_nat_burst,session_replay_chain,4,0.0,0.38333333333333336,0.39473336455719443
hardened_v3_event,1000,46,normal_nat_burst,gradual_exfiltration,1,0.0,0.19833333333333336,0.26247353564605136
hardened_v3_event,1000,46,normal_nat_burst,gradual_exfiltration,2,0.0,0.10916666666666668,0.25390178327778884
hardened_v3_event,1000,46,normal_nat_burst,gradual_exfiltration,3,0.0,0.2866666666666667,0.2990134894088165
hardened_v3_event,1000,46,normal_nat_burst,gradual_exfiltration,4,0.0,0.24250000000000002,0.2939991325229764
hardened_v3_event,1000,46,normal_nat_burst,distributed_lateral_drift,1,0.0,0.1675,0.25846556483057725
hardened_v3_event,1000,46,normal_nat_burst,distributed_lateral_drift,2,0.0,0.3175,0.2607843417165788
hardened_v3_event,1000,46,normal_nat_burst,distributed_lateral_drift,3,0.0,0.28125,0.2714636929148972
hardened_v3_event,1000,46,normal_nat_burst,distributed_lateral_drift,4,0.0,0.34625000000000006,0.2701731617337697
hardened_v3_event,1000,46,normal_nat_burst,profile_poisoning_chain,1,0.0,0.23083333333333336,0.2773870965603605
hardened_v3_event,1000,46,normal_nat_burst,profile_poisoning_chain,2,0.0,0.3116666666666667,0.3043381842964035
hardened_v3_event,1000,46,normal_nat_burst,profile_poisoning_chain,3,0.0,0.3516666666666666,0.343137879811861
hardened_v3_event,1000,46,normal_nat_burst,profile_poisoning_chain,4,0.0,0.34500000000000003,0.38637104551438844
sequence_v4,1000,46,normal_nat_burst,stealth_mimicry_ato,1,0.0,0.22820000000000007,0.25821373463035296
sequence_v4,1000,46,normal_nat_burst,stealth_mimicry_ato,2,0.0,0.2512871600164995,0.2511605780610379
sequence_v4,1000,46,normal_nat_burst,stealth_mimicry_ato,3,0.0,0.371979637700732,0.3096034697602758
sequence_v4,1000,46,normal_nat_burst,stealth_mimicry_ato,4,0.0,0.4769840903112141,0.3235782285203567
sequence_v4,1000,46,normal_nat_burst,slow_credential_probe,1,0.0,0.4234583333333333,0.27778565306504716
sequence_v4,1000,46,normal_nat_burst,slow_credential_probe,2,0.0,0.4876587293827294,0.2557074970176494
sequence_v4,1000,46,normal_nat_burst,slow_credential_probe,3,0.0,0.5762071649022699,0.3174985379345285
sequence_v4,1000,46,normal_nat_burst,slow_credential_probe,4,0.0,0.5985689144435398,0.3824115683455045
sequence_v4,1000,46,normal_nat_burst,session_replay_chain,1,0.0,0.2885666666666667,0.2725826173858217
sequence_v4,1000,46,normal_nat_burst,session_replay_chain,2,0.0,0.5290260623444968,0.30899523621339686
sequence_v4,1000,46,normal_nat_burst,session_replay_chain,3,0.5833333333333334,0.8114629930419731,0.350275471298549
sequence_v4,1000,46,normal_nat_burst,session_replay_chain,4,1.0,0.9882483810641921,0.39473336455719443
sequence_v4,1000,46,normal_nat_burst,gradual_exfiltration,1,0.0,0.22820000000000007,0.26247353564605136
sequence_v4,1000,46,normal_nat_burst,gradual_exfiltration,2,0.0,0.2512871600164995,0.25390178327778884
sequence_v4,1000,46,normal_nat_burst,gradual_exfiltration,3,0.0,0.35428109603406527,0.2990134894088165
sequence_v4,1000,46,normal_nat_burst,gradual_exfiltration,4,0.0,0.5282465743988745,0.2939991325229764
sequence_v4,1000,46,normal_nat_burst,distributed_lateral_drift,1,0.0,0.27595000000000003,0.25846556483057725
sequence_v4,1000,46,normal_nat_burst,distributed_lateral_drift,2,0.0,0.36600295343689226,0.2607843417165788
sequence_v4,1000,46,normal_nat_burst,distributed_lateral_drift,3,0.0,0.4159124099171399,0.2714636929148972
sequence_v4,1000,46,normal_nat_burst,distributed_lateral_drift,4,0.0,0.48181991364890553,0.2701731617337697
sequence_v4,1000,46,normal_nat_burst,profile_poisoning_chain,1,0.0,0.34137083333333335,0.2773870965603605
sequence_v4,1000,46,normal_nat_burst,profile_poisoning_chain,2,0.0,0.4689167140661201,0.3043381842964035
sequence_v4,1000,46,normal_nat_burst,profile_poisoning_chain,3,0.0,0.5816226401679278,0.343137879811861
sequence_v4,1000,46,normal_nat_burst,profile_poisoning_chain,4,0.5,0.7753449267471622,0.38637104551438844
hardened_v3_event,5000,42,normal_staggered,stealth_mimicry_ato,1,0.0,0.12583333333333332,0.2483451610723285
hardened_v3_event,5000,42,normal_staggered,stealth_mimicry_ato,2,0.0,0.09583333333333333,0.2655573383290622
hardened_v3_event,5000,42,normal_staggered,stealth_mimicry_ato,3,0.0,0.1991666666666667,0.3005197625887457
hardened_v3_event,5000,42,normal_staggered,stealth_mimicry_ato,4,0.0,0.19916666666666663,0.33705833232012533
hardened_v3_event,5000,42,normal_staggered,slow_credential_probe,1,0.0,0.24916666666666668,0.2678862767108145
hardened_v3_event,5000,42,normal_staggered,slow_credential_probe,2,0.0,0.2750000000000001,0.26964577611905405
hardened_v3_event,5000,42,normal_staggered,slow_credential_probe,3,0.0,0.40499999999999997,0.3073924361837786
hardened_v3_event,5000,42,normal_staggered,slow_credential_probe,4,0.0,0.385,0.3983984894250241
hardened_v3_event,5000,42,normal_staggered,session_replay_chain,1,0.0,0.06,0.2588424033286652
hardened_v3_event,5000,42,normal_staggered,session_replay_chain,2,0.0,0.05416666666666666,0.2951675736064529
hardened_v3_event,5000,42,normal_staggered,session_replay_chain,3,0.0,0.08416666666666667,0.3356557005375447
hardened_v3_event,5000,42,normal_staggered,session_replay_chain,4,0.0,0.18999999999999997,0.3806168225056667
hardened_v3_event,5000,42,normal_staggered,gradual_exfiltration,1,0.0,0.12583333333333332,0.25298424333627295
hardened_v3_event,5000,42,normal_staggered,gradual_exfiltration,2,0.0,0.08999999999999998,0.26731185368395466
hardened_v3_event,5000,42,normal_staggered,gradual_exfiltration,3,0.0,0.2166666666666667,0.29033123877415473
hardened_v3_event,5000,42,normal_staggered,gradual_exfiltration,4,0.0,0.27666666666666667,0.30933087135923376
hardened_v3_event,5000,42,normal_staggered,distributed_lateral_drift,1,0.0,0.2225,0.262578471395982
hardened_v3_event,5000,42,normal_staggered,distributed_lateral_drift,2,0.0,0.3175,0.2648306091715017
hardened_v3_event,5000,42,normal_staggered,distributed_lateral_drift,3,0.0,0.28125,0.263501979571591
hardened_v3_event,5000,42,normal_staggered,distributed_lateral_drift,4,0.0,0.3175,0.2661458657340765
hardened_v3_event,5000,42,normal_staggered,profile_poisoning_chain,1,0.0,0.04583333333333334,0.263120633412207
hardened_v3_event,5000,42,normal_staggered,profile_poisoning_chain,2,0.0,0.22833333333333336,0.2993648939708871
hardened_v3_event,5000,42,normal_staggered,profile_poisoning_chain,3,0.0,0.3066666666666667,0.33883717427718074
hardened_v3_event,5000,42,normal_staggered,profile_poisoning_chain,4,0.0,0.3666666666666667,0.38354659691539134
sequence_v4,5000,42,normal_staggered,stealth_mimicry_ato,1,0.0,0.21153333333333335,0.2483451610723285
sequence_v4,5000,42,normal_staggered,stealth_mimicry_ato,2,0.0,0.22247440978988894,0.2655573383290622
sequence_v4,5000,42,normal_staggered,stealth_mimicry_ato,3,0.0,0.34243225253019977,0.3005197625887457
sequence_v4,5000,42,normal_staggered,stealth_mimicry_ato,4,0.0,0.43947507292893,0.33705833232012533
sequence_v4,5000,42,normal_staggered,slow_credential_probe,1,0.0,0.3859029166666667,0.2678862767108145
sequence_v4,5000,42,normal_staggered,slow_credential_probe,2,0.0,0.47369664112670146,0.26964577611905405
sequence_v4,5000,42,normal_staggered,slow_credential_probe,3,0.0,0.5501632393119148,0.3073924361837786
sequence_v4,5000,42,normal_staggered,slow_credential_probe,4,0.0,0.584528032168386,0.3983984894250241
sequence_v4,5000,42,normal_staggered,session_replay_chain,1,0.0,0.2403666666666667,0.2588424033286652
sequence_v4,5000,42,normal_staggered,session_replay_chain,2,0.0,0.4478372031791989,0.2951675736064529
sequence_v4,5000,42,normal_staggered,session_replay_chain,3,0.25,0.6751405174740678,0.3356557005375447
sequence_v4,5000,42,normal_staggered,session_replay_chain,4,0.5,0.8629168682189429,0.3806168225056667
sequence_v4,5000,42,normal_staggered,gradual_exfiltration,1,0.0,0.21153333333333335,0.25298424333627295
sequence_v4,5000,42,normal_staggered,gradual_exfiltration,2,0.0,0.21670774312322227,0.26731185368395466
sequence_v4,5000,42,normal_staggered,gradual_exfiltration,3,0.0,0.29145353051268913,0.29033123877415473
sequence_v4,5000,42,normal_staggered,gradual_exfiltration,4,0.0,0.47397698240711456,0.30933087135923376
sequence_v4,5000,42,normal_staggered,distributed_lateral_drift,1,0.0,0.25095,0.262578471395982
sequence_v4,5000,42,normal_staggered,distributed_lateral_drift,2,0.0,0.3566902056342096,0.2648306091715017
sequence_v4,5000,42,normal_staggered,distributed_lateral_drift,3,0.0,0.4288452770599889,0.263501979571591
sequence_v4,5000,42,normal_staggered,distributed_lateral_drift,4,0.0,0.4657490660717386,0.2661458657340765
sequence_v4,5000,42,normal_staggered,profile_poisoning_chain,1,0.0,0.28938333333333327,0.263120633412207
sequence_v4,5000,42,normal_staggered,profile_poisoning_chain,2,0.0,0.4404719969513516,0.2993648939708871
sequence_v4,5000,42,normal_staggered,profile_poisoning_chain,3,0.08333333333333333,0.5882443367978129,0.33883717427718074
sequence_v4,5000,42,normal_staggered,profile_poisoning_chain,4,0.16666666666666666,0.7476259774712634,0.38354659691539134
hardened_v3_event,5000,42,normal_nat_burst,stealth_mimicry_ato,1,0.0,0.24083333333333337,0.2660538386297378
hardened_v3_event,5000,42,normal_nat_burst,stealth_mimicry_ato,2,0.0,0.1708333333333333,0.26164587156648655
hardened_v3_event,5000,42,normal_nat_burst,stealth_mimicry_ato,3,0.0,0.2766666666666667,0.31666087444226526
hardened_v3_event,5000,42,normal_nat_burst,stealth_mimicry_ato,4,0.0,0.2116666666666667,0.33476497645137715
hardened_v3_event,5000,42,normal_nat_burst,slow_credential_probe,1,0.0,0.35333333333333333,0.28555049204908084
hardened_v3_event,5000,42,normal_nat_burst,slow_credential_probe,2,0.0,0.30583333333333335,0.2656834324648534
hardened_v3_event,5000,42,normal_nat_burst,slow_credential_probe,3,0.0,0.48,0.32339195339043675
hardened_v3_event,5000,42,normal_nat_burst,slow_credential_probe,4,0.0,0.395,0.3958634171519489
hardened_v3_event,5000,42,normal_nat_burst,session_replay_chain,1,0.0,0.26166666666666677,0.2802909417623087
hardened_v3_event,5000,42,normal_nat_burst,session_replay_chain,2,0.0,0.26166666666666677,0.3166605723254988
hardened_v3_event,5000,42,normal_nat_burst,session_replay_chain,3,0.0,0.30833333333333335,0.35692871741983434
hardened_v3_event,5000,42,normal_nat_burst,session_replay_chain,4,0.0,0.4116666666666667,0.4016444901820624
hardened_v3_event,5000,42,normal_nat_burst,gradual_exfiltration,1,0.0,0.24083333333333337,0.2706556939673594
hardened_v3_event,5000,42,normal_nat_burst,gradual_exfiltration,2,0.0,0.1708333333333333,0.2631621910788245
hardened_v3_event,5000,42,normal_nat_burst,gradual_exfiltration,3,0.0,0.3000000000000001,0.30616041709309905
hardened_v3_event,5000,42,normal_nat_burst,gradual_exfiltration,4,0.0,0.28250000000000003,0.3067379917422522
hardened_v3_event,5000,42,normal_nat_burst,distributed_lateral_drift,1,0.0,0.265,0.268211321907751
hardened_v3_event,5000,42,normal_nat_burst,distributed_lateral_drift,2,0.0,0.31500000000000006,0.2616293847777621
hardened_v3_event,5000,42,normal_nat_burst,distributed_lateral_drift,3,0.0,0.34500000000000003,0.28052764458720436
hardened_v3_event,5000,42,normal_nat_burst,distributed_lateral_drift,4,0.0,0.355,0.27787729951074336
hardened_v3_event,5000,42,normal_nat_burst,profile_poisoning_chain,1,0.0,0.26166666666666677,0.2847550098689624
hardened_v3_event,5000,42,normal_nat_burst,profile_poisoning_chain,2,0.0,0.385,0.31153304238730833
hardened_v3_event,5000,42,normal_nat_burst,profile_poisoning_chain,3,0.0,0.4166666666666667,0.3515089325657243
hardened_v3_event,5000,42,normal_nat_burst,profile_poisoning_chain,4,0.0,0.3916666666666668,0.39300084033835353
sequence_v4,5000,42,normal_nat_burst,stealth_mimicry_ato,1,0.0,0.25576666666666675,0.2660538386297378
sequence_v4,5000,42,normal_nat_burst,stealth_mimicry_ato,2,0.0,0.2653492287675348,0.26164587156648655
sequence_v4,5000,42,normal_nat_burst,stealth_mimicry_ato,3,0.0,0.3900737652800097,0.31666087444226526
sequence_v4,5000,42,normal_nat_burst,stealth_mimicry_ato,4,0.0,0.4863970543388427,0.33476497645137715
sequence_v4,5000,42,normal_nat_burst,slow_credential_probe,1,0.0,0.42025062500000004,0.28555049204908084
sequence_v4,5000,42,normal_nat_burst,slow_credential_probe,2,0.0,0.48988332380521443,0.2656834324648534
sequence_v4,5000,42,normal_nat_burst,slow_credential_probe,3,0.0,0.5951810516515823,0.32339195339043675
sequence_v4,5000,42,normal_nat_burst,slow_credential_probe,4,0.08333333333333333,0.6186658823444976,0.3958634171519489
sequence_v4,5000,42,normal_nat_burst,session_replay_chain,1,0.0,0.2824333333333334,0.2802909417623087
sequence_v4,5000,42,normal_nat_burst,session_replay_chain,2,0.0,0.5186627076500284,0.3166605723254988
sequence_v4,5000,42,normal_nat_burst,session_replay_chain,3,0.5833333333333334,0.7844930817097939,0.35692871741983434
sequence_v4,5000,42,normal_nat_burst,session_replay_chain,4,0.8333333333333334,0.9415287736936383,0.4016444901820624
sequence_v4,5000,42,normal_nat_burst,gradual_exfiltration,1,0.0,0.25576666666666675,0.2706556939673594
sequence_v4,5000,42,normal_nat_burst,gradual_exfiltration,2,0.0,0.2653492287675348,0.2631621910788245
sequence_v4,5000,42,normal_nat_burst,gradual_exfiltration,3,0.0,0.34930855694667634,0.30616041709309905
sequence_v4,5000,42,normal_nat_burst,gradual_exfiltration,4,0.0,0.5343933926525147,0.3067379917422522
sequence_v4,5000,42,normal_nat_burst,distributed_lateral_drift,1,0.0,0.2923,0.268211321907751
sequence_v4,5000,42,normal_nat_burst,distributed_lateral_drift,2,0.0,0.3516137108949478,0.2616293847777621
sequence_v4,5000,42,normal_nat_burst,distributed_lateral_drift,3,0.0,0.42423981785056397,0.28052764458720436
sequence_v4,5000,42,normal_nat_burst,distributed_lateral_drift,4,0.0,0.4722513732309229,0.27787729951074336
sequence_v4,5000,42,normal_nat_burst,profile_poisoning_chain,1,0.0,0.3334983333333334,0.2847550098689624
sequence_v4,5000,42,normal_nat_burst,profile_poisoning_chain,2,0.16666666666666666,0.5758994823160452,0.31153304238730833
sequence_v4,5000,42,normal_nat_burst,profile_poisoning_chain,3,0.4166666666666667,0.7330004358418977,0.3515089325657243
sequence_v4,5000,42,normal_nat_burst,profile_poisoning_chain,4,0.4166666666666667,0.7775451495327514,0.39300084033835353
hardened_v3_event,5000,43,normal_staggered,stealth_mimicry_ato,1,0.0,0.21250000000000002,0.2630393252265318
hardened_v3_event,5000,43,normal_staggered,stealth_mimicry_ato,2,0.0,0.14916666666666664,0.27652595244983674
hardened_v3_event,5000,43,normal_staggered,stealth_mimicry_ato,3,0.0,0.2766666666666667,0.3161974006709891
hardened_v3_event,5000,43,normal_staggered,stealth_mimicry_ato,4,0.0,0.24166666666666672,0.3504960773532246
hardened_v3_event,5000,43,normal_staggered,slow_credential_probe,1,0.0,0.3316666666666667,0.282821985180231
hardened_v3_event,5000,43,normal_staggered,slow_credential_probe,2,0.0,0.35166666666666674,0.2804461265819722
hardened_v3_event,5000,43,normal_staggered,slow_credential_probe,3,0.0,0.45999999999999996,0.32309244804408854
hardened_v3_event,5000,43,normal_staggered,slow_credential_probe,4,0.0,0.425,0.4132013076255963
hardened_v3_event,5000,43,normal_staggered,session_replay_chain,1,0.0,0.09916666666666668,0.27109854825941654
hardened_v3_event,5000,43,normal_staggered,session_replay_chain,2,0.0,0.09916666666666668,0.3095924540225165
hardened_v3_event,5000,43,normal_staggered,session_replay_chain,3,0.0,0.13416666666666666,0.34864335322857515
hardened_v3_event,5000,43,normal_staggered,session_replay_chain,4,0.0,0.25166666666666665,0.3942341156837171
hardened_v3_event,5000,43,normal_staggered,gradual_exfiltration,1,0.0,0.21250000000000002,0.26709676169455837
hardened_v3_event,5000,43,normal_staggered,gradual_exfiltration,2,0.0,0.14916666666666664,0.27789517656593327
hardened_v3_event,5000,43,normal_staggered,gradual_exfiltration,3,0.0,0.31750000000000006,0.30452698561891683
hardened_v3_event,5000,43,normal_staggered,gradual_exfiltration,4,0.0,0.3516666666666666,0.3226096969814681
hardened_v3_event,5000,43,normal_staggered,distributed_lateral_drift,1,0.0,0.255,0.2708250860573922
hardened_v3_event,5000,43,normal_staggered,distributed_lateral_drift,2,0.0,0.3375,0.28131107508812
hardened_v3_event,5000,43,normal_staggered,distributed_lateral_drift,3,0.0,0.29625,0.27173248326659344
hardened_v3_event,5000,43,normal_staggered,distributed_lateral_drift,4,0.0,0.31375,0.27300184123683874
hardened_v3_event,5000,43,normal_staggered,profile_poisoning_chain,1,0.0,0.10750000000000003,0.27733743221609636
hardened_v3_event,5000,43,normal_staggered,profile_poisoning_chain,2,0.0,0.26500000000000007,0.3120440940982773
hardened_v3_event,5000,43,normal_staggered,profile_poisoning_chain,3,0.0,0.35333333333333333,0.3525487044591964
hardened_v3_event,5000,43,normal_staggered,profile_poisoning_chain,4,0.0,0.38166666666666665,0.3956072906772516
sequence_v4,5000,43,normal_staggered,stealth_mimicry_ato,1,0.0,0.24486666666666676,0.2630393252265318
sequence_v4,5000,43,normal_staggered,stealth_mimicry_ato,2,0.0,0.253024426679062,0.27652595244983674
sequence_v4,5000,43,normal_staggered,stealth_mimicry_ato,3,0.0,0.3803802308652868,0.3161974006709891
sequence_v4,5000,43,normal_staggered,stealth_mimicry_ato,4,0.0,0.4801530937396619,0.3504960773532246
sequence_v4,5000,43,normal_staggered,slow_credential_probe,1,0.0,0.42205270833333336,0.282821985180231
sequence_v4,5000,43,normal_staggered,slow_credential_probe,2,0.0,0.5239901527103898,0.2804461265819722
sequence_v4,5000,43,normal_staggered,slow_credential_probe,3,0.0,0.6021764886166471,0.32309244804408854
sequence_v4,5000,43,normal_staggered,slow_credential_probe,4,0.0,0.6325864382744766,0.4132013076255963
sequence_v4,5000,43,normal_staggered,session_replay_chain,1,0.0,0.24692625,0.27109854825941654
sequence_v4,5000,43,normal_staggered,session_replay_chain,2,0.0,0.4667019986958187,0.3095924540225165
sequence_v4,5000,43,normal_staggered,session_replay_chain,3,0.3333333333333333,0.7154174816889536,0.34864335322857515
sequence_v4,5000,43,normal_staggered,session_replay_chain,4,0.8333333333333334,0.9213136902685871,0.3942341156837171
sequence_v4,5000,43,normal_staggered,gradual_exfiltration,1,0.0,0.24486666666666676,0.26709676169455837
sequence_v4,5000,43,normal_staggered,gradual_exfiltration,2,0.0,0.253024426679062,0.27789517656593327
sequence_v4,5000,43,normal_staggered,gradual_exfiltration,3,0.0,0.3590796058652868,0.30452698561891683
sequence_v4,5000,43,normal_staggered,gradual_exfiltration,4,0.08333333333333333,0.5565387080119035,0.3226096969814681
sequence_v4,5000,43,normal_staggered,distributed_lateral_drift,1,0.0,0.28750000000000003,0.2708250860573922
sequence_v4,5000,43,normal_staggered,distributed_lateral_drift,2,0.0,0.3705574837196338,0.28131107508812
sequence_v4,5000,43,normal_staggered,distributed_lateral_drift,3,0.0,0.4443677116864565,0.27173248326659344
sequence_v4,5000,43,normal_staggered,distributed_lateral_drift,4,0.0,0.5032261760850419,0.27300184123683874
sequence_v4,5000,43,normal_staggered,profile_poisoning_chain,1,0.0,0.31324291666666665,0.27733743221609636
sequence_v4,5000,43,normal_staggered,profile_poisoning_chain,2,0.0,0.5165472396582,0.3120440940982773
sequence_v4,5000,43,normal_staggered,profile_poisoning_chain,3,0.16666666666666666,0.6197302245014545,0.3525487044591964
sequence_v4,5000,43,normal_staggered,profile_poisoning_chain,4,0.3333333333333333,0.7867405108074571,0.3956072906772516
hardened_v3_event,5000,43,normal_nat_burst,stealth_mimicry_ato,1,0.0,0.24083333333333337,0.2626789990923259
hardened_v3_event,5000,43,normal_nat_burst,stealth_mimicry_ato,2,0.0,0.1691666666666667,0.2588491899459197
hardened_v3_event,5000,43,normal_nat_burst,stealth_mimicry_ato,3,0.0,0.2850000000000001,0.3138172348390565
hardened_v3_event,5000,43,normal_nat_burst,stealth_mimicry_ato,4,0.0,0.2108333333333334,0.32793660959055965
hardened_v3_event,5000,43,normal_nat_burst,slow_credential_probe,1,0.0,0.36833333333333335,0.2827382319530232
hardened_v3_event,5000,43,normal_nat_burst,slow_credential_probe,2,0.0,0.3333333333333333,0.262689600597812
hardened_v3_event,5000,43,normal_nat_burst,slow_credential_probe,3,0.0,0.4666666666666666,0.3205803038831431
hardened_v3_event,5000,43,normal_nat_burst,slow_credential_probe,4,0.0,0.38000000000000006,0.39038993082941437
hardened_v3_event,5000,43,normal_nat_burst,session_replay_chain,1,0.0,0.2591666666666667,0.2766422434123521
hardened_v3_event,5000,43,normal_nat_burst,session_replay_chain,2,0.0,0.2591666666666667,0.3149059429458814
hardened_v3_event,5000,43,normal_nat_burst,session_replay_chain,3,0.0,0.31250000000000006,0.35386378392042445
hardened_v3_event,5000,43,normal_nat_burst,session_replay_chain,4,0.0,0.4033333333333333,0.3993073776602314
hardened_v3_event,5000,43,normal_nat_burst,gradual_exfiltration,1,0.0,0.24083333333333337,0.2668691025585766
hardened_v3_event,5000,43,normal_nat_burst,gradual_exfiltration,2,0.0,0.1691666666666667,0.26016902978388706
hardened_v3_event,5000,43,normal_nat_burst,gradual_exfiltration,3,0.0,0.31416666666666676,0.30202074077871605
hardened_v3_event,5000,43,normal_nat_burst,gradual_exfiltration,4,0.0,0.30833333333333335,0.2998814586074086
hardened_v3_event,5000,43,normal_nat_burst,distributed_lateral_drift,1,0.0,0.18,0.2491963081080837
hardened_v3_event,5000,43,normal_nat_burst,distributed_lateral_drift,2,0.0,0.31500000000000006,0.26230851383768766
hardened_v3_event,5000,43,normal_nat_burst,distributed_lateral_drift,3,0.0,0.35375,0.27755818624032336
hardened_v3_event,5000,43,normal_nat_burst,distributed_lateral_drift,4,0.0,0.39,0.2770513653235641
hardened_v3_event,5000,43,normal_nat_burst,profile_poisoning_chain,1,0.0,0.2591666666666667,0.2827246910301722
hardened_v3_event,5000,43,normal_nat_burst,profile_poisoning_chain,2,0.0,0.3583333333333334,0.30957219963336374
hardened_v3_event,5000,43,normal_nat_burst,profile_poisoning_chain,3,0.0,0.43333333333333335,0.34929223247638125
hardened_v3_event,5000,43,normal_nat_burst,profile_poisoning_chain,4,0.0,0.39000000000000007,0.39003662393623406
sequence_v4,5000,43,normal_nat_burst,stealth_mimicry_ato,1,0.0,0.25576666666666675,0.2626789990923259
sequence_v4,5000,43,normal_nat_burst,stealth_mimicry_ato,2,0.0,0.2816201032168602,0.2588491899459197
sequence_v4,5000,43,normal_nat_burst,stealth_mimicry_ato,3,0.0,0.4039228954977426,0.3138172348390565
sequence_v4,5000,43,normal_nat_burst,stealth_mimicry_ato,4,0.0,0.5056216023083565,0.32793660959055965
sequence_v4,5000,43,normal_nat_burst,slow_credential_probe,1,0.0,0.42461166666666667,0.2827382319530232
sequence_v4,5000,43,normal_nat_burst,slow_credential_probe,2,0.0,0.5247835005518268,0.262689600597812
sequence_v4,5000,43,normal_nat_burst,slow_credential_probe,3,0.0,0.6049928482604905,0.3205803038831431
sequence_v4,5000,43,normal_nat_burst,slow_credential_probe,4,0.16666666666666666,0.619627567364876,0.39038993082941437
sequence_v4,5000,43,normal_nat_burst,session_replay_chain,1,0.0,0.2815333333333334,0.2766422434123521
sequence_v4,5000,43,normal_nat_burst,session_replay_chain,2,0.0,0.5186627076500284,0.3149059429458814
sequence_v4,5000,43,normal_nat_burst,session_replay_chain,3,0.5,0.7767441233764604,0.35386378392042445
sequence_v4,5000,43,normal_nat_burst,session_replay_chain,4,0.8333333333333334,0.9415287736936384,0.3993073776602314
sequence_v4,5000,43,normal_nat_burst,gradual_exfiltration,1,0.0,0.25576666666666675,0.2668691025585766
sequence_v4,5000,43,normal_nat_burst,gradual_exfiltration,2,0.0,0.2816201032168602,0.26016902978388706
sequence_v4,5000,43,normal_nat_burst,gradual_exfiltration,3,0.0,0.36921372883107595,0.30202074077871605
sequence_v4,5000,43,normal_nat_burst,gradual_exfiltration,4,0.0,0.5623045340503589,0.2998814586074086
sequence_v4,5000,43,normal_nat_burst,distributed_lateral_drift,1,0.0,0.2596,0.2491963081080837
sequence_v4,5000,43,normal_nat_burst,distributed_lateral_drift,2,0.0,0.3497612441015633,0.26230851383768766
sequence_v4,5000,43,normal_nat_burst,distributed_lateral_drift,3,0.0,0.42946205839982965,0.27755818624032336
sequence_v4,5000,43,normal_nat_burst,distributed_lateral_drift,4,0.0,0.5138398885711972,0.2770513653235641
sequence_v4,5000,43,normal_nat_burst,profile_poisoning_chain,1,0.0,0.3334983333333333,0.2827246910301722
sequence_v4,5000,43,normal_nat_burst,profile_poisoning_chain,2,0.16666666666666666,0.5756983333333333,0.30957219963336374
sequence_v4,5000,43,normal_nat_burst,profile_poisoning_chain,3,0.3333333333333333,0.6853966424961347,0.34929223247638125
sequence_v4,5000,43,normal_nat_burst,profile_poisoning_chain,4,0.5,0.8420307945967033,0.39003662393623406
hardened_v3_event,5000,44,normal_staggered,stealth_mimicry_ato,1,0.0,0.17916666666666667,0.2617002765179927
hardened_v3_event,5000,44,normal_staggered,stealth_mimicry_ato,2,0.0,0.14916666666666664,0.2774706280791031
hardened_v3_event,5000,44,normal_staggered,stealth_mimicry_ato,3,0.0,0.2566666666666667,0.31485650835027845
hardened_v3_event,5000,44,normal_staggered,stealth_mimicry_ato,4,0.0,0.20249999999999999,0.3461521379454857
hardened_v3_event,5000,44,normal_staggered,slow_credential_probe,1,0.0,0.3125,0.2824953949875076
hardened_v3_event,5000,44,normal_staggered,slow_credential_probe,2,0.0,0.3500000000000001,0.28114356558768505
hardened_v3_event,5000,44,normal_staggered,slow_credential_probe,3,0.08333333333333333,0.4433333333333333,0.32277809869975804
hardened_v3_event,5000,44,normal_staggered,slow_credential_probe,4,0.0,0.37666666666666665,0.406607155352852
hardened_v3_event,5000,44,normal_staggered,session_replay_chain,1,0.0,0.1225,0.2724774930812516
hardened_v3_event,5000,44,normal_staggered,session_replay_chain,2,0.0,0.1225,0.3076221485791638
hardened_v3_event,5000,44,normal_staggered,session_replay_chain,3,0.0,0.1675,0.34990783630086697
hardened_v3_event,5000,44,normal_staggered,session_replay_chain,4,0.08333333333333333,0.25833333333333336,0.3959250257132088
hardened_v3_event,5000,44,normal_staggered,gradual_exfiltration,1,0.0,0.17916666666666667,0.26686855281861016
hardened_v3_event,5000,44,normal_staggered,gradual_exfiltration,2,0.0,0.14916666666666664,0.2802020986949209
hardened_v3_event,5000,44,normal_staggered,gradual_exfiltration,3,0.0,0.30333333333333334,0.3039181721232654
hardened_v3_event,5000,44,normal_staggered,gradual_exfiltration,4,0.0,0.2816666666666667,0.31617581786567145
hardened_v3_event,5000,44,normal_staggered,distributed_lateral_drift,1,0.0,0.2,0.2706753755155461
hardened_v3_event,5000,44,normal_staggered,distributed_lateral_drift,2,0.0,0.31500000000000006,0.2778764970402428
hardened_v3_event,5000,44,normal_staggered,distributed_lateral_drift,3,0.0,0.275,0.273951409350077
hardened_v3_event,5000,44,normal_staggered,distributed_lateral_drift,4,0.0,0.29875,0.2750963264893165
hardened_v3_event,5000,44,normal_staggered,profile_poisoning_chain,1,0.0,0.11416666666666668,0.27717058662850613
hardened_v3_event,5000,44,normal_staggered,profile_poisoning_chain,2,0.0,0.26,0.3117778683374011
hardened_v3_event,5000,44,normal_staggered,profile_poisoning_chain,3,0.0,0.35333333333333333,0.35040527667057453
hardened_v3_event,5000,44,normal_staggered,profile_poisoning_chain,4,0.0,0.37333333333333335,0.3975649876255923
sequence_v4,5000,44,normal_staggered,stealth_mimicry_ato,1,0.0,0.23973333333333338,0.2617002765179927
sequence_v4,5000,44,normal_staggered,stealth_mimicry_ato,2,0.0,0.2605326579451913,0.2774706280791031
sequence_v4,5000,44,normal_staggered,stealth_mimicry_ato,3,0.0,0.4002155345206531,0.31485650835027845
sequence_v4,5000,44,normal_staggered,stealth_mimicry_ato,4,0.0,0.5212787166607535,0.3461521379454857
sequence_v4,5000,44,normal_staggered,slow_credential_probe,1,0.0,0.4192775,0.2824953949875076
sequence_v4,5000,44,normal_staggered,slow_credential_probe,2,0.0,0.5251792091010649,0.28114356558768505
sequence_v4,5000,44,normal_staggered,slow_credential_probe,3,0.08333333333333333,0.6003747980935644,0.32277809869975804
sequence_v4,5000,44,normal_staggered,slow_credential_probe,4,0.0,0.6210276048211955,0.406607155352852
sequence_v4,5000,44,normal_staggered,session_replay_chain,1,0.0,0.2702595833333334,0.2724774930812516
sequence_v4,5000,44,normal_staggered,session_replay_chain,2,0.0,0.49606483699681253,0.3076221485791638
sequence_v4,5000,44,normal_staggered,session_replay_chain,3,0.5833333333333334,0.7678971526331709,0.34990783630086697
sequence_v4,5000,44,normal_staggered,session_replay_chain,4,0.8333333333333334,0.9220281964244975,0.3959250257132088
sequence_v4,5000,44,normal_staggered,gradual_exfiltration,1,0.0,0.23973333333333338,0.26686855281861016
sequence_v4,5000,44,normal_staggered,gradual_exfiltration,2,0.0,0.2605326579451913,0.2802020986949209
sequence_v4,5000,44,normal_staggered,gradual_exfiltration,3,0.0,0.38468157618731985,0.3039181721232654
sequence_v4,5000,44,normal_staggered,gradual_exfiltration,4,0.08333333333333333,0.5719222206324238,0.31617581786567145
sequence_v4,5000,44,normal_staggered,distributed_lateral_drift,1,0.0,0.27595000000000003,0.2706753755155461
sequence_v4,5000,44,normal_staggered,distributed_lateral_drift,2,0.0,0.3653567202530312,0.2778764970402428
sequence_v4,5000,44,normal_staggered,distributed_lateral_drift,3,0.0,0.4424399727195612,0.273951409350077
sequence_v4,5000,44,normal_staggered,distributed_lateral_drift,4,0.0,0.5004682364442099,0.2750963264893165
sequence_v4,5000,44,normal_staggered,profile_poisoning_chain,1,0.0,0.3240708333333333,0.27717058662850613
sequence_v4,5000,44,normal_staggered,profile_poisoning_chain,2,0.0,0.5063917321761301,0.3117778683374011
sequence_v4,5000,44,normal_staggered,profile_poisoning_chain,3,0.16666666666666666,0.6241838188082984,0.35040527667057453
sequence_v4,5000,44,normal_staggered,profile_poisoning_chain,4,0.4166666666666667,0.8048712319987695,0.3975649876255923
hardened_v3_event,5000,44,normal_nat_burst,stealth_mimicry_ato,1,0.0,0.2166666666666667,0.2602103573546832
hardened_v3_event,5000,44,normal_nat_burst,stealth_mimicry_ato,2,0.0,0.13583333333333333,0.25323101827117106
hardened_v3_event,5000,44,normal_nat_burst,stealth_mimicry_ato,3,0.0,0.2666666666666667,0.31230886495539856
hardened_v3_event,5000,44,normal_nat_burst,stealth_mimicry_ato,4,0.0,0.19833333333333336,0.32589662834948757
hardened_v3_event,5000,44,normal_nat_burst,slow_credential_probe,1,0.0,0.36333333333333334,0.2810066475338692
hardened_v3_event,5000,44,normal_nat_burst,slow_credential_probe,2,0.0,0.29000000000000004,0.25687068796014495
hardened_v3_event,5000,44,normal_nat_burst,slow_credential_probe,3,0.0,0.4633333333333333,0.3201945108255197
hardened_v3_event,5000,44,normal_nat_burst,slow_credential_probe,4,0.0,0.36999999999999994,0.38642354510808974
hardened_v3_event,5000,44,normal_nat_burst,session_replay_chain,1,0.0,0.25750000000000006,0.27519981773715096
hardened_v3_event,5000,44,normal_nat_burst,session_replay_chain,2,0.0,0.25750000000000006,0.3104416553053125
hardened_v3_event,5000,44,normal_nat_burst,session_replay_chain,3,0.0,0.305,0.3529833657196759
hardened_v3_event,5000,44,normal_nat_burst,session_replay_chain,4,0.0,0.40166666666666667,0.39930707725428816
hardened_v3_event,5000,44,normal_nat_burst,gradual_exfiltration,1,0.0,0.2166666666666667,0.26556337918407863
hardened_v3_event,5000,44,normal_nat_burst,gradual_exfiltration,2,0.0,0.13,0.2563326587838182
hardened_v3_event,5000,44,normal_nat_burst,gradual_exfiltration,3,0.0,0.2958333333333334,0.30180905786764173
hardened_v3_event,5000,44,normal_nat_burst,gradual_exfiltration,4,0.0,0.2525,0.29646250358795406
hardened_v3_event,5000,44,normal_nat_burst,distributed_lateral_drift,1,0.0,0.1925,0.25140955888970345
hardened_v3_event,5000,44,normal_nat_burst,distributed_lateral_drift,2,0.0,0.33875000000000005,0.2627878993476387
hardened_v3_event,5000,44,normal_nat_burst,distributed_lateral_drift,3,0.0,0.34125,0.27202740003265147
hardened_v3_event,5000,44,normal_nat_burst,distributed_lateral_drift,4,0.0,0.37625000000000003,0.27118329457578644
hardened_v3_event,5000,44,normal_nat_burst,profile_poisoning_chain,1,0.0,0.25750000000000006,0.2800112630332479
hardened_v3_event,5000,44,normal_nat_burst,profile_poisoning_chain,2,0.0,0.35500000000000004,0.3066770692253424
hardened_v3_event,5000,44,normal_nat_burst,profile_poisoning_chain,3,0.0,0.3866666666666667,0.3460909626373006
hardened_v3_event,5000,44,normal_nat_burst,profile_poisoning_chain,4,0.0,0.37166666666666676,0.38947409406422523
sequence_v4,5000,44,normal_nat_burst,stealth_mimicry_ato,1,0.0,0.23910000000000006,0.2602103573546832
sequence_v4,5000,44,normal_nat_burst,stealth_mimicry_ato,2,0.0,0.2574719183482784,0.25323101827117106
sequence_v4,5000,44,normal_nat_burst,stealth_mimicry_ato,3,0.0,0.38078704743796266,0.31230886495539856
sequence_v4,5000,44,normal_nat_burst,stealth_mimicry_ato,4,0.0,0.48695604929243347,0.32589662834948757
sequence_v4,5000,44,normal_nat_burst,slow_credential_probe,1,0.0,0.425008125,0.2810066475338692
sequence_v4,5000,44,normal_nat_burst,slow_credential_probe,2,0.0,0.5005740733003791,0.25687068796014495
sequence_v4,5000,44,normal_nat_burst,slow_credential_probe,3,0.0,0.5960214988330946,0.3201945108255197
sequence_v4,5000,44,normal_nat_burst,slow_credential_probe,4,0.0,0.6100464604625754,0.38642354510808974
sequence_v4,5000,44,normal_nat_burst,session_replay_chain,1,0.0,0.28883333333333344,0.27519981773715096
sequence_v4,5000,44,normal_nat_burst,session_replay_chain,2,0.0,0.5238443849972626,0.3104416553053125
sequence_v4,5000,44,normal_nat_burst,session_replay_chain,3,0.5,0.8028075090345167,0.3529833657196759
sequence_v4,5000,44,normal_nat_burst,session_replay_chain,4,0.9166666666666666,0.9707643868468191,0.39930707725428816
sequence_v4,5000,44,normal_nat_burst,gradual_exfiltration,1,0.0,0.23910000000000006,0.26556337918407863
sequence_v4,5000,44,normal_nat_burst,gradual_exfiltration,2,0.0,0.2517052516816117,0.2563326587838182
sequence_v4,5000,44,normal_nat_burst,gradual_exfiltration,3,0.0,0.3447080949362733,0.30180905786764173
sequence_v4,5000,44,normal_nat_burst,gradual_exfiltration,4,0.08333333333333333,0.5068821543440521,0.29646250358795406
sequence_v4,5000,44,normal_nat_burst,distributed_lateral_drift,1,0.0,0.26345,0.25140955888970345
sequence_v4,5000,44,normal_nat_burst,distributed_lateral_drift,2,0.0,0.37620743525845146,0.2627878993476387
sequence_v4,5000,44,normal_nat_burst,distributed_lateral_drift,3,0.0,0.45303229377474197,0.27202740003265147
sequence_v4,5000,44,normal_nat_burst,distributed_lateral_drift,4,0.0,0.528688493911986,0.27118329457578644
sequence_v4,5000,44,normal_nat_burst,profile_poisoning_chain,1,0.0,0.33877583333333333,0.2800112630332479
sequence_v4,5000,44,normal_nat_burst,profile_poisoning_chain,2,0.0,0.5432154671852072,0.3066770692253424
sequence_v4,5000,44,normal_nat_burst,profile_poisoning_chain,3,0.25,0.6891620744355399,0.3460909626373006
sequence_v4,5000,44,normal_nat_burst,profile_poisoning_chain,4,0.5833333333333334,0.7996958889223743,0.38947409406422523
hardened_v3_event,5000,45,normal_staggered,stealth_mimicry_ato,1,0.0,0.18916666666666668,0.25614831837405544
hardened_v3_event,5000,45,normal_staggered,stealth_mimicry_ato,2,0.0,0.10083333333333333,0.2706848862814279
hardened_v3_event,5000,45,normal_staggered,stealth_mimicry_ato,3,0.0,0.22500000000000006,0.3082191864313484
hardened_v3_event,5000,45,normal_staggered,stealth_mimicry_ato,4,0.0,0.19833333333333336,0.33954253868473744
hardened_v3_event,5000,45,normal_staggered,slow_credential_probe,1,0.0,0.31,0.2767551476843192
hardened_v3_event,5000,45,normal_staggered,slow_credential_probe,2,0.0,0.2808333333333333,0.2732554916398211
hardened_v3_event,5000,45,normal_staggered,slow_credential_probe,3,0.0,0.425,0.31578296487216806
hardened_v3_event,5000,45,normal_staggered,slow_credential_probe,4,0.0,0.38999999999999996,0.4017908192742862
hardened_v3_event,5000,45,normal_staggered,session_replay_chain,1,0.0,0.08416666666666667,0.2644402509947334
hardened_v3_event,5000,45,normal_staggered,session_replay_chain,2,0.0,0.07833333333333334,0.3009814004396236
hardened_v3_event,5000,45,normal_staggered,session_replay_chain,3,0.0,0.1441666666666667,0.34055501852476217
hardened_v3_event,5000,45,normal_staggered,session_replay_chain,4,0.0,0.2283333333333333,0.38670298697803146
hardened_v3_event,5000,45,normal_staggered,gradual_exfiltration,1,0.0,0.18916666666666668,0.2622513604932251
hardened_v3_event,5000,45,normal_staggered,gradual_exfiltration,2,0.0,0.10083333333333333,0.27131979723413224
hardened_v3_event,5000,45,normal_staggered,gradual_exfiltration,3,0.0,0.26583333333333337,0.2952918687824704
hardened_v3_event,5000,45,normal_staggered,gradual_exfiltration,4,0.0,0.2816666666666667,0.3106888602569781
hardened_v3_event,5000,45,normal_staggered,distributed_lateral_drift,1,0.0,0.21500000000000002,0.26787609628237263
hardened_v3_event,5000,45,normal_staggered,distributed_lateral_drift,2,0.0,0.31500000000000006,0.2705903824185534
hardened_v3_event,5000,45,normal_staggered,distributed_lateral_drift,3,0.0,0.27,0.2696763831467487
hardened_v3_event,5000,45,normal_staggered,distributed_lateral_drift,4,0.0,0.28625,0.2635265912362862
hardened_v3_event,5000,45,normal_staggered,profile_poisoning_chain,1,0.0,0.08416666666666667,0.26911658247742093
hardened_v3_event,5000,45,normal_staggered,profile_poisoning_chain,2,0.0,0.21,0.3040618615886035
hardened_v3_event,5000,45,normal_staggered,profile_poisoning_chain,3,0.0,0.29833333333333334,0.34432599123667673
hardened_v3_event,5000,45,normal_staggered,profile_poisoning_chain,4,0.0,0.315,0.3895161312987427
sequence_v4,5000,45,normal_staggered,stealth_mimicry_ato,1,0.0,0.22243333333333337,0.25614831837405544
sequence_v4,5000,45,normal_staggered,stealth_mimicry_ato,2,0.0,0.22337113784425663,0.2706848862814279
sequence_v4,5000,45,normal_staggered,stealth_mimicry_ato,3,0.0,0.33200304804879327,0.3082191864313484
sequence_v4,5000,45,normal_staggered,stealth_mimicry_ato,4,0.0,0.4209582756602787,0.33954253868473744
sequence_v4,5000,45,normal_staggered,slow_credential_probe,1,0.0,0.4025902083333334,0.2767551476843192
sequence_v4,5000,45,normal_staggered,slow_credential_probe,2,0.0,0.4791972771839692,0.2732554916398211
sequence_v4,5000,45,normal_staggered,slow_credential_probe,3,0.0,0.5564861220301424,0.31578296487216806
sequence_v4,5000,45,normal_staggered,slow_credential_probe,4,0.0,0.5891829011684067,0.4017908192742862
sequence_v4,5000,45,normal_staggered,session_replay_chain,1,0.0,0.2526929166666667,0.2644402509947334
sequence_v4,5000,45,normal_staggered,session_replay_chain,2,0.0,0.4724501705785615,0.3009814004396236
sequence_v4,5000,45,normal_staggered,session_replay_chain,3,0.5,0.7384419780217023,0.34055501852476217
sequence_v4,5000,45,normal_staggered,session_replay_chain,4,0.8333333333333334,0.927794863091164,0.38670298697803146
sequence_v4,5000,45,normal_staggered,gradual_exfiltration,1,0.0,0.22243333333333337,0.2622513604932251
sequence_v4,5000,45,normal_staggered,gradual_exfiltration,2,0.0,0.22337113784425663,0.27131979723413224
sequence_v4,5000,45,normal_staggered,gradual_exfiltration,3,0.0,0.31160242304879326,0.2952918687824704
sequence_v4,5000,45,normal_staggered,gradual_exfiltration,4,0.08333333333333333,0.4760560443956787,0.3106888602569781
sequence_v4,5000,45,normal_staggered,distributed_lateral_drift,1,0.0,0.2548,0.26787609628237263
sequence_v4,5000,45,normal_staggered,distributed_lateral_drift,2,0.0,0.33993942437745034,0.2705903824185534
sequence_v4,5000,45,normal_staggered,distributed_lateral_drift,3,0.0,0.38754732391324703,0.2696763831467487
sequence_v4,5000,45,normal_staggered,distributed_lateral_drift,4,0.0,0.43564852587056013,0.2635265912362862
sequence_v4,5000,45,normal_staggered,profile_poisoning_chain,1,0.0,0.31324291666666665,0.26911658247742093
sequence_v4,5000,45,normal_staggered,profile_poisoning_chain,2,0.0,0.4411191863022295,0.3040618615886035
sequence_v4,5000,45,normal_staggered,profile_poisoning_chain,3,0.08333333333333333,0.5620571544739316,0.34432599123667673
sequence_v4,5000,45,normal_staggered,profile_poisoning_chain,4,0.08333333333333333,0.7110361454893864,0.3895161312987427
hardened_v3_event,5000,45,normal_nat_burst,stealth_mimicry_ato,1,0.0,0.2166666666666667,0.259574813827672
hardened_v3_event,5000,45,normal_nat_burst,stealth_mimicry_ato,2,0.0,0.1575,0.2604394396562749
hardened_v3_event,5000,45,normal_nat_burst,stealth_mimicry_ato,3,0.0,0.2666666666666667,0.3121281181316495
hardened_v3_event,5000,45,normal_nat_burst,stealth_mimicry_ato,4,0.0,0.2066666666666667,0.3327089592229139
hardened_v3_event,5000,45,normal_nat_burst,slow_credential_probe,1,0.0,0.3433333333333333,0.2801167210619621
hardened_v3_event,5000,45,normal_nat_burst,slow_credential_probe,2,0.0,0.3316666666666667,0.2631700306230566
hardened_v3_event,5000,45,normal_nat_burst,slow_credential_probe,3,0.0,0.4633333333333333,0.3198491147645079
hardened_v3_event,5000,45,normal_nat_burst,slow_credential_probe,4,0.0,0.38999999999999996,0.3951746424323936
hardened_v3_event,5000,45,normal_nat_burst,session_replay_chain,1,0.0,0.24666666666666667,0.27459397790851864
hardened_v3_event,5000,45,normal_nat_burst,session_replay_chain,2,0.0,0.24083333333333337,0.3112016032486449
hardened_v3_event,5000,45,normal_nat_burst,session_replay_chain,3,0.0,0.2941666666666667,0.3507679765619173
hardened_v3_event,5000,45,normal_nat_burst,session_replay_chain,4,0.0,0.385,0.3969012616404373
hardened_v3_event,5000,45,normal_nat_burst,gradual_exfiltration,1,0.0,0.2166666666666667,0.26548654458640875
hardened_v3_event,5000,45,normal_nat_burst,gradual_exfiltration,2,0.0,0.1575,0.261048871039011
hardened_v3_event,5000,45,normal_nat_burst,gradual_exfiltration,3,0.0,0.30750000000000005,0.2991356822526569
hardened_v3_event,5000,45,normal_nat_burst,gradual_exfiltration,4,0.0,0.29000000000000004,0.30384025584336555
hardened_v3_event,5000,45,normal_nat_burst,distributed_lateral_drift,1,0.0,0.255,0.2665661392205726
hardened_v3_event,5000,45,normal_nat_burst,distributed_lateral_drift,2,0.0,0.33,0.2629189727729021
hardened_v3_event,5000,45,normal_nat_burst,distributed_lateral_drift,3,0.0,0.31500000000000006,0.27084959477870685
hardened_v3_event,5000,45,normal_nat_burst,distributed_lateral_drift,4,0.0,0.34875,0.27168932792750966
hardened_v3_event,5000,45,normal_nat_burst,profile_poisoning_chain,1,0.0,0.24666666666666667,0.2791315138311656
hardened_v3_event,5000,45,normal_nat_burst,profile_poisoning_chain,2,0.0,0.355,0.3070513922536672
hardened_v3_event,5000,45,normal_nat_burst,profile_poisoning_chain,3,0.0,0.38833333333333336,0.3458637536002307
hardened_v3_event,5000,45,normal_nat_burst,profile_poisoning_chain,4,0.0,0.37166666666666676,0.389058864423148
sequence_v4,5000,45,normal_nat_burst,stealth_mimicry_ato,1,0.0,0.23910000000000006,0.259574813827672
sequence_v4,5000,45,normal_nat_burst,stealth_mimicry_ato,2,0.0,0.2580028450421672,0.2604394396562749
sequence_v4,5000,45,normal_nat_burst,stealth_mimicry_ato,3,0.0,0.38222588329594237,0.3121281181316495
sequence_v4,5000,45,normal_nat_burst,stealth_mimicry_ato,4,0.0,0.48124628567184985,0.3327089592229139
sequence_v4,5000,45,normal_nat_burst,slow_credential_probe,1,0.0,0.415493125,0.2801167210619621
sequence_v4,5000,45,normal_nat_burst,slow_credential_probe,2,0.0,0.5123792188863746,0.2631700306230566
sequence_v4,5000,45,normal_nat_burst,slow_credential_probe,3,0.0,0.5990876449240118,0.3198491147645079
sequence_v4,5000,45,normal_nat_burst,slow_credential_probe,4,0.08333333333333333,0.6129631654101552,0.3951746424323936
sequence_v4,5000,45,normal_nat_burst,session_replay_chain,1,0.0,0.288746875,0.27459397790851864
sequence_v4,5000,45,normal_nat_burst,session_replay_chain,2,0.08333333333333333,0.5323588645985753,0.3112016032486449
sequence_v4,5000,45,normal_nat_burst,session_replay_chain,3,0.5833333333333334,0.7939781869836112,0.3507679765619173
sequence_v4,5000,45,normal_nat_burst,session_replay_chain,4,0.8333333333333334,0.9417470592961129,0.3969012616404373
sequence_v4,5000,45,normal_nat_burst,gradual_exfiltration,1,0.0,0.23910000000000006,0.26548654458640875
sequence_v4,5000,45,normal_nat_burst,gradual_exfiltration,2,0.0,0.2580028450421672,0.261048871039011
sequence_v4,5000,45,normal_nat_burst,gradual_exfiltration,3,0.0,0.3621146332959424,0.2991356822526569
sequence_v4,5000,45,normal_nat_burst,gradual_exfiltration,4,0.08333333333333333,0.5310360760945434,0.30384025584336555
sequence_v4,5000,45,normal_nat_burst,distributed_lateral_drift,1,0.0,0.29615,0.2665661392205726
sequence_v4,5000,45,normal_nat_burst,distributed_lateral_drift,2,0.0,0.3699287523886204,0.2629189727729021
sequence_v4,5000,45,normal_nat_burst,distributed_lateral_drift,3,0.0,0.4146759600231299,0.27084959477870685
sequence_v4,5000,45,normal_nat_burst,distributed_lateral_drift,4,0.0,0.48515473052805314,0.27168932792750966
sequence_v4,5000,45,normal_nat_burst,profile_poisoning_chain,1,0.0,0.34463520833333333,0.2791315138311656
sequence_v4,5000,45,normal_nat_burst,profile_poisoning_chain,2,0.08333333333333333,0.5448733966460418,0.3070513922536672
sequence_v4,5000,45,normal_nat_burst,profile_poisoning_chain,3,0.3333333333333333,0.7040040303918369,0.3458637536002307
sequence_v4,5000,45,normal_nat_burst,profile_poisoning_chain,4,0.5833333333333334,0.788503577651145,0.389058864423148
hardened_v3_event,5000,46,normal_staggered,stealth_mimicry_ato,1,0.0,0.20750000000000002,0.26529216757882235
hardened_v3_event,5000,46,normal_staggered,stealth_mimicry_ato,2,0.0,0.1475,0.27939017590492704
hardened_v3_event,5000,46,normal_staggered,stealth_mimicry_ato,3,0.0,0.2591666666666667,0.31538149206319194
hardened_v3_event,5000,46,normal_staggered,stealth_mimicry_ato,4,0.0,0.2041666666666667,0.3508976032465612
hardened_v3_event,5000,46,normal_staggered,slow_credential_probe,1,0.0,0.3333333333333333,0.2849776677020936
hardened_v3_event,5000,46,normal_staggered,slow_credential_probe,2,0.0,0.2825,0.2839635265901198
hardened_v3_event,5000,46,normal_staggered,slow_credential_probe,3,0.0,0.4433333333333333,0.32354099686976956
hardened_v3_event,5000,46,normal_staggered,slow_credential_probe,4,0.0,0.38166666666666665,0.40996908449239405
hardened_v3_event,5000,46,normal_staggered,session_replay_chain,1,0.0,0.13166666666666665,0.2731716050273123
hardened_v3_event,5000,46,normal_staggered,session_replay_chain,2,0.0,0.12583333333333332,0.3094281687232337
hardened_v3_event,5000,46,normal_staggered,session_replay_chain,3,0.0,0.16749999999999998,0.35038047464918426
hardened_v3_event,5000,46,normal_staggered,session_replay_chain,4,0.0,0.26999999999999996,0.39448789367410103
hardened_v3_event,5000,46,normal_staggered,gradual_exfiltration,1,0.0,0.20750000000000002,0.2690743925066503
hardened_v3_event,5000,46,normal_staggered,gradual_exfiltration,2,0.0,0.1475,0.28122356316265085
hardened_v3_event,5000,46,normal_staggered,gradual_exfiltration,3,0.0,0.2883333333333334,0.3038767379847897
hardened_v3_event,5000,46,normal_staggered,gradual_exfiltration,4,0.0,0.2816666666666667,0.3202655859346279
hardened_v3_event,5000,46,normal_staggered,distributed_lateral_drift,1,0.0,0.22249999999999998,0.2733585631642489
hardened_v3_event,5000,46,normal_staggered,distributed_lateral_drift,2,0.0,0.28,0.2752258617182458
hardened_v3_event,5000,46,normal_staggered,distributed_lateral_drift,3,0.0,0.30625,0.2774084512722591
hardened_v3_event,5000,46,normal_staggered,distributed_lateral_drift,4,0.0,0.3275,0.2778356817489379
hardened_v3_event,5000,46,normal_staggered,profile_poisoning_chain,1,0.0,0.12583333333333332,0.2777315431879135
hardened_v3_event,5000,46,normal_staggered,profile_poisoning_chain,2,0.0,0.30000000000000004,0.3109872688969841
hardened_v3_event,5000,46,normal_staggered,profile_poisoning_chain,3,0.0,0.33,0.35217483236415487
hardened_v3_event,5000,46,normal_staggered,profile_poisoning_chain,4,0.0,0.3666666666666667,0.39664495572202085
sequence_v4,5000,46,normal_staggered,stealth_mimicry_ato,1,0.0,0.2506333333333334,0.26529216757882235
sequence_v4,5000,46,normal_staggered,stealth_mimicry_ato,2,0.0,0.2664599184601721,0.27939017590492704
sequence_v4,5000,46,normal_staggered,stealth_mimicry_ato,3,0.0,0.39922673164361067,0.31538149206319194
sequence_v4,5000,46,normal_staggered,stealth_mimicry_ato,4,0.0,0.5106873079324447,0.3508976032465612
sequence_v4,5000,46,normal_staggered,slow_credential_probe,1,0.0,0.42363854166666665,0.2849776677020936
sequence_v4,5000,46,normal_staggered,slow_credential_probe,2,0.0,0.5006717647916985,0.2839635265901198
sequence_v4,5000,46,normal_staggered,slow_credential_probe,3,0.0,0.5940485794699257,0.32354099686976956
sequence_v4,5000,46,normal_staggered,slow_credential_probe,4,0.08333333333333333,0.6201165558155964,0.40996908449239405
sequence_v4,5000,46,normal_staggered,session_replay_chain,1,0.0,0.2699929166666667,0.2731716050273123
sequence_v4,5000,46,normal_staggered,session_replay_chain,2,0.0,0.5069946862267894,0.3094281687232337
sequence_v4,5000,46,normal_staggered,session_replay_chain,3,0.5,0.7705021234428484,0.35038047464918426
sequence_v4,5000,46,normal_staggered,session_replay_chain,4,0.75,0.928091559204395,0.39448789367410103
sequence_v4,5000,46,normal_staggered,gradual_exfiltration,1,0.0,0.2506333333333334,0.2690743925066503
sequence_v4,5000,46,normal_staggered,gradual_exfiltration,2,0.0,0.2664599184601721,0.28122356316265085
sequence_v4,5000,46,normal_staggered,gradual_exfiltration,3,0.0,0.364228189976944,0.3038767379847897
sequence_v4,5000,46,normal_staggered,gradual_exfiltration,4,0.0,0.5448591897446297,0.3202655859346279
sequence_v4,5000,46,normal_staggered,distributed_lateral_drift,1,0.0,0.27595000000000003,0.2733585631642489
sequence_v4,5000,46,normal_staggered,distributed_lateral_drift,2,0.0,0.36170290203018557,0.2752258617182458
sequence_v4,5000,46,normal_staggered,distributed_lateral_drift,3,0.0,0.4479559073165616,0.2774084512722591
sequence_v4,5000,46,normal_staggered,distributed_lateral_drift,4,0.0,0.48487134881437155,0.2778356817489379
sequence_v4,5000,46,normal_staggered,profile_poisoning_chain,1,0.0,0.32477624999999993,0.2777315431879135
sequence_v4,5000,46,normal_staggered,profile_poisoning_chain,2,0.0,0.5374098573182012,0.3109872688969841
sequence_v4,5000,46,normal_staggered,profile_poisoning_chain,3,0.25,0.6510165811227686,0.35217483236415487
sequence_v4,5000,46,normal_staggered,profile_poisoning_chain,4,0.5,0.8021126986113553,0.39664495572202085
hardened_v3_event,5000,46,normal_nat_burst,stealth_mimicry_ato,1,0.0,0.2166666666666667,0.261070752684258
hardened_v3_event,5000,46,normal_nat_burst,stealth_mimicry_ato,2,0.0,0.16666666666666666,0.26070759967728896
hardened_v3_event,5000,46,normal_nat_burst,stealth_mimicry_ato,3,0.0,0.25166666666666676,0.30683057306199935
hardened_v3_event,5000,46,normal_nat_burst,stealth_mimicry_ato,4,0.0,0.19166666666666668,0.33060180780361065
hardened_v3_event,5000,46,normal_nat_burst,slow_credential_probe,1,0.0,0.32,0.2807670623308607
hardened_v3_event,5000,46,normal_nat_burst,slow_credential_probe,2,0.0,0.2925,0.2653223396658143
hardened_v3_event,5000,46,normal_nat_burst,slow_credential_probe,3,0.0,0.4416666666666666,0.31485261829639666
hardened_v3_event,5000,46,normal_nat_burst,slow_credential_probe,4,0.0,0.375,0.3894316986610595
hardened_v3_event,5000,46,normal_nat_burst,session_replay_chain,1,0.0,0.23500000000000007,0.2755881033499284
hardened_v3_event,5000,46,normal_nat_burst,session_replay_chain,2,0.0,0.23500000000000007,0.3117420850745755
hardened_v3_event,5000,46,normal_nat_burst,session_replay_chain,3,0.0,0.2758333333333333,0.352732487402105
hardened_v3_event,5000,46,normal_nat_burst,session_replay_chain,4,0.0,0.385,0.39698741116258157
hardened_v3_event,5000,46,normal_nat_burst,gradual_exfiltration,1,0.0,0.2166666666666667,0.26500653052482803
hardened_v3_event,5000,46,normal_nat_burst,gradual_exfiltration,2,0.0,0.16666666666666666,0.26291459450350796
hardened_v3_event,5000,46,normal_nat_burst,gradual_exfiltration,3,0.0,0.2750000000000001,0.2957066045213089
hardened_v3_event,5000,46,normal_nat_burst,gradual_exfiltration,4,0.0,0.23916666666666667,0.3003885874846082
hardened_v3_event,5000,46,normal_nat_burst,distributed_lateral_drift,1,0.0,0.22999999999999998,0.2642337571651308
hardened_v3_event,5000,46,normal_nat_burst,distributed_lateral_drift,2,0.0,0.29250000000000004,0.25036258059508326
hardened_v3_event,5000,46,normal_nat_burst,distributed_lateral_drift,3,0.0,0.33,0.27659675414813356
hardened_v3_event,5000,46,normal_nat_burst,distributed_lateral_drift,4,0.0,0.3275,0.26392267182198553
hardened_v3_event,5000,46,normal_nat_burst,profile_poisoning_chain,1,0.0,0.23500000000000007,0.2798979992173073
hardened_v3_event,5000,46,normal_nat_burst,profile_poisoning_chain,2,0.0,0.3566666666666667,0.30711861749866326
hardened_v3_event,5000,46,normal_nat_burst,profile_poisoning_chain,3,0.0,0.3983333333333334,0.3454769701079992
hardened_v3_event,5000,46,normal_nat_burst,profile_poisoning_chain,4,0.0,0.37166666666666676,0.3871039449047387
sequence_v4,5000,46,normal_nat_burst,stealth_mimicry_ato,1,0.0,0.2333333333333334,0.261070752684258
sequence_v4,5000,46,normal_nat_burst,stealth_mimicry_ato,2,0.0,0.250718367229618,0.26070759967728896
sequence_v4,5000,46,normal_nat_burst,stealth_mimicry_ato,3,0.0,0.366393327164056,0.30683057306199935
sequence_v4,5000,46,normal_nat_burst,stealth_mimicry_ato,4,0.0,0.4574066651343253,0.33060180780361065
sequence_v4,5000,46,normal_nat_burst,slow_credential_probe,1,0.0,0.38309166666666666,0.2807670623308607
sequence_v4,5000,46,normal_nat_burst,slow_credential_probe,2,0.0,0.46955428799768617,0.2653223396658143
sequence_v4,5000,46,normal_nat_burst,slow_credential_probe,3,0.0,0.55930559600512,0.31485261829639666
sequence_v4,5000,46,normal_nat_burst,slow_credential_probe,4,0.0,0.574137731135861,0.3894316986610595
sequence_v4,5000,46,normal_nat_burst,session_replay_chain,1,0.0,0.2648666666666667,0.2755881033499284
sequence_v4,5000,46,normal_nat_burst,session_replay_chain,2,0.0,0.4777850307996252,0.3117420850745755
sequence_v4,5000,46,normal_nat_burst,session_replay_chain,3,0.5,0.733041633339553,0.352732487402105
sequence_v4,5000,46,normal_nat_burst,session_replay_chain,4,0.75,0.9125114461429321,0.39698741116258157
sequence_v4,5000,46,normal_nat_burst,gradual_exfiltration,1,0.0,0.2333333333333334,0.26500653052482803
sequence_v4,5000,46,normal_nat_burst,gradual_exfiltration,2,0.0,0.250718367229618,0.26291459450350796
sequence_v4,5000,46,normal_nat_burst,gradual_exfiltration,3,0.0,0.3256281188307227,0.2957066045213089
sequence_v4,5000,46,normal_nat_burst,gradual_exfiltration,4,0.0,0.4704793863409731,0.3003885874846082
sequence_v4,5000,46,normal_nat_burst,distributed_lateral_drift,1,0.0,0.2673,0.2642337571651308
sequence_v4,5000,46,normal_nat_burst,distributed_lateral_drift,2,0.0,0.34525556218458475,0.25036258059508326
sequence_v4,5000,46,normal_nat_burst,distributed_lateral_drift,3,0.0,0.4033782001285837,0.27659675414813356
sequence_v4,5000,46,normal_nat_burst,distributed_lateral_drift,4,0.0,0.44821413568053203,0.26392267182198553
sequence_v4,5000,46,normal_nat_burst,profile_poisoning_chain,1,0.0,0.31570916666666665,0.2798979992173073
sequence_v4,5000,46,normal_nat_burst,profile_poisoning_chain,2,0.0,0.48542664508691313,0.30711861749866326
sequence_v4,5000,46,normal_nat_burst,profile_poisoning_chain,3,0.25,0.6208173746348805,0.3454769701079992
sequence_v4,5000,46,normal_nat_burst,profile_poisoning_chain,4,0.4166666666666667,0.7786675259755639,0.3871039449047387
