stage,dataset_size,seed,normal_scenario,attack_type,attack_family,expected_action,challenge_recall,policy_success,mean_score
full_v2,10,42,normal_staggered,attack_new_device,known,challenge,1.0,1.0,0.8966666666666668
full_v2,10,42,normal_staggered,attack_new_ua_family,known,challenge,1.0,1.0,0.6087500000000001
full_v2,10,42,normal_staggered,attack_new_os,known,warn,0.0,0.0,0.4116666666666667
full_v2,10,42,normal_staggered,attack_off_hours,known,warn,0.0,0.0,0.20458333333333334
full_v2,10,42,normal_staggered,attack_failed_spike,known,challenge,1.0,1.0,0.5387500000000001
full_v2,10,42,normal_staggered,attack_login_velocity,known,challenge,1.0,1.0,0.52375
full_v2,10,42,normal_staggered,attack_concurrent_sessions,known,challenge,1.0,1.0,0.44125
full_v2,10,42,normal_staggered,attack_subsystem_lateral,known,challenge,0.6666666666666666,0.6666666666666666,0.5404166666666667
full_v2,10,42,normal_staggered,attack_new_passkey,known,challenge,1.0,1.0,0.58125
full_v2,10,42,normal_staggered,attack_permission_change,known,challenge,1.0,1.0,0.6375000000000001
full_v2,10,42,normal_staggered,attack_combined_ato,known,block,1.0,1.0,0.9583333333333334
full_v2,10,42,normal_staggered,attack_failed_near_threshold,evasive,challenge,0.0,0.0,0.19166666666666668
full_v2,10,42,normal_staggered,attack_velocity_near_threshold,evasive,challenge,0.0,0.0,0.07250000000000001
full_v2,10,42,normal_staggered,attack_concurrent_near_threshold,evasive,challenge,0.25,0.25,0.3316666666666667
full_v2,10,42,normal_staggered,attack_session_exfiltration,evasive,challenge,0.0,0.0,0.06666666666666667
full_v2,10,42,normal_staggered,attack_lateral_known_path,evasive,challenge,0.6666666666666666,0.6666666666666666,0.4024999999999999
full_v2,10,42,normal_staggered,attack_low_slow_ato,evasive,challenge,0.0,0.0,0.2075
hardened_v3,10,42,normal_staggered,attack_new_device,known,challenge,1.0,1.0,0.6875
hardened_v3,10,42,normal_staggered,attack_new_ua_family,known,challenge,1.0,1.0,0.39291666666666664
hardened_v3,10,42,normal_staggered,attack_new_os,known,warn,0.0,1.0,0.1929166666666667
hardened_v3,10,42,normal_staggered,attack_off_hours,known,warn,0.0,0.5,0.19999999999999998
hardened_v3,10,42,normal_staggered,attack_failed_spike,known,challenge,1.0,1.0,0.6900000000000001
hardened_v3,10,42,normal_staggered,attack_login_velocity,known,challenge,1.0,1.0,0.6750000000000002
hardened_v3,10,42,normal_staggered,attack_concurrent_sessions,known,challenge,1.0,1.0,0.5924999999999999
hardened_v3,10,42,normal_staggered,attack_subsystem_lateral,known,challenge,1.0,1.0,0.9499999999999998
hardened_v3,10,42,normal_staggered,attack_new_passkey,known,challenge,1.0,1.0,0.5883333333333334
hardened_v3,10,42,normal_staggered,attack_permission_change,known,challenge,1.0,1.0,0.7883333333333332
hardened_v3,10,42,normal_staggered,attack_combined_ato,known,block,1.0,1.0,0.9816666666666669
hardened_v3,10,42,normal_staggered,attack_failed_near_threshold,evasive,challenge,0.9166666666666666,0.9166666666666666,0.43166666666666664
hardened_v3,10,42,normal_staggered,attack_velocity_near_threshold,evasive,challenge,0.9166666666666666,0.9166666666666666,0.27666666666666667
hardened_v3,10,42,normal_staggered,attack_concurrent_near_threshold,evasive,challenge,1.0,1.0,0.8466666666666668
hardened_v3,10,42,normal_staggered,attack_session_exfiltration,evasive,challenge,0.0,0.0,0.215
hardened_v3,10,42,normal_staggered,attack_lateral_known_path,evasive,challenge,1.0,1.0,0.8600000000000002
hardened_v3,10,42,normal_staggered,attack_low_slow_ato,evasive,challenge,1.0,1.0,0.4499999999999999
full_v2,10,42,normal_nat_burst,attack_new_device,known,challenge,1.0,1.0,0.895
full_v2,10,42,normal_nat_burst,attack_new_ua_family,known,challenge,0.9583333333333334,0.9583333333333334,0.6100000000000001
full_v2,10,42,normal_nat_burst,attack_new_os,known,warn,0.0,0.0,0.39875
full_v2,10,42,normal_nat_burst,attack_off_hours,known,warn,0.0,0.0,0.2583333333333333
full_v2,10,42,normal_nat_burst,attack_failed_spike,known,challenge,1.0,1.0,0.5916666666666667
full_v2,10,42,normal_nat_burst,attack_login_velocity,known,challenge,1.0,1.0,0.5795833333333333
full_v2,10,42,normal_nat_burst,attack_concurrent_sessions,known,challenge,1.0,1.0,0.48291666666666666
full_v2,10,42,normal_nat_burst,attack_subsystem_lateral,known,challenge,0.8333333333333334,0.8333333333333334,0.54875
full_v2,10,42,normal_nat_burst,attack_new_passkey,known,challenge,1.0,1.0,0.6295833333333333
full_v2,10,42,normal_nat_burst,attack_permission_change,known,challenge,1.0,1.0,0.6658333333333334
full_v2,10,42,normal_nat_burst,attack_combined_ato,known,block,1.0,1.0,0.9541666666666666
full_v2,10,42,normal_nat_burst,attack_failed_near_threshold,evasive,challenge,0.0,0.0,0.19166666666666668
full_v2,10,42,normal_nat_burst,attack_velocity_near_threshold,evasive,challenge,0.0,0.0,0.09333333333333334
full_v2,10,42,normal_nat_burst,attack_concurrent_near_threshold,evasive,challenge,0.4166666666666667,0.4166666666666667,0.36166666666666664
full_v2,10,42,normal_nat_burst,attack_session_exfiltration,evasive,challenge,0.0,0.0,0.09666666666666666
full_v2,10,42,normal_nat_burst,attack_lateral_known_path,evasive,challenge,0.6666666666666666,0.6666666666666666,0.35083333333333333
full_v2,10,42,normal_nat_burst,attack_low_slow_ato,evasive,challenge,0.0,0.0,0.2700000000000001
hardened_v3,10,42,normal_nat_burst,attack_new_device,known,challenge,1.0,1.0,0.6675000000000001
hardened_v3,10,42,normal_nat_burst,attack_new_ua_family,known,challenge,1.0,1.0,0.39166666666666666
hardened_v3,10,42,normal_nat_burst,attack_new_os,known,warn,0.0,1.0,0.1929166666666667
hardened_v3,10,42,normal_nat_burst,attack_off_hours,known,warn,0.0,0.5,0.2658333333333333
hardened_v3,10,42,normal_nat_burst,attack_failed_spike,known,challenge,1.0,1.0,0.7441666666666666
hardened_v3,10,42,normal_nat_burst,attack_login_velocity,known,challenge,1.0,1.0,0.7291666666666666
hardened_v3,10,42,normal_nat_burst,attack_concurrent_sessions,known,challenge,1.0,1.0,0.6341666666666667
hardened_v3,10,42,normal_nat_burst,attack_subsystem_lateral,known,challenge,1.0,1.0,0.98
hardened_v3,10,42,normal_nat_burst,attack_new_passkey,known,challenge,1.0,1.0,0.6375000000000001
hardened_v3,10,42,normal_nat_burst,attack_permission_change,known,challenge,1.0,1.0,0.8083333333333332
hardened_v3,10,42,normal_nat_burst,attack_combined_ato,known,block,1.0,1.0,0.9816666666666669
hardened_v3,10,42,normal_nat_burst,attack_failed_near_threshold,evasive,challenge,0.8333333333333334,0.8333333333333334,0.42333333333333334
hardened_v3,10,42,normal_nat_burst,attack_velocity_near_threshold,evasive,challenge,0.8333333333333334,0.8333333333333334,0.3133333333333333
hardened_v3,10,42,normal_nat_burst,attack_concurrent_near_threshold,evasive,challenge,1.0,1.0,0.8866666666666668
hardened_v3,10,42,normal_nat_burst,attack_session_exfiltration,evasive,challenge,0.16666666666666666,0.16666666666666666,0.23666666666666666
hardened_v3,10,42,normal_nat_burst,attack_lateral_known_path,evasive,challenge,1.0,1.0,0.8150000000000001
hardened_v3,10,42,normal_nat_burst,attack_low_slow_ato,evasive,challenge,1.0,1.0,0.5066666666666666
full_v2,10,43,normal_staggered,attack_new_device,known,challenge,1.0,1.0,0.9070833333333335
full_v2,10,43,normal_staggered,attack_new_ua_family,known,challenge,0.9166666666666666,0.9166666666666666,0.6000000000000001
full_v2,10,43,normal_staggered,attack_new_os,known,warn,0.0,0.0,0.4104166666666667
full_v2,10,43,normal_staggered,attack_off_hours,known,warn,0.0,0.0,0.2133333333333333
full_v2,10,43,normal_staggered,attack_failed_spike,known,challenge,1.0,1.0,0.5266666666666667
full_v2,10,43,normal_staggered,attack_login_velocity,known,challenge,1.0,1.0,0.5208333333333334
full_v2,10,43,normal_staggered,attack_concurrent_sessions,known,challenge,1.0,1.0,0.43375
full_v2,10,43,normal_staggered,attack_subsystem_lateral,known,challenge,0.5833333333333334,0.5833333333333334,0.5154166666666666
full_v2,10,43,normal_staggered,attack_new_passkey,known,challenge,1.0,1.0,0.57375
full_v2,10,43,normal_staggered,attack_permission_change,known,challenge,1.0,1.0,0.6166666666666666
full_v2,10,43,normal_staggered,attack_combined_ato,known,block,1.0,1.0,0.9958333333333332
full_v2,10,43,normal_staggered,attack_failed_near_threshold,evasive,challenge,0.0,0.0,0.17666666666666667
full_v2,10,43,normal_staggered,attack_velocity_near_threshold,evasive,challenge,0.0,0.0,0.16166666666666665
full_v2,10,43,normal_staggered,attack_concurrent_near_threshold,evasive,challenge,0.16666666666666666,0.16666666666666666,0.3408333333333333
full_v2,10,43,normal_staggered,attack_session_exfiltration,evasive,challenge,0.0,0.0,0.11166666666666665
full_v2,10,43,normal_staggered,attack_lateral_known_path,evasive,challenge,0.5,0.5,0.38999999999999996
full_v2,10,43,normal_staggered,attack_low_slow_ato,evasive,challenge,0.0,0.0,0.2075
hardened_v3,10,43,normal_staggered,attack_new_device,known,challenge,1.0,1.0,0.6825000000000001
hardened_v3,10,43,normal_staggered,attack_new_ua_family,known,challenge,1.0,1.0,0.3783333333333334
hardened_v3,10,43,normal_staggered,attack_new_os,known,warn,0.0,1.0,0.18583333333333338
hardened_v3,10,43,normal_staggered,attack_off_hours,known,warn,0.0,0.5,0.19999999999999998
hardened_v3,10,43,normal_staggered,attack_failed_spike,known,challenge,1.0,1.0,0.6791666666666667
hardened_v3,10,43,normal_staggered,attack_login_velocity,known,challenge,1.0,1.0,0.6750000000000002
hardened_v3,10,43,normal_staggered,attack_concurrent_sessions,known,challenge,1.0,1.0,0.585
hardened_v3,10,43,normal_staggered,attack_subsystem_lateral,known,challenge,1.0,1.0,0.94
hardened_v3,10,43,normal_staggered,attack_new_passkey,known,challenge,1.0,1.0,0.5933333333333333
hardened_v3,10,43,normal_staggered,attack_permission_change,known,challenge,1.0,1.0,0.765
hardened_v3,10,43,normal_staggered,attack_combined_ato,known,block,1.0,1.0,0.9816666666666669
hardened_v3,10,43,normal_staggered,attack_failed_near_threshold,evasive,challenge,0.9166666666666666,0.9166666666666666,0.4166666666666667
hardened_v3,10,43,normal_staggered,attack_velocity_near_threshold,evasive,challenge,0.9166666666666666,0.9166666666666666,0.33666666666666667
hardened_v3,10,43,normal_staggered,attack_concurrent_near_threshold,evasive,challenge,1.0,1.0,0.8616666666666668
hardened_v3,10,43,normal_staggered,attack_session_exfiltration,evasive,challenge,0.0,0.0,0.26
hardened_v3,10,43,normal_staggered,attack_lateral_known_path,evasive,challenge,1.0,1.0,0.8500000000000001
hardened_v3,10,43,normal_staggered,attack_low_slow_ato,evasive,challenge,1.0,1.0,0.4499999999999999
full_v2,10,43,normal_nat_burst,attack_new_device,known,challenge,1.0,1.0,0.945
full_v2,10,43,normal_nat_burst,attack_new_ua_family,known,challenge,0.8333333333333334,0.8333333333333334,0.6058333333333334
full_v2,10,43,normal_nat_burst,attack_new_os,known,warn,0.0,0.0,0.42291666666666666
full_v2,10,43,normal_nat_burst,attack_off_hours,known,warn,0.0,0.0,0.21166666666666667
full_v2,10,43,normal_nat_burst,attack_failed_spike,known,challenge,1.0,1.0,0.5716666666666667
full_v2,10,43,normal_nat_burst,attack_login_velocity,known,challenge,1.0,1.0,0.5658333333333334
full_v2,10,43,normal_nat_burst,attack_concurrent_sessions,known,challenge,1.0,1.0,0.47875
full_v2,10,43,normal_nat_burst,attack_subsystem_lateral,known,challenge,0.5,0.5,0.54
full_v2,10,43,normal_nat_burst,attack_new_passkey,known,challenge,1.0,1.0,0.6158333333333333
full_v2,10,43,normal_nat_burst,attack_permission_change,known,challenge,1.0,1.0,0.6708333333333334
full_v2,10,43,normal_nat_burst,attack_combined_ato,known,block,1.0,1.0,0.9833333333333333
full_v2,10,43,normal_nat_burst,attack_failed_near_threshold,evasive,challenge,0.0,0.0,0.12666666666666668
full_v2,10,43,normal_nat_burst,attack_velocity_near_threshold,evasive,challenge,0.0,0.0,0.07250000000000001
full_v2,10,43,normal_nat_burst,attack_concurrent_near_threshold,evasive,challenge,0.16666666666666666,0.16666666666666666,0.2966666666666667
full_v2,10,43,normal_nat_burst,attack_session_exfiltration,evasive,challenge,0.0,0.0,0.0775
full_v2,10,43,normal_nat_burst,attack_lateral_known_path,evasive,challenge,0.5833333333333334,0.5833333333333334,0.315
full_v2,10,43,normal_nat_burst,attack_low_slow_ato,evasive,challenge,0.0,0.0,0.2291666666666667
hardened_v3,10,43,normal_nat_burst,attack_new_device,known,challenge,1.0,1.0,0.6916666666666668
hardened_v3,10,43,normal_nat_burst,attack_new_ua_family,known,challenge,1.0,1.0,0.37541666666666673
hardened_v3,10,43,normal_nat_burst,attack_new_os,known,warn,0.0,1.0,0.19000000000000003
hardened_v3,10,43,normal_nat_burst,attack_off_hours,known,warn,0.0,0.5,0.21916666666666665
hardened_v3,10,43,normal_nat_burst,attack_failed_spike,known,challenge,1.0,1.0,0.685
hardened_v3,10,43,normal_nat_burst,attack_login_velocity,known,challenge,1.0,1.0,0.685
hardened_v3,10,43,normal_nat_burst,attack_concurrent_sessions,known,challenge,1.0,1.0,0.5991666666666666
hardened_v3,10,43,normal_nat_burst,attack_subsystem_lateral,known,challenge,1.0,1.0,0.9541666666666666
hardened_v3,10,43,normal_nat_burst,attack_new_passkey,known,challenge,1.0,1.0,0.5966666666666667
hardened_v3,10,43,normal_nat_burst,attack_permission_change,known,challenge,1.0,1.0,0.79
hardened_v3,10,43,normal_nat_burst,attack_combined_ato,known,block,1.0,1.0,0.9816666666666669
hardened_v3,10,43,normal_nat_burst,attack_failed_near_threshold,evasive,challenge,1.0,1.0,0.375
hardened_v3,10,43,normal_nat_burst,attack_velocity_near_threshold,evasive,challenge,1.0,1.0,0.28
hardened_v3,10,43,normal_nat_burst,attack_concurrent_near_threshold,evasive,challenge,1.0,1.0,0.8283333333333335
hardened_v3,10,43,normal_nat_burst,attack_session_exfiltration,evasive,challenge,0.08333333333333333,0.08333333333333333,0.2333333333333333
hardened_v3,10,43,normal_nat_burst,attack_lateral_known_path,evasive,challenge,1.0,1.0,0.8233333333333334
hardened_v3,10,43,normal_nat_burst,attack_low_slow_ato,evasive,challenge,1.0,1.0,0.4599999999999999
full_v2,10,44,normal_staggered,attack_new_device,known,challenge,1.0,1.0,0.9025
full_v2,10,44,normal_staggered,attack_new_ua_family,known,challenge,0.9583333333333334,0.9583333333333334,0.6012500000000002
full_v2,10,44,normal_staggered,attack_new_os,known,warn,0.0,0.0,0.4000000000000001
full_v2,10,44,normal_staggered,attack_off_hours,known,warn,0.0,0.0,0.21
full_v2,10,44,normal_staggered,attack_failed_spike,known,challenge,1.0,1.0,0.5345833333333333
full_v2,10,44,normal_staggered,attack_login_velocity,known,challenge,1.0,1.0,0.52875
full_v2,10,44,normal_staggered,attack_concurrent_sessions,known,challenge,1.0,1.0,0.4479166666666667
full_v2,10,44,normal_staggered,attack_subsystem_lateral,known,challenge,0.5833333333333334,0.5833333333333334,0.5183333333333333
full_v2,10,44,normal_staggered,attack_new_passkey,known,challenge,1.0,1.0,0.595
full_v2,10,44,normal_staggered,attack_permission_change,known,challenge,1.0,1.0,0.6241666666666668
full_v2,10,44,normal_staggered,attack_combined_ato,known,block,1.0,1.0,0.9708333333333333
full_v2,10,44,normal_staggered,attack_failed_near_threshold,evasive,challenge,0.0,0.0,0.2316666666666667
full_v2,10,44,normal_staggered,attack_velocity_near_threshold,evasive,challenge,0.0,0.0,0.1575
full_v2,10,44,normal_staggered,attack_concurrent_near_threshold,evasive,challenge,0.08333333333333333,0.08333333333333333,0.40166666666666667
full_v2,10,44,normal_staggered,attack_session_exfiltration,evasive,challenge,0.0,0.0,0.16083333333333333
full_v2,10,44,normal_staggered,attack_lateral_known_path,evasive,challenge,0.5833333333333334,0.5833333333333334,0.4258333333333333
full_v2,10,44,normal_staggered,attack_low_slow_ato,evasive,challenge,0.0,0.0,0.19499999999999998
hardened_v3,10,44,normal_staggered,attack_new_device,known,challenge,1.0,1.0,0.7004166666666668
hardened_v3,10,44,normal_staggered,attack_new_ua_family,known,challenge,1.0,1.0,0.39250000000000007
hardened_v3,10,44,normal_staggered,attack_new_os,known,warn,0.0,1.0,0.19125000000000003
hardened_v3,10,44,normal_staggered,attack_off_hours,known,warn,0.0,0.5,0.22999999999999998
hardened_v3,10,44,normal_staggered,attack_failed_spike,known,challenge,1.0,1.0,0.6900000000000001
hardened_v3,10,44,normal_staggered,attack_login_velocity,known,challenge,1.0,1.0,0.6900000000000001
hardened_v3,10,44,normal_staggered,attack_concurrent_sessions,known,challenge,1.0,1.0,0.6116666666666667
hardened_v3,10,44,normal_staggered,attack_subsystem_lateral,known,challenge,1.0,1.0,0.9499999999999998
hardened_v3,10,44,normal_staggered,attack_new_passkey,known,challenge,1.0,1.0,0.61875
hardened_v3,10,44,normal_staggered,attack_permission_change,known,challenge,1.0,1.0,0.7766666666666667
hardened_v3,10,44,normal_staggered,attack_combined_ato,known,block,1.0,1.0,0.9833333333333335
hardened_v3,10,44,normal_staggered,attack_failed_near_threshold,evasive,challenge,1.0,1.0,0.49
hardened_v3,10,44,normal_staggered,attack_velocity_near_threshold,evasive,challenge,1.0,1.0,0.37999999999999995
hardened_v3,10,44,normal_staggered,attack_concurrent_near_threshold,evasive,challenge,1.0,1.0,0.9483333333333336
hardened_v3,10,44,normal_staggered,attack_session_exfiltration,evasive,challenge,0.5,0.5,0.375
hardened_v3,10,44,normal_staggered,attack_lateral_known_path,evasive,challenge,1.0,1.0,0.91
hardened_v3,10,44,normal_staggered,attack_low_slow_ato,evasive,challenge,1.0,1.0,0.4533333333333332
full_v2,10,44,normal_nat_burst,attack_new_device,known,challenge,1.0,1.0,0.8991666666666666
full_v2,10,44,normal_nat_burst,attack_new_ua_family,known,challenge,0.9583333333333334,0.9583333333333334,0.6216666666666668
full_v2,10,44,normal_nat_burst,attack_new_os,known,warn,0.0,0.0,0.41875
full_v2,10,44,normal_nat_burst,attack_off_hours,known,warn,0.0,0.0,0.19166666666666665
full_v2,10,44,normal_nat_burst,attack_failed_spike,known,challenge,1.0,1.0,0.5429166666666667
full_v2,10,44,normal_nat_burst,attack_login_velocity,known,challenge,1.0,1.0,0.5445833333333333
full_v2,10,44,normal_nat_burst,attack_concurrent_sessions,known,challenge,1.0,1.0,0.43958333333333327
full_v2,10,44,normal_nat_burst,attack_subsystem_lateral,known,challenge,0.5833333333333334,0.5833333333333334,0.5320833333333334
full_v2,10,44,normal_nat_burst,attack_new_passkey,known,challenge,1.0,1.0,0.5975
full_v2,10,44,normal_nat_burst,attack_permission_change,known,challenge,1.0,1.0,0.6183333333333333
full_v2,10,44,normal_nat_burst,attack_combined_ato,known,block,1.0,1.0,0.9666666666666667
full_v2,10,44,normal_nat_burst,attack_failed_near_threshold,evasive,challenge,0.0,0.0,0.1333333333333334
full_v2,10,44,normal_nat_burst,attack_velocity_near_threshold,evasive,challenge,0.0,0.0,0.05666666666666667
full_v2,10,44,normal_nat_burst,attack_concurrent_near_threshold,evasive,challenge,0.16666666666666666,0.16666666666666666,0.31250000000000006
full_v2,10,44,normal_nat_burst,attack_session_exfiltration,evasive,challenge,0.0,0.0,0.0775
full_v2,10,44,normal_nat_burst,attack_lateral_known_path,evasive,challenge,0.5,0.5,0.305
full_v2,10,44,normal_nat_burst,attack_low_slow_ato,evasive,challenge,0.0,0.0,0.19166666666666665
hardened_v3,10,44,normal_nat_burst,attack_new_device,known,challenge,1.0,1.0,0.67625
hardened_v3,10,44,normal_nat_burst,attack_new_ua_family,known,challenge,1.0,1.0,0.39250000000000007
hardened_v3,10,44,normal_nat_burst,attack_new_os,known,warn,0.0,1.0,0.205
hardened_v3,10,44,normal_nat_burst,attack_off_hours,known,warn,0.0,0.5,0.2058333333333333
hardened_v3,10,44,normal_nat_burst,attack_failed_spike,known,challenge,1.0,1.0,0.6791666666666667
hardened_v3,10,44,normal_nat_burst,attack_login_velocity,known,challenge,1.0,1.0,0.6825000000000001
hardened_v3,10,44,normal_nat_burst,attack_concurrent_sessions,known,challenge,1.0,1.0,0.5775
hardened_v3,10,44,normal_nat_burst,attack_subsystem_lateral,known,challenge,1.0,1.0,0.9499999999999998
hardened_v3,10,44,normal_nat_burst,attack_new_passkey,known,challenge,1.0,1.0,0.5883333333333334
hardened_v3,10,44,normal_nat_burst,attack_permission_change,known,challenge,1.0,1.0,0.765
hardened_v3,10,44,normal_nat_burst,attack_combined_ato,known,block,1.0,1.0,0.9833333333333335
hardened_v3,10,44,normal_nat_burst,attack_failed_near_threshold,evasive,challenge,1.0,1.0,0.37999999999999995
hardened_v3,10,44,normal_nat_burst,attack_velocity_near_threshold,evasive,challenge,1.0,1.0,0.285
hardened_v3,10,44,normal_nat_burst,attack_concurrent_near_threshold,evasive,challenge,1.0,1.0,0.8566666666666668
hardened_v3,10,44,normal_nat_burst,attack_session_exfiltration,evasive,challenge,0.0,0.0,0.22999999999999998
hardened_v3,10,44,normal_nat_burst,attack_lateral_known_path,evasive,challenge,1.0,1.0,0.815
hardened_v3,10,44,normal_nat_burst,attack_low_slow_ato,evasive,challenge,1.0,1.0,0.4499999999999999
full_v2,10,45,normal_staggered,attack_new_device,known,challenge,1.0,1.0,0.9116666666666667
full_v2,10,45,normal_staggered,attack_new_ua_family,known,challenge,1.0,1.0,0.6145833333333335
full_v2,10,45,normal_staggered,attack_new_os,known,warn,0.0,0.0,0.4116666666666667
full_v2,10,45,normal_staggered,attack_off_hours,known,warn,0.0,0.0,0.22583333333333333
full_v2,10,45,normal_staggered,attack_failed_spike,known,challenge,1.0,1.0,0.5420833333333334
full_v2,10,45,normal_staggered,attack_login_velocity,known,challenge,1.0,1.0,0.545
full_v2,10,45,normal_staggered,attack_concurrent_sessions,known,challenge,1.0,1.0,0.4595833333333333
full_v2,10,45,normal_staggered,attack_subsystem_lateral,known,challenge,0.5833333333333334,0.5833333333333334,0.52
full_v2,10,45,normal_staggered,attack_new_passkey,known,challenge,1.0,1.0,0.5966666666666667
full_v2,10,45,normal_staggered,attack_permission_change,known,challenge,1.0,1.0,0.6425
full_v2,10,45,normal_staggered,attack_combined_ato,known,block,1.0,1.0,0.9874999999999999
full_v2,10,45,normal_staggered,attack_failed_near_threshold,evasive,challenge,0.0,0.0,0.2266666666666667
full_v2,10,45,normal_staggered,attack_velocity_near_threshold,evasive,challenge,0.0,0.0,0.13416666666666668
full_v2,10,45,normal_staggered,attack_concurrent_near_threshold,evasive,challenge,0.16666666666666666,0.16666666666666666,0.38166666666666665
full_v2,10,45,normal_staggered,attack_session_exfiltration,evasive,challenge,0.0,0.0,0.1525
full_v2,10,45,normal_staggered,attack_lateral_known_path,evasive,challenge,0.5833333333333334,0.5833333333333334,0.38833333333333336
full_v2,10,45,normal_staggered,attack_low_slow_ato,evasive,challenge,0.0,0.0,0.2141666666666667
hardened_v3,10,45,normal_staggered,attack_new_device,known,challenge,1.0,1.0,0.6958333333333334
hardened_v3,10,45,normal_staggered,attack_new_ua_family,known,challenge,1.0,1.0,0.405
hardened_v3,10,45,normal_staggered,attack_new_os,known,warn,0.0,1.0,0.2020833333333334
hardened_v3,10,45,normal_staggered,attack_off_hours,known,warn,0.0,0.5,0.22416666666666665
hardened_v3,10,45,normal_staggered,attack_failed_spike,known,challenge,1.0,1.0,0.6958333333333333
hardened_v3,10,45,normal_staggered,attack_login_velocity,known,challenge,1.0,1.0,0.6916666666666668
hardened_v3,10,45,normal_staggered,attack_concurrent_sessions,known,challenge,1.0,1.0,0.6133333333333333
hardened_v3,10,45,normal_staggered,attack_subsystem_lateral,known,challenge,1.0,1.0,0.9349999999999999
hardened_v3,10,45,normal_staggered,attack_new_passkey,known,challenge,1.0,1.0,0.61
hardened_v3,10,45,normal_staggered,attack_permission_change,known,challenge,1.0,1.0,0.785
hardened_v3,10,45,normal_staggered,attack_combined_ato,known,block,1.0,1.0,0.9816666666666669
hardened_v3,10,45,normal_staggered,attack_failed_near_threshold,evasive,challenge,1.0,1.0,0.47500000000000003
hardened_v3,10,45,normal_staggered,attack_velocity_near_threshold,evasive,challenge,1.0,1.0,0.365
hardened_v3,10,45,normal_staggered,attack_concurrent_near_threshold,evasive,challenge,1.0,1.0,0.9100000000000001
hardened_v3,10,45,normal_staggered,attack_session_exfiltration,evasive,challenge,0.3333333333333333,0.3333333333333333,0.3283333333333333
hardened_v3,10,45,normal_staggered,attack_lateral_known_path,evasive,challenge,1.0,1.0,0.8500000000000001
hardened_v3,10,45,normal_staggered,attack_low_slow_ato,evasive,challenge,1.0,1.0,0.46833333333333327
full_v2,10,45,normal_nat_burst,attack_new_device,known,challenge,1.0,1.0,0.9012500000000001
full_v2,10,45,normal_nat_burst,attack_new_ua_family,known,challenge,0.9166666666666666,0.9166666666666666,0.5941666666666667
full_v2,10,45,normal_nat_burst,attack_new_os,known,warn,0.0,0.0,0.3941666666666667
full_v2,10,45,normal_nat_burst,attack_off_hours,known,warn,0.0,0.0,0.19458333333333333
full_v2,10,45,normal_nat_burst,attack_failed_spike,known,challenge,1.0,1.0,0.5183333333333334
full_v2,10,45,normal_nat_burst,attack_login_velocity,known,challenge,1.0,1.0,0.5212500000000001
full_v2,10,45,normal_nat_burst,attack_concurrent_sessions,known,challenge,1.0,1.0,0.4237499999999999
full_v2,10,45,normal_nat_burst,attack_subsystem_lateral,known,challenge,0.5,0.5,0.5116666666666666
full_v2,10,45,normal_nat_burst,attack_new_passkey,known,challenge,1.0,1.0,0.5608333333333334
full_v2,10,45,normal_nat_burst,attack_permission_change,known,challenge,1.0,1.0,0.6008333333333333
full_v2,10,45,normal_nat_burst,attack_combined_ato,known,block,1.0,1.0,0.9666666666666667
full_v2,10,45,normal_nat_burst,attack_failed_near_threshold,evasive,challenge,0.0,0.0,0.1516666666666667
full_v2,10,45,normal_nat_burst,attack_velocity_near_threshold,evasive,challenge,0.0,0.0,0.04416666666666667
full_v2,10,45,normal_nat_burst,attack_concurrent_near_threshold,evasive,challenge,0.08333333333333333,0.08333333333333333,0.27999999999999997
full_v2,10,45,normal_nat_burst,attack_session_exfiltration,evasive,challenge,0.0,0.0,0.04750000000000001
full_v2,10,45,normal_nat_burst,attack_lateral_known_path,evasive,challenge,0.6666666666666666,0.6666666666666666,0.36999999999999994
full_v2,10,45,normal_nat_burst,attack_low_slow_ato,evasive,challenge,0.0,0.0,0.1975
hardened_v3,10,45,normal_nat_burst,attack_new_device,known,challenge,1.0,1.0,0.6925
hardened_v3,10,45,normal_nat_burst,attack_new_ua_family,known,challenge,1.0,1.0,0.3945833333333333
hardened_v3,10,45,normal_nat_burst,attack_new_os,known,warn,0.0,1.0,0.19458333333333336
hardened_v3,10,45,normal_nat_burst,attack_off_hours,known,warn,0.0,0.5,0.2058333333333333
hardened_v3,10,45,normal_nat_burst,attack_failed_spike,known,challenge,1.0,1.0,0.695
hardened_v3,10,45,normal_nat_burst,attack_login_velocity,known,challenge,1.0,1.0,0.695
hardened_v3,10,45,normal_nat_burst,attack_concurrent_sessions,known,challenge,1.0,1.0,0.5975
hardened_v3,10,45,normal_nat_burst,attack_subsystem_lateral,known,challenge,1.0,1.0,0.9325
hardened_v3,10,45,normal_nat_burst,attack_new_passkey,known,challenge,1.0,1.0,0.5933333333333334
hardened_v3,10,45,normal_nat_burst,attack_permission_change,known,challenge,1.0,1.0,0.7733333333333333
hardened_v3,10,45,normal_nat_burst,attack_combined_ato,known,block,1.0,1.0,0.9833333333333335
hardened_v3,10,45,normal_nat_burst,attack_failed_near_threshold,evasive,challenge,1.0,1.0,0.41
hardened_v3,10,45,normal_nat_burst,attack_velocity_near_threshold,evasive,challenge,1.0,1.0,0.28500000000000003
hardened_v3,10,45,normal_nat_burst,attack_concurrent_near_threshold,evasive,challenge,1.0,1.0,0.8500000000000001
hardened_v3,10,45,normal_nat_burst,attack_session_exfiltration,evasive,challenge,0.08333333333333333,0.08333333333333333,0.20833333333333334
hardened_v3,10,45,normal_nat_burst,attack_lateral_known_path,evasive,challenge,1.0,1.0,0.8600000000000002
hardened_v3,10,45,normal_nat_burst,attack_low_slow_ato,evasive,challenge,1.0,1.0,0.4499999999999999
full_v2,10,46,normal_staggered,attack_new_device,known,challenge,1.0,1.0,0.9291666666666667
full_v2,10,46,normal_staggered,attack_new_ua_family,known,challenge,1.0,1.0,0.6350000000000001
full_v2,10,46,normal_staggered,attack_new_os,known,warn,0.0,0.0,0.42625
full_v2,10,46,normal_staggered,attack_off_hours,known,warn,0.0,0.0,0.22791666666666666
full_v2,10,46,normal_staggered,attack_failed_spike,known,challenge,1.0,1.0,0.5591666666666667
full_v2,10,46,normal_staggered,attack_login_velocity,known,challenge,1.0,1.0,0.5591666666666667
full_v2,10,46,normal_staggered,attack_concurrent_sessions,known,challenge,1.0,1.0,0.4749999999999999
full_v2,10,46,normal_staggered,attack_subsystem_lateral,known,challenge,0.5833333333333334,0.5833333333333334,0.5566666666666666
full_v2,10,46,normal_staggered,attack_new_passkey,known,challenge,1.0,1.0,0.6033333333333334
full_v2,10,46,normal_staggered,attack_permission_change,known,challenge,1.0,1.0,0.6491666666666667
full_v2,10,46,normal_staggered,attack_combined_ato,known,block,1.0,1.0,0.9874999999999999
full_v2,10,46,normal_staggered,attack_failed_near_threshold,evasive,challenge,0.0,0.0,0.1975
full_v2,10,46,normal_staggered,attack_velocity_near_threshold,evasive,challenge,0.0,0.0,0.11666666666666668
full_v2,10,46,normal_staggered,attack_concurrent_near_threshold,evasive,challenge,0.16666666666666666,0.16666666666666666,0.3675
full_v2,10,46,normal_staggered,attack_session_exfiltration,evasive,challenge,0.0,0.0,0.11166666666666668
full_v2,10,46,normal_staggered,attack_lateral_known_path,evasive,challenge,0.6666666666666666,0.6666666666666666,0.43333333333333335
full_v2,10,46,normal_staggered,attack_low_slow_ato,evasive,challenge,0.0,0.0,0.21916666666666665
hardened_v3,10,46,normal_staggered,attack_new_device,known,challenge,1.0,1.0,0.6887500000000001
hardened_v3,10,46,normal_staggered,attack_new_ua_family,known,challenge,1.0,1.0,0.395
hardened_v3,10,46,normal_staggered,attack_new_os,known,warn,0.0,1.0,0.18875
hardened_v3,10,46,normal_staggered,attack_off_hours,known,warn,0.0,0.5,0.19874999999999998
hardened_v3,10,46,normal_staggered,attack_failed_spike,known,challenge,1.0,1.0,0.68
hardened_v3,10,46,normal_staggered,attack_login_velocity,known,challenge,1.0,1.0,0.68
hardened_v3,10,46,normal_staggered,attack_concurrent_sessions,known,challenge,1.0,1.0,0.5941666666666666
hardened_v3,10,46,normal_staggered,attack_subsystem_lateral,known,challenge,1.0,1.0,0.94
hardened_v3,10,46,normal_staggered,attack_new_passkey,known,challenge,1.0,1.0,0.58875
hardened_v3,10,46,normal_staggered,attack_permission_change,known,challenge,1.0,1.0,0.77
hardened_v3,10,46,normal_staggered,attack_combined_ato,known,block,1.0,1.0,0.9800000000000001
hardened_v3,10,46,normal_staggered,attack_failed_near_threshold,evasive,challenge,0.8333333333333334,0.8333333333333334,0.4133333333333334
hardened_v3,10,46,normal_staggered,attack_velocity_near_threshold,evasive,challenge,0.8333333333333334,0.8333333333333334,0.3033333333333333
hardened_v3,10,46,normal_staggered,attack_concurrent_near_threshold,evasive,challenge,1.0,1.0,0.8833333333333334
hardened_v3,10,46,normal_staggered,attack_session_exfiltration,evasive,challenge,0.5,0.5,0.3
hardened_v3,10,46,normal_staggered,attack_lateral_known_path,evasive,challenge,1.0,1.0,0.9049999999999999
hardened_v3,10,46,normal_staggered,attack_low_slow_ato,evasive,challenge,1.0,1.0,0.43999999999999995
full_v2,10,46,normal_nat_burst,attack_new_device,known,challenge,1.0,1.0,0.9241666666666667
full_v2,10,46,normal_nat_burst,attack_new_ua_family,known,challenge,0.875,0.875,0.6245833333333334
full_v2,10,46,normal_nat_burst,attack_new_os,known,warn,0.0,0.0,0.42625
full_v2,10,46,normal_nat_burst,attack_off_hours,known,warn,0.0,0.0,0.21291666666666664
full_v2,10,46,normal_nat_burst,attack_failed_spike,known,challenge,1.0,1.0,0.55625
full_v2,10,46,normal_nat_burst,attack_login_velocity,known,challenge,1.0,1.0,0.5458333333333334
full_v2,10,46,normal_nat_burst,attack_concurrent_sessions,known,challenge,1.0,1.0,0.45625
full_v2,10,46,normal_nat_burst,attack_subsystem_lateral,known,challenge,0.5,0.5,0.5620833333333334
full_v2,10,46,normal_nat_burst,attack_new_passkey,known,challenge,1.0,1.0,0.6108333333333333
full_v2,10,46,normal_nat_burst,attack_permission_change,known,challenge,1.0,1.0,0.6625
full_v2,10,46,normal_nat_burst,attack_combined_ato,known,block,1.0,1.0,0.9624999999999999
full_v2,10,46,normal_nat_burst,attack_failed_near_threshold,evasive,challenge,0.0,0.0,0.13583333333333336
full_v2,10,46,normal_nat_burst,attack_velocity_near_threshold,evasive,challenge,0.0,0.0,0.0375
full_v2,10,46,normal_nat_burst,attack_concurrent_near_threshold,evasive,challenge,0.08333333333333333,0.08333333333333333,0.2966666666666667
full_v2,10,46,normal_nat_burst,attack_session_exfiltration,evasive,challenge,0.0,0.0,0.025833333333333333
full_v2,10,46,normal_nat_burst,attack_lateral_known_path,evasive,challenge,0.6666666666666666,0.6666666666666666,0.345
full_v2,10,46,normal_nat_burst,attack_low_slow_ato,evasive,challenge,0.0,0.0,0.21
hardened_v3,10,46,normal_nat_burst,attack_new_device,known,challenge,1.0,1.0,0.6695833333333333
hardened_v3,10,46,normal_nat_burst,attack_new_ua_family,known,challenge,1.0,1.0,0.37833333333333335
hardened_v3,10,46,normal_nat_burst,attack_new_os,known,warn,0.0,1.0,0.17500000000000002
hardened_v3,10,46,normal_nat_burst,attack_off_hours,known,warn,0.0,0.5,0.20708333333333337
hardened_v3,10,46,normal_nat_burst,attack_failed_spike,known,challenge,1.0,1.0,0.6666666666666666
hardened_v3,10,46,normal_nat_burst,attack_login_velocity,known,challenge,1.0,1.0,0.6591666666666667
hardened_v3,10,46,normal_nat_burst,attack_concurrent_sessions,known,challenge,1.0,1.0,0.5683333333333332
hardened_v3,10,46,normal_nat_burst,attack_subsystem_lateral,known,challenge,1.0,1.0,0.94
hardened_v3,10,46,normal_nat_burst,attack_new_passkey,known,challenge,1.0,1.0,0.5850000000000001
hardened_v3,10,46,normal_nat_burst,attack_permission_change,known,challenge,1.0,1.0,0.7716666666666666
hardened_v3,10,46,normal_nat_burst,attack_combined_ato,known,block,1.0,1.0,0.9800000000000001
hardened_v3,10,46,normal_nat_burst,attack_failed_near_threshold,evasive,challenge,1.0,1.0,0.38000000000000006
hardened_v3,10,46,normal_nat_burst,attack_velocity_near_threshold,evasive,challenge,1.0,1.0,0.27
hardened_v3,10,46,normal_nat_burst,attack_concurrent_near_threshold,evasive,challenge,1.0,1.0,0.8316666666666669
hardened_v3,10,46,normal_nat_burst,attack_session_exfiltration,evasive,challenge,0.16666666666666666,0.16666666666666666,0.18666666666666665
hardened_v3,10,46,normal_nat_burst,attack_lateral_known_path,evasive,challenge,1.0,1.0,0.8350000000000001
hardened_v3,10,46,normal_nat_burst,attack_low_slow_ato,evasive,challenge,1.0,1.0,0.44833333333333325
full_v2,50,42,normal_staggered,attack_new_device,known,challenge,1.0,1.0,0.8929166666666667
full_v2,50,42,normal_staggered,attack_new_ua_family,known,challenge,0.75,0.75,0.6000000000000001
full_v2,50,42,normal_staggered,attack_new_os,known,warn,0.0,1.0,0.40874999999999995
full_v2,50,42,normal_staggered,attack_off_hours,known,warn,0.0,1.0,0.30624999999999997
full_v2,50,42,normal_staggered,attack_failed_spike,known,challenge,1.0,1.0,0.5379166666666667
full_v2,50,42,normal_staggered,attack_login_velocity,known,challenge,1.0,1.0,0.5291666666666667
full_v2,50,42,normal_staggered,attack_concurrent_sessions,known,challenge,1.0,1.0,0.4879166666666667
full_v2,50,42,normal_staggered,attack_subsystem_lateral,known,challenge,0.5,0.5,0.50375
full_v2,50,42,normal_staggered,attack_new_passkey,known,challenge,1.0,1.0,0.57625
full_v2,50,42,normal_staggered,attack_permission_change,known,challenge,1.0,1.0,0.6216666666666667
full_v2,50,42,normal_staggered,attack_combined_ato,known,block,1.0,1.0,1.0
full_v2,50,42,normal_staggered,attack_failed_near_threshold,evasive,challenge,0.0,0.0,0.17
full_v2,50,42,normal_staggered,attack_velocity_near_threshold,evasive,challenge,0.0,0.0,0.08666666666666667
full_v2,50,42,normal_staggered,attack_concurrent_near_threshold,evasive,challenge,0.16666666666666666,0.16666666666666666,0.38166666666666665
full_v2,50,42,normal_staggered,attack_session_exfiltration,evasive,challenge,0.0,0.0,0.11583333333333334
full_v2,50,42,normal_staggered,attack_lateral_known_path,evasive,challenge,0.5833333333333334,0.5833333333333334,0.39083333333333337
full_v2,50,42,normal_staggered,attack_low_slow_ato,evasive,challenge,0.0,0.0,0.27
hardened_v3,50,42,normal_staggered,attack_new_device,known,challenge,1.0,1.0,0.6587500000000001
hardened_v3,50,42,normal_staggered,attack_new_ua_family,known,challenge,1.0,1.0,0.36916666666666664
hardened_v3,50,42,normal_staggered,attack_new_os,known,warn,0.0,1.0,0.16583333333333336
hardened_v3,50,42,normal_staggered,attack_off_hours,known,warn,0.0,1.0,0.2783333333333333
hardened_v3,50,42,normal_staggered,attack_failed_spike,known,challenge,1.0,1.0,0.65
hardened_v3,50,42,normal_staggered,attack_login_velocity,known,challenge,1.0,1.0,0.65
hardened_v3,50,42,normal_staggered,attack_concurrent_sessions,known,challenge,1.0,1.0,0.6
hardened_v3,50,42,normal_staggered,attack_subsystem_lateral,known,challenge,1.0,1.0,0.915
hardened_v3,50,42,normal_staggered,attack_new_passkey,known,challenge,1.0,1.0,0.5620833333333334
hardened_v3,50,42,normal_staggered,attack_permission_change,known,challenge,1.0,1.0,0.7366666666666667
hardened_v3,50,42,normal_staggered,attack_combined_ato,known,block,1.0,1.0,0.9800000000000001
hardened_v3,50,42,normal_staggered,attack_failed_near_threshold,evasive,challenge,1.0,1.0,0.42
hardened_v3,50,42,normal_staggered,attack_velocity_near_threshold,evasive,challenge,1.0,1.0,0.325
hardened_v3,50,42,normal_staggered,attack_concurrent_near_threshold,evasive,challenge,1.0,1.0,0.9083333333333335
hardened_v3,50,42,normal_staggered,attack_session_exfiltration,evasive,challenge,0.9166666666666666,0.9166666666666666,0.3166666666666667
hardened_v3,50,42,normal_staggered,attack_lateral_known_path,evasive,challenge,1.0,1.0,0.8250000000000001
hardened_v3,50,42,normal_staggered,attack_low_slow_ato,evasive,challenge,1.0,1.0,0.4433333333333332
full_v2,50,42,normal_nat_burst,attack_new_device,known,challenge,1.0,1.0,0.94875
full_v2,50,42,normal_nat_burst,attack_new_ua_family,known,challenge,1.0,1.0,0.6766666666666669
full_v2,50,42,normal_nat_burst,attack_new_os,known,warn,0.0,1.0,0.46916666666666673
full_v2,50,42,normal_nat_burst,attack_off_hours,known,warn,0.0,1.0,0.30125
full_v2,50,42,normal_nat_burst,attack_failed_spike,known,challenge,1.0,1.0,0.6483333333333334
full_v2,50,42,normal_nat_burst,attack_login_velocity,known,challenge,1.0,1.0,0.6333333333333334
full_v2,50,42,normal_nat_burst,attack_concurrent_sessions,known,challenge,1.0,1.0,0.58
full_v2,50,42,normal_nat_burst,attack_subsystem_lateral,known,challenge,0.75,0.75,0.6033333333333334
full_v2,50,42,normal_nat_burst,attack_new_passkey,known,challenge,1.0,1.0,0.6908333333333333
full_v2,50,42,normal_nat_burst,attack_permission_change,known,challenge,1.0,1.0,0.7233333333333333
full_v2,50,42,normal_nat_burst,attack_combined_ato,known,block,1.0,1.0,1.0
full_v2,50,42,normal_nat_burst,attack_failed_near_threshold,evasive,challenge,0.0,0.0,0.20083333333333334
full_v2,50,42,normal_nat_burst,attack_velocity_near_threshold,evasive,challenge,0.0,0.0,0.07583333333333332
full_v2,50,42,normal_nat_burst,attack_concurrent_near_threshold,evasive,challenge,0.3333333333333333,0.3333333333333333,0.36166666666666664
full_v2,50,42,normal_nat_burst,attack_session_exfiltration,evasive,challenge,0.0,0.0,0.15666666666666665
full_v2,50,42,normal_nat_burst,attack_lateral_known_path,evasive,challenge,0.6666666666666666,0.6666666666666666,0.3575
full_v2,50,42,normal_nat_burst,attack_low_slow_ato,evasive,challenge,0.0,0.0,0.2858333333333334
hardened_v3,50,42,normal_nat_burst,attack_new_device,known,challenge,1.0,1.0,0.7016666666666668
hardened_v3,50,42,normal_nat_burst,attack_new_ua_family,known,challenge,1.0,1.0,0.43416666666666665
hardened_v3,50,42,normal_nat_burst,attack_new_os,known,warn,0.0,1.0,0.22583333333333333
hardened_v3,50,42,normal_nat_burst,attack_off_hours,known,warn,0.0,1.0,0.28958333333333336
hardened_v3,50,42,normal_nat_burst,attack_failed_spike,known,challenge,1.0,1.0,0.725
hardened_v3,50,42,normal_nat_burst,attack_login_velocity,known,challenge,1.0,1.0,0.71
hardened_v3,50,42,normal_nat_burst,attack_concurrent_sessions,known,challenge,1.0,1.0,0.66
hardened_v3,50,42,normal_nat_burst,attack_subsystem_lateral,known,challenge,1.0,1.0,0.9700000000000001
hardened_v3,50,42,normal_nat_burst,attack_new_passkey,known,challenge,1.0,1.0,0.6649999999999999
hardened_v3,50,42,normal_nat_burst,attack_permission_change,known,challenge,1.0,1.0,0.79
hardened_v3,50,42,normal_nat_burst,attack_combined_ato,known,block,1.0,1.0,0.9800000000000001
hardened_v3,50,42,normal_nat_burst,attack_failed_near_threshold,evasive,challenge,1.0,1.0,0.445
hardened_v3,50,42,normal_nat_burst,attack_velocity_near_threshold,evasive,challenge,1.0,1.0,0.32
hardened_v3,50,42,normal_nat_burst,attack_concurrent_near_threshold,evasive,challenge,1.0,1.0,0.8466666666666667
hardened_v3,50,42,normal_nat_burst,attack_session_exfiltration,evasive,challenge,1.0,1.0,0.365
hardened_v3,50,42,normal_nat_burst,attack_lateral_known_path,evasive,challenge,1.0,1.0,0.8200000000000002
hardened_v3,50,42,normal_nat_burst,attack_low_slow_ato,evasive,challenge,1.0,1.0,0.49499999999999994
full_v2,50,43,normal_staggered,attack_new_device,known,challenge,1.0,1.0,0.9479166666666666
full_v2,50,43,normal_staggered,attack_new_ua_family,known,challenge,0.9166666666666666,0.9166666666666666,0.6404166666666667
full_v2,50,43,normal_staggered,attack_new_os,known,warn,0.0,1.0,0.46
full_v2,50,43,normal_staggered,attack_off_hours,known,warn,0.0,1.0,0.32708333333333334
full_v2,50,43,normal_staggered,attack_failed_spike,known,challenge,1.0,1.0,0.6083333333333334
full_v2,50,43,normal_staggered,attack_login_velocity,known,challenge,1.0,1.0,0.6241666666666666
full_v2,50,43,normal_staggered,attack_concurrent_sessions,known,challenge,1.0,1.0,0.5641666666666667
full_v2,50,43,normal_staggered,attack_subsystem_lateral,known,challenge,0.6666666666666666,0.6666666666666666,0.6033333333333334
full_v2,50,43,normal_staggered,attack_new_passkey,known,challenge,1.0,1.0,0.6625
full_v2,50,43,normal_staggered,attack_permission_change,known,challenge,1.0,1.0,0.7016666666666667
full_v2,50,43,normal_staggered,attack_combined_ato,known,block,1.0,1.0,1.0
full_v2,50,43,normal_staggered,attack_failed_near_threshold,evasive,challenge,0.0,0.0,0.19583333333333333
full_v2,50,43,normal_staggered,attack_velocity_near_threshold,evasive,challenge,0.0,0.0,0.10333333333333335
full_v2,50,43,normal_staggered,attack_concurrent_near_threshold,evasive,challenge,0.25,0.25,0.35666666666666663
full_v2,50,43,normal_staggered,attack_session_exfiltration,evasive,challenge,0.0,0.0,0.20583333333333334
full_v2,50,43,normal_staggered,attack_lateral_known_path,evasive,challenge,0.6666666666666666,0.6666666666666666,0.42
full_v2,50,43,normal_staggered,attack_low_slow_ato,evasive,challenge,0.0,0.0,0.29
hardened_v3,50,43,normal_staggered,attack_new_device,known,challenge,1.0,1.0,0.7495833333333334
hardened_v3,50,43,normal_staggered,attack_new_ua_family,known,challenge,1.0,1.0,0.43875000000000003
hardened_v3,50,43,normal_staggered,attack_new_os,known,warn,0.0,1.0,0.25583333333333336
hardened_v3,50,43,normal_staggered,attack_off_hours,known,warn,0.0,1.0,0.3104166666666667
hardened_v3,50,43,normal_staggered,attack_failed_spike,known,challenge,1.0,1.0,0.6875
hardened_v3,50,43,normal_staggered,attack_login_velocity,known,challenge,1.0,1.0,0.71
hardened_v3,50,43,normal_staggered,attack_concurrent_sessions,known,challenge,1.0,1.0,0.6525
hardened_v3,50,43,normal_staggered,attack_subsystem_lateral,known,challenge,1.0,1.0,0.96
hardened_v3,50,43,normal_staggered,attack_new_passkey,known,challenge,1.0,1.0,0.6716666666666667
hardened_v3,50,43,normal_staggered,attack_permission_change,known,challenge,1.0,1.0,0.7933333333333333
hardened_v3,50,43,normal_staggered,attack_combined_ato,known,block,1.0,1.0,0.9800000000000001
hardened_v3,50,43,normal_staggered,attack_failed_near_threshold,evasive,challenge,1.0,1.0,0.44
hardened_v3,50,43,normal_staggered,attack_velocity_near_threshold,evasive,challenge,1.0,1.0,0.33
hardened_v3,50,43,normal_staggered,attack_concurrent_near_threshold,evasive,challenge,1.0,1.0,0.8583333333333334
hardened_v3,50,43,normal_staggered,attack_session_exfiltration,evasive,challenge,1.0,1.0,0.38999999999999996
hardened_v3,50,43,normal_staggered,attack_lateral_known_path,evasive,challenge,1.0,1.0,0.86
hardened_v3,50,43,normal_staggered,attack_low_slow_ato,evasive,challenge,1.0,1.0,0.4633333333333332
full_v2,50,43,normal_nat_burst,attack_new_device,known,challenge,1.0,1.0,0.9595833333333333
full_v2,50,43,normal_nat_burst,attack_new_ua_family,known,challenge,0.8333333333333334,0.8333333333333334,0.6466666666666668
full_v2,50,43,normal_nat_burst,attack_new_os,known,warn,0.0,1.0,0.45500000000000007
full_v2,50,43,normal_nat_burst,attack_off_hours,known,warn,0.0,1.0,0.2691666666666667
full_v2,50,43,normal_nat_burst,attack_failed_spike,known,challenge,1.0,1.0,0.6016666666666667
full_v2,50,43,normal_nat_burst,attack_login_velocity,known,challenge,1.0,1.0,0.5950000000000001
full_v2,50,43,normal_nat_burst,attack_concurrent_sessions,known,challenge,1.0,1.0,0.5483333333333335
full_v2,50,43,normal_nat_burst,attack_subsystem_lateral,known,challenge,0.5,0.5,0.5733333333333334
full_v2,50,43,normal_nat_burst,attack_new_passkey,known,challenge,1.0,1.0,0.6516666666666667
full_v2,50,43,normal_nat_burst,attack_permission_change,known,challenge,1.0,1.0,0.6999999999999998
full_v2,50,43,normal_nat_burst,attack_combined_ato,known,block,1.0,1.0,0.9750000000000001
full_v2,50,43,normal_nat_burst,attack_failed_near_threshold,evasive,challenge,0.0,0.0,0.12083333333333335
full_v2,50,43,normal_nat_burst,attack_velocity_near_threshold,evasive,challenge,0.0,0.0,0.03166666666666667
full_v2,50,43,normal_nat_burst,attack_concurrent_near_threshold,evasive,challenge,0.16666666666666666,0.16666666666666666,0.2875
full_v2,50,43,normal_nat_burst,attack_session_exfiltration,evasive,challenge,0.0,0.0,0.10666666666666665
full_v2,50,43,normal_nat_burst,attack_lateral_known_path,evasive,challenge,0.6666666666666666,0.6666666666666666,0.4275
full_v2,50,43,normal_nat_burst,attack_low_slow_ato,evasive,challenge,0.0,0.0,0.2233333333333333
hardened_v3,50,43,normal_nat_burst,attack_new_device,known,challenge,1.0,1.0,0.735
hardened_v3,50,43,normal_nat_burst,attack_new_ua_family,known,challenge,1.0,1.0,0.4041666666666666
hardened_v3,50,43,normal_nat_burst,attack_new_os,known,warn,0.0,1.0,0.22125000000000003
hardened_v3,50,43,normal_nat_burst,attack_off_hours,known,warn,0.0,1.0,0.26625000000000004
hardened_v3,50,43,normal_nat_burst,attack_failed_spike,known,challenge,1.0,1.0,0.6750000000000002
hardened_v3,50,43,normal_nat_burst,attack_login_velocity,known,challenge,1.0,1.0,0.6750000000000002
hardened_v3,50,43,normal_nat_burst,attack_concurrent_sessions,known,challenge,1.0,1.0,0.625
hardened_v3,50,43,normal_nat_burst,attack_subsystem_lateral,known,challenge,1.0,1.0,0.94
hardened_v3,50,43,normal_nat_burst,attack_new_passkey,known,challenge,1.0,1.0,0.6429166666666667
hardened_v3,50,43,normal_nat_burst,attack_permission_change,known,challenge,1.0,1.0,0.7799999999999999
hardened_v3,50,43,normal_nat_burst,attack_combined_ato,known,block,1.0,1.0,0.9800000000000001
hardened_v3,50,43,normal_nat_burst,attack_failed_near_threshold,evasive,challenge,0.8333333333333334,0.8333333333333334,0.34833333333333333
hardened_v3,50,43,normal_nat_burst,attack_velocity_near_threshold,evasive,challenge,0.8333333333333334,0.8333333333333334,0.25333333333333335
hardened_v3,50,43,normal_nat_burst,attack_concurrent_near_threshold,evasive,challenge,1.0,1.0,0.7783333333333333
hardened_v3,50,43,normal_nat_burst,attack_session_exfiltration,evasive,challenge,1.0,1.0,0.315
hardened_v3,50,43,normal_nat_burst,attack_lateral_known_path,evasive,challenge,1.0,1.0,0.8600000000000002
hardened_v3,50,43,normal_nat_burst,attack_low_slow_ato,evasive,challenge,1.0,1.0,0.4499999999999999
full_v2,50,44,normal_staggered,attack_new_device,known,challenge,1.0,1.0,0.9316666666666666
full_v2,50,44,normal_staggered,attack_new_ua_family,known,challenge,0.9583333333333334,0.9583333333333334,0.6333333333333334
full_v2,50,44,normal_staggered,attack_new_os,known,warn,0.0,1.0,0.4466666666666667
full_v2,50,44,normal_staggered,attack_off_hours,known,warn,0.0,1.0,0.32875
full_v2,50,44,normal_staggered,attack_failed_spike,known,challenge,1.0,1.0,0.5866666666666667
full_v2,50,44,normal_staggered,attack_login_velocity,known,challenge,1.0,1.0,0.5895833333333333
full_v2,50,44,normal_staggered,attack_concurrent_sessions,known,challenge,1.0,1.0,0.5395833333333334
full_v2,50,44,normal_staggered,attack_subsystem_lateral,known,challenge,0.6666666666666666,0.6666666666666666,0.5991666666666666
full_v2,50,44,normal_staggered,attack_new_passkey,known,challenge,1.0,1.0,0.6533333333333333
full_v2,50,44,normal_staggered,attack_permission_change,known,challenge,1.0,1.0,0.6849999999999999
full_v2,50,44,normal_staggered,attack_combined_ato,known,block,1.0,1.0,1.0
full_v2,50,44,normal_staggered,attack_failed_near_threshold,evasive,challenge,0.0,0.0,0.17500000000000002
full_v2,50,44,normal_staggered,attack_velocity_near_threshold,evasive,challenge,0.0,0.0,0.11916666666666668
full_v2,50,44,normal_staggered,attack_concurrent_near_threshold,evasive,challenge,0.16666666666666666,0.16666666666666666,0.3508333333333334
full_v2,50,44,normal_staggered,attack_session_exfiltration,evasive,challenge,0.0,0.0,0.13333333333333333
full_v2,50,44,normal_staggered,attack_lateral_known_path,evasive,challenge,0.6666666666666666,0.6666666666666666,0.41083333333333333
full_v2,50,44,normal_staggered,attack_low_slow_ato,evasive,challenge,0.0,0.0,0.28
hardened_v3,50,44,normal_staggered,attack_new_device,known,challenge,1.0,1.0,0.6825000000000001
hardened_v3,50,44,normal_staggered,attack_new_ua_family,known,challenge,1.0,1.0,0.39291666666666664
hardened_v3,50,44,normal_staggered,attack_new_os,known,warn,0.0,1.0,0.18583333333333338
hardened_v3,50,44,normal_staggered,attack_off_hours,known,warn,0.0,1.0,0.2691666666666667
hardened_v3,50,44,normal_staggered,attack_failed_spike,known,challenge,1.0,1.0,0.6716666666666667
hardened_v3,50,44,normal_staggered,attack_login_velocity,known,challenge,1.0,1.0,0.6716666666666667
hardened_v3,50,44,normal_staggered,attack_concurrent_sessions,known,challenge,1.0,1.0,0.6216666666666667
hardened_v3,50,44,normal_staggered,attack_subsystem_lateral,known,challenge,1.0,1.0,0.9500000000000001
hardened_v3,50,44,normal_staggered,attack_new_passkey,known,challenge,1.0,1.0,0.6029166666666667
hardened_v3,50,44,normal_staggered,attack_permission_change,known,challenge,1.0,1.0,0.7583333333333333
hardened_v3,50,44,normal_staggered,attack_combined_ato,known,block,1.0,1.0,0.9800000000000001
hardened_v3,50,44,normal_staggered,attack_failed_near_threshold,evasive,challenge,1.0,1.0,0.39499999999999996
hardened_v3,50,44,normal_staggered,attack_velocity_near_threshold,evasive,challenge,1.0,1.0,0.31500000000000006
hardened_v3,50,44,normal_staggered,attack_concurrent_near_threshold,evasive,challenge,1.0,1.0,0.8316666666666669
hardened_v3,50,44,normal_staggered,attack_session_exfiltration,evasive,challenge,1.0,1.0,0.30000000000000004
hardened_v3,50,44,normal_staggered,attack_lateral_known_path,evasive,challenge,1.0,1.0,0.8450000000000002
hardened_v3,50,44,normal_staggered,attack_low_slow_ato,evasive,challenge,1.0,1.0,0.435
full_v2,50,44,normal_nat_burst,attack_new_device,known,challenge,1.0,1.0,0.8991666666666666
full_v2,50,44,normal_nat_burst,attack_new_ua_family,known,challenge,0.9166666666666666,0.9166666666666666,0.6262500000000001
full_v2,50,44,normal_nat_burst,attack_new_os,known,warn,0.0,1.0,0.42333333333333334
full_v2,50,44,normal_nat_burst,attack_off_hours,known,warn,0.0,1.0,0.27541666666666664
full_v2,50,44,normal_nat_burst,attack_failed_spike,known,challenge,1.0,1.0,0.5733333333333334
full_v2,50,44,normal_nat_burst,attack_login_velocity,known,challenge,1.0,1.0,0.5541666666666667
full_v2,50,44,normal_nat_burst,attack_concurrent_sessions,known,challenge,1.0,1.0,0.5233333333333333
full_v2,50,44,normal_nat_burst,attack_subsystem_lateral,known,challenge,0.5,0.5,0.5366666666666666
full_v2,50,44,normal_nat_burst,attack_new_passkey,known,challenge,1.0,1.0,0.6383333333333333
full_v2,50,44,normal_nat_burst,attack_permission_change,known,challenge,1.0,1.0,0.6558333333333334
full_v2,50,44,normal_nat_burst,attack_combined_ato,known,block,1.0,1.0,0.9708333333333333
full_v2,50,44,normal_nat_burst,attack_failed_near_threshold,evasive,challenge,0.0,0.0,0.15000000000000005
full_v2,50,44,normal_nat_burst,attack_velocity_near_threshold,evasive,challenge,0.0,0.0,0.04583333333333334
full_v2,50,44,normal_nat_burst,attack_concurrent_near_threshold,evasive,challenge,0.25,0.25,0.33166666666666667
full_v2,50,44,normal_nat_burst,attack_session_exfiltration,evasive,challenge,0.0,0.0,0.12916666666666668
full_v2,50,44,normal_nat_burst,attack_lateral_known_path,evasive,challenge,0.5833333333333334,0.5833333333333334,0.3458333333333334
full_v2,50,44,normal_nat_burst,attack_low_slow_ato,evasive,challenge,0.0,0.0,0.24750000000000005
hardened_v3,50,44,normal_nat_burst,attack_new_device,known,challenge,1.0,1.0,0.6762500000000001
hardened_v3,50,44,normal_nat_burst,attack_new_ua_family,known,challenge,1.0,1.0,0.39166666666666666
hardened_v3,50,44,normal_nat_burst,attack_new_os,known,warn,0.0,1.0,0.19166666666666665
hardened_v3,50,44,normal_nat_burst,attack_off_hours,known,warn,0.0,1.0,0.2816666666666667
hardened_v3,50,44,normal_nat_burst,attack_failed_spike,known,challenge,1.0,1.0,0.6825
hardened_v3,50,44,normal_nat_burst,attack_login_velocity,known,challenge,1.0,1.0,0.6749999999999999
hardened_v3,50,44,normal_nat_burst,attack_concurrent_sessions,known,challenge,1.0,1.0,0.6325
hardened_v3,50,44,normal_nat_burst,attack_subsystem_lateral,known,challenge,1.0,1.0,0.93
hardened_v3,50,44,normal_nat_burst,attack_new_passkey,known,challenge,1.0,1.0,0.6237499999999999
hardened_v3,50,44,normal_nat_burst,attack_permission_change,known,challenge,1.0,1.0,0.7766666666666667
hardened_v3,50,44,normal_nat_burst,attack_combined_ato,known,block,1.0,1.0,0.9800000000000001
hardened_v3,50,44,normal_nat_burst,attack_failed_near_threshold,evasive,challenge,0.8333333333333334,0.8333333333333334,0.38333333333333336
hardened_v3,50,44,normal_nat_burst,attack_velocity_near_threshold,evasive,challenge,0.8333333333333334,0.8333333333333334,0.2733333333333333
hardened_v3,50,44,normal_nat_burst,attack_concurrent_near_threshold,evasive,challenge,1.0,1.0,0.8450000000000002
hardened_v3,50,44,normal_nat_burst,attack_session_exfiltration,evasive,challenge,0.4166666666666667,0.4166666666666667,0.2916666666666667
hardened_v3,50,44,normal_nat_burst,attack_lateral_known_path,evasive,challenge,1.0,1.0,0.7899999999999999
hardened_v3,50,44,normal_nat_burst,attack_low_slow_ato,evasive,challenge,1.0,1.0,0.46833333333333327
full_v2,50,45,normal_staggered,attack_new_device,known,challenge,1.0,1.0,0.9616666666666668
full_v2,50,45,normal_staggered,attack_new_ua_family,known,challenge,0.9583333333333334,0.9583333333333334,0.6650000000000001
full_v2,50,45,normal_staggered,attack_new_os,known,warn,0.0,1.0,0.465
full_v2,50,45,normal_staggered,attack_off_hours,known,warn,0.0,1.0,0.33666666666666667
full_v2,50,45,normal_staggered,attack_failed_spike,known,challenge,1.0,1.0,0.6216666666666667
full_v2,50,45,normal_staggered,attack_login_velocity,known,challenge,1.0,1.0,0.6150000000000001
full_v2,50,45,normal_staggered,attack_concurrent_sessions,known,challenge,1.0,1.0,0.5791666666666667
full_v2,50,45,normal_staggered,attack_subsystem_lateral,known,challenge,0.6666666666666666,0.6666666666666666,0.6133333333333334
full_v2,50,45,normal_staggered,attack_new_passkey,known,challenge,1.0,1.0,0.6716666666666667
full_v2,50,45,normal_staggered,attack_permission_change,known,challenge,1.0,1.0,0.705
full_v2,50,45,normal_staggered,attack_combined_ato,known,block,1.0,1.0,1.0
full_v2,50,45,normal_staggered,attack_failed_near_threshold,evasive,challenge,0.0,0.0,0.15500000000000003
full_v2,50,45,normal_staggered,attack_velocity_near_threshold,evasive,challenge,0.0,0.0,0.10166666666666668
full_v2,50,45,normal_staggered,attack_concurrent_near_threshold,evasive,challenge,0.25,0.25,0.325
full_v2,50,45,normal_staggered,attack_session_exfiltration,evasive,challenge,0.0,0.0,0.155
full_v2,50,45,normal_staggered,attack_lateral_known_path,evasive,challenge,0.6666666666666666,0.6666666666666666,0.38999999999999996
full_v2,50,45,normal_staggered,attack_low_slow_ato,evasive,challenge,0.0,0.0,0.31
hardened_v3,50,45,normal_staggered,attack_new_device,known,challenge,1.0,1.0,0.6970833333333335
hardened_v3,50,45,normal_staggered,attack_new_ua_family,known,challenge,1.0,1.0,0.4066666666666667
hardened_v3,50,45,normal_staggered,attack_new_os,known,warn,0.0,1.0,0.19500000000000003
hardened_v3,50,45,normal_staggered,attack_off_hours,known,warn,0.0,1.0,0.28833333333333333
hardened_v3,50,45,normal_staggered,attack_failed_spike,known,challenge,1.0,1.0,0.6766666666666666
hardened_v3,50,45,normal_staggered,attack_login_velocity,known,challenge,1.0,1.0,0.6766666666666666
hardened_v3,50,45,normal_staggered,attack_concurrent_sessions,known,challenge,1.0,1.0,0.6341666666666667
hardened_v3,50,45,normal_staggered,attack_subsystem_lateral,known,challenge,1.0,1.0,0.9500000000000001
hardened_v3,50,45,normal_staggered,attack_new_passkey,known,challenge,1.0,1.0,0.6033333333333333
hardened_v3,50,45,normal_staggered,attack_permission_change,known,challenge,1.0,1.0,0.7599999999999999
hardened_v3,50,45,normal_staggered,attack_combined_ato,known,block,1.0,1.0,0.9800000000000001
hardened_v3,50,45,normal_staggered,attack_failed_near_threshold,evasive,challenge,0.9166666666666666,0.9166666666666666,0.3666666666666667
hardened_v3,50,45,normal_staggered,attack_velocity_near_threshold,evasive,challenge,0.9166666666666666,0.9166666666666666,0.3016666666666667
hardened_v3,50,45,normal_staggered,attack_concurrent_near_threshold,evasive,challenge,1.0,1.0,0.8166666666666669
hardened_v3,50,45,normal_staggered,attack_session_exfiltration,evasive,challenge,1.0,1.0,0.31
hardened_v3,50,45,normal_staggered,attack_lateral_known_path,evasive,challenge,1.0,1.0,0.8399999999999999
hardened_v3,50,45,normal_staggered,attack_low_slow_ato,evasive,challenge,1.0,1.0,0.45833333333333326
full_v2,50,45,normal_nat_burst,attack_new_device,known,challenge,1.0,1.0,0.9475000000000001
full_v2,50,45,normal_nat_burst,attack_new_ua_family,known,challenge,0.9583333333333334,0.9583333333333334,0.6625000000000002
full_v2,50,45,normal_nat_burst,attack_new_os,known,warn,0.0,1.0,0.4658333333333334
full_v2,50,45,normal_nat_burst,attack_off_hours,known,warn,0.0,1.0,0.2933333333333334
full_v2,50,45,normal_nat_burst,attack_failed_spike,known,challenge,1.0,1.0,0.5825
full_v2,50,45,normal_nat_burst,attack_login_velocity,known,challenge,1.0,1.0,0.5750000000000001
full_v2,50,45,normal_nat_burst,attack_concurrent_sessions,known,challenge,1.0,1.0,0.5433333333333333
full_v2,50,45,normal_nat_burst,attack_subsystem_lateral,known,challenge,0.4166666666666667,0.4166666666666667,0.5766666666666667
full_v2,50,45,normal_nat_burst,attack_new_passkey,known,challenge,1.0,1.0,0.6583333333333333
full_v2,50,45,normal_nat_burst,attack_permission_change,known,challenge,1.0,1.0,0.6766666666666666
full_v2,50,45,normal_nat_burst,attack_combined_ato,known,block,1.0,1.0,1.0
full_v2,50,45,normal_nat_burst,attack_failed_near_threshold,evasive,challenge,0.0,0.0,0.13583333333333333
full_v2,50,45,normal_nat_burst,attack_velocity_near_threshold,evasive,challenge,0.0,0.0,0.03166666666666667
full_v2,50,45,normal_nat_burst,attack_concurrent_near_threshold,evasive,challenge,0.08333333333333333,0.08333333333333333,0.2875
full_v2,50,45,normal_nat_burst,attack_session_exfiltration,evasive,challenge,0.0,0.0,0.11833333333333333
full_v2,50,45,normal_nat_burst,attack_lateral_known_path,evasive,challenge,0.5833333333333334,0.5833333333333334,0.3758333333333333
full_v2,50,45,normal_nat_burst,attack_low_slow_ato,evasive,challenge,0.0,0.0,0.2683333333333333
hardened_v3,50,45,normal_nat_burst,attack_new_device,known,challenge,1.0,1.0,0.74125
hardened_v3,50,45,normal_nat_burst,attack_new_ua_family,known,challenge,1.0,1.0,0.45583333333333337
hardened_v3,50,45,normal_nat_burst,attack_new_os,known,warn,0.0,1.0,0.25625000000000003
hardened_v3,50,45,normal_nat_burst,attack_off_hours,known,warn,0.0,1.0,0.2833333333333333
hardened_v3,50,45,normal_nat_burst,attack_failed_spike,known,challenge,1.0,1.0,0.6766666666666667
hardened_v3,50,45,normal_nat_burst,attack_login_velocity,known,challenge,1.0,1.0,0.665
hardened_v3,50,45,normal_nat_burst,attack_concurrent_sessions,known,challenge,1.0,1.0,0.63
hardened_v3,50,45,normal_nat_burst,attack_subsystem_lateral,known,challenge,1.0,1.0,0.93
hardened_v3,50,45,normal_nat_burst,attack_new_passkey,known,challenge,1.0,1.0,0.6749999999999999
hardened_v3,50,45,normal_nat_burst,attack_permission_change,known,challenge,1.0,1.0,0.7666666666666666
hardened_v3,50,45,normal_nat_burst,attack_combined_ato,known,block,1.0,1.0,0.9816666666666669
hardened_v3,50,45,normal_nat_burst,attack_failed_near_threshold,evasive,challenge,1.0,1.0,0.38999999999999996
hardened_v3,50,45,normal_nat_burst,attack_velocity_near_threshold,evasive,challenge,1.0,1.0,0.28
hardened_v3,50,45,normal_nat_burst,attack_concurrent_near_threshold,evasive,challenge,1.0,1.0,0.8266666666666668
hardened_v3,50,45,normal_nat_burst,attack_session_exfiltration,evasive,challenge,1.0,1.0,0.29500000000000004
hardened_v3,50,45,normal_nat_burst,attack_lateral_known_path,evasive,challenge,1.0,1.0,0.8400000000000002
hardened_v3,50,45,normal_nat_burst,attack_low_slow_ato,evasive,challenge,1.0,1.0,0.45833333333333326
full_v2,50,46,normal_staggered,attack_new_device,known,challenge,1.0,1.0,0.9241666666666667
full_v2,50,46,normal_staggered,attack_new_ua_family,known,challenge,0.75,0.75,0.6145833333333335
full_v2,50,46,normal_staggered,attack_new_os,known,warn,0.0,1.0,0.4320833333333334
full_v2,50,46,normal_staggered,attack_off_hours,known,warn,0.0,1.0,0.33125
full_v2,50,46,normal_staggered,attack_failed_spike,known,challenge,1.0,1.0,0.5954166666666667
full_v2,50,46,normal_staggered,attack_login_velocity,known,challenge,1.0,1.0,0.5866666666666667
full_v2,50,46,normal_staggered,attack_concurrent_sessions,known,challenge,1.0,1.0,0.5333333333333333
full_v2,50,46,normal_staggered,attack_subsystem_lateral,known,challenge,0.6666666666666666,0.6666666666666666,0.5720833333333334
full_v2,50,46,normal_staggered,attack_new_passkey,known,challenge,1.0,1.0,0.6483333333333333
full_v2,50,46,normal_staggered,attack_permission_change,known,challenge,1.0,1.0,0.6875
full_v2,50,46,normal_staggered,attack_combined_ato,known,block,1.0,1.0,1.0
full_v2,50,46,normal_staggered,attack_failed_near_threshold,evasive,challenge,0.0,0.0,0.17583333333333337
full_v2,50,46,normal_staggered,attack_velocity_near_threshold,evasive,challenge,0.0,0.0,0.09250000000000001
full_v2,50,46,normal_staggered,attack_concurrent_near_threshold,evasive,challenge,0.3333333333333333,0.3333333333333333,0.3308333333333333
full_v2,50,46,normal_staggered,attack_session_exfiltration,evasive,challenge,0.0,0.0,0.09833333333333334
full_v2,50,46,normal_staggered,attack_lateral_known_path,evasive,challenge,0.6666666666666666,0.6666666666666666,0.3658333333333334
full_v2,50,46,normal_staggered,attack_low_slow_ato,evasive,challenge,0.0,0.0,0.2916666666666667
hardened_v3,50,46,normal_staggered,attack_new_device,known,challenge,1.0,1.0,0.6783333333333333
hardened_v3,50,46,normal_staggered,attack_new_ua_family,known,challenge,1.0,1.0,0.3741666666666667
hardened_v3,50,46,normal_staggered,attack_new_os,known,warn,0.0,1.0,0.17125
hardened_v3,50,46,normal_staggered,attack_off_hours,known,warn,0.0,1.0,0.30291666666666667
hardened_v3,50,46,normal_staggered,attack_failed_spike,known,challenge,1.0,1.0,0.6900000000000001
hardened_v3,50,46,normal_staggered,attack_login_velocity,known,challenge,1.0,1.0,0.6900000000000001
hardened_v3,50,46,normal_staggered,attack_concurrent_sessions,known,challenge,1.0,1.0,0.625
hardened_v3,50,46,normal_staggered,attack_subsystem_lateral,known,challenge,1.0,1.0,0.96
hardened_v3,50,46,normal_staggered,attack_new_passkey,known,challenge,1.0,1.0,0.6075
hardened_v3,50,46,normal_staggered,attack_permission_change,known,challenge,1.0,1.0,0.7733333333333333
hardened_v3,50,46,normal_staggered,attack_combined_ato,known,block,1.0,1.0,0.9800000000000001
hardened_v3,50,46,normal_staggered,attack_failed_near_threshold,evasive,challenge,0.8333333333333334,0.8333333333333334,0.4033333333333333
hardened_v3,50,46,normal_staggered,attack_velocity_near_threshold,evasive,challenge,0.8333333333333334,0.8333333333333334,0.3083333333333333
hardened_v3,50,46,normal_staggered,attack_concurrent_near_threshold,evasive,challenge,1.0,1.0,0.8516666666666667
hardened_v3,50,46,normal_staggered,attack_session_exfiltration,evasive,challenge,0.9166666666666666,0.9166666666666666,0.31666666666666665
hardened_v3,50,46,normal_staggered,attack_lateral_known_path,evasive,challenge,1.0,1.0,0.8399999999999999
hardened_v3,50,46,normal_staggered,attack_low_slow_ato,evasive,challenge,1.0,1.0,0.4716666666666666
full_v2,50,46,normal_nat_burst,attack_new_device,known,challenge,1.0,1.0,0.9550000000000001
full_v2,50,46,normal_nat_burst,attack_new_ua_family,known,challenge,0.9166666666666666,0.9166666666666666,0.6583333333333335
full_v2,50,46,normal_nat_burst,attack_new_os,known,warn,0.0,1.0,0.4541666666666668
full_v2,50,46,normal_nat_burst,attack_off_hours,known,warn,0.0,1.0,0.27
full_v2,50,46,normal_nat_burst,attack_failed_spike,known,challenge,1.0,1.0,0.5975
full_v2,50,46,normal_nat_burst,attack_login_velocity,known,challenge,1.0,1.0,0.5825
full_v2,50,46,normal_nat_burst,attack_concurrent_sessions,known,challenge,1.0,1.0,0.5325000000000001
full_v2,50,46,normal_nat_burst,attack_subsystem_lateral,known,challenge,0.5,0.5,0.6033333333333334
full_v2,50,46,normal_nat_burst,attack_new_passkey,known,challenge,1.0,1.0,0.64
full_v2,50,46,normal_nat_burst,attack_permission_change,known,challenge,1.0,1.0,0.6916666666666665
full_v2,50,46,normal_nat_burst,attack_combined_ato,known,block,1.0,1.0,0.9958333333333332
full_v2,50,46,normal_nat_burst,attack_failed_near_threshold,evasive,challenge,0.0,0.0,0.13333333333333333
full_v2,50,46,normal_nat_burst,attack_velocity_near_threshold,evasive,challenge,0.0,0.0,0.05083333333333334
full_v2,50,46,normal_nat_burst,attack_concurrent_near_threshold,evasive,challenge,0.08333333333333333,0.08333333333333333,0.325
full_v2,50,46,normal_nat_burst,attack_session_exfiltration,evasive,challenge,0.0,0.0,0.05666666666666668
full_v2,50,46,normal_nat_burst,attack_lateral_known_path,evasive,challenge,0.6666666666666666,0.6666666666666666,0.41
full_v2,50,46,normal_nat_burst,attack_low_slow_ato,evasive,challenge,0.0,0.0,0.26333333333333336
hardened_v3,50,46,normal_nat_burst,attack_new_device,known,challenge,1.0,1.0,0.7520833333333333
hardened_v3,50,46,normal_nat_burst,attack_new_ua_family,known,challenge,1.0,1.0,0.4520833333333334
hardened_v3,50,46,normal_nat_burst,attack_new_os,known,warn,0.0,1.0,0.24208333333333334
hardened_v3,50,46,normal_nat_burst,attack_off_hours,known,warn,0.0,1.0,0.2775
hardened_v3,50,46,normal_nat_burst,attack_failed_spike,known,challenge,1.0,1.0,0.6691666666666668
hardened_v3,50,46,normal_nat_burst,attack_login_velocity,known,challenge,1.0,1.0,0.6541666666666667
hardened_v3,50,46,normal_nat_burst,attack_concurrent_sessions,known,challenge,1.0,1.0,0.6041666666666666
hardened_v3,50,46,normal_nat_burst,attack_subsystem_lateral,known,challenge,1.0,1.0,0.93
hardened_v3,50,46,normal_nat_burst,attack_new_passkey,known,challenge,1.0,1.0,0.6183333333333333
hardened_v3,50,46,normal_nat_burst,attack_permission_change,known,challenge,1.0,1.0,0.7633333333333333
hardened_v3,50,46,normal_nat_burst,attack_combined_ato,known,block,1.0,1.0,0.9816666666666669
hardened_v3,50,46,normal_nat_burst,attack_failed_near_threshold,evasive,challenge,1.0,1.0,0.36333333333333334
hardened_v3,50,46,normal_nat_burst,attack_velocity_near_threshold,evasive,challenge,1.0,1.0,0.27499999999999997
hardened_v3,50,46,normal_nat_burst,attack_concurrent_near_threshold,evasive,challenge,1.0,1.0,0.8216666666666667
hardened_v3,50,46,normal_nat_burst,attack_session_exfiltration,evasive,challenge,1.0,1.0,0.27499999999999997
hardened_v3,50,46,normal_nat_burst,attack_lateral_known_path,evasive,challenge,1.0,1.0,0.84
hardened_v3,50,46,normal_nat_burst,attack_low_slow_ato,evasive,challenge,1.0,1.0,0.43999999999999995
full_v2,100,42,normal_staggered,attack_new_device,known,challenge,1.0,1.0,0.9595833333333333
full_v2,100,42,normal_staggered,attack_new_ua_family,known,challenge,0.9583333333333334,0.9583333333333334,0.6691666666666668
full_v2,100,42,normal_staggered,attack_new_os,known,warn,0.0,1.0,0.46833333333333343
full_v2,100,42,normal_staggered,attack_off_hours,known,warn,0.0,1.0,0.29833333333333334
full_v2,100,42,normal_staggered,attack_failed_spike,known,challenge,1.0,1.0,0.58
full_v2,100,42,normal_staggered,attack_login_velocity,known,challenge,1.0,1.0,0.5933333333333334
full_v2,100,42,normal_staggered,attack_concurrent_sessions,known,challenge,1.0,1.0,0.5508333333333334
full_v2,100,42,normal_staggered,attack_subsystem_lateral,known,challenge,0.6666666666666666,0.6666666666666666,0.5766666666666667
full_v2,100,42,normal_staggered,attack_new_passkey,known,challenge,1.0,1.0,0.65
full_v2,100,42,normal_staggered,attack_permission_change,known,challenge,1.0,1.0,0.6366666666666667
full_v2,100,42,normal_staggered,attack_combined_ato,known,block,1.0,1.0,1.0
full_v2,100,42,normal_staggered,attack_failed_near_threshold,evasive,challenge,0.0,0.0,0.08166666666666667
full_v2,100,42,normal_staggered,attack_velocity_near_threshold,evasive,challenge,0.0,0.0,0.06916666666666667
full_v2,100,42,normal_staggered,attack_concurrent_near_threshold,evasive,challenge,0.25,0.25,0.33749999999999997
full_v2,100,42,normal_staggered,attack_session_exfiltration,evasive,challenge,0.0,0.0,0.17166666666666666
full_v2,100,42,normal_staggered,attack_lateral_known_path,evasive,challenge,0.6666666666666666,0.6666666666666666,0.38000000000000006
full_v2,100,42,normal_staggered,attack_low_slow_ato,evasive,challenge,0.0,0.0,0.2733333333333333
hardened_v3,100,42,normal_staggered,attack_new_device,known,challenge,1.0,1.0,0.7191666666666667
hardened_v3,100,42,normal_staggered,attack_new_ua_family,known,challenge,1.0,1.0,0.4266666666666667
hardened_v3,100,42,normal_staggered,attack_new_os,known,warn,0.0,1.0,0.20958333333333337
hardened_v3,100,42,normal_staggered,attack_off_hours,known,warn,0.0,1.0,0.2691666666666666
hardened_v3,100,42,normal_staggered,attack_failed_spike,known,challenge,1.0,1.0,0.6533333333333333
hardened_v3,100,42,normal_staggered,attack_login_velocity,known,challenge,1.0,1.0,0.6666666666666666
hardened_v3,100,42,normal_staggered,attack_concurrent_sessions,known,challenge,1.0,1.0,0.6241666666666666
hardened_v3,100,42,normal_staggered,attack_subsystem_lateral,known,challenge,1.0,1.0,0.96
hardened_v3,100,42,normal_staggered,attack_new_passkey,known,challenge,1.0,1.0,0.60875
hardened_v3,100,42,normal_staggered,attack_permission_change,known,challenge,1.0,1.0,0.7033333333333333
hardened_v3,100,42,normal_staggered,attack_combined_ato,known,block,1.0,1.0,0.9800000000000001
hardened_v3,100,42,normal_staggered,attack_failed_near_threshold,evasive,challenge,0.9166666666666666,0.9166666666666666,0.31166666666666665
hardened_v3,100,42,normal_staggered,attack_velocity_near_threshold,evasive,challenge,0.9166666666666666,0.9166666666666666,0.2816666666666667
hardened_v3,100,42,normal_staggered,attack_concurrent_near_threshold,evasive,challenge,1.0,1.0,0.8166666666666665
hardened_v3,100,42,normal_staggered,attack_session_exfiltration,evasive,challenge,0.9166666666666666,0.9166666666666666,0.33
hardened_v3,100,42,normal_staggered,attack_lateral_known_path,evasive,challenge,1.0,1.0,0.8483333333333335
hardened_v3,100,42,normal_staggered,attack_low_slow_ato,evasive,challenge,1.0,1.0,0.4533333333333333
full_v2,100,42,normal_nat_burst,attack_new_device,known,challenge,1.0,1.0,0.9475000000000001
full_v2,100,42,normal_nat_burst,attack_new_ua_family,known,challenge,1.0,1.0,0.6733333333333335
full_v2,100,42,normal_nat_burst,attack_new_os,known,warn,0.0,1.0,0.4733333333333334
full_v2,100,42,normal_nat_burst,attack_off_hours,known,warn,0.0,1.0,0.28750000000000003
full_v2,100,42,normal_nat_burst,attack_failed_spike,known,challenge,1.0,1.0,0.62
full_v2,100,42,normal_nat_burst,attack_login_velocity,known,challenge,1.0,1.0,0.6183333333333333
full_v2,100,42,normal_nat_burst,attack_concurrent_sessions,known,challenge,1.0,1.0,0.5650000000000001
full_v2,100,42,normal_nat_burst,attack_subsystem_lateral,known,challenge,0.75,0.75,0.59
full_v2,100,42,normal_nat_burst,attack_new_passkey,known,challenge,1.0,1.0,0.6791666666666666
full_v2,100,42,normal_nat_burst,attack_permission_change,known,challenge,1.0,1.0,0.6516666666666667
full_v2,100,42,normal_nat_burst,attack_combined_ato,known,block,1.0,1.0,1.0
full_v2,100,42,normal_nat_burst,attack_failed_near_threshold,evasive,challenge,0.0,0.0,0.12666666666666668
full_v2,100,42,normal_nat_burst,attack_velocity_near_threshold,evasive,challenge,0.0,0.0,0.08166666666666667
full_v2,100,42,normal_nat_burst,attack_concurrent_near_threshold,evasive,challenge,0.4166666666666667,0.4166666666666667,0.36166666666666664
full_v2,100,42,normal_nat_burst,attack_session_exfiltration,evasive,challenge,0.0,0.0,0.19000000000000003
full_v2,100,42,normal_nat_burst,attack_lateral_known_path,evasive,challenge,0.75,0.75,0.4216666666666667
full_v2,100,42,normal_nat_burst,attack_low_slow_ato,evasive,challenge,0.0,0.0,0.2941666666666667
hardened_v3,100,42,normal_nat_burst,attack_new_device,known,challenge,1.0,1.0,0.7375000000000002
hardened_v3,100,42,normal_nat_burst,attack_new_ua_family,known,challenge,1.0,1.0,0.45416666666666666
hardened_v3,100,42,normal_nat_burst,attack_new_os,known,warn,0.0,1.0,0.25708333333333333
hardened_v3,100,42,normal_nat_burst,attack_off_hours,known,warn,0.0,1.0,0.3095833333333333
hardened_v3,100,42,normal_nat_burst,attack_failed_spike,known,challenge,1.0,1.0,0.6966666666666667
hardened_v3,100,42,normal_nat_burst,attack_login_velocity,known,challenge,1.0,1.0,0.695
hardened_v3,100,42,normal_nat_burst,attack_concurrent_sessions,known,challenge,1.0,1.0,0.6449999999999999
hardened_v3,100,42,normal_nat_burst,attack_subsystem_lateral,known,challenge,1.0,1.0,0.9700000000000001
hardened_v3,100,42,normal_nat_burst,attack_new_passkey,known,challenge,1.0,1.0,0.6733333333333333
hardened_v3,100,42,normal_nat_burst,attack_permission_change,known,challenge,1.0,1.0,0.7316666666666666
hardened_v3,100,42,normal_nat_burst,attack_combined_ato,known,block,1.0,1.0,0.9800000000000001
hardened_v3,100,42,normal_nat_burst,attack_failed_near_threshold,evasive,challenge,1.0,1.0,0.365
hardened_v3,100,42,normal_nat_burst,attack_velocity_near_threshold,evasive,challenge,1.0,1.0,0.32
hardened_v3,100,42,normal_nat_burst,attack_concurrent_near_threshold,evasive,challenge,1.0,1.0,0.8800000000000002
hardened_v3,100,42,normal_nat_burst,attack_session_exfiltration,evasive,challenge,1.0,1.0,0.39833333333333326
hardened_v3,100,42,normal_nat_burst,attack_lateral_known_path,evasive,challenge,1.0,1.0,0.8783333333333335
hardened_v3,100,42,normal_nat_burst,attack_low_slow_ato,evasive,challenge,1.0,1.0,0.4966666666666666
full_v2,100,43,normal_staggered,attack_new_device,known,challenge,1.0,1.0,0.9616666666666668
full_v2,100,43,normal_staggered,attack_new_ua_family,known,challenge,0.9583333333333334,0.9583333333333334,0.6650000000000001
full_v2,100,43,normal_staggered,attack_new_os,known,warn,0.0,1.0,0.465
full_v2,100,43,normal_staggered,attack_off_hours,known,warn,0.0,1.0,0.32166666666666666
full_v2,100,43,normal_staggered,attack_failed_spike,known,challenge,1.0,1.0,0.6066666666666667
full_v2,100,43,normal_staggered,attack_login_velocity,known,challenge,1.0,1.0,0.62
full_v2,100,43,normal_staggered,attack_concurrent_sessions,known,challenge,1.0,1.0,0.57
full_v2,100,43,normal_staggered,attack_subsystem_lateral,known,challenge,0.75,0.75,0.6233333333333334
full_v2,100,43,normal_staggered,attack_new_passkey,known,challenge,1.0,1.0,0.67
full_v2,100,43,normal_staggered,attack_permission_change,known,challenge,1.0,1.0,0.6566666666666666
full_v2,100,43,normal_staggered,attack_combined_ato,known,block,1.0,1.0,1.0
full_v2,100,43,normal_staggered,attack_failed_near_threshold,evasive,challenge,0.0,0.0,0.11750000000000001
full_v2,100,43,normal_staggered,attack_velocity_near_threshold,evasive,challenge,0.0,0.0,0.10500000000000002
full_v2,100,43,normal_staggered,attack_concurrent_near_threshold,evasive,challenge,0.25,0.25,0.3433333333333333
full_v2,100,43,normal_staggered,attack_session_exfiltration,evasive,challenge,0.0,0.0,0.235
full_v2,100,43,normal_staggered,attack_lateral_known_path,evasive,challenge,0.6666666666666666,0.6666666666666666,0.43416666666666676
full_v2,100,43,normal_staggered,attack_low_slow_ato,evasive,challenge,0.0,0.0,0.3133333333333333
hardened_v3,100,43,normal_staggered,attack_new_device,known,challenge,1.0,1.0,0.72625
hardened_v3,100,43,normal_staggered,attack_new_ua_family,known,challenge,1.0,1.0,0.43
hardened_v3,100,43,normal_staggered,attack_new_os,known,warn,0.0,1.0,0.22375
hardened_v3,100,43,normal_staggered,attack_off_hours,known,warn,0.0,1.0,0.29458333333333336
hardened_v3,100,43,normal_staggered,attack_failed_spike,known,challenge,1.0,1.0,0.6616666666666666
hardened_v3,100,43,normal_staggered,attack_login_velocity,known,challenge,1.0,1.0,0.6749999999999999
hardened_v3,100,43,normal_staggered,attack_concurrent_sessions,known,challenge,1.0,1.0,0.625
hardened_v3,100,43,normal_staggered,attack_subsystem_lateral,known,challenge,1.0,1.0,0.96
hardened_v3,100,43,normal_staggered,attack_new_passkey,known,challenge,1.0,1.0,0.6429166666666667
hardened_v3,100,43,normal_staggered,attack_permission_change,known,challenge,1.0,1.0,0.7116666666666666
hardened_v3,100,43,normal_staggered,attack_combined_ato,known,block,1.0,1.0,0.9800000000000001
hardened_v3,100,43,normal_staggered,attack_failed_near_threshold,evasive,challenge,1.0,1.0,0.3433333333333333
hardened_v3,100,43,normal_staggered,attack_velocity_near_threshold,evasive,challenge,1.0,1.0,0.31333333333333335
hardened_v3,100,43,normal_staggered,attack_concurrent_near_threshold,evasive,challenge,1.0,1.0,0.8266666666666667
hardened_v3,100,43,normal_staggered,attack_session_exfiltration,evasive,challenge,0.8333333333333334,0.8333333333333334,0.3666666666666667
hardened_v3,100,43,normal_staggered,attack_lateral_known_path,evasive,challenge,1.0,1.0,0.8666666666666666
hardened_v3,100,43,normal_staggered,attack_low_slow_ato,evasive,challenge,1.0,1.0,0.4616666666666666
full_v2,100,43,normal_nat_burst,attack_new_device,known,challenge,1.0,1.0,0.9625
full_v2,100,43,normal_nat_burst,attack_new_ua_family,known,challenge,0.9583333333333334,0.9583333333333334,0.6658333333333335
full_v2,100,43,normal_nat_burst,attack_new_os,known,warn,0.0,1.0,0.46916666666666673
full_v2,100,43,normal_nat_burst,attack_off_hours,known,warn,0.0,1.0,0.285
full_v2,100,43,normal_nat_burst,attack_failed_spike,known,challenge,1.0,1.0,0.57
full_v2,100,43,normal_nat_burst,attack_login_velocity,known,challenge,1.0,1.0,0.5916666666666668
full_v2,100,43,normal_nat_burst,attack_concurrent_sessions,known,challenge,1.0,1.0,0.5408333333333334
full_v2,100,43,normal_nat_burst,attack_subsystem_lateral,known,challenge,0.5833333333333334,0.5833333333333334,0.5766666666666668
full_v2,100,43,normal_nat_burst,attack_new_passkey,known,challenge,1.0,1.0,0.6408333333333334
full_v2,100,43,normal_nat_burst,attack_permission_change,known,challenge,1.0,1.0,0.6283333333333333
full_v2,100,43,normal_nat_burst,attack_combined_ato,known,block,1.0,1.0,1.0
full_v2,100,43,normal_nat_burst,attack_failed_near_threshold,evasive,challenge,0.0,0.0,0.08083333333333333
full_v2,100,43,normal_nat_burst,attack_velocity_near_threshold,evasive,challenge,0.0,0.0,0.041666666666666664
full_v2,100,43,normal_nat_burst,attack_concurrent_near_threshold,evasive,challenge,0.16666666666666666,0.16666666666666666,0.33916666666666667
full_v2,100,43,normal_nat_burst,attack_session_exfiltration,evasive,challenge,0.0,0.0,0.2066666666666667
full_v2,100,43,normal_nat_burst,attack_lateral_known_path,evasive,challenge,0.75,0.75,0.45250000000000007
full_v2,100,43,normal_nat_burst,attack_low_slow_ato,evasive,challenge,0.0,0.0,0.2925
hardened_v3,100,43,normal_nat_burst,attack_new_device,known,challenge,1.0,1.0,0.7525000000000001
hardened_v3,100,43,normal_nat_burst,attack_new_ua_family,known,challenge,1.0,1.0,0.4404166666666667
hardened_v3,100,43,normal_nat_burst,attack_new_os,known,warn,0.0,1.0,0.25583333333333336
hardened_v3,100,43,normal_nat_burst,attack_off_hours,known,warn,0.0,1.0,0.22875
hardened_v3,100,43,normal_nat_burst,attack_failed_spike,known,challenge,1.0,1.0,0.6433333333333334
hardened_v3,100,43,normal_nat_burst,attack_login_velocity,known,challenge,1.0,1.0,0.6716666666666667
hardened_v3,100,43,normal_nat_burst,attack_concurrent_sessions,known,challenge,1.0,1.0,0.6141666666666666
hardened_v3,100,43,normal_nat_burst,attack_subsystem_lateral,known,challenge,1.0,1.0,0.9499999999999998
hardened_v3,100,43,normal_nat_burst,attack_new_passkey,known,challenge,1.0,1.0,0.6379166666666667
hardened_v3,100,43,normal_nat_burst,attack_permission_change,known,challenge,1.0,1.0,0.7083333333333334
hardened_v3,100,43,normal_nat_burst,attack_combined_ato,known,block,1.0,1.0,0.9800000000000001
hardened_v3,100,43,normal_nat_burst,attack_failed_near_threshold,evasive,challenge,1.0,1.0,0.325
hardened_v3,100,43,normal_nat_burst,attack_velocity_near_threshold,evasive,challenge,1.0,1.0,0.28
hardened_v3,100,43,normal_nat_burst,attack_concurrent_near_threshold,evasive,challenge,1.0,1.0,0.8566666666666669
hardened_v3,100,43,normal_nat_burst,attack_session_exfiltration,evasive,challenge,1.0,1.0,0.37999999999999995
hardened_v3,100,43,normal_nat_burst,attack_lateral_known_path,evasive,challenge,1.0,1.0,0.8833333333333334
hardened_v3,100,43,normal_nat_burst,attack_low_slow_ato,evasive,challenge,1.0,1.0,0.45833333333333326
full_v2,100,44,normal_staggered,attack_new_device,known,challenge,1.0,1.0,0.91
full_v2,100,44,normal_staggered,attack_new_ua_family,known,challenge,0.6666666666666666,0.6666666666666666,0.6137500000000001
full_v2,100,44,normal_staggered,attack_new_os,known,warn,0.0,1.0,0.4166666666666667
full_v2,100,44,normal_staggered,attack_off_hours,known,warn,0.0,1.0,0.27499999999999997
full_v2,100,44,normal_staggered,attack_failed_spike,known,challenge,1.0,1.0,0.5083333333333334
full_v2,100,44,normal_staggered,attack_login_velocity,known,challenge,1.0,1.0,0.5191666666666667
full_v2,100,44,normal_staggered,attack_concurrent_sessions,known,challenge,1.0,1.0,0.47208333333333335
full_v2,100,44,normal_staggered,attack_subsystem_lateral,known,challenge,0.5,0.5,0.5416666666666666
full_v2,100,44,normal_staggered,attack_new_passkey,known,challenge,1.0,1.0,0.5783333333333335
full_v2,100,44,normal_staggered,attack_permission_change,known,challenge,1.0,1.0,0.5583333333333335
full_v2,100,44,normal_staggered,attack_combined_ato,known,block,1.0,1.0,1.0
full_v2,100,44,normal_staggered,attack_failed_near_threshold,evasive,challenge,0.0,0.0,0.07083333333333335
full_v2,100,44,normal_staggered,attack_velocity_near_threshold,evasive,challenge,0.0,0.0,0.06416666666666666
full_v2,100,44,normal_staggered,attack_concurrent_near_threshold,evasive,challenge,0.08333333333333333,0.08333333333333333,0.3383333333333334
full_v2,100,44,normal_staggered,attack_session_exfiltration,evasive,challenge,0.0,0.0,0.14500000000000002
full_v2,100,44,normal_staggered,attack_lateral_known_path,evasive,challenge,0.6666666666666666,0.6666666666666666,0.41583333333333333
full_v2,100,44,normal_staggered,attack_low_slow_ato,evasive,challenge,0.0,0.0,0.255
hardened_v3,100,44,normal_staggered,attack_new_device,known,challenge,1.0,1.0,0.6408333333333334
hardened_v3,100,44,normal_staggered,attack_new_ua_family,known,challenge,1.0,1.0,0.35874999999999996
hardened_v3,100,44,normal_staggered,attack_new_os,known,warn,0.0,1.0,0.14708333333333334
hardened_v3,100,44,normal_staggered,attack_off_hours,known,warn,0.0,1.0,0.2454166666666667
hardened_v3,100,44,normal_staggered,attack_failed_spike,known,challenge,1.0,1.0,0.5924999999999999
hardened_v3,100,44,normal_staggered,attack_login_velocity,known,challenge,1.0,1.0,0.605
hardened_v3,100,44,normal_staggered,attack_concurrent_sessions,known,challenge,1.0,1.0,0.555
hardened_v3,100,44,normal_staggered,attack_subsystem_lateral,known,challenge,1.0,1.0,0.9249999999999999
hardened_v3,100,44,normal_staggered,attack_new_passkey,known,challenge,1.0,1.0,0.54125
hardened_v3,100,44,normal_staggered,attack_permission_change,known,challenge,1.0,1.0,0.6383333333333333
hardened_v3,100,44,normal_staggered,attack_combined_ato,known,block,1.0,1.0,0.9800000000000001
hardened_v3,100,44,normal_staggered,attack_failed_near_threshold,evasive,challenge,1.0,1.0,0.315
hardened_v3,100,44,normal_staggered,attack_velocity_near_threshold,evasive,challenge,1.0,1.0,0.28500000000000003
hardened_v3,100,44,normal_staggered,attack_concurrent_near_threshold,evasive,challenge,1.0,1.0,0.8533333333333335
hardened_v3,100,44,normal_staggered,attack_session_exfiltration,evasive,challenge,1.0,1.0,0.34833333333333333
hardened_v3,100,44,normal_staggered,attack_lateral_known_path,evasive,challenge,1.0,1.0,0.8816666666666667
hardened_v3,100,44,normal_staggered,attack_low_slow_ato,evasive,challenge,1.0,1.0,0.4333333333333333
full_v2,100,44,normal_nat_burst,attack_new_device,known,challenge,1.0,1.0,0.9550000000000001
full_v2,100,44,normal_nat_burst,attack_new_ua_family,known,challenge,1.0,1.0,0.6700000000000003
full_v2,100,44,normal_nat_burst,attack_new_os,known,warn,0.0,1.0,0.47000000000000003
full_v2,100,44,normal_nat_burst,attack_off_hours,known,warn,0.0,1.0,0.32375
full_v2,100,44,normal_nat_burst,attack_failed_spike,known,challenge,1.0,1.0,0.6158333333333333
full_v2,100,44,normal_nat_burst,attack_login_velocity,known,challenge,1.0,1.0,0.6291666666666668
full_v2,100,44,normal_nat_burst,attack_concurrent_sessions,known,challenge,1.0,1.0,0.5716666666666667
full_v2,100,44,normal_nat_burst,attack_subsystem_lateral,known,challenge,0.75,0.75,0.6416666666666667
full_v2,100,44,normal_nat_burst,attack_new_passkey,known,challenge,1.0,1.0,0.6900000000000001
full_v2,100,44,normal_nat_burst,attack_permission_change,known,challenge,1.0,1.0,0.6733333333333333
full_v2,100,44,normal_nat_burst,attack_combined_ato,known,block,1.0,1.0,1.0
full_v2,100,44,normal_nat_burst,attack_failed_near_threshold,evasive,challenge,0.0,0.0,0.11666666666666665
full_v2,100,44,normal_nat_burst,attack_velocity_near_threshold,evasive,challenge,0.0,0.0,0.08833333333333333
full_v2,100,44,normal_nat_burst,attack_concurrent_near_threshold,evasive,challenge,0.16666666666666666,0.16666666666666666,0.3858333333333333
full_v2,100,44,normal_nat_burst,attack_session_exfiltration,evasive,challenge,0.0,0.0,0.21166666666666667
full_v2,100,44,normal_nat_burst,attack_lateral_known_path,evasive,challenge,0.75,0.75,0.4625000000000001
full_v2,100,44,normal_nat_burst,attack_low_slow_ato,evasive,challenge,0.0,0.0,0.3233333333333333
hardened_v3,100,44,normal_nat_burst,attack_new_device,known,challenge,1.0,1.0,0.7320833333333333
hardened_v3,100,44,normal_nat_burst,attack_new_ua_family,known,challenge,1.0,1.0,0.44166666666666665
hardened_v3,100,44,normal_nat_burst,attack_new_os,known,warn,0.0,1.0,0.2504166666666667
hardened_v3,100,44,normal_nat_burst,attack_off_hours,known,warn,0.0,1.0,0.25499999999999995
hardened_v3,100,44,normal_nat_burst,attack_failed_spike,known,challenge,1.0,1.0,0.6591666666666668
hardened_v3,100,44,normal_nat_burst,attack_login_velocity,known,challenge,1.0,1.0,0.6725
hardened_v3,100,44,normal_nat_burst,attack_concurrent_sessions,known,challenge,1.0,1.0,0.6150000000000001
hardened_v3,100,44,normal_nat_burst,attack_subsystem_lateral,known,challenge,1.0,1.0,0.9499999999999998
hardened_v3,100,44,normal_nat_burst,attack_new_passkey,known,challenge,1.0,1.0,0.6570833333333334
hardened_v3,100,44,normal_nat_burst,attack_permission_change,known,challenge,1.0,1.0,0.7166666666666667
hardened_v3,100,44,normal_nat_burst,attack_combined_ato,known,block,1.0,1.0,0.9800000000000001
hardened_v3,100,44,normal_nat_burst,attack_failed_near_threshold,evasive,challenge,1.0,1.0,0.3183333333333333
hardened_v3,100,44,normal_nat_burst,attack_velocity_near_threshold,evasive,challenge,1.0,1.0,0.29
hardened_v3,100,44,normal_nat_burst,attack_concurrent_near_threshold,evasive,challenge,1.0,1.0,0.8550000000000001
hardened_v3,100,44,normal_nat_burst,attack_session_exfiltration,evasive,challenge,1.0,1.0,0.3833333333333333
hardened_v3,100,44,normal_nat_burst,attack_lateral_known_path,evasive,challenge,1.0,1.0,0.8666666666666667
hardened_v3,100,44,normal_nat_burst,attack_low_slow_ato,evasive,challenge,1.0,1.0,0.46666666666666656
full_v2,100,45,normal_staggered,attack_new_device,known,challenge,1.0,1.0,0.9616666666666668
full_v2,100,45,normal_staggered,attack_new_ua_family,known,challenge,0.9583333333333334,0.9583333333333334,0.6725000000000002
full_v2,100,45,normal_staggered,attack_new_os,known,warn,0.0,1.0,0.46833333333333343
full_v2,100,45,normal_staggered,attack_off_hours,known,warn,0.0,1.0,0.27666666666666667
full_v2,100,45,normal_staggered,attack_failed_spike,known,challenge,1.0,1.0,0.5683333333333334
full_v2,100,45,normal_staggered,attack_login_velocity,known,challenge,1.0,1.0,0.5816666666666667
full_v2,100,45,normal_staggered,attack_concurrent_sessions,known,challenge,1.0,1.0,0.5425000000000001
full_v2,100,45,normal_staggered,attack_subsystem_lateral,known,challenge,0.5833333333333334,0.5833333333333334,0.6016666666666667
full_v2,100,45,normal_staggered,attack_new_passkey,known,challenge,1.0,1.0,0.6466666666666667
full_v2,100,45,normal_staggered,attack_permission_change,known,challenge,1.0,1.0,0.6116666666666667
full_v2,100,45,normal_staggered,attack_combined_ato,known,block,1.0,1.0,1.0
full_v2,100,45,normal_staggered,attack_failed_near_threshold,evasive,challenge,0.0,0.0,0.07666666666666666
full_v2,100,45,normal_staggered,attack_velocity_near_threshold,evasive,challenge,0.0,0.0,0.05833333333333333
full_v2,100,45,normal_staggered,attack_concurrent_near_threshold,evasive,challenge,0.16666666666666666,0.16666666666666666,0.3175
full_v2,100,45,normal_staggered,attack_session_exfiltration,evasive,challenge,0.0,0.0,0.18166666666666667
full_v2,100,45,normal_staggered,attack_lateral_known_path,evasive,challenge,0.6666666666666666,0.6666666666666666,0.40166666666666667
full_v2,100,45,normal_staggered,attack_low_slow_ato,evasive,challenge,0.0,0.0,0.26166666666666666
hardened_v3,100,45,normal_staggered,attack_new_device,known,challenge,1.0,1.0,0.6970833333333335
hardened_v3,100,45,normal_staggered,attack_new_ua_family,known,challenge,1.0,1.0,0.40750000000000003
hardened_v3,100,45,normal_staggered,attack_new_os,known,warn,0.0,1.0,0.2066666666666667
hardened_v3,100,45,normal_staggered,attack_off_hours,known,warn,0.0,1.0,0.235
hardened_v3,100,45,normal_staggered,attack_failed_spike,known,challenge,1.0,1.0,0.6349999999999999
hardened_v3,100,45,normal_staggered,attack_login_velocity,known,challenge,1.0,1.0,0.6516666666666667
hardened_v3,100,45,normal_staggered,attack_concurrent_sessions,known,challenge,1.0,1.0,0.6091666666666666
hardened_v3,100,45,normal_staggered,attack_subsystem_lateral,known,challenge,1.0,1.0,0.9499999999999998
hardened_v3,100,45,normal_staggered,attack_new_passkey,known,challenge,1.0,1.0,0.61125
hardened_v3,100,45,normal_staggered,attack_permission_change,known,challenge,1.0,1.0,0.6849999999999999
hardened_v3,100,45,normal_staggered,attack_combined_ato,known,block,1.0,1.0,0.9800000000000001
hardened_v3,100,45,normal_staggered,attack_failed_near_threshold,evasive,challenge,1.0,1.0,0.315
hardened_v3,100,45,normal_staggered,attack_velocity_near_threshold,evasive,challenge,1.0,1.0,0.28500000000000003
hardened_v3,100,45,normal_staggered,attack_concurrent_near_threshold,evasive,challenge,1.0,1.0,0.8416666666666668
hardened_v3,100,45,normal_staggered,attack_session_exfiltration,evasive,challenge,1.0,1.0,0.34833333333333333
hardened_v3,100,45,normal_staggered,attack_lateral_known_path,evasive,challenge,1.0,1.0,0.8716666666666667
hardened_v3,100,45,normal_staggered,attack_low_slow_ato,evasive,challenge,1.0,1.0,0.435
full_v2,100,45,normal_nat_burst,attack_new_device,known,challenge,1.0,1.0,0.9475000000000001
full_v2,100,45,normal_nat_burst,attack_new_ua_family,known,challenge,0.9166666666666666,0.9166666666666666,0.6583333333333335
full_v2,100,45,normal_nat_burst,attack_new_os,known,warn,0.0,1.0,0.4583333333333333
full_v2,100,45,normal_nat_burst,attack_off_hours,known,warn,0.0,1.0,0.29833333333333334
full_v2,100,45,normal_nat_burst,attack_failed_spike,known,challenge,1.0,1.0,0.5758333333333333
full_v2,100,45,normal_nat_burst,attack_login_velocity,known,challenge,1.0,1.0,0.585
full_v2,100,45,normal_nat_burst,attack_concurrent_sessions,known,challenge,1.0,1.0,0.5533333333333333
full_v2,100,45,normal_nat_burst,attack_subsystem_lateral,known,challenge,0.6666666666666666,0.6666666666666666,0.5866666666666668
full_v2,100,45,normal_nat_burst,attack_new_passkey,known,challenge,1.0,1.0,0.665
full_v2,100,45,normal_nat_burst,attack_permission_change,known,challenge,1.0,1.0,0.6333333333333333
full_v2,100,45,normal_nat_burst,attack_combined_ato,known,block,1.0,1.0,1.0
full_v2,100,45,normal_nat_burst,attack_failed_near_threshold,evasive,challenge,0.0,0.0,0.12166666666666666
full_v2,100,45,normal_nat_burst,attack_velocity_near_threshold,evasive,challenge,0.0,0.0,0.06166666666666667
full_v2,100,45,normal_nat_burst,attack_concurrent_near_threshold,evasive,challenge,0.3333333333333333,0.3333333333333333,0.33249999999999996
full_v2,100,45,normal_nat_burst,attack_session_exfiltration,evasive,challenge,0.0,0.0,0.17166666666666666
full_v2,100,45,normal_nat_burst,attack_lateral_known_path,evasive,challenge,0.75,0.75,0.41916666666666663
full_v2,100,45,normal_nat_burst,attack_low_slow_ato,evasive,challenge,0.0,0.0,0.2808333333333333
hardened_v3,100,45,normal_nat_burst,attack_new_device,known,challenge,1.0,1.0,0.7245833333333334
hardened_v3,100,45,normal_nat_burst,attack_new_ua_family,known,challenge,1.0,1.0,0.43291666666666667
hardened_v3,100,45,normal_nat_burst,attack_new_os,known,warn,0.0,1.0,0.23583333333333334
hardened_v3,100,45,normal_nat_burst,attack_off_hours,known,warn,0.0,1.0,0.25166666666666665
hardened_v3,100,45,normal_nat_burst,attack_failed_spike,known,challenge,1.0,1.0,0.6558333333333334
hardened_v3,100,45,normal_nat_burst,attack_login_velocity,known,challenge,1.0,1.0,0.665
hardened_v3,100,45,normal_nat_burst,attack_concurrent_sessions,known,challenge,1.0,1.0,0.63
hardened_v3,100,45,normal_nat_burst,attack_subsystem_lateral,known,challenge,1.0,1.0,0.96
hardened_v3,100,45,normal_nat_burst,attack_new_passkey,known,challenge,1.0,1.0,0.6595833333333334
hardened_v3,100,45,normal_nat_burst,attack_permission_change,known,challenge,1.0,1.0,0.7133333333333333
hardened_v3,100,45,normal_nat_burst,attack_combined_ato,known,block,1.0,1.0,0.9800000000000001
hardened_v3,100,45,normal_nat_burst,attack_failed_near_threshold,evasive,challenge,0.9166666666666666,0.9166666666666666,0.3516666666666666
hardened_v3,100,45,normal_nat_burst,attack_velocity_near_threshold,evasive,challenge,0.9166666666666666,0.9166666666666666,0.2916666666666667
hardened_v3,100,45,normal_nat_burst,attack_concurrent_near_threshold,evasive,challenge,1.0,1.0,0.8450000000000002
hardened_v3,100,45,normal_nat_burst,attack_session_exfiltration,evasive,challenge,0.75,0.75,0.3383333333333333
hardened_v3,100,45,normal_nat_burst,attack_lateral_known_path,evasive,challenge,1.0,1.0,0.8816666666666668
hardened_v3,100,45,normal_nat_burst,attack_low_slow_ato,evasive,challenge,1.0,1.0,0.4783333333333332
full_v2,100,46,normal_staggered,attack_new_device,known,challenge,1.0,1.0,0.9504166666666668
full_v2,100,46,normal_staggered,attack_new_ua_family,known,challenge,0.9166666666666666,0.9166666666666666,0.6587500000000002
full_v2,100,46,normal_staggered,attack_new_os,known,warn,0.0,1.0,0.45541666666666664
full_v2,100,46,normal_staggered,attack_off_hours,known,warn,0.0,1.0,0.29833333333333334
full_v2,100,46,normal_staggered,attack_failed_spike,known,challenge,1.0,1.0,0.5741666666666666
full_v2,100,46,normal_staggered,attack_login_velocity,known,challenge,1.0,1.0,0.5875
full_v2,100,46,normal_staggered,attack_concurrent_sessions,known,challenge,1.0,1.0,0.5341666666666667
full_v2,100,46,normal_staggered,attack_subsystem_lateral,known,challenge,0.6666666666666666,0.6666666666666666,0.5816666666666667
full_v2,100,46,normal_staggered,attack_new_passkey,known,challenge,1.0,1.0,0.63125
full_v2,100,46,normal_staggered,attack_permission_change,known,challenge,1.0,1.0,0.6175
full_v2,100,46,normal_staggered,attack_combined_ato,known,block,1.0,1.0,1.0
full_v2,100,46,normal_staggered,attack_failed_near_threshold,evasive,challenge,0.0,0.0,0.10083333333333334
full_v2,100,46,normal_staggered,attack_velocity_near_threshold,evasive,challenge,0.0,0.0,0.08416666666666667
full_v2,100,46,normal_staggered,attack_concurrent_near_threshold,evasive,challenge,0.25,0.25,0.3358333333333334
full_v2,100,46,normal_staggered,attack_session_exfiltration,evasive,challenge,0.0,0.0,0.1575
full_v2,100,46,normal_staggered,attack_lateral_known_path,evasive,challenge,0.6666666666666666,0.6666666666666666,0.4266666666666667
full_v2,100,46,normal_staggered,attack_low_slow_ato,evasive,challenge,0.0,0.0,0.29333333333333333
hardened_v3,100,46,normal_staggered,attack_new_device,known,challenge,1.0,1.0,0.7158333333333333
hardened_v3,100,46,normal_staggered,attack_new_ua_family,known,challenge,1.0,1.0,0.43416666666666676
hardened_v3,100,46,normal_staggered,attack_new_os,known,warn,0.0,1.0,0.2304166666666667
hardened_v3,100,46,normal_staggered,attack_off_hours,known,warn,0.0,1.0,0.2808333333333333
hardened_v3,100,46,normal_staggered,attack_failed_spike,known,challenge,1.0,1.0,0.6533333333333333
hardened_v3,100,46,normal_staggered,attack_login_velocity,known,challenge,1.0,1.0,0.67
hardened_v3,100,46,normal_staggered,attack_concurrent_sessions,known,challenge,1.0,1.0,0.62
hardened_v3,100,46,normal_staggered,attack_subsystem_lateral,known,challenge,1.0,1.0,0.9499999999999998
hardened_v3,100,46,normal_staggered,attack_new_passkey,known,challenge,1.0,1.0,0.6116666666666667
hardened_v3,100,46,normal_staggered,attack_permission_change,known,challenge,1.0,1.0,0.7033333333333333
hardened_v3,100,46,normal_staggered,attack_combined_ato,known,block,1.0,1.0,0.9800000000000001
hardened_v3,100,46,normal_staggered,attack_failed_near_threshold,evasive,challenge,1.0,1.0,0.3333333333333333
hardened_v3,100,46,normal_staggered,attack_velocity_near_threshold,evasive,challenge,1.0,1.0,0.305
hardened_v3,100,46,normal_staggered,attack_concurrent_near_threshold,evasive,challenge,1.0,1.0,0.8350000000000001
hardened_v3,100,46,normal_staggered,attack_session_exfiltration,evasive,challenge,1.0,1.0,0.3666666666666667
hardened_v3,100,46,normal_staggered,attack_lateral_known_path,evasive,challenge,1.0,1.0,0.8633333333333334
hardened_v3,100,46,normal_staggered,attack_low_slow_ato,evasive,challenge,1.0,1.0,0.4533333333333332
full_v2,100,46,normal_nat_burst,attack_new_device,known,challenge,1.0,1.0,0.9562500000000002
full_v2,100,46,normal_nat_burst,attack_new_ua_family,known,challenge,0.9166666666666666,0.9166666666666666,0.6583333333333335
full_v2,100,46,normal_nat_burst,attack_new_os,known,warn,0.0,1.0,0.45083333333333336
full_v2,100,46,normal_nat_burst,attack_off_hours,known,warn,0.0,1.0,0.325
full_v2,100,46,normal_nat_burst,attack_failed_spike,known,challenge,1.0,1.0,0.61
full_v2,100,46,normal_nat_burst,attack_login_velocity,known,challenge,1.0,1.0,0.6158333333333333
full_v2,100,46,normal_nat_burst,attack_concurrent_sessions,known,challenge,1.0,1.0,0.5583333333333333
full_v2,100,46,normal_nat_burst,attack_subsystem_lateral,known,challenge,0.75,0.75,0.6033333333333334
full_v2,100,46,normal_nat_burst,attack_new_passkey,known,challenge,1.0,1.0,0.6733333333333333
full_v2,100,46,normal_nat_burst,attack_permission_change,known,challenge,1.0,1.0,0.6749999999999999
full_v2,100,46,normal_nat_burst,attack_combined_ato,known,block,1.0,1.0,1.0
full_v2,100,46,normal_nat_burst,attack_failed_near_threshold,evasive,challenge,0.0,0.0,0.09166666666666667
full_v2,100,46,normal_nat_burst,attack_velocity_near_threshold,evasive,challenge,0.0,0.0,0.09166666666666667
full_v2,100,46,normal_nat_burst,attack_concurrent_near_threshold,evasive,challenge,0.4166666666666667,0.4166666666666667,0.35333333333333333
full_v2,100,46,normal_nat_burst,attack_session_exfiltration,evasive,challenge,0.0,0.0,0.16666666666666666
full_v2,100,46,normal_nat_burst,attack_lateral_known_path,evasive,challenge,0.75,0.75,0.4575
full_v2,100,46,normal_nat_burst,attack_low_slow_ato,evasive,challenge,0.0,0.0,0.31333333333333335
hardened_v3,100,46,normal_nat_burst,attack_new_device,known,challenge,1.0,1.0,0.7324999999999999
hardened_v3,100,46,normal_nat_burst,attack_new_ua_family,known,challenge,1.0,1.0,0.43625
hardened_v3,100,46,normal_nat_burst,attack_new_os,known,warn,0.0,1.0,0.22833333333333336
hardened_v3,100,46,normal_nat_burst,attack_off_hours,known,warn,0.0,1.0,0.3258333333333333
hardened_v3,100,46,normal_nat_burst,attack_failed_spike,known,challenge,1.0,1.0,0.69
hardened_v3,100,46,normal_nat_burst,attack_login_velocity,known,challenge,1.0,1.0,0.6958333333333333
hardened_v3,100,46,normal_nat_burst,attack_concurrent_sessions,known,challenge,1.0,1.0,0.6383333333333333
hardened_v3,100,46,normal_nat_burst,attack_subsystem_lateral,known,challenge,1.0,1.0,0.9700000000000001
hardened_v3,100,46,normal_nat_burst,attack_new_passkey,known,challenge,1.0,1.0,0.6591666666666667
hardened_v3,100,46,normal_nat_burst,attack_permission_change,known,challenge,1.0,1.0,0.7549999999999999
hardened_v3,100,46,normal_nat_burst,attack_combined_ato,known,block,1.0,1.0,0.9800000000000001
hardened_v3,100,46,normal_nat_burst,attack_failed_near_threshold,evasive,challenge,1.0,1.0,0.33
hardened_v3,100,46,normal_nat_burst,attack_velocity_near_threshold,evasive,challenge,1.0,1.0,0.33
hardened_v3,100,46,normal_nat_burst,attack_concurrent_near_threshold,evasive,challenge,1.0,1.0,0.8616666666666668
hardened_v3,100,46,normal_nat_burst,attack_session_exfiltration,evasive,challenge,1.0,1.0,0.36333333333333334
hardened_v3,100,46,normal_nat_burst,attack_lateral_known_path,evasive,challenge,1.0,1.0,0.8816666666666667
hardened_v3,100,46,normal_nat_burst,attack_low_slow_ato,evasive,challenge,1.0,1.0,0.5049999999999999
full_v2,500,42,normal_staggered,attack_new_device,known,challenge,1.0,1.0,0.9683333333333334
full_v2,500,42,normal_staggered,attack_new_ua_family,known,challenge,1.0,1.0,0.6800000000000002
full_v2,500,42,normal_staggered,attack_new_os,known,warn,0.0,1.0,0.47666666666666674
full_v2,500,42,normal_staggered,attack_off_hours,known,warn,0.0,1.0,0.41333333333333333
full_v2,500,42,normal_staggered,attack_failed_spike,known,challenge,1.0,1.0,0.6750000000000002
full_v2,500,42,normal_staggered,attack_login_velocity,known,challenge,1.0,1.0,0.6750000000000002
full_v2,500,42,normal_staggered,attack_concurrent_sessions,known,challenge,1.0,1.0,0.6116666666666667
full_v2,500,42,normal_staggered,attack_subsystem_lateral,known,challenge,1.0,1.0,0.6716666666666667
full_v2,500,42,normal_staggered,attack_new_passkey,known,challenge,1.0,1.0,0.7216666666666667
full_v2,500,42,normal_staggered,attack_permission_change,known,challenge,1.0,1.0,0.7416666666666667
full_v2,500,42,normal_staggered,attack_combined_ato,known,block,1.0,1.0,1.0
full_v2,500,42,normal_staggered,attack_failed_near_threshold,evasive,challenge,0.0,0.0,0.18333333333333335
full_v2,500,42,normal_staggered,attack_velocity_near_threshold,evasive,challenge,0.0,0.0,0.18583333333333332
full_v2,500,42,normal_staggered,attack_concurrent_near_threshold,evasive,challenge,0.3333333333333333,0.3333333333333333,0.4566666666666667
full_v2,500,42,normal_staggered,attack_session_exfiltration,evasive,challenge,0.0,0.0,0.255
full_v2,500,42,normal_staggered,attack_lateral_known_path,evasive,challenge,0.75,0.75,0.5125000000000001
full_v2,500,42,normal_staggered,attack_low_slow_ato,evasive,challenge,0.0,0.0,0.385
hardened_v3,500,42,normal_staggered,attack_new_device,known,challenge,1.0,1.0,0.7266666666666667
hardened_v3,500,42,normal_staggered,attack_new_ua_family,known,challenge,1.0,1.0,0.43291666666666667
hardened_v3,500,42,normal_staggered,attack_new_os,known,warn,0.0,1.0,0.22958333333333336
hardened_v3,500,42,normal_staggered,attack_off_hours,known,warn,0.0,1.0,0.38791666666666674
hardened_v3,500,42,normal_staggered,attack_failed_spike,known,challenge,1.0,1.0,0.7383333333333334
hardened_v3,500,42,normal_staggered,attack_login_velocity,known,challenge,1.0,1.0,0.7383333333333334
hardened_v3,500,42,normal_staggered,attack_concurrent_sessions,known,challenge,1.0,1.0,0.6750000000000002
hardened_v3,500,42,normal_staggered,attack_subsystem_lateral,known,challenge,1.0,1.0,0.9866666666666667
hardened_v3,500,42,normal_staggered,attack_new_passkey,known,challenge,1.0,1.0,0.695
hardened_v3,500,42,normal_staggered,attack_permission_change,known,challenge,1.0,1.0,0.8016666666666666
hardened_v3,500,42,normal_staggered,attack_combined_ato,known,block,1.0,1.0,0.9800000000000001
hardened_v3,500,42,normal_staggered,attack_failed_near_threshold,evasive,challenge,1.0,1.0,0.4216666666666667
hardened_v3,500,42,normal_staggered,attack_velocity_near_threshold,evasive,challenge,1.0,1.0,0.4066666666666667
hardened_v3,500,42,normal_staggered,attack_concurrent_near_threshold,evasive,challenge,1.0,1.0,0.9333333333333335
hardened_v3,500,42,normal_staggered,attack_session_exfiltration,evasive,challenge,1.0,1.0,0.415
hardened_v3,500,42,normal_staggered,attack_lateral_known_path,evasive,challenge,1.0,1.0,0.9150000000000001
hardened_v3,500,42,normal_staggered,attack_low_slow_ato,evasive,challenge,1.0,1.0,0.545
full_v2,500,42,normal_nat_burst,attack_new_device,known,challenge,1.0,1.0,0.9658333333333333
full_v2,500,42,normal_nat_burst,attack_new_ua_family,known,challenge,1.0,1.0,0.6833333333333336
full_v2,500,42,normal_nat_burst,attack_new_os,known,warn,0.0,1.0,0.48000000000000004
full_v2,500,42,normal_nat_burst,attack_off_hours,known,warn,0.0,1.0,0.38999999999999996
full_v2,500,42,normal_nat_burst,attack_failed_spike,known,challenge,1.0,1.0,0.6966666666666668
full_v2,500,42,normal_nat_burst,attack_login_velocity,known,challenge,1.0,1.0,0.685
full_v2,500,42,normal_nat_burst,attack_concurrent_sessions,known,challenge,1.0,1.0,0.6216666666666667
full_v2,500,42,normal_nat_burst,attack_subsystem_lateral,known,challenge,1.0,1.0,0.6749999999999999
full_v2,500,42,normal_nat_burst,attack_new_passkey,known,challenge,1.0,1.0,0.7425
full_v2,500,42,normal_nat_burst,attack_permission_change,known,challenge,1.0,1.0,0.7483333333333334
full_v2,500,42,normal_nat_burst,attack_combined_ato,known,block,1.0,1.0,1.0
full_v2,500,42,normal_nat_burst,attack_failed_near_threshold,evasive,challenge,0.0,0.0,0.19500000000000003
full_v2,500,42,normal_nat_burst,attack_velocity_near_threshold,evasive,challenge,0.0,0.0,0.12333333333333335
full_v2,500,42,normal_nat_burst,attack_concurrent_near_threshold,evasive,challenge,0.4166666666666667,0.4166666666666667,0.4716666666666667
full_v2,500,42,normal_nat_burst,attack_session_exfiltration,evasive,challenge,0.0,0.0,0.25833333333333336
full_v2,500,42,normal_nat_burst,attack_lateral_known_path,evasive,challenge,0.8333333333333334,0.8333333333333334,0.5133333333333332
full_v2,500,42,normal_nat_burst,attack_low_slow_ato,evasive,challenge,0.0,0.0,0.3933333333333333
hardened_v3,500,42,normal_nat_burst,attack_new_device,known,challenge,1.0,1.0,0.7345833333333335
hardened_v3,500,42,normal_nat_burst,attack_new_ua_family,known,challenge,1.0,1.0,0.45458333333333334
hardened_v3,500,42,normal_nat_burst,attack_new_os,known,warn,0.0,1.0,0.24750000000000003
hardened_v3,500,42,normal_nat_burst,attack_off_hours,known,warn,0.0,1.0,0.3695833333333334
hardened_v3,500,42,normal_nat_burst,attack_failed_spike,known,challenge,1.0,1.0,0.77
hardened_v3,500,42,normal_nat_burst,attack_login_velocity,known,challenge,1.0,1.0,0.755
hardened_v3,500,42,normal_nat_burst,attack_concurrent_sessions,known,challenge,1.0,1.0,0.695
hardened_v3,500,42,normal_nat_burst,attack_subsystem_lateral,known,challenge,1.0,1.0,0.9916666666666667
hardened_v3,500,42,normal_nat_burst,attack_new_passkey,known,challenge,1.0,1.0,0.7333333333333333
hardened_v3,500,42,normal_nat_burst,attack_permission_change,known,challenge,1.0,1.0,0.815
hardened_v3,500,42,normal_nat_burst,attack_combined_ato,known,block,1.0,1.0,0.9800000000000001
hardened_v3,500,42,normal_nat_burst,attack_failed_near_threshold,evasive,challenge,1.0,1.0,0.42166666666666663
hardened_v3,500,42,normal_nat_burst,attack_velocity_near_threshold,evasive,challenge,1.0,1.0,0.35000000000000003
hardened_v3,500,42,normal_nat_burst,attack_concurrent_near_threshold,evasive,challenge,1.0,1.0,0.9416666666666668
hardened_v3,500,42,normal_nat_burst,attack_session_exfiltration,evasive,challenge,1.0,1.0,0.42999999999999994
hardened_v3,500,42,normal_nat_burst,attack_lateral_known_path,evasive,challenge,1.0,1.0,0.9300000000000002
hardened_v3,500,42,normal_nat_burst,attack_low_slow_ato,evasive,challenge,1.0,1.0,0.5600000000000002
full_v2,500,43,normal_staggered,attack_new_device,known,challenge,1.0,1.0,0.9712500000000001
full_v2,500,43,normal_staggered,attack_new_ua_family,known,challenge,1.0,1.0,0.6733333333333335
full_v2,500,43,normal_staggered,attack_new_os,known,warn,0.0,1.0,0.48000000000000004
full_v2,500,43,normal_staggered,attack_off_hours,known,warn,0.0,1.0,0.4033333333333333
full_v2,500,43,normal_staggered,attack_failed_spike,known,challenge,1.0,1.0,0.6841666666666667
full_v2,500,43,normal_staggered,attack_login_velocity,known,challenge,1.0,1.0,0.6633333333333334
full_v2,500,43,normal_staggered,attack_concurrent_sessions,known,challenge,1.0,1.0,0.6141666666666667
full_v2,500,43,normal_staggered,attack_subsystem_lateral,known,challenge,1.0,1.0,0.6758333333333333
full_v2,500,43,normal_staggered,attack_new_passkey,known,challenge,1.0,1.0,0.7233333333333333
full_v2,500,43,normal_staggered,attack_permission_change,known,challenge,1.0,1.0,0.73
full_v2,500,43,normal_staggered,attack_combined_ato,known,block,1.0,1.0,1.0
full_v2,500,43,normal_staggered,attack_failed_near_threshold,evasive,challenge,0.0,0.0,0.14833333333333334
full_v2,500,43,normal_staggered,attack_velocity_near_threshold,evasive,challenge,0.0,0.0,0.15916666666666668
full_v2,500,43,normal_staggered,attack_concurrent_near_threshold,evasive,challenge,0.16666666666666666,0.16666666666666666,0.4483333333333333
full_v2,500,43,normal_staggered,attack_session_exfiltration,evasive,challenge,0.0,0.0,0.26333333333333336
full_v2,500,43,normal_staggered,attack_lateral_known_path,evasive,challenge,0.75,0.75,0.5183333333333332
full_v2,500,43,normal_staggered,attack_low_slow_ato,evasive,challenge,0.0,0.0,0.395
hardened_v3,500,43,normal_staggered,attack_new_device,known,challenge,1.0,1.0,0.75
hardened_v3,500,43,normal_staggered,attack_new_ua_family,known,challenge,1.0,1.0,0.4466666666666667
hardened_v3,500,43,normal_staggered,attack_new_os,known,warn,0.0,1.0,0.25666666666666665
hardened_v3,500,43,normal_staggered,attack_off_hours,known,warn,0.0,1.0,0.37666666666666665
hardened_v3,500,43,normal_staggered,attack_failed_spike,known,challenge,1.0,1.0,0.7375000000000002
hardened_v3,500,43,normal_staggered,attack_login_velocity,known,challenge,1.0,1.0,0.7300000000000001
hardened_v3,500,43,normal_staggered,attack_concurrent_sessions,known,challenge,1.0,1.0,0.6775000000000001
hardened_v3,500,43,normal_staggered,attack_subsystem_lateral,known,challenge,1.0,1.0,0.9899999999999999
hardened_v3,500,43,normal_staggered,attack_new_passkey,known,challenge,1.0,1.0,0.7133333333333333
hardened_v3,500,43,normal_staggered,attack_permission_change,known,challenge,1.0,1.0,0.79
hardened_v3,500,43,normal_staggered,attack_combined_ato,known,block,1.0,1.0,0.9800000000000001
hardened_v3,500,43,normal_staggered,attack_failed_near_threshold,evasive,challenge,1.0,1.0,0.38666666666666666
hardened_v3,500,43,normal_staggered,attack_velocity_near_threshold,evasive,challenge,1.0,1.0,0.37999999999999995
hardened_v3,500,43,normal_staggered,attack_concurrent_near_threshold,evasive,challenge,1.0,1.0,0.9166666666666669
hardened_v3,500,43,normal_staggered,attack_session_exfiltration,evasive,challenge,1.0,1.0,0.41
hardened_v3,500,43,normal_staggered,attack_lateral_known_path,evasive,challenge,1.0,1.0,0.9216666666666669
hardened_v3,500,43,normal_staggered,attack_low_slow_ato,evasive,challenge,1.0,1.0,0.5350000000000001
full_v2,500,43,normal_nat_burst,attack_new_device,known,challenge,1.0,1.0,0.9666666666666668
full_v2,500,43,normal_nat_burst,attack_new_ua_family,known,challenge,1.0,1.0,0.666666666666667
full_v2,500,43,normal_nat_burst,attack_new_os,known,warn,0.0,1.0,0.46666666666666673
full_v2,500,43,normal_nat_burst,attack_off_hours,known,warn,0.0,1.0,0.37000000000000005
full_v2,500,43,normal_nat_burst,attack_failed_spike,known,challenge,1.0,1.0,0.6783333333333333
full_v2,500,43,normal_nat_burst,attack_login_velocity,known,challenge,1.0,1.0,0.6791666666666668
full_v2,500,43,normal_nat_burst,attack_concurrent_sessions,known,challenge,1.0,1.0,0.6083333333333334
full_v2,500,43,normal_nat_burst,attack_subsystem_lateral,known,challenge,1.0,1.0,0.6625000000000001
full_v2,500,43,normal_nat_burst,attack_new_passkey,known,challenge,1.0,1.0,0.7358333333333332
full_v2,500,43,normal_nat_burst,attack_permission_change,known,challenge,1.0,1.0,0.7533333333333333
full_v2,500,43,normal_nat_burst,attack_combined_ato,known,block,1.0,1.0,1.0
full_v2,500,43,normal_nat_burst,attack_failed_near_threshold,evasive,challenge,0.0,0.0,0.16749999999999998
full_v2,500,43,normal_nat_burst,attack_velocity_near_threshold,evasive,challenge,0.0,0.0,0.10750000000000003
full_v2,500,43,normal_nat_burst,attack_concurrent_near_threshold,evasive,challenge,0.16666666666666666,0.16666666666666666,0.43083333333333335
full_v2,500,43,normal_nat_burst,attack_session_exfiltration,evasive,challenge,0.0,0.0,0.275
full_v2,500,43,normal_nat_burst,attack_lateral_known_path,evasive,challenge,0.75,0.75,0.5041666666666665
full_v2,500,43,normal_nat_burst,attack_low_slow_ato,evasive,challenge,0.0,0.0,0.37666666666666665
hardened_v3,500,43,normal_nat_burst,attack_new_device,known,challenge,1.0,1.0,0.7600000000000001
hardened_v3,500,43,normal_nat_burst,attack_new_ua_family,known,challenge,1.0,1.0,0.4566666666666667
hardened_v3,500,43,normal_nat_burst,attack_new_os,known,warn,0.0,1.0,0.26666666666666666
hardened_v3,500,43,normal_nat_burst,attack_off_hours,known,warn,0.0,1.0,0.3708333333333334
hardened_v3,500,43,normal_nat_burst,attack_failed_spike,known,challenge,1.0,1.0,0.7516666666666666
hardened_v3,500,43,normal_nat_burst,attack_login_velocity,known,challenge,1.0,1.0,0.7591666666666668
hardened_v3,500,43,normal_nat_burst,attack_concurrent_sessions,known,challenge,1.0,1.0,0.685
hardened_v3,500,43,normal_nat_burst,attack_subsystem_lateral,known,challenge,1.0,1.0,0.9916666666666666
hardened_v3,500,43,normal_nat_burst,attack_new_passkey,known,challenge,1.0,1.0,0.7425
hardened_v3,500,43,normal_nat_burst,attack_permission_change,known,challenge,1.0,1.0,0.8333333333333334
hardened_v3,500,43,normal_nat_burst,attack_combined_ato,known,block,1.0,1.0,0.9800000000000001
hardened_v3,500,43,normal_nat_burst,attack_failed_near_threshold,evasive,challenge,1.0,1.0,0.4116666666666666
hardened_v3,500,43,normal_nat_burst,attack_velocity_near_threshold,evasive,challenge,1.0,1.0,0.34
hardened_v3,500,43,normal_nat_burst,attack_concurrent_near_threshold,evasive,challenge,1.0,1.0,0.9166666666666669
hardened_v3,500,43,normal_nat_burst,attack_session_exfiltration,evasive,challenge,1.0,1.0,0.43500000000000005
hardened_v3,500,43,normal_nat_burst,attack_lateral_known_path,evasive,challenge,1.0,1.0,0.9150000000000001
hardened_v3,500,43,normal_nat_burst,attack_low_slow_ato,evasive,challenge,1.0,1.0,0.5500000000000002
full_v2,500,44,normal_staggered,attack_new_device,known,challenge,1.0,1.0,0.9579166666666667
full_v2,500,44,normal_staggered,attack_new_ua_family,known,challenge,1.0,1.0,0.6633333333333334
full_v2,500,44,normal_staggered,attack_new_os,known,warn,0.0,1.0,0.46666666666666673
full_v2,500,44,normal_staggered,attack_off_hours,known,warn,0.0,1.0,0.4033333333333333
full_v2,500,44,normal_staggered,attack_failed_spike,known,challenge,1.0,1.0,0.6633333333333334
full_v2,500,44,normal_staggered,attack_login_velocity,known,challenge,1.0,1.0,0.66
full_v2,500,44,normal_staggered,attack_concurrent_sessions,known,challenge,1.0,1.0,0.5966666666666667
full_v2,500,44,normal_staggered,attack_subsystem_lateral,known,challenge,1.0,1.0,0.6666666666666666
full_v2,500,44,normal_staggered,attack_new_passkey,known,challenge,1.0,1.0,0.7166666666666668
full_v2,500,44,normal_staggered,attack_permission_change,known,challenge,1.0,1.0,0.7233333333333333
full_v2,500,44,normal_staggered,attack_combined_ato,known,block,1.0,1.0,1.0
full_v2,500,44,normal_staggered,attack_failed_near_threshold,evasive,challenge,0.0,0.0,0.17583333333333337
full_v2,500,44,normal_staggered,attack_velocity_near_threshold,evasive,challenge,0.0,0.0,0.19583333333333333
full_v2,500,44,normal_staggered,attack_concurrent_near_threshold,evasive,challenge,0.25,0.25,0.4633333333333333
full_v2,500,44,normal_staggered,attack_session_exfiltration,evasive,challenge,0.0,0.0,0.25499999999999995
full_v2,500,44,normal_staggered,attack_lateral_known_path,evasive,challenge,0.6666666666666666,0.6666666666666666,0.5041666666666667
full_v2,500,44,normal_staggered,attack_low_slow_ato,evasive,challenge,0.0,0.0,0.40833333333333327
hardened_v3,500,44,normal_staggered,attack_new_device,known,challenge,1.0,1.0,0.7308333333333333
hardened_v3,500,44,normal_staggered,attack_new_ua_family,known,challenge,1.0,1.0,0.4283333333333334
hardened_v3,500,44,normal_staggered,attack_new_os,known,warn,0.0,1.0,0.2316666666666667
hardened_v3,500,44,normal_staggered,attack_off_hours,known,warn,0.0,1.0,0.37541666666666673
hardened_v3,500,44,normal_staggered,attack_failed_spike,known,challenge,1.0,1.0,0.715
hardened_v3,500,44,normal_staggered,attack_login_velocity,known,challenge,1.0,1.0,0.715
hardened_v3,500,44,normal_staggered,attack_concurrent_sessions,known,challenge,1.0,1.0,0.6516666666666667
hardened_v3,500,44,normal_staggered,attack_subsystem_lateral,known,challenge,1.0,1.0,0.9783333333333334
hardened_v3,500,44,normal_staggered,attack_new_passkey,known,challenge,1.0,1.0,0.6895833333333332
hardened_v3,500,44,normal_staggered,attack_permission_change,known,challenge,1.0,1.0,0.7783333333333333
hardened_v3,500,44,normal_staggered,attack_combined_ato,known,block,1.0,1.0,0.9800000000000001
hardened_v3,500,44,normal_staggered,attack_failed_near_threshold,evasive,challenge,1.0,1.0,0.4016666666666666
hardened_v3,500,44,normal_staggered,attack_velocity_near_threshold,evasive,challenge,1.0,1.0,0.4099999999999999
hardened_v3,500,44,normal_staggered,attack_concurrent_near_threshold,evasive,challenge,1.0,1.0,0.9250000000000002
hardened_v3,500,44,normal_staggered,attack_session_exfiltration,evasive,challenge,1.0,1.0,0.4099999999999999
hardened_v3,500,44,normal_staggered,attack_lateral_known_path,evasive,challenge,1.0,1.0,0.8966666666666668
hardened_v3,500,44,normal_staggered,attack_low_slow_ato,evasive,challenge,1.0,1.0,0.5366666666666667
full_v2,500,44,normal_nat_burst,attack_new_device,known,challenge,1.0,1.0,0.9700000000000001
full_v2,500,44,normal_nat_burst,attack_new_ua_family,known,challenge,1.0,1.0,0.6800000000000002
full_v2,500,44,normal_nat_burst,attack_new_os,known,warn,0.0,1.0,0.48000000000000004
full_v2,500,44,normal_nat_burst,attack_off_hours,known,warn,0.0,1.0,0.3666666666666667
full_v2,500,44,normal_nat_burst,attack_failed_spike,known,challenge,1.0,1.0,0.6725
full_v2,500,44,normal_nat_burst,attack_login_velocity,known,challenge,1.0,1.0,0.6758333333333334
full_v2,500,44,normal_nat_burst,attack_concurrent_sessions,known,challenge,1.0,1.0,0.6016666666666667
full_v2,500,44,normal_nat_burst,attack_subsystem_lateral,known,challenge,1.0,1.0,0.6675000000000001
full_v2,500,44,normal_nat_burst,attack_new_passkey,known,challenge,1.0,1.0,0.7333333333333333
full_v2,500,44,normal_nat_burst,attack_permission_change,known,challenge,1.0,1.0,0.7283333333333334
full_v2,500,44,normal_nat_burst,attack_combined_ato,known,block,1.0,1.0,1.0
full_v2,500,44,normal_nat_burst,attack_failed_near_threshold,evasive,challenge,0.0,0.0,0.15916666666666668
full_v2,500,44,normal_nat_burst,attack_velocity_near_threshold,evasive,challenge,0.0,0.0,0.07333333333333335
full_v2,500,44,normal_nat_burst,attack_concurrent_near_threshold,evasive,challenge,0.3333333333333333,0.3333333333333333,0.4566666666666667
full_v2,500,44,normal_nat_burst,attack_session_exfiltration,evasive,challenge,0.0,0.0,0.26333333333333336
full_v2,500,44,normal_nat_burst,attack_lateral_known_path,evasive,challenge,0.6666666666666666,0.6666666666666666,0.535
full_v2,500,44,normal_nat_burst,attack_low_slow_ato,evasive,challenge,0.0,0.0,0.37999999999999995
hardened_v3,500,44,normal_nat_burst,attack_new_device,known,challenge,1.0,1.0,0.7441666666666666
hardened_v3,500,44,normal_nat_burst,attack_new_ua_family,known,challenge,1.0,1.0,0.45083333333333336
hardened_v3,500,44,normal_nat_burst,attack_new_os,known,warn,0.0,1.0,0.24500000000000002
hardened_v3,500,44,normal_nat_burst,attack_off_hours,known,warn,0.0,1.0,0.36375
hardened_v3,500,44,normal_nat_burst,attack_failed_spike,known,challenge,1.0,1.0,0.7458333333333335
hardened_v3,500,44,normal_nat_burst,attack_login_velocity,known,challenge,1.0,1.0,0.7458333333333335
hardened_v3,500,44,normal_nat_burst,attack_concurrent_sessions,known,challenge,1.0,1.0,0.6750000000000002
hardened_v3,500,44,normal_nat_burst,attack_subsystem_lateral,known,challenge,1.0,1.0,0.9899999999999999
hardened_v3,500,44,normal_nat_burst,attack_new_passkey,known,challenge,1.0,1.0,0.73375
hardened_v3,500,44,normal_nat_burst,attack_permission_change,known,challenge,1.0,1.0,0.8016666666666666
hardened_v3,500,44,normal_nat_burst,attack_combined_ato,known,block,1.0,1.0,0.9800000000000001
hardened_v3,500,44,normal_nat_burst,attack_failed_near_threshold,evasive,challenge,1.0,1.0,0.3916666666666666
hardened_v3,500,44,normal_nat_burst,attack_velocity_near_threshold,evasive,challenge,1.0,1.0,0.31166666666666665
hardened_v3,500,44,normal_nat_burst,attack_concurrent_near_threshold,evasive,challenge,1.0,1.0,0.9083333333333333
hardened_v3,500,44,normal_nat_burst,attack_session_exfiltration,evasive,challenge,1.0,1.0,0.4300000000000001
hardened_v3,500,44,normal_nat_burst,attack_lateral_known_path,evasive,challenge,1.0,1.0,0.9266666666666669
hardened_v3,500,44,normal_nat_burst,attack_low_slow_ato,evasive,challenge,1.0,1.0,0.5400000000000001
full_v2,500,45,normal_staggered,attack_new_device,known,challenge,1.0,1.0,0.9825
full_v2,500,45,normal_staggered,attack_new_ua_family,known,challenge,1.0,1.0,0.7100000000000001
full_v2,500,45,normal_staggered,attack_new_os,known,warn,0.0,1.0,0.5066666666666667
full_v2,500,45,normal_staggered,attack_off_hours,known,warn,0.0,1.0,0.45
full_v2,500,45,normal_staggered,attack_failed_spike,known,challenge,1.0,1.0,0.7066666666666667
full_v2,500,45,normal_staggered,attack_login_velocity,known,challenge,1.0,1.0,0.7066666666666667
full_v2,500,45,normal_staggered,attack_concurrent_sessions,known,challenge,1.0,1.0,0.6333333333333334
full_v2,500,45,normal_staggered,attack_subsystem_lateral,known,challenge,1.0,1.0,0.7033333333333335
full_v2,500,45,normal_staggered,attack_new_passkey,known,challenge,1.0,1.0,0.75
full_v2,500,45,normal_staggered,attack_permission_change,known,challenge,1.0,1.0,0.7766666666666667
full_v2,500,45,normal_staggered,attack_combined_ato,known,block,1.0,1.0,1.0
full_v2,500,45,normal_staggered,attack_failed_near_threshold,evasive,challenge,0.0,0.0,0.1433333333333333
full_v2,500,45,normal_staggered,attack_velocity_near_threshold,evasive,challenge,0.0,0.0,0.17833333333333334
full_v2,500,45,normal_staggered,attack_concurrent_near_threshold,evasive,challenge,0.16666666666666666,0.16666666666666666,0.43999999999999995
full_v2,500,45,normal_staggered,attack_session_exfiltration,evasive,challenge,0.0,0.0,0.24166666666666667
full_v2,500,45,normal_staggered,attack_lateral_known_path,evasive,challenge,0.6666666666666666,0.6666666666666666,0.505
full_v2,500,45,normal_staggered,attack_low_slow_ato,evasive,challenge,0.0,0.0,0.4116666666666666
hardened_v3,500,45,normal_staggered,attack_new_device,known,challenge,1.0,1.0,0.6958333333333334
hardened_v3,500,45,normal_staggered,attack_new_ua_family,known,challenge,1.0,1.0,0.4166666666666667
hardened_v3,500,45,normal_staggered,attack_new_os,known,warn,0.0,1.0,0.20250000000000004
hardened_v3,500,45,normal_staggered,attack_off_hours,known,warn,0.0,1.0,0.36208333333333337
hardened_v3,500,45,normal_staggered,attack_failed_spike,known,challenge,1.0,1.0,0.7366666666666667
hardened_v3,500,45,normal_staggered,attack_login_velocity,known,challenge,1.0,1.0,0.7366666666666667
hardened_v3,500,45,normal_staggered,attack_concurrent_sessions,known,challenge,1.0,1.0,0.6699999999999999
hardened_v3,500,45,normal_staggered,attack_subsystem_lateral,known,challenge,1.0,1.0,0.9916666666666666
hardened_v3,500,45,normal_staggered,attack_new_passkey,known,challenge,1.0,1.0,0.6662499999999999
hardened_v3,500,45,normal_staggered,attack_permission_change,known,challenge,1.0,1.0,0.8033333333333333
hardened_v3,500,45,normal_staggered,attack_combined_ato,known,block,1.0,1.0,0.9800000000000001
hardened_v3,500,45,normal_staggered,attack_failed_near_threshold,evasive,challenge,1.0,1.0,0.38166666666666665
hardened_v3,500,45,normal_staggered,attack_velocity_near_threshold,evasive,challenge,1.0,1.0,0.40499999999999997
hardened_v3,500,45,normal_staggered,attack_concurrent_near_threshold,evasive,challenge,1.0,1.0,0.9250000000000002
hardened_v3,500,45,normal_staggered,attack_session_exfiltration,evasive,challenge,1.0,1.0,0.39499999999999996
hardened_v3,500,45,normal_staggered,attack_lateral_known_path,evasive,challenge,1.0,1.0,0.9133333333333336
hardened_v3,500,45,normal_staggered,attack_low_slow_ato,evasive,challenge,1.0,1.0,0.545
full_v2,500,45,normal_nat_burst,attack_new_device,known,challenge,1.0,1.0,0.9666666666666668
full_v2,500,45,normal_nat_burst,attack_new_ua_family,known,challenge,1.0,1.0,0.6800000000000002
full_v2,500,45,normal_nat_burst,attack_new_os,known,warn,0.0,1.0,0.4733333333333334
full_v2,500,45,normal_nat_burst,attack_off_hours,known,warn,0.0,1.0,0.3866666666666667
full_v2,500,45,normal_nat_burst,attack_failed_spike,known,challenge,1.0,1.0,0.6875000000000001
full_v2,500,45,normal_nat_burst,attack_login_velocity,known,challenge,1.0,1.0,0.68
full_v2,500,45,normal_nat_burst,attack_concurrent_sessions,known,challenge,1.0,1.0,0.625
full_v2,500,45,normal_nat_burst,attack_subsystem_lateral,known,challenge,1.0,1.0,0.6841666666666667
full_v2,500,45,normal_nat_burst,attack_new_passkey,known,challenge,1.0,1.0,0.7566666666666665
full_v2,500,45,normal_nat_burst,attack_permission_change,known,challenge,1.0,1.0,0.7616666666666667
full_v2,500,45,normal_nat_burst,attack_combined_ato,known,block,1.0,1.0,1.0
full_v2,500,45,normal_nat_burst,attack_failed_near_threshold,evasive,challenge,0.0,0.0,0.2175
full_v2,500,45,normal_nat_burst,attack_velocity_near_threshold,evasive,challenge,0.0,0.0,0.12166666666666669
full_v2,500,45,normal_nat_burst,attack_concurrent_near_threshold,evasive,challenge,0.25,0.25,0.4424999999999999
full_v2,500,45,normal_nat_burst,attack_session_exfiltration,evasive,challenge,0.0,0.0,0.26666666666666666
full_v2,500,45,normal_nat_burst,attack_lateral_known_path,evasive,challenge,0.75,0.75,0.5083333333333333
full_v2,500,45,normal_nat_burst,attack_low_slow_ato,evasive,challenge,0.0,0.0,0.3933333333333333
hardened_v3,500,45,normal_nat_burst,attack_new_device,known,challenge,1.0,1.0,0.7287499999999999
hardened_v3,500,45,normal_nat_burst,attack_new_ua_family,known,challenge,1.0,1.0,0.4204166666666667
hardened_v3,500,45,normal_nat_burst,attack_new_os,known,warn,0.0,1.0,0.22666666666666668
hardened_v3,500,45,normal_nat_burst,attack_off_hours,known,warn,0.0,1.0,0.3508333333333334
hardened_v3,500,45,normal_nat_burst,attack_failed_spike,known,challenge,1.0,1.0,0.7541666666666665
hardened_v3,500,45,normal_nat_burst,attack_login_velocity,known,challenge,1.0,1.0,0.7466666666666666
hardened_v3,500,45,normal_nat_burst,attack_concurrent_sessions,known,challenge,1.0,1.0,0.695
hardened_v3,500,45,normal_nat_burst,attack_subsystem_lateral,known,challenge,1.0,1.0,0.9933333333333333
hardened_v3,500,45,normal_nat_burst,attack_new_passkey,known,challenge,1.0,1.0,0.7300000000000001
hardened_v3,500,45,normal_nat_burst,attack_permission_change,known,challenge,1.0,1.0,0.8283333333333333
hardened_v3,500,45,normal_nat_burst,attack_combined_ato,known,block,1.0,1.0,0.9800000000000001
hardened_v3,500,45,normal_nat_burst,attack_failed_near_threshold,evasive,challenge,1.0,1.0,0.4616666666666666
hardened_v3,500,45,normal_nat_burst,attack_velocity_near_threshold,evasive,challenge,1.0,1.0,0.35999999999999993
hardened_v3,500,45,normal_nat_burst,attack_concurrent_near_threshold,evasive,challenge,1.0,1.0,0.9083333333333335
hardened_v3,500,45,normal_nat_burst,attack_session_exfiltration,evasive,challenge,1.0,1.0,0.43999999999999995
hardened_v3,500,45,normal_nat_burst,attack_lateral_known_path,evasive,challenge,1.0,1.0,0.9216666666666669
hardened_v3,500,45,normal_nat_burst,attack_low_slow_ato,evasive,challenge,1.0,1.0,0.5600000000000002
full_v2,500,46,normal_staggered,attack_new_device,known,challenge,1.0,1.0,0.9466666666666667
full_v2,500,46,normal_staggered,attack_new_ua_family,known,challenge,1.0,1.0,0.6533333333333334
full_v2,500,46,normal_staggered,attack_new_os,known,warn,0.0,1.0,0.45
full_v2,500,46,normal_staggered,attack_off_hours,known,warn,0.0,1.0,0.39666666666666667
full_v2,500,46,normal_staggered,attack_failed_spike,known,challenge,1.0,1.0,0.6366666666666667
full_v2,500,46,normal_staggered,attack_login_velocity,known,challenge,1.0,1.0,0.6366666666666667
full_v2,500,46,normal_staggered,attack_concurrent_sessions,known,challenge,1.0,1.0,0.57
full_v2,500,46,normal_staggered,attack_subsystem_lateral,known,challenge,0.9166666666666666,0.9166666666666666,0.6533333333333332
full_v2,500,46,normal_staggered,attack_new_passkey,known,challenge,1.0,1.0,0.6833333333333332
full_v2,500,46,normal_staggered,attack_permission_change,known,challenge,1.0,1.0,0.6966666666666667
full_v2,500,46,normal_staggered,attack_combined_ato,known,block,1.0,1.0,1.0
full_v2,500,46,normal_staggered,attack_failed_near_threshold,evasive,challenge,0.0,0.0,0.18000000000000002
full_v2,500,46,normal_staggered,attack_velocity_near_threshold,evasive,challenge,0.0,0.0,0.17833333333333334
full_v2,500,46,normal_staggered,attack_concurrent_near_threshold,evasive,challenge,0.3333333333333333,0.3333333333333333,0.43916666666666665
full_v2,500,46,normal_staggered,attack_session_exfiltration,evasive,challenge,0.0,0.0,0.25333333333333335
full_v2,500,46,normal_staggered,attack_lateral_known_path,evasive,challenge,0.75,0.75,0.5249999999999999
full_v2,500,46,normal_staggered,attack_low_slow_ato,evasive,challenge,0.0,0.0,0.37833333333333335
hardened_v3,500,46,normal_staggered,attack_new_device,known,challenge,1.0,1.0,0.6829166666666667
hardened_v3,500,46,normal_staggered,attack_new_ua_family,known,challenge,1.0,1.0,0.39208333333333334
hardened_v3,500,46,normal_staggered,attack_new_os,known,warn,0.0,1.0,0.20375000000000001
hardened_v3,500,46,normal_staggered,attack_off_hours,known,warn,0.0,1.0,0.3812500000000001
hardened_v3,500,46,normal_staggered,attack_failed_spike,known,challenge,1.0,1.0,0.7133333333333334
hardened_v3,500,46,normal_staggered,attack_login_velocity,known,challenge,1.0,1.0,0.7133333333333334
hardened_v3,500,46,normal_staggered,attack_concurrent_sessions,known,challenge,1.0,1.0,0.65
hardened_v3,500,46,normal_staggered,attack_subsystem_lateral,known,challenge,1.0,1.0,0.9783333333333334
hardened_v3,500,46,normal_staggered,attack_new_passkey,known,challenge,1.0,1.0,0.6395833333333333
hardened_v3,500,46,normal_staggered,attack_permission_change,known,challenge,1.0,1.0,0.7766666666666667
hardened_v3,500,46,normal_staggered,attack_combined_ato,known,block,1.0,1.0,0.9800000000000001
hardened_v3,500,46,normal_staggered,attack_failed_near_threshold,evasive,challenge,1.0,1.0,0.4183333333333334
hardened_v3,500,46,normal_staggered,attack_velocity_near_threshold,evasive,challenge,1.0,1.0,0.40499999999999997
hardened_v3,500,46,normal_staggered,attack_concurrent_near_threshold,evasive,challenge,1.0,1.0,0.9150000000000001
hardened_v3,500,46,normal_staggered,attack_session_exfiltration,evasive,challenge,1.0,1.0,0.42
hardened_v3,500,46,normal_staggered,attack_lateral_known_path,evasive,challenge,1.0,1.0,0.9283333333333336
hardened_v3,500,46,normal_staggered,attack_low_slow_ato,evasive,challenge,1.0,1.0,0.545
full_v2,500,46,normal_nat_burst,attack_new_device,known,challenge,1.0,1.0,0.9645833333333332
full_v2,500,46,normal_nat_burst,attack_new_ua_family,known,challenge,1.0,1.0,0.6700000000000003
full_v2,500,46,normal_nat_burst,attack_new_os,known,warn,0.0,1.0,0.46666666666666673
full_v2,500,46,normal_nat_burst,attack_off_hours,known,warn,0.0,1.0,0.3766666666666667
full_v2,500,46,normal_nat_burst,attack_failed_spike,known,challenge,1.0,1.0,0.6816666666666668
full_v2,500,46,normal_nat_burst,attack_login_velocity,known,challenge,1.0,1.0,0.6708333333333334
full_v2,500,46,normal_nat_burst,attack_concurrent_sessions,known,challenge,1.0,1.0,0.5933333333333334
full_v2,500,46,normal_nat_burst,attack_subsystem_lateral,known,challenge,1.0,1.0,0.6683333333333333
full_v2,500,46,normal_nat_burst,attack_new_passkey,known,challenge,1.0,1.0,0.7216666666666667
full_v2,500,46,normal_nat_burst,attack_permission_change,known,challenge,1.0,1.0,0.7533333333333333
full_v2,500,46,normal_nat_burst,attack_combined_ato,known,block,1.0,1.0,1.0
full_v2,500,46,normal_nat_burst,attack_failed_near_threshold,evasive,challenge,0.0,0.0,0.1841666666666667
full_v2,500,46,normal_nat_burst,attack_velocity_near_threshold,evasive,challenge,0.0,0.0,0.10750000000000003
full_v2,500,46,normal_nat_burst,attack_concurrent_near_threshold,evasive,challenge,0.25,0.25,0.43500000000000005
full_v2,500,46,normal_nat_burst,attack_session_exfiltration,evasive,challenge,0.0,0.0,0.21666666666666665
full_v2,500,46,normal_nat_burst,attack_lateral_known_path,evasive,challenge,0.75,0.75,0.5291666666666667
full_v2,500,46,normal_nat_burst,attack_low_slow_ato,evasive,challenge,0.0,0.0,0.37666666666666665
hardened_v3,500,46,normal_nat_burst,attack_new_device,known,challenge,1.0,1.0,0.735
hardened_v3,500,46,normal_nat_burst,attack_new_ua_family,known,challenge,1.0,1.0,0.44208333333333333
hardened_v3,500,46,normal_nat_burst,attack_new_os,known,warn,0.0,1.0,0.23208333333333334
hardened_v3,500,46,normal_nat_burst,attack_off_hours,known,warn,0.0,1.0,0.3558333333333334
hardened_v3,500,46,normal_nat_burst,attack_failed_spike,known,challenge,1.0,1.0,0.7516666666666666
hardened_v3,500,46,normal_nat_burst,attack_login_velocity,known,challenge,1.0,1.0,0.7441666666666666
hardened_v3,500,46,normal_nat_burst,attack_concurrent_sessions,known,challenge,1.0,1.0,0.67
hardened_v3,500,46,normal_nat_burst,attack_subsystem_lateral,known,challenge,1.0,1.0,0.9916666666666666
hardened_v3,500,46,normal_nat_burst,attack_new_passkey,known,challenge,1.0,1.0,0.7050000000000001
hardened_v3,500,46,normal_nat_burst,attack_permission_change,known,challenge,1.0,1.0,0.8333333333333334
hardened_v3,500,46,normal_nat_burst,attack_combined_ato,known,block,1.0,1.0,0.9800000000000001
hardened_v3,500,46,normal_nat_burst,attack_failed_near_threshold,evasive,challenge,1.0,1.0,0.4166666666666667
hardened_v3,500,46,normal_nat_burst,attack_velocity_near_threshold,evasive,challenge,1.0,1.0,0.34
hardened_v3,500,46,normal_nat_burst,attack_concurrent_near_threshold,evasive,challenge,1.0,1.0,0.9250000000000002
hardened_v3,500,46,normal_nat_burst,attack_session_exfiltration,evasive,challenge,1.0,1.0,0.38999999999999996
hardened_v3,500,46,normal_nat_burst,attack_lateral_known_path,evasive,challenge,1.0,1.0,0.9283333333333336
hardened_v3,500,46,normal_nat_burst,attack_low_slow_ato,evasive,challenge,1.0,1.0,0.5500000000000002
full_v2,1000,42,normal_staggered,attack_new_device,known,challenge,1.0,1.0,0.9625
full_v2,1000,42,normal_staggered,attack_new_ua_family,known,challenge,1.0,1.0,0.6700000000000003
full_v2,1000,42,normal_staggered,attack_new_os,known,warn,0.0,1.0,0.46666666666666673
full_v2,1000,42,normal_staggered,attack_off_hours,known,warn,0.0,1.0,0.39666666666666667
full_v2,1000,42,normal_staggered,attack_failed_spike,known,challenge,1.0,1.0,0.66
full_v2,1000,42,normal_staggered,attack_login_velocity,known,challenge,1.0,1.0,0.6350000000000001
full_v2,1000,42,normal_staggered,attack_concurrent_sessions,known,challenge,1.0,1.0,0.6058333333333333
full_v2,1000,42,normal_staggered,attack_subsystem_lateral,known,challenge,0.9583333333333334,0.9583333333333334,0.6608333333333333
full_v2,1000,42,normal_staggered,attack_new_passkey,known,challenge,1.0,1.0,0.6958333333333333
full_v2,1000,42,normal_staggered,attack_permission_change,known,challenge,1.0,1.0,0.7183333333333333
full_v2,1000,42,normal_staggered,attack_combined_ato,known,block,1.0,1.0,1.0
full_v2,1000,42,normal_staggered,attack_failed_near_threshold,evasive,challenge,0.0,0.0,0.14583333333333334
full_v2,1000,42,normal_staggered,attack_velocity_near_threshold,evasive,challenge,0.0,0.0,0.18999999999999997
full_v2,1000,42,normal_staggered,attack_concurrent_near_threshold,evasive,challenge,0.5,0.5,0.5108333333333333
full_v2,1000,42,normal_staggered,attack_session_exfiltration,evasive,challenge,0.0,0.0,0.25333333333333335
full_v2,1000,42,normal_staggered,attack_lateral_known_path,evasive,challenge,0.8333333333333334,0.8333333333333334,0.5683333333333332
full_v2,1000,42,normal_staggered,attack_low_slow_ato,evasive,challenge,0.0,0.0,0.3983333333333334
hardened_v3,1000,42,normal_staggered,attack_new_device,known,challenge,1.0,1.0,0.7233333333333333
hardened_v3,1000,42,normal_staggered,attack_new_ua_family,known,challenge,1.0,1.0,0.42625
hardened_v3,1000,42,normal_staggered,attack_new_os,known,warn,0.0,1.0,0.22541666666666668
hardened_v3,1000,42,normal_staggered,attack_off_hours,known,warn,0.0,1.0,0.3854166666666667
hardened_v3,1000,42,normal_staggered,attack_failed_spike,known,challenge,1.0,1.0,0.7333333333333334
hardened_v3,1000,42,normal_staggered,attack_login_velocity,known,challenge,1.0,1.0,0.7050000000000001
hardened_v3,1000,42,normal_staggered,attack_concurrent_sessions,known,challenge,1.0,1.0,0.6758333333333334
hardened_v3,1000,42,normal_staggered,attack_subsystem_lateral,known,challenge,1.0,1.0,0.9833333333333334
hardened_v3,1000,42,normal_staggered,attack_new_passkey,known,challenge,1.0,1.0,0.6687499999999998
hardened_v3,1000,42,normal_staggered,attack_permission_change,known,challenge,1.0,1.0,0.785
hardened_v3,1000,42,normal_staggered,attack_combined_ato,known,block,1.0,1.0,0.9800000000000001
hardened_v3,1000,42,normal_staggered,attack_failed_near_threshold,evasive,challenge,1.0,1.0,0.37833333333333335
hardened_v3,1000,42,normal_staggered,attack_velocity_near_threshold,evasive,challenge,1.0,1.0,0.40499999999999997
hardened_v3,1000,42,normal_staggered,attack_concurrent_near_threshold,evasive,challenge,1.0,1.0,0.9633333333333334
hardened_v3,1000,42,normal_staggered,attack_session_exfiltration,evasive,challenge,1.0,1.0,0.42
hardened_v3,1000,42,normal_staggered,attack_lateral_known_path,evasive,challenge,1.0,1.0,0.9433333333333335
hardened_v3,1000,42,normal_staggered,attack_low_slow_ato,evasive,challenge,1.0,1.0,0.545
full_v2,1000,42,normal_nat_burst,attack_new_device,known,challenge,1.0,1.0,0.9691666666666666
full_v2,1000,42,normal_nat_burst,attack_new_ua_family,known,challenge,1.0,1.0,0.6800000000000003
full_v2,1000,42,normal_nat_burst,attack_new_os,known,warn,0.0,1.0,0.46666666666666673
full_v2,1000,42,normal_nat_burst,attack_off_hours,known,warn,0.0,1.0,0.3833333333333333
full_v2,1000,42,normal_nat_burst,attack_failed_spike,known,challenge,1.0,1.0,0.6833333333333335
full_v2,1000,42,normal_nat_burst,attack_login_velocity,known,challenge,1.0,1.0,0.6516666666666667
full_v2,1000,42,normal_nat_burst,attack_concurrent_sessions,known,challenge,1.0,1.0,0.6041666666666666
full_v2,1000,42,normal_nat_burst,attack_subsystem_lateral,known,challenge,1.0,1.0,0.6608333333333333
full_v2,1000,42,normal_nat_burst,attack_new_passkey,known,challenge,1.0,1.0,0.7016666666666665
full_v2,1000,42,normal_nat_burst,attack_permission_change,known,challenge,1.0,1.0,0.7083333333333334
full_v2,1000,42,normal_nat_burst,attack_combined_ato,known,block,1.0,1.0,1.0
full_v2,1000,42,normal_nat_burst,attack_failed_near_threshold,evasive,challenge,0.0,0.0,0.13499999999999998
full_v2,1000,42,normal_nat_burst,attack_velocity_near_threshold,evasive,challenge,0.0,0.0,0.08166666666666667
full_v2,1000,42,normal_nat_burst,attack_concurrent_near_threshold,evasive,challenge,0.08333333333333333,0.08333333333333333,0.43249999999999994
full_v2,1000,42,normal_nat_burst,attack_session_exfiltration,evasive,challenge,0.0,0.0,0.21166666666666667
full_v2,1000,42,normal_nat_burst,attack_lateral_known_path,evasive,challenge,0.75,0.75,0.5283333333333333
full_v2,1000,42,normal_nat_burst,attack_low_slow_ato,evasive,challenge,0.0,0.0,0.3666666666666667
hardened_v3,1000,42,normal_nat_burst,attack_new_device,known,challenge,1.0,1.0,0.7566666666666667
hardened_v3,1000,42,normal_nat_burst,attack_new_ua_family,known,challenge,1.0,1.0,0.4633333333333334
hardened_v3,1000,42,normal_nat_burst,attack_new_os,known,warn,0.0,1.0,0.25333333333333335
hardened_v3,1000,42,normal_nat_burst,attack_off_hours,known,warn,0.0,1.0,0.38083333333333336
hardened_v3,1000,42,normal_nat_burst,attack_failed_spike,known,challenge,1.0,1.0,0.7566666666666668
hardened_v3,1000,42,normal_nat_burst,attack_login_velocity,known,challenge,1.0,1.0,0.7250000000000001
hardened_v3,1000,42,normal_nat_burst,attack_concurrent_sessions,known,challenge,1.0,1.0,0.6841666666666667
hardened_v3,1000,42,normal_nat_burst,attack_subsystem_lateral,known,challenge,1.0,1.0,0.9908333333333332
hardened_v3,1000,42,normal_nat_burst,attack_new_passkey,known,challenge,1.0,1.0,0.705
hardened_v3,1000,42,normal_nat_burst,attack_permission_change,known,challenge,1.0,1.0,0.775
hardened_v3,1000,42,normal_nat_burst,attack_combined_ato,known,block,1.0,1.0,0.9800000000000001
hardened_v3,1000,42,normal_nat_burst,attack_failed_near_threshold,evasive,challenge,1.0,1.0,0.3733333333333333
hardened_v3,1000,42,normal_nat_burst,attack_velocity_near_threshold,evasive,challenge,1.0,1.0,0.32
hardened_v3,1000,42,normal_nat_burst,attack_concurrent_near_threshold,evasive,challenge,1.0,1.0,0.9333333333333335
hardened_v3,1000,42,normal_nat_burst,attack_session_exfiltration,evasive,challenge,1.0,1.0,0.38499999999999995
hardened_v3,1000,42,normal_nat_burst,attack_lateral_known_path,evasive,challenge,1.0,1.0,0.9350000000000002
hardened_v3,1000,42,normal_nat_burst,attack_low_slow_ato,evasive,challenge,1.0,1.0,0.5400000000000001
full_v2,1000,43,normal_staggered,attack_new_device,known,challenge,1.0,1.0,0.9729166666666668
full_v2,1000,43,normal_staggered,attack_new_ua_family,known,challenge,1.0,1.0,0.6866666666666669
full_v2,1000,43,normal_staggered,attack_new_os,known,warn,0.0,1.0,0.4833333333333334
full_v2,1000,43,normal_staggered,attack_off_hours,known,warn,0.0,1.0,0.4266666666666667
full_v2,1000,43,normal_staggered,attack_failed_spike,known,challenge,1.0,1.0,0.7041666666666667
full_v2,1000,43,normal_staggered,attack_login_velocity,known,challenge,1.0,1.0,0.6833333333333335
full_v2,1000,43,normal_staggered,attack_concurrent_sessions,known,challenge,1.0,1.0,0.6208333333333332
full_v2,1000,43,normal_staggered,attack_subsystem_lateral,known,challenge,1.0,1.0,0.6858333333333334
full_v2,1000,43,normal_staggered,attack_new_passkey,known,challenge,1.0,1.0,0.7416666666666666
full_v2,1000,43,normal_staggered,attack_permission_change,known,challenge,1.0,1.0,0.725
full_v2,1000,43,normal_staggered,attack_combined_ato,known,block,1.0,1.0,1.0
full_v2,1000,43,normal_staggered,attack_failed_near_threshold,evasive,challenge,0.0,0.0,0.1908333333333333
full_v2,1000,43,normal_staggered,attack_velocity_near_threshold,evasive,challenge,0.0,0.0,0.2325
full_v2,1000,43,normal_staggered,attack_concurrent_near_threshold,evasive,challenge,0.5,0.5,0.5316666666666666
full_v2,1000,43,normal_staggered,attack_session_exfiltration,evasive,challenge,0.0,0.0,0.31
full_v2,1000,43,normal_staggered,attack_lateral_known_path,evasive,challenge,0.8333333333333334,0.8333333333333334,0.5824999999999999
full_v2,1000,43,normal_staggered,attack_low_slow_ato,evasive,challenge,0.0,0.0,0.4549999999999999
hardened_v3,1000,43,normal_staggered,attack_new_device,known,challenge,1.0,1.0,0.7533333333333333
hardened_v3,1000,43,normal_staggered,attack_new_ua_family,known,challenge,1.0,1.0,0.45
hardened_v3,1000,43,normal_staggered,attack_new_os,known,warn,0.0,1.0,0.24666666666666667
hardened_v3,1000,43,normal_staggered,attack_off_hours,known,warn,0.0,1.0,0.4066666666666667
hardened_v3,1000,43,normal_staggered,attack_failed_spike,known,challenge,1.0,1.0,0.7575
hardened_v3,1000,43,normal_staggered,attack_login_velocity,known,challenge,1.0,1.0,0.7399999999999999
hardened_v3,1000,43,normal_staggered,attack_concurrent_sessions,known,challenge,1.0,1.0,0.6875
hardened_v3,1000,43,normal_staggered,attack_subsystem_lateral,known,challenge,1.0,1.0,0.9899999999999999
hardened_v3,1000,43,normal_staggered,attack_new_passkey,known,challenge,1.0,1.0,0.7283333333333332
hardened_v3,1000,43,normal_staggered,attack_permission_change,known,challenge,1.0,1.0,0.785
hardened_v3,1000,43,normal_staggered,attack_combined_ato,known,block,1.0,1.0,0.9800000000000001
hardened_v3,1000,43,normal_staggered,attack_failed_near_threshold,evasive,challenge,1.0,1.0,0.42333333333333334
hardened_v3,1000,43,normal_staggered,attack_velocity_near_threshold,evasive,challenge,1.0,1.0,0.4416666666666666
hardened_v3,1000,43,normal_staggered,attack_concurrent_near_threshold,evasive,challenge,1.0,1.0,0.9633333333333334
hardened_v3,1000,43,normal_staggered,attack_session_exfiltration,evasive,challenge,1.0,1.0,0.4499999999999999
hardened_v3,1000,43,normal_staggered,attack_lateral_known_path,evasive,challenge,1.0,1.0,0.9366666666666669
hardened_v3,1000,43,normal_staggered,attack_low_slow_ato,evasive,challenge,1.0,1.0,0.5550000000000002
full_v2,1000,43,normal_nat_burst,attack_new_device,known,challenge,1.0,1.0,0.9679166666666666
full_v2,1000,43,normal_nat_burst,attack_new_ua_family,known,challenge,1.0,1.0,0.6700000000000003
full_v2,1000,43,normal_nat_burst,attack_new_os,known,warn,0.0,1.0,0.4733333333333334
full_v2,1000,43,normal_nat_burst,attack_off_hours,known,warn,0.0,1.0,0.4033333333333333
full_v2,1000,43,normal_nat_burst,attack_failed_spike,known,challenge,1.0,1.0,0.7016666666666668
full_v2,1000,43,normal_nat_burst,attack_login_velocity,known,challenge,1.0,1.0,0.6816666666666666
full_v2,1000,43,normal_nat_burst,attack_concurrent_sessions,known,challenge,1.0,1.0,0.645
full_v2,1000,43,normal_nat_burst,attack_subsystem_lateral,known,challenge,1.0,1.0,0.6916666666666668
full_v2,1000,43,normal_nat_burst,attack_new_passkey,known,challenge,1.0,1.0,0.7316666666666666
full_v2,1000,43,normal_nat_burst,attack_permission_change,known,challenge,1.0,1.0,0.7399999999999999
full_v2,1000,43,normal_nat_burst,attack_combined_ato,known,block,1.0,1.0,1.0
full_v2,1000,43,normal_nat_burst,attack_failed_near_threshold,evasive,challenge,0.0,0.0,0.165
full_v2,1000,43,normal_nat_burst,attack_velocity_near_threshold,evasive,challenge,0.0,0.0,0.13333333333333333
full_v2,1000,43,normal_nat_burst,attack_concurrent_near_threshold,evasive,challenge,0.3333333333333333,0.3333333333333333,0.48499999999999993
full_v2,1000,43,normal_nat_burst,attack_session_exfiltration,evasive,challenge,0.0,0.0,0.315
full_v2,1000,43,normal_nat_burst,attack_lateral_known_path,evasive,challenge,0.75,0.75,0.49833333333333324
full_v2,1000,43,normal_nat_burst,attack_low_slow_ato,evasive,challenge,0.0,0.0,0.39666666666666667
hardened_v3,1000,43,normal_nat_burst,attack_new_device,known,challenge,1.0,1.0,0.7600000000000001
hardened_v3,1000,43,normal_nat_burst,attack_new_ua_family,known,challenge,1.0,1.0,0.45333333333333337
hardened_v3,1000,43,normal_nat_burst,attack_new_os,known,warn,0.0,1.0,0.26
hardened_v3,1000,43,normal_nat_burst,attack_off_hours,known,warn,0.0,1.0,0.4070833333333333
hardened_v3,1000,43,normal_nat_burst,attack_failed_spike,known,challenge,1.0,1.0,0.7683333333333334
hardened_v3,1000,43,normal_nat_burst,attack_login_velocity,known,challenge,1.0,1.0,0.755
hardened_v3,1000,43,normal_nat_burst,attack_concurrent_sessions,known,challenge,1.0,1.0,0.7183333333333334
hardened_v3,1000,43,normal_nat_burst,attack_subsystem_lateral,known,challenge,1.0,1.0,0.995
hardened_v3,1000,43,normal_nat_burst,attack_new_passkey,known,challenge,1.0,1.0,0.735
hardened_v3,1000,43,normal_nat_burst,attack_permission_change,known,challenge,1.0,1.0,0.82
hardened_v3,1000,43,normal_nat_burst,attack_combined_ato,known,block,1.0,1.0,0.9800000000000001
hardened_v3,1000,43,normal_nat_burst,attack_failed_near_threshold,evasive,challenge,1.0,1.0,0.40333333333333327
hardened_v3,1000,43,normal_nat_burst,attack_velocity_near_threshold,evasive,challenge,1.0,1.0,0.37166666666666665
hardened_v3,1000,43,normal_nat_burst,attack_concurrent_near_threshold,evasive,challenge,1.0,1.0,0.9600000000000001
hardened_v3,1000,43,normal_nat_burst,attack_session_exfiltration,evasive,challenge,1.0,1.0,0.47500000000000003
hardened_v3,1000,43,normal_nat_burst,attack_lateral_known_path,evasive,challenge,1.0,1.0,0.9150000000000001
hardened_v3,1000,43,normal_nat_burst,attack_low_slow_ato,evasive,challenge,1.0,1.0,0.5700000000000002
full_v2,1000,44,normal_staggered,attack_new_device,known,challenge,1.0,1.0,0.9645833333333332
full_v2,1000,44,normal_staggered,attack_new_ua_family,known,challenge,1.0,1.0,0.6700000000000003
full_v2,1000,44,normal_staggered,attack_new_os,known,warn,0.0,1.0,0.46666666666666673
full_v2,1000,44,normal_staggered,attack_off_hours,known,warn,0.0,1.0,0.4166666666666667
full_v2,1000,44,normal_staggered,attack_failed_spike,known,challenge,1.0,1.0,0.66
full_v2,1000,44,normal_staggered,attack_login_velocity,known,challenge,1.0,1.0,0.6425000000000001
full_v2,1000,44,normal_staggered,attack_concurrent_sessions,known,challenge,1.0,1.0,0.6133333333333334
full_v2,1000,44,normal_staggered,attack_subsystem_lateral,known,challenge,1.0,1.0,0.6758333333333333
full_v2,1000,44,normal_staggered,attack_new_passkey,known,challenge,1.0,1.0,0.6991666666666667
full_v2,1000,44,normal_staggered,attack_permission_change,known,challenge,1.0,1.0,0.6966666666666667
full_v2,1000,44,normal_staggered,attack_combined_ato,known,block,1.0,1.0,1.0
full_v2,1000,44,normal_staggered,attack_failed_near_threshold,evasive,challenge,0.0,0.0,0.13083333333333333
full_v2,1000,44,normal_staggered,attack_velocity_near_threshold,evasive,challenge,0.0,0.0,0.17833333333333334
full_v2,1000,44,normal_staggered,attack_concurrent_near_threshold,evasive,challenge,0.25,0.25,0.4658333333333333
full_v2,1000,44,normal_staggered,attack_session_exfiltration,evasive,challenge,0.0,0.0,0.245
full_v2,1000,44,normal_staggered,attack_lateral_known_path,evasive,challenge,0.75,0.75,0.5458333333333333
full_v2,1000,44,normal_staggered,attack_low_slow_ato,evasive,challenge,0.0,0.0,0.445
hardened_v3,1000,44,normal_staggered,attack_new_device,known,challenge,1.0,1.0,0.75
hardened_v3,1000,44,normal_staggered,attack_new_ua_family,known,challenge,1.0,1.0,0.4466666666666667
hardened_v3,1000,44,normal_staggered,attack_new_os,known,warn,0.0,1.0,0.24666666666666667
hardened_v3,1000,44,normal_staggered,attack_off_hours,known,warn,0.0,1.0,0.39999999999999997
hardened_v3,1000,44,normal_staggered,attack_failed_spike,known,challenge,1.0,1.0,0.7333333333333334
hardened_v3,1000,44,normal_staggered,attack_login_velocity,known,challenge,1.0,1.0,0.7125
hardened_v3,1000,44,normal_staggered,attack_concurrent_sessions,known,challenge,1.0,1.0,0.6833333333333332
hardened_v3,1000,44,normal_staggered,attack_subsystem_lateral,known,challenge,1.0,1.0,0.9916666666666667
hardened_v3,1000,44,normal_staggered,attack_new_passkey,known,challenge,1.0,1.0,0.7025
hardened_v3,1000,44,normal_staggered,attack_permission_change,known,challenge,1.0,1.0,0.77
hardened_v3,1000,44,normal_staggered,attack_combined_ato,known,block,1.0,1.0,0.9800000000000001
hardened_v3,1000,44,normal_staggered,attack_failed_near_threshold,evasive,challenge,1.0,1.0,0.36333333333333334
hardened_v3,1000,44,normal_staggered,attack_velocity_near_threshold,evasive,challenge,1.0,1.0,0.40499999999999986
hardened_v3,1000,44,normal_staggered,attack_concurrent_near_threshold,evasive,challenge,1.0,1.0,0.9450000000000002
hardened_v3,1000,44,normal_staggered,attack_session_exfiltration,evasive,challenge,1.0,1.0,0.40499999999999986
hardened_v3,1000,44,normal_staggered,attack_lateral_known_path,evasive,challenge,1.0,1.0,0.9350000000000002
hardened_v3,1000,44,normal_staggered,attack_low_slow_ato,evasive,challenge,1.0,1.0,0.545
full_v2,1000,44,normal_nat_burst,attack_new_device,known,challenge,1.0,1.0,0.9666666666666668
full_v2,1000,44,normal_nat_burst,attack_new_ua_family,known,challenge,1.0,1.0,0.666666666666667
full_v2,1000,44,normal_nat_burst,attack_new_os,known,warn,0.0,1.0,0.46666666666666673
full_v2,1000,44,normal_nat_burst,attack_off_hours,known,warn,0.0,1.0,0.41
full_v2,1000,44,normal_nat_burst,attack_failed_spike,known,challenge,1.0,1.0,0.6916666666666668
full_v2,1000,44,normal_nat_burst,attack_login_velocity,known,challenge,1.0,1.0,0.6783333333333333
full_v2,1000,44,normal_nat_burst,attack_concurrent_sessions,known,challenge,1.0,1.0,0.6308333333333334
full_v2,1000,44,normal_nat_burst,attack_subsystem_lateral,known,challenge,1.0,1.0,0.6941666666666667
full_v2,1000,44,normal_nat_burst,attack_new_passkey,known,challenge,1.0,1.0,0.7491666666666665
full_v2,1000,44,normal_nat_burst,attack_permission_change,known,challenge,1.0,1.0,0.7316666666666666
full_v2,1000,44,normal_nat_burst,attack_combined_ato,known,block,1.0,1.0,1.0
full_v2,1000,44,normal_nat_burst,attack_failed_near_threshold,evasive,challenge,0.0,0.0,0.165
full_v2,1000,44,normal_nat_burst,attack_velocity_near_threshold,evasive,challenge,0.0,0.0,0.13583333333333333
full_v2,1000,44,normal_nat_burst,attack_concurrent_near_threshold,evasive,challenge,0.5,0.5,0.515
full_v2,1000,44,normal_nat_burst,attack_session_exfiltration,evasive,challenge,0.0,0.0,0.3083333333333333
full_v2,1000,44,normal_nat_burst,attack_lateral_known_path,evasive,challenge,0.6666666666666666,0.6666666666666666,0.49333333333333335
full_v2,1000,44,normal_nat_burst,attack_low_slow_ato,evasive,challenge,0.0,0.0,0.41
hardened_v3,1000,44,normal_nat_burst,attack_new_device,known,challenge,1.0,1.0,0.7566666666666667
hardened_v3,1000,44,normal_nat_burst,attack_new_ua_family,known,challenge,1.0,1.0,0.45333333333333337
hardened_v3,1000,44,normal_nat_burst,attack_new_os,known,warn,0.0,1.0,0.25666666666666665
hardened_v3,1000,44,normal_nat_burst,attack_off_hours,known,warn,0.0,1.0,0.4166666666666667
hardened_v3,1000,44,normal_nat_burst,attack_failed_spike,known,challenge,1.0,1.0,0.7683333333333334
hardened_v3,1000,44,normal_nat_burst,attack_login_velocity,known,challenge,1.0,1.0,0.7550000000000002
hardened_v3,1000,44,normal_nat_burst,attack_concurrent_sessions,known,challenge,1.0,1.0,0.7108333333333334
hardened_v3,1000,44,normal_nat_burst,attack_subsystem_lateral,known,challenge,1.0,1.0,0.9950000000000001
hardened_v3,1000,44,normal_nat_burst,attack_new_passkey,known,challenge,1.0,1.0,0.7558333333333334
hardened_v3,1000,44,normal_nat_burst,attack_permission_change,known,challenge,1.0,1.0,0.805
hardened_v3,1000,44,normal_nat_burst,attack_combined_ato,known,block,1.0,1.0,0.9800000000000001
hardened_v3,1000,44,normal_nat_burst,attack_failed_near_threshold,evasive,challenge,1.0,1.0,0.40333333333333327
hardened_v3,1000,44,normal_nat_burst,attack_velocity_near_threshold,evasive,challenge,1.0,1.0,0.37999999999999995
hardened_v3,1000,44,normal_nat_burst,attack_concurrent_near_threshold,evasive,challenge,1.0,1.0,0.9700000000000001
hardened_v3,1000,44,normal_nat_burst,attack_session_exfiltration,evasive,challenge,1.0,1.0,0.47500000000000003
hardened_v3,1000,44,normal_nat_burst,attack_lateral_known_path,evasive,challenge,1.0,1.0,0.9066666666666668
hardened_v3,1000,44,normal_nat_burst,attack_low_slow_ato,evasive,challenge,1.0,1.0,0.5700000000000002
full_v2,1000,45,normal_staggered,attack_new_device,known,challenge,1.0,1.0,0.96125
full_v2,1000,45,normal_staggered,attack_new_ua_family,known,challenge,1.0,1.0,0.6600000000000001
full_v2,1000,45,normal_staggered,attack_new_os,known,warn,0.0,1.0,0.4566666666666667
full_v2,1000,45,normal_staggered,attack_off_hours,known,warn,0.0,1.0,0.43
full_v2,1000,45,normal_staggered,attack_failed_spike,known,challenge,1.0,1.0,0.6583333333333333
full_v2,1000,45,normal_staggered,attack_login_velocity,known,challenge,1.0,1.0,0.6383333333333334
full_v2,1000,45,normal_staggered,attack_concurrent_sessions,known,challenge,1.0,1.0,0.6116666666666667
full_v2,1000,45,normal_staggered,attack_subsystem_lateral,known,challenge,0.9166666666666666,0.9166666666666666,0.6699999999999999
full_v2,1000,45,normal_staggered,attack_new_passkey,known,challenge,1.0,1.0,0.6916666666666668
full_v2,1000,45,normal_staggered,attack_permission_change,known,challenge,1.0,1.0,0.6916666666666668
full_v2,1000,45,normal_staggered,attack_combined_ato,known,block,1.0,1.0,1.0
full_v2,1000,45,normal_staggered,attack_failed_near_threshold,evasive,challenge,0.0,0.0,0.16
full_v2,1000,45,normal_staggered,attack_velocity_near_threshold,evasive,challenge,0.0,0.0,0.2075
full_v2,1000,45,normal_staggered,attack_concurrent_near_threshold,evasive,challenge,0.4166666666666667,0.4166666666666667,0.49666666666666676
full_v2,1000,45,normal_staggered,attack_session_exfiltration,evasive,challenge,0.0,0.0,0.3
full_v2,1000,45,normal_staggered,attack_lateral_known_path,evasive,challenge,0.8333333333333334,0.8333333333333334,0.555
full_v2,1000,45,normal_staggered,attack_low_slow_ato,evasive,challenge,0.0,0.0,0.385
hardened_v3,1000,45,normal_staggered,attack_new_device,known,challenge,1.0,1.0,0.71625
hardened_v3,1000,45,normal_staggered,attack_new_ua_family,known,challenge,1.0,1.0,0.4154166666666667
hardened_v3,1000,45,normal_staggered,attack_new_os,known,warn,0.0,1.0,0.20708333333333337
hardened_v3,1000,45,normal_staggered,attack_off_hours,known,warn,0.0,1.0,0.4033333333333333
hardened_v3,1000,45,normal_staggered,attack_failed_spike,known,challenge,1.0,1.0,0.7316666666666668
hardened_v3,1000,45,normal_staggered,attack_login_velocity,known,challenge,1.0,1.0,0.715
hardened_v3,1000,45,normal_staggered,attack_concurrent_sessions,known,challenge,1.0,1.0,0.6816666666666666
hardened_v3,1000,45,normal_staggered,attack_subsystem_lateral,known,challenge,1.0,1.0,0.9791666666666666
hardened_v3,1000,45,normal_staggered,attack_new_passkey,known,challenge,1.0,1.0,0.6708333333333334
hardened_v3,1000,45,normal_staggered,attack_permission_change,known,challenge,1.0,1.0,0.765
hardened_v3,1000,45,normal_staggered,attack_combined_ato,known,block,1.0,1.0,0.9800000000000001
hardened_v3,1000,45,normal_staggered,attack_failed_near_threshold,evasive,challenge,1.0,1.0,0.3983333333333334
hardened_v3,1000,45,normal_staggered,attack_velocity_near_threshold,evasive,challenge,1.0,1.0,0.43999999999999995
hardened_v3,1000,45,normal_staggered,attack_concurrent_near_threshold,evasive,challenge,1.0,1.0,0.9666666666666668
hardened_v3,1000,45,normal_staggered,attack_session_exfiltration,evasive,challenge,1.0,1.0,0.43999999999999995
hardened_v3,1000,45,normal_staggered,attack_lateral_known_path,evasive,challenge,1.0,1.0,0.9433333333333335
hardened_v3,1000,45,normal_staggered,attack_low_slow_ato,evasive,challenge,1.0,1.0,0.545
full_v2,1000,45,normal_nat_burst,attack_new_device,known,challenge,1.0,1.0,0.9737499999999999
full_v2,1000,45,normal_nat_burst,attack_new_ua_family,known,challenge,1.0,1.0,0.6800000000000002
full_v2,1000,45,normal_nat_burst,attack_new_os,known,warn,0.0,1.0,0.47666666666666674
full_v2,1000,45,normal_nat_burst,attack_off_hours,known,warn,0.0,1.0,0.3833333333333333
full_v2,1000,45,normal_nat_burst,attack_failed_spike,known,challenge,1.0,1.0,0.6741666666666668
full_v2,1000,45,normal_nat_burst,attack_login_velocity,known,challenge,1.0,1.0,0.6566666666666667
full_v2,1000,45,normal_nat_burst,attack_concurrent_sessions,known,challenge,1.0,1.0,0.6316666666666667
full_v2,1000,45,normal_nat_burst,attack_subsystem_lateral,known,challenge,1.0,1.0,0.6716666666666665
full_v2,1000,45,normal_nat_burst,attack_new_passkey,known,challenge,1.0,1.0,0.7083333333333334
full_v2,1000,45,normal_nat_burst,attack_permission_change,known,challenge,1.0,1.0,0.7083333333333334
full_v2,1000,45,normal_nat_burst,attack_combined_ato,known,block,1.0,1.0,1.0
full_v2,1000,45,normal_nat_burst,attack_failed_near_threshold,evasive,challenge,0.0,0.0,0.14083333333333334
full_v2,1000,45,normal_nat_burst,attack_velocity_near_threshold,evasive,challenge,0.0,0.0,0.08166666666666667
full_v2,1000,45,normal_nat_burst,attack_concurrent_near_threshold,evasive,challenge,0.16666666666666666,0.16666666666666666,0.44749999999999995
full_v2,1000,45,normal_nat_burst,attack_session_exfiltration,evasive,challenge,0.0,0.0,0.24000000000000002
full_v2,1000,45,normal_nat_burst,attack_lateral_known_path,evasive,challenge,0.8333333333333334,0.8333333333333334,0.565
full_v2,1000,45,normal_nat_burst,attack_low_slow_ato,evasive,challenge,0.0,0.0,0.37999999999999995
hardened_v3,1000,45,normal_nat_burst,attack_new_device,known,challenge,1.0,1.0,0.7058333333333334
hardened_v3,1000,45,normal_nat_burst,attack_new_ua_family,known,challenge,1.0,1.0,0.4083333333333334
hardened_v3,1000,45,normal_nat_burst,attack_new_os,known,warn,0.0,1.0,0.20541666666666666
hardened_v3,1000,45,normal_nat_burst,attack_off_hours,known,warn,0.0,1.0,0.3329166666666667
hardened_v3,1000,45,normal_nat_burst,attack_failed_spike,known,challenge,1.0,1.0,0.7341666666666667
hardened_v3,1000,45,normal_nat_burst,attack_login_velocity,known,challenge,1.0,1.0,0.7100000000000001
hardened_v3,1000,45,normal_nat_burst,attack_concurrent_sessions,known,challenge,1.0,1.0,0.6916666666666668
hardened_v3,1000,45,normal_nat_burst,attack_subsystem_lateral,known,challenge,1.0,1.0,0.9908333333333332
hardened_v3,1000,45,normal_nat_burst,attack_new_passkey,known,challenge,1.0,1.0,0.6570833333333334
hardened_v3,1000,45,normal_nat_burst,attack_permission_change,known,challenge,1.0,1.0,0.775
hardened_v3,1000,45,normal_nat_burst,attack_combined_ato,known,block,1.0,1.0,0.9800000000000001
hardened_v3,1000,45,normal_nat_burst,attack_failed_near_threshold,evasive,challenge,1.0,1.0,0.3733333333333333
hardened_v3,1000,45,normal_nat_burst,attack_velocity_near_threshold,evasive,challenge,1.0,1.0,0.32
hardened_v3,1000,45,normal_nat_burst,attack_concurrent_near_threshold,evasive,challenge,1.0,1.0,0.9433333333333334
hardened_v3,1000,45,normal_nat_burst,attack_session_exfiltration,evasive,challenge,1.0,1.0,0.4000000000000001
hardened_v3,1000,45,normal_nat_burst,attack_lateral_known_path,evasive,challenge,1.0,1.0,0.9566666666666669
hardened_v3,1000,45,normal_nat_burst,attack_low_slow_ato,evasive,challenge,1.0,1.0,0.5400000000000001
full_v2,1000,46,normal_staggered,attack_new_device,known,challenge,1.0,1.0,0.945
full_v2,1000,46,normal_staggered,attack_new_ua_family,known,challenge,0.9166666666666666,0.9166666666666666,0.6354166666666669
full_v2,1000,46,normal_staggered,attack_new_os,known,warn,0.0,1.0,0.4295833333333334
full_v2,1000,46,normal_staggered,attack_off_hours,known,warn,0.0,1.0,0.4166666666666667
full_v2,1000,46,normal_staggered,attack_failed_spike,known,challenge,1.0,1.0,0.645
full_v2,1000,46,normal_staggered,attack_login_velocity,known,challenge,1.0,1.0,0.6283333333333333
full_v2,1000,46,normal_staggered,attack_concurrent_sessions,known,challenge,1.0,1.0,0.5950000000000001
full_v2,1000,46,normal_staggered,attack_subsystem_lateral,known,challenge,0.9166666666666666,0.9166666666666666,0.6537499999999999
full_v2,1000,46,normal_staggered,attack_new_passkey,known,challenge,1.0,1.0,0.6870833333333334
full_v2,1000,46,normal_staggered,attack_permission_change,known,challenge,1.0,1.0,0.69
full_v2,1000,46,normal_staggered,attack_combined_ato,known,block,1.0,1.0,1.0
full_v2,1000,46,normal_staggered,attack_failed_near_threshold,evasive,challenge,0.0,0.0,0.16833333333333333
full_v2,1000,46,normal_staggered,attack_velocity_near_threshold,evasive,challenge,0.0,0.0,0.2225
full_v2,1000,46,normal_staggered,attack_concurrent_near_threshold,evasive,challenge,0.3333333333333333,0.3333333333333333,0.49999999999999994
full_v2,1000,46,normal_staggered,attack_session_exfiltration,evasive,challenge,0.0,0.0,0.2633333333333333
full_v2,1000,46,normal_staggered,attack_lateral_known_path,evasive,challenge,0.6666666666666666,0.6666666666666666,0.5325
full_v2,1000,46,normal_staggered,attack_low_slow_ato,evasive,challenge,0.0,0.0,0.40499999999999997
hardened_v3,1000,46,normal_staggered,attack_new_device,known,challenge,1.0,1.0,0.7079166666666667
hardened_v3,1000,46,normal_staggered,attack_new_ua_family,known,challenge,1.0,1.0,0.40416666666666673
hardened_v3,1000,46,normal_staggered,attack_new_os,known,warn,0.0,1.0,0.20083333333333334
hardened_v3,1000,46,normal_staggered,attack_off_hours,known,warn,0.0,1.0,0.39250000000000007
hardened_v3,1000,46,normal_staggered,attack_failed_spike,known,challenge,1.0,1.0,0.7183333333333334
hardened_v3,1000,46,normal_staggered,attack_login_velocity,known,challenge,1.0,1.0,0.7016666666666667
hardened_v3,1000,46,normal_staggered,attack_concurrent_sessions,known,challenge,1.0,1.0,0.6683333333333333
hardened_v3,1000,46,normal_staggered,attack_subsystem_lateral,known,challenge,1.0,1.0,0.9791666666666666
hardened_v3,1000,46,normal_staggered,attack_new_passkey,known,challenge,1.0,1.0,0.6395833333333334
hardened_v3,1000,46,normal_staggered,attack_permission_change,known,challenge,1.0,1.0,0.7516666666666666
hardened_v3,1000,46,normal_staggered,attack_combined_ato,known,block,1.0,1.0,0.9800000000000001
hardened_v3,1000,46,normal_staggered,attack_failed_near_threshold,evasive,challenge,1.0,1.0,0.38833333333333325
hardened_v3,1000,46,normal_staggered,attack_velocity_near_threshold,evasive,challenge,1.0,1.0,0.4249999999999999
hardened_v3,1000,46,normal_staggered,attack_concurrent_near_threshold,evasive,challenge,1.0,1.0,0.9516666666666668
hardened_v3,1000,46,normal_staggered,attack_session_exfiltration,evasive,challenge,1.0,1.0,0.4249999999999999
hardened_v3,1000,46,normal_staggered,attack_lateral_known_path,evasive,challenge,1.0,1.0,0.9250000000000003
hardened_v3,1000,46,normal_staggered,attack_low_slow_ato,evasive,challenge,1.0,1.0,0.5466666666666667
full_v2,1000,46,normal_nat_burst,attack_new_device,known,challenge,1.0,1.0,0.9616666666666666
full_v2,1000,46,normal_nat_burst,attack_new_ua_family,known,challenge,1.0,1.0,0.6633333333333336
full_v2,1000,46,normal_nat_burst,attack_new_os,known,warn,0.0,1.0,0.4483333333333334
full_v2,1000,46,normal_nat_burst,attack_off_hours,known,warn,0.0,1.0,0.375
full_v2,1000,46,normal_nat_burst,attack_failed_spike,known,challenge,1.0,1.0,0.6658333333333334
full_v2,1000,46,normal_nat_burst,attack_login_velocity,known,challenge,1.0,1.0,0.6312500000000001
full_v2,1000,46,normal_nat_burst,attack_concurrent_sessions,known,challenge,1.0,1.0,0.5979166666666668
full_v2,1000,46,normal_nat_burst,attack_subsystem_lateral,known,challenge,0.9166666666666666,0.9166666666666666,0.6683333333333333
full_v2,1000,46,normal_nat_burst,attack_new_passkey,known,challenge,1.0,1.0,0.69625
full_v2,1000,46,normal_nat_burst,attack_permission_change,known,challenge,1.0,1.0,0.7141666666666667
full_v2,1000,46,normal_nat_burst,attack_combined_ato,known,block,1.0,1.0,1.0
full_v2,1000,46,normal_nat_burst,attack_failed_near_threshold,evasive,challenge,0.0,0.0,0.15000000000000002
full_v2,1000,46,normal_nat_burst,attack_velocity_near_threshold,evasive,challenge,0.0,0.0,0.10000000000000002
full_v2,1000,46,normal_nat_burst,attack_concurrent_near_threshold,evasive,challenge,0.25,0.25,0.4750000000000001
full_v2,1000,46,normal_nat_burst,attack_session_exfiltration,evasive,challenge,0.0,0.0,0.19166666666666665
full_v2,1000,46,normal_nat_burst,attack_lateral_known_path,evasive,challenge,0.75,0.75,0.5491666666666667
full_v2,1000,46,normal_nat_burst,attack_low_slow_ato,evasive,challenge,0.0,0.0,0.37666666666666665
hardened_v3,1000,46,normal_nat_burst,attack_new_device,known,challenge,1.0,1.0,0.7441666666666666
hardened_v3,1000,46,normal_nat_burst,attack_new_ua_family,known,challenge,1.0,1.0,0.45708333333333334
hardened_v3,1000,46,normal_nat_burst,attack_new_os,known,warn,0.0,1.0,0.24375
hardened_v3,1000,46,normal_nat_burst,attack_off_hours,known,warn,0.0,1.0,0.36083333333333334
hardened_v3,1000,46,normal_nat_burst,attack_failed_spike,known,challenge,1.0,1.0,0.7333333333333334
hardened_v3,1000,46,normal_nat_burst,attack_login_velocity,known,challenge,1.0,1.0,0.7016666666666668
hardened_v3,1000,46,normal_nat_burst,attack_concurrent_sessions,known,challenge,1.0,1.0,0.6683333333333333
hardened_v3,1000,46,normal_nat_burst,attack_subsystem_lateral,known,challenge,1.0,1.0,0.9824999999999999
hardened_v3,1000,46,normal_nat_burst,attack_new_passkey,known,challenge,1.0,1.0,0.6879166666666666
hardened_v3,1000,46,normal_nat_burst,attack_permission_change,known,challenge,1.0,1.0,0.7816666666666666
hardened_v3,1000,46,normal_nat_burst,attack_combined_ato,known,block,1.0,1.0,0.9800000000000001
hardened_v3,1000,46,normal_nat_burst,attack_failed_near_threshold,evasive,challenge,1.0,1.0,0.35833333333333334
hardened_v3,1000,46,normal_nat_burst,attack_velocity_near_threshold,evasive,challenge,1.0,1.0,0.32
hardened_v3,1000,46,normal_nat_burst,attack_concurrent_near_threshold,evasive,challenge,1.0,1.0,0.9516666666666667
hardened_v3,1000,46,normal_nat_burst,attack_session_exfiltration,evasive,challenge,1.0,1.0,0.36999999999999994
hardened_v3,1000,46,normal_nat_burst,attack_lateral_known_path,evasive,challenge,1.0,1.0,0.9316666666666668
hardened_v3,1000,46,normal_nat_burst,attack_low_slow_ato,evasive,challenge,1.0,1.0,0.5316666666666667
full_v2,5000,42,normal_staggered,attack_new_device,known,challenge,1.0,1.0,0.9408333333333333
full_v2,5000,42,normal_staggered,attack_new_ua_family,known,challenge,1.0,1.0,0.6450000000000001
full_v2,5000,42,normal_staggered,attack_new_os,known,warn,0.0,1.0,0.4479166666666667
full_v2,5000,42,normal_staggered,attack_off_hours,known,warn,0.0,1.0,0.36333333333333334
full_v2,5000,42,normal_staggered,attack_failed_spike,known,challenge,1.0,1.0,0.5845833333333335
full_v2,5000,42,normal_staggered,attack_login_velocity,known,challenge,1.0,1.0,0.6016666666666667
full_v2,5000,42,normal_staggered,attack_concurrent_sessions,known,challenge,1.0,1.0,0.5537500000000001
full_v2,5000,42,normal_staggered,attack_subsystem_lateral,known,challenge,0.75,0.75,0.6116666666666667
full_v2,5000,42,normal_staggered,attack_new_passkey,known,challenge,1.0,1.0,0.65125
full_v2,5000,42,normal_staggered,attack_permission_change,known,challenge,1.0,1.0,0.64
full_v2,5000,42,normal_staggered,attack_combined_ato,known,block,1.0,1.0,1.0
full_v2,5000,42,normal_staggered,attack_failed_near_threshold,evasive,challenge,0.0,0.0,0.12333333333333335
full_v2,5000,42,normal_staggered,attack_velocity_near_threshold,evasive,challenge,0.0,0.0,0.13583333333333333
full_v2,5000,42,normal_staggered,attack_concurrent_near_threshold,evasive,challenge,0.08333333333333333,0.08333333333333333,0.4058333333333333
full_v2,5000,42,normal_staggered,attack_session_exfiltration,evasive,challenge,0.0,0.0,0.25333333333333335
full_v2,5000,42,normal_staggered,attack_lateral_known_path,evasive,challenge,0.6666666666666666,0.6666666666666666,0.5908333333333333
full_v2,5000,42,normal_staggered,attack_low_slow_ato,evasive,challenge,0.0,0.0,0.3483333333333334
hardened_v3,5000,42,normal_staggered,attack_new_device,known,challenge,1.0,1.0,0.6741666666666667
hardened_v3,5000,42,normal_staggered,attack_new_ua_family,known,challenge,1.0,1.0,0.38083333333333336
hardened_v3,5000,42,normal_staggered,attack_new_os,known,warn,0.0,1.0,0.1779166666666667
hardened_v3,5000,42,normal_staggered,attack_off_hours,known,warn,0.0,1.0,0.3133333333333334
hardened_v3,5000,42,normal_staggered,attack_failed_spike,known,challenge,1.0,1.0,0.67
hardened_v3,5000,42,normal_staggered,attack_login_velocity,known,challenge,1.0,1.0,0.6866666666666666
hardened_v3,5000,42,normal_staggered,attack_concurrent_sessions,known,challenge,1.0,1.0,0.6366666666666667
hardened_v3,5000,42,normal_staggered,attack_subsystem_lateral,known,challenge,1.0,1.0,0.9733333333333333
hardened_v3,5000,42,normal_staggered,attack_new_passkey,known,challenge,1.0,1.0,0.6016666666666667
hardened_v3,5000,42,normal_staggered,attack_permission_change,known,challenge,1.0,1.0,0.7200000000000001
hardened_v3,5000,42,normal_staggered,attack_combined_ato,known,block,1.0,1.0,0.9800000000000001
hardened_v3,5000,42,normal_staggered,attack_failed_near_threshold,evasive,challenge,1.0,1.0,0.3383333333333334
hardened_v3,5000,42,normal_staggered,attack_velocity_near_threshold,evasive,challenge,1.0,1.0,0.35000000000000003
hardened_v3,5000,42,normal_staggered,attack_concurrent_near_threshold,evasive,challenge,1.0,1.0,0.9083333333333335
hardened_v3,5000,42,normal_staggered,attack_session_exfiltration,evasive,challenge,1.0,1.0,0.41333333333333333
hardened_v3,5000,42,normal_staggered,attack_lateral_known_path,evasive,challenge,1.0,1.0,0.9533333333333336
hardened_v3,5000,42,normal_staggered,attack_low_slow_ato,evasive,challenge,1.0,1.0,0.5150000000000001
full_v2,5000,42,normal_nat_burst,attack_new_device,known,challenge,1.0,1.0,0.9483333333333333
full_v2,5000,42,normal_nat_burst,attack_new_ua_family,known,challenge,1.0,1.0,0.6645833333333335
full_v2,5000,42,normal_nat_burst,attack_new_os,known,warn,0.0,1.0,0.45166666666666666
full_v2,5000,42,normal_nat_burst,attack_off_hours,known,warn,0.0,1.0,0.3508333333333334
full_v2,5000,42,normal_nat_burst,attack_failed_spike,known,challenge,1.0,1.0,0.6625000000000001
full_v2,5000,42,normal_nat_burst,attack_login_velocity,known,challenge,1.0,1.0,0.6579166666666668
full_v2,5000,42,normal_nat_burst,attack_concurrent_sessions,known,challenge,1.0,1.0,0.6033333333333334
full_v2,5000,42,normal_nat_burst,attack_subsystem_lateral,known,challenge,0.8333333333333334,0.8333333333333334,0.6604166666666668
full_v2,5000,42,normal_nat_burst,attack_new_passkey,known,challenge,1.0,1.0,0.7170833333333334
full_v2,5000,42,normal_nat_burst,attack_permission_change,known,challenge,1.0,1.0,0.7033333333333335
full_v2,5000,42,normal_nat_burst,attack_combined_ato,known,block,1.0,1.0,1.0
full_v2,5000,42,normal_nat_burst,attack_failed_near_threshold,evasive,challenge,0.0,0.0,0.15083333333333332
full_v2,5000,42,normal_nat_burst,attack_velocity_near_threshold,evasive,challenge,0.0,0.0,0.12750000000000003
full_v2,5000,42,normal_nat_burst,attack_concurrent_near_threshold,evasive,challenge,0.3333333333333333,0.3333333333333333,0.4575
full_v2,5000,42,normal_nat_burst,attack_session_exfiltration,evasive,challenge,0.0,0.0,0.26833333333333337
full_v2,5000,42,normal_nat_burst,attack_lateral_known_path,evasive,challenge,0.75,0.75,0.5558333333333333
full_v2,5000,42,normal_nat_burst,attack_low_slow_ato,evasive,challenge,0.0,0.0,0.37999999999999995
hardened_v3,5000,42,normal_nat_burst,attack_new_device,known,challenge,1.0,1.0,0.6966666666666668
hardened_v3,5000,42,normal_nat_burst,attack_new_ua_family,known,challenge,1.0,1.0,0.40750000000000003
hardened_v3,5000,42,normal_nat_burst,attack_new_os,known,warn,0.0,1.0,0.19708333333333336
hardened_v3,5000,42,normal_nat_burst,attack_off_hours,known,warn,0.0,1.0,0.32750000000000007
hardened_v3,5000,42,normal_nat_burst,attack_failed_spike,known,challenge,1.0,1.0,0.7600000000000001
hardened_v3,5000,42,normal_nat_burst,attack_login_velocity,known,challenge,1.0,1.0,0.7583333333333334
hardened_v3,5000,42,normal_nat_burst,attack_concurrent_sessions,known,challenge,1.0,1.0,0.7008333333333333
hardened_v3,5000,42,normal_nat_burst,attack_subsystem_lateral,known,challenge,1.0,1.0,0.9933333333333333
hardened_v3,5000,42,normal_nat_burst,attack_new_passkey,known,challenge,1.0,1.0,0.67625
hardened_v3,5000,42,normal_nat_burst,attack_permission_change,known,challenge,1.0,1.0,0.7949999999999999
hardened_v3,5000,42,normal_nat_burst,attack_combined_ato,known,block,1.0,1.0,0.9800000000000001
hardened_v3,5000,42,normal_nat_burst,attack_failed_near_threshold,evasive,challenge,1.0,1.0,0.3833333333333333
hardened_v3,5000,42,normal_nat_burst,attack_velocity_near_threshold,evasive,challenge,1.0,1.0,0.35999999999999993
hardened_v3,5000,42,normal_nat_burst,attack_concurrent_near_threshold,evasive,challenge,1.0,1.0,0.9416666666666668
hardened_v3,5000,42,normal_nat_burst,attack_session_exfiltration,evasive,challenge,1.0,1.0,0.4716666666666667
hardened_v3,5000,42,normal_nat_burst,attack_lateral_known_path,evasive,challenge,1.0,1.0,0.9500000000000002
hardened_v3,5000,42,normal_nat_burst,attack_low_slow_ato,evasive,challenge,1.0,1.0,0.5600000000000002
full_v2,5000,43,normal_staggered,attack_new_device,known,challenge,1.0,1.0,0.9704166666666666
full_v2,5000,43,normal_staggered,attack_new_ua_family,known,challenge,1.0,1.0,0.6666666666666669
full_v2,5000,43,normal_staggered,attack_new_os,known,warn,0.0,1.0,0.47666666666666674
full_v2,5000,43,normal_staggered,attack_off_hours,known,warn,0.0,1.0,0.3933333333333333
full_v2,5000,43,normal_staggered,attack_failed_spike,known,challenge,1.0,1.0,0.6675000000000001
full_v2,5000,43,normal_staggered,attack_login_velocity,known,challenge,1.0,1.0,0.6925
full_v2,5000,43,normal_staggered,attack_concurrent_sessions,known,challenge,1.0,1.0,0.6491666666666668
full_v2,5000,43,normal_staggered,attack_subsystem_lateral,known,challenge,1.0,1.0,0.6825
full_v2,5000,43,normal_staggered,attack_new_passkey,known,challenge,1.0,1.0,0.7233333333333333
full_v2,5000,43,normal_staggered,attack_permission_change,known,challenge,1.0,1.0,0.7366666666666667
full_v2,5000,43,normal_staggered,attack_combined_ato,known,block,1.0,1.0,1.0
full_v2,5000,43,normal_staggered,attack_failed_near_threshold,evasive,challenge,0.0,0.0,0.1991666666666667
full_v2,5000,43,normal_staggered,attack_velocity_near_threshold,evasive,challenge,0.0,0.0,0.19833333333333333
full_v2,5000,43,normal_staggered,attack_concurrent_near_threshold,evasive,challenge,0.3333333333333333,0.3333333333333333,0.49333333333333335
full_v2,5000,43,normal_staggered,attack_session_exfiltration,evasive,challenge,0.0,0.0,0.36000000000000004
full_v2,5000,43,normal_staggered,attack_lateral_known_path,evasive,challenge,0.8333333333333334,0.8333333333333334,0.5825
full_v2,5000,43,normal_staggered,attack_low_slow_ato,evasive,challenge,0.0,0.0,0.4183333333333334
hardened_v3,5000,43,normal_staggered,attack_new_device,known,challenge,1.0,1.0,0.745
hardened_v3,5000,43,normal_staggered,attack_new_ua_family,known,challenge,1.0,1.0,0.42958333333333343
hardened_v3,5000,43,normal_staggered,attack_new_os,known,warn,0.0,1.0,0.24458333333333335
hardened_v3,5000,43,normal_staggered,attack_off_hours,known,warn,0.0,1.0,0.3779166666666667
hardened_v3,5000,43,normal_staggered,attack_failed_spike,known,challenge,1.0,1.0,0.7375000000000002
hardened_v3,5000,43,normal_staggered,attack_login_velocity,known,challenge,1.0,1.0,0.7658333333333335
hardened_v3,5000,43,normal_staggered,attack_concurrent_sessions,known,challenge,1.0,1.0,0.7158333333333333
hardened_v3,5000,43,normal_staggered,attack_subsystem_lateral,known,challenge,1.0,1.0,0.9933333333333333
hardened_v3,5000,43,normal_staggered,attack_new_passkey,known,challenge,1.0,1.0,0.7170833333333334
hardened_v3,5000,43,normal_staggered,attack_permission_change,known,challenge,1.0,1.0,0.8099999999999999
hardened_v3,5000,43,normal_staggered,attack_combined_ato,known,block,1.0,1.0,0.9800000000000001
hardened_v3,5000,43,normal_staggered,attack_failed_near_threshold,evasive,challenge,1.0,1.0,0.4133333333333333
hardened_v3,5000,43,normal_staggered,attack_velocity_near_threshold,evasive,challenge,1.0,1.0,0.4249999999999999
hardened_v3,5000,43,normal_staggered,attack_concurrent_near_threshold,evasive,challenge,1.0,1.0,0.9416666666666668
hardened_v3,5000,43,normal_staggered,attack_session_exfiltration,evasive,challenge,1.0,1.0,0.5066666666666667
hardened_v3,5000,43,normal_staggered,attack_lateral_known_path,evasive,challenge,1.0,1.0,0.9650000000000002
hardened_v3,5000,43,normal_staggered,attack_low_slow_ato,evasive,challenge,1.0,1.0,0.545
full_v2,5000,43,normal_nat_burst,attack_new_device,known,challenge,1.0,1.0,0.9691666666666666
full_v2,5000,43,normal_nat_burst,attack_new_ua_family,known,challenge,1.0,1.0,0.6700000000000003
full_v2,5000,43,normal_nat_burst,attack_new_os,known,warn,0.0,1.0,0.4733333333333334
full_v2,5000,43,normal_nat_burst,attack_off_hours,known,warn,0.0,1.0,0.38000000000000006
full_v2,5000,43,normal_nat_burst,attack_failed_spike,known,challenge,1.0,1.0,0.6783333333333333
full_v2,5000,43,normal_nat_burst,attack_login_velocity,known,challenge,1.0,1.0,0.6900000000000001
full_v2,5000,43,normal_nat_burst,attack_concurrent_sessions,known,challenge,1.0,1.0,0.6391666666666668
full_v2,5000,43,normal_nat_burst,attack_subsystem_lateral,known,challenge,1.0,1.0,0.6658333333333334
full_v2,5000,43,normal_nat_burst,attack_new_passkey,known,challenge,1.0,1.0,0.7425
full_v2,5000,43,normal_nat_burst,attack_permission_change,known,challenge,1.0,1.0,0.7366666666666667
full_v2,5000,43,normal_nat_burst,attack_combined_ato,known,block,1.0,1.0,1.0
full_v2,5000,43,normal_nat_burst,attack_failed_near_threshold,evasive,challenge,0.0,0.0,0.17166666666666663
full_v2,5000,43,normal_nat_burst,attack_velocity_near_threshold,evasive,challenge,0.0,0.0,0.12416666666666666
full_v2,5000,43,normal_nat_burst,attack_concurrent_near_threshold,evasive,challenge,0.3333333333333333,0.3333333333333333,0.46083333333333326
full_v2,5000,43,normal_nat_burst,attack_session_exfiltration,evasive,challenge,0.0,0.0,0.31833333333333336
full_v2,5000,43,normal_nat_burst,attack_lateral_known_path,evasive,challenge,0.8333333333333334,0.8333333333333334,0.5666666666666665
full_v2,5000,43,normal_nat_burst,attack_low_slow_ato,evasive,challenge,0.0,0.0,0.38666666666666666
hardened_v3,5000,43,normal_nat_burst,attack_new_device,known,challenge,1.0,1.0,0.7570833333333334
hardened_v3,5000,43,normal_nat_burst,attack_new_ua_family,known,challenge,1.0,1.0,0.4566666666666667
hardened_v3,5000,43,normal_nat_burst,attack_new_os,known,warn,0.0,1.0,0.25666666666666665
hardened_v3,5000,43,normal_nat_burst,attack_off_hours,known,warn,0.0,1.0,0.34875000000000006
hardened_v3,5000,43,normal_nat_burst,attack_failed_spike,known,challenge,1.0,1.0,0.7450000000000001
hardened_v3,5000,43,normal_nat_burst,attack_login_velocity,known,challenge,1.0,1.0,0.77
hardened_v3,5000,43,normal_nat_burst,attack_concurrent_sessions,known,challenge,1.0,1.0,0.7125
hardened_v3,5000,43,normal_nat_burst,attack_subsystem_lateral,known,challenge,1.0,1.0,0.9916666666666667
hardened_v3,5000,43,normal_nat_burst,attack_new_passkey,known,challenge,1.0,1.0,0.7395833333333334
hardened_v3,5000,43,normal_nat_burst,attack_permission_change,known,challenge,1.0,1.0,0.8099999999999999
hardened_v3,5000,43,normal_nat_burst,attack_combined_ato,known,block,1.0,1.0,0.9800000000000001
hardened_v3,5000,43,normal_nat_burst,attack_failed_near_threshold,evasive,challenge,1.0,1.0,0.39833333333333326
hardened_v3,5000,43,normal_nat_burst,attack_velocity_near_threshold,evasive,challenge,1.0,1.0,0.36833333333333335
hardened_v3,5000,43,normal_nat_burst,attack_concurrent_near_threshold,evasive,challenge,1.0,1.0,0.9333333333333335
hardened_v3,5000,43,normal_nat_burst,attack_session_exfiltration,evasive,challenge,1.0,1.0,0.48500000000000004
hardened_v3,5000,43,normal_nat_burst,attack_lateral_known_path,evasive,challenge,1.0,1.0,0.9666666666666668
hardened_v3,5000,43,normal_nat_burst,attack_low_slow_ato,evasive,challenge,1.0,1.0,0.5600000000000002
full_v2,5000,44,normal_staggered,attack_new_device,known,challenge,1.0,1.0,0.9500000000000001
full_v2,5000,44,normal_staggered,attack_new_ua_family,known,challenge,1.0,1.0,0.6633333333333334
full_v2,5000,44,normal_staggered,attack_new_os,known,warn,0.0,1.0,0.46
full_v2,5000,44,normal_staggered,attack_off_hours,known,warn,0.0,1.0,0.3866666666666667
full_v2,5000,44,normal_staggered,attack_failed_spike,known,challenge,1.0,1.0,0.6575000000000001
full_v2,5000,44,normal_staggered,attack_login_velocity,known,challenge,1.0,1.0,0.6591666666666667
full_v2,5000,44,normal_staggered,attack_concurrent_sessions,known,challenge,1.0,1.0,0.6058333333333333
full_v2,5000,44,normal_staggered,attack_subsystem_lateral,known,challenge,0.9583333333333334,0.9583333333333334,0.6558333333333333
full_v2,5000,44,normal_staggered,attack_new_passkey,known,challenge,1.0,1.0,0.7191666666666666
full_v2,5000,44,normal_staggered,attack_permission_change,known,challenge,1.0,1.0,0.715
full_v2,5000,44,normal_staggered,attack_combined_ato,known,block,1.0,1.0,1.0
full_v2,5000,44,normal_staggered,attack_failed_near_threshold,evasive,challenge,0.0,0.0,0.1825
full_v2,5000,44,normal_staggered,attack_velocity_near_threshold,evasive,challenge,0.0,0.0,0.19499999999999998
full_v2,5000,44,normal_staggered,attack_concurrent_near_threshold,evasive,challenge,0.4166666666666667,0.4166666666666667,0.4925
full_v2,5000,44,normal_staggered,attack_session_exfiltration,evasive,challenge,0.0,0.0,0.33
full_v2,5000,44,normal_staggered,attack_lateral_known_path,evasive,challenge,0.75,0.75,0.5708333333333333
full_v2,5000,44,normal_staggered,attack_low_slow_ato,evasive,challenge,0.0,0.0,0.39166666666666666
hardened_v3,5000,44,normal_staggered,attack_new_device,known,challenge,1.0,1.0,0.7366666666666667
hardened_v3,5000,44,normal_staggered,attack_new_ua_family,known,challenge,1.0,1.0,0.4466666666666667
hardened_v3,5000,44,normal_staggered,attack_new_os,known,warn,0.0,1.0,0.25
hardened_v3,5000,44,normal_staggered,attack_off_hours,known,warn,0.0,1.0,0.37833333333333335
hardened_v3,5000,44,normal_staggered,attack_failed_spike,known,challenge,1.0,1.0,0.7191666666666667
hardened_v3,5000,44,normal_staggered,attack_login_velocity,known,challenge,1.0,1.0,0.7174999999999999
hardened_v3,5000,44,normal_staggered,attack_concurrent_sessions,known,challenge,1.0,1.0,0.6675000000000001
hardened_v3,5000,44,normal_staggered,attack_subsystem_lateral,known,challenge,1.0,1.0,0.9741666666666667
hardened_v3,5000,44,normal_staggered,attack_new_passkey,known,challenge,1.0,1.0,0.7075
hardened_v3,5000,44,normal_staggered,attack_permission_change,known,challenge,1.0,1.0,0.7766666666666667
hardened_v3,5000,44,normal_staggered,attack_combined_ato,known,block,1.0,1.0,0.9800000000000001
hardened_v3,5000,44,normal_staggered,attack_failed_near_threshold,evasive,challenge,1.0,1.0,0.385
hardened_v3,5000,44,normal_staggered,attack_velocity_near_threshold,evasive,challenge,1.0,1.0,0.4033333333333333
hardened_v3,5000,44,normal_staggered,attack_concurrent_near_threshold,evasive,challenge,1.0,1.0,0.9400000000000001
hardened_v3,5000,44,normal_staggered,attack_session_exfiltration,evasive,challenge,1.0,1.0,0.4583333333333333
hardened_v3,5000,44,normal_staggered,attack_lateral_known_path,evasive,challenge,1.0,1.0,0.9516666666666668
hardened_v3,5000,44,normal_staggered,attack_low_slow_ato,evasive,challenge,1.0,1.0,0.5266666666666667
full_v2,5000,44,normal_nat_burst,attack_new_device,known,challenge,1.0,1.0,0.9566666666666667
full_v2,5000,44,normal_nat_burst,attack_new_ua_family,known,challenge,1.0,1.0,0.6733333333333335
full_v2,5000,44,normal_nat_burst,attack_new_os,known,warn,0.0,1.0,0.47000000000000003
full_v2,5000,44,normal_nat_burst,attack_off_hours,known,warn,0.0,1.0,0.37666666666666665
full_v2,5000,44,normal_nat_burst,attack_failed_spike,known,challenge,1.0,1.0,0.6616666666666667
full_v2,5000,44,normal_nat_burst,attack_login_velocity,known,challenge,1.0,1.0,0.6791666666666668
full_v2,5000,44,normal_nat_burst,attack_concurrent_sessions,known,challenge,1.0,1.0,0.6108333333333335
full_v2,5000,44,normal_nat_burst,attack_subsystem_lateral,known,challenge,1.0,1.0,0.6550000000000001
full_v2,5000,44,normal_nat_burst,attack_new_passkey,known,challenge,1.0,1.0,0.7358333333333332
full_v2,5000,44,normal_nat_burst,attack_permission_change,known,challenge,1.0,1.0,0.7116666666666668
full_v2,5000,44,normal_nat_burst,attack_combined_ato,known,block,1.0,1.0,1.0
full_v2,5000,44,normal_nat_burst,attack_failed_near_threshold,evasive,challenge,0.0,0.0,0.1575
full_v2,5000,44,normal_nat_burst,attack_velocity_near_threshold,evasive,challenge,0.0,0.0,0.10166666666666667
full_v2,5000,44,normal_nat_burst,attack_concurrent_near_threshold,evasive,challenge,0.3333333333333333,0.3333333333333333,0.45583333333333337
full_v2,5000,44,normal_nat_burst,attack_session_exfiltration,evasive,challenge,0.0,0.0,0.2916666666666667
full_v2,5000,44,normal_nat_burst,attack_lateral_known_path,evasive,challenge,0.6666666666666666,0.6666666666666666,0.5575
full_v2,5000,44,normal_nat_burst,attack_low_slow_ato,evasive,challenge,0.0,0.0,0.39666666666666667
hardened_v3,5000,44,normal_nat_burst,attack_new_device,known,challenge,1.0,1.0,0.7254166666666667
hardened_v3,5000,44,normal_nat_burst,attack_new_ua_family,known,challenge,1.0,1.0,0.42958333333333326
hardened_v3,5000,44,normal_nat_burst,attack_new_os,known,warn,0.0,1.0,0.23583333333333334
hardened_v3,5000,44,normal_nat_burst,attack_off_hours,known,warn,0.0,1.0,0.34166666666666673
hardened_v3,5000,44,normal_nat_burst,attack_failed_spike,known,challenge,1.0,1.0,0.735
hardened_v3,5000,44,normal_nat_burst,attack_login_velocity,known,challenge,1.0,1.0,0.7558333333333335
hardened_v3,5000,44,normal_nat_burst,attack_concurrent_sessions,known,challenge,1.0,1.0,0.6908333333333334
hardened_v3,5000,44,normal_nat_burst,attack_subsystem_lateral,known,challenge,1.0,1.0,0.9899999999999999
hardened_v3,5000,44,normal_nat_burst,attack_new_passkey,known,challenge,1.0,1.0,0.7216666666666667
hardened_v3,5000,44,normal_nat_burst,attack_permission_change,known,challenge,1.0,1.0,0.785
hardened_v3,5000,44,normal_nat_burst,attack_combined_ato,known,block,1.0,1.0,0.9800000000000001
hardened_v3,5000,44,normal_nat_burst,attack_failed_near_threshold,evasive,challenge,1.0,1.0,0.37833333333333335
hardened_v3,5000,44,normal_nat_burst,attack_velocity_near_threshold,evasive,challenge,1.0,1.0,0.34
hardened_v3,5000,44,normal_nat_burst,attack_concurrent_near_threshold,evasive,challenge,1.0,1.0,0.9333333333333335
hardened_v3,5000,44,normal_nat_burst,attack_session_exfiltration,evasive,challenge,0.75,0.75,0.4183333333333334
hardened_v3,5000,44,normal_nat_burst,attack_lateral_known_path,evasive,challenge,1.0,1.0,0.9466666666666669
hardened_v3,5000,44,normal_nat_burst,attack_low_slow_ato,evasive,challenge,1.0,1.0,0.5500000000000002
full_v2,5000,45,normal_staggered,attack_new_device,known,challenge,1.0,1.0,0.9666666666666668
full_v2,5000,45,normal_staggered,attack_new_ua_family,known,challenge,1.0,1.0,0.6733333333333335
full_v2,5000,45,normal_staggered,attack_new_os,known,warn,0.0,1.0,0.47666666666666674
full_v2,5000,45,normal_staggered,attack_off_hours,known,warn,0.0,1.0,0.38666666666666666
full_v2,5000,45,normal_staggered,attack_failed_spike,known,challenge,1.0,1.0,0.6416666666666667
full_v2,5000,45,normal_staggered,attack_login_velocity,known,challenge,1.0,1.0,0.6566666666666667
full_v2,5000,45,normal_staggered,attack_concurrent_sessions,known,challenge,1.0,1.0,0.6241666666666666
full_v2,5000,45,normal_staggered,attack_subsystem_lateral,known,challenge,1.0,1.0,0.6716666666666667
full_v2,5000,45,normal_staggered,attack_new_passkey,known,challenge,1.0,1.0,0.7258333333333334
full_v2,5000,45,normal_staggered,attack_permission_change,known,challenge,1.0,1.0,0.6966666666666668
full_v2,5000,45,normal_staggered,attack_combined_ato,known,block,1.0,1.0,1.0
full_v2,5000,45,normal_staggered,attack_failed_near_threshold,evasive,challenge,0.0,0.0,0.1525
full_v2,5000,45,normal_staggered,attack_velocity_near_threshold,evasive,challenge,0.0,0.0,0.13499999999999998
full_v2,5000,45,normal_staggered,attack_concurrent_near_threshold,evasive,challenge,0.08333333333333333,0.08333333333333333,0.425
full_v2,5000,45,normal_staggered,attack_session_exfiltration,evasive,challenge,0.0,0.0,0.27
full_v2,5000,45,normal_staggered,attack_lateral_known_path,evasive,challenge,0.75,0.75,0.5891666666666667
full_v2,5000,45,normal_staggered,attack_low_slow_ato,evasive,challenge,0.0,0.0,0.36500000000000005
hardened_v3,5000,45,normal_staggered,attack_new_device,known,challenge,1.0,1.0,0.6845833333333333
hardened_v3,5000,45,normal_staggered,attack_new_ua_family,known,challenge,1.0,1.0,0.39999999999999997
hardened_v3,5000,45,normal_staggered,attack_new_os,known,warn,0.0,1.0,0.20000000000000004
hardened_v3,5000,45,normal_staggered,attack_off_hours,known,warn,0.0,1.0,0.3254166666666667
hardened_v3,5000,45,normal_staggered,attack_failed_spike,known,challenge,1.0,1.0,0.7150000000000002
hardened_v3,5000,45,normal_staggered,attack_login_velocity,known,challenge,1.0,1.0,0.7266666666666667
hardened_v3,5000,45,normal_staggered,attack_concurrent_sessions,known,challenge,1.0,1.0,0.6841666666666667
hardened_v3,5000,45,normal_staggered,attack_subsystem_lateral,known,challenge,1.0,1.0,0.9899999999999999
hardened_v3,5000,45,normal_staggered,attack_new_passkey,known,challenge,1.0,1.0,0.6629166666666667
hardened_v3,5000,45,normal_staggered,attack_permission_change,known,challenge,1.0,1.0,0.77
hardened_v3,5000,45,normal_staggered,attack_combined_ato,known,block,1.0,1.0,0.9800000000000001
hardened_v3,5000,45,normal_staggered,attack_failed_near_threshold,evasive,challenge,1.0,1.0,0.37833333333333335
hardened_v3,5000,45,normal_staggered,attack_velocity_near_threshold,evasive,challenge,1.0,1.0,0.36166666666666664
hardened_v3,5000,45,normal_staggered,attack_concurrent_near_threshold,evasive,challenge,1.0,1.0,0.9166666666666669
hardened_v3,5000,45,normal_staggered,attack_session_exfiltration,evasive,challenge,1.0,1.0,0.4233333333333333
hardened_v3,5000,45,normal_staggered,attack_lateral_known_path,evasive,challenge,1.0,1.0,0.9633333333333335
hardened_v3,5000,45,normal_staggered,attack_low_slow_ato,evasive,challenge,1.0,1.0,0.525
full_v2,5000,45,normal_nat_burst,attack_new_device,known,challenge,1.0,1.0,0.96
full_v2,5000,45,normal_nat_burst,attack_new_ua_family,known,challenge,1.0,1.0,0.6700000000000003
full_v2,5000,45,normal_nat_burst,attack_new_os,known,warn,0.0,1.0,0.46666666666666673
full_v2,5000,45,normal_nat_burst,attack_off_hours,known,warn,0.0,1.0,0.36416666666666675
full_v2,5000,45,normal_nat_burst,attack_failed_spike,known,challenge,1.0,1.0,0.6475000000000001
full_v2,5000,45,normal_nat_burst,attack_login_velocity,known,challenge,1.0,1.0,0.6533333333333334
full_v2,5000,45,normal_nat_burst,attack_concurrent_sessions,known,challenge,1.0,1.0,0.625
full_v2,5000,45,normal_nat_burst,attack_subsystem_lateral,known,challenge,1.0,1.0,0.6675
full_v2,5000,45,normal_nat_burst,attack_new_passkey,known,challenge,1.0,1.0,0.7333333333333333
full_v2,5000,45,normal_nat_burst,attack_permission_change,known,challenge,1.0,1.0,0.7050000000000001
full_v2,5000,45,normal_nat_burst,attack_combined_ato,known,block,1.0,1.0,1.0
full_v2,5000,45,normal_nat_burst,attack_failed_near_threshold,evasive,challenge,0.0,0.0,0.18000000000000002
full_v2,5000,45,normal_nat_burst,attack_velocity_near_threshold,evasive,challenge,0.0,0.0,0.09333333333333334
full_v2,5000,45,normal_nat_burst,attack_concurrent_near_threshold,evasive,challenge,0.16666666666666666,0.16666666666666666,0.42416666666666664
full_v2,5000,45,normal_nat_burst,attack_session_exfiltration,evasive,challenge,0.0,0.0,0.3066666666666667
full_v2,5000,45,normal_nat_burst,attack_lateral_known_path,evasive,challenge,0.8333333333333334,0.8333333333333334,0.5808333333333332
full_v2,5000,45,normal_nat_burst,attack_low_slow_ato,evasive,challenge,0.0,0.0,0.3833333333333333
hardened_v3,5000,45,normal_nat_burst,attack_new_device,known,challenge,1.0,1.0,0.7108333333333334
hardened_v3,5000,45,normal_nat_burst,attack_new_ua_family,known,challenge,1.0,1.0,0.4266666666666667
hardened_v3,5000,45,normal_nat_burst,attack_new_os,known,warn,0.0,1.0,0.22958333333333333
hardened_v3,5000,45,normal_nat_burst,attack_off_hours,known,warn,0.0,1.0,0.3233333333333333
hardened_v3,5000,45,normal_nat_burst,attack_failed_spike,known,challenge,1.0,1.0,0.7275
hardened_v3,5000,45,normal_nat_burst,attack_login_velocity,known,challenge,1.0,1.0,0.7333333333333334
hardened_v3,5000,45,normal_nat_burst,attack_concurrent_sessions,known,challenge,1.0,1.0,0.6983333333333334
hardened_v3,5000,45,normal_nat_burst,attack_subsystem_lateral,known,challenge,1.0,1.0,0.9916666666666667
hardened_v3,5000,45,normal_nat_burst,attack_new_passkey,known,challenge,1.0,1.0,0.7070833333333333
hardened_v3,5000,45,normal_nat_burst,attack_permission_change,known,challenge,1.0,1.0,0.785
hardened_v3,5000,45,normal_nat_burst,attack_combined_ato,known,block,1.0,1.0,0.9800000000000001
hardened_v3,5000,45,normal_nat_burst,attack_failed_near_threshold,evasive,challenge,1.0,1.0,0.4066666666666667
hardened_v3,5000,45,normal_nat_burst,attack_velocity_near_threshold,evasive,challenge,1.0,1.0,0.33166666666666667
hardened_v3,5000,45,normal_nat_burst,attack_concurrent_near_threshold,evasive,challenge,1.0,1.0,0.9166666666666669
hardened_v3,5000,45,normal_nat_burst,attack_session_exfiltration,evasive,challenge,1.0,1.0,0.46666666666666673
hardened_v3,5000,45,normal_nat_burst,attack_lateral_known_path,evasive,challenge,1.0,1.0,0.9716666666666668
hardened_v3,5000,45,normal_nat_burst,attack_low_slow_ato,evasive,challenge,1.0,1.0,0.5500000000000002
full_v2,5000,46,normal_staggered,attack_new_device,known,challenge,1.0,1.0,0.9645833333333332
full_v2,5000,46,normal_staggered,attack_new_ua_family,known,challenge,1.0,1.0,0.6700000000000003
full_v2,5000,46,normal_staggered,attack_new_os,known,warn,0.0,1.0,0.46666666666666673
full_v2,5000,46,normal_staggered,attack_off_hours,known,warn,0.0,1.0,0.4033333333333333
full_v2,5000,46,normal_staggered,attack_failed_spike,known,challenge,1.0,1.0,0.6650000000000001
full_v2,5000,46,normal_staggered,attack_login_velocity,known,challenge,1.0,1.0,0.6783333333333333
full_v2,5000,46,normal_staggered,attack_concurrent_sessions,known,challenge,1.0,1.0,0.6283333333333333
full_v2,5000,46,normal_staggered,attack_subsystem_lateral,known,challenge,1.0,1.0,0.6783333333333333
full_v2,5000,46,normal_staggered,attack_new_passkey,known,challenge,1.0,1.0,0.7283333333333332
full_v2,5000,46,normal_staggered,attack_permission_change,known,challenge,1.0,1.0,0.715
full_v2,5000,46,normal_staggered,attack_combined_ato,known,block,1.0,1.0,1.0
full_v2,5000,46,normal_staggered,attack_failed_near_threshold,evasive,challenge,0.0,0.0,0.19166666666666665
full_v2,5000,46,normal_staggered,attack_velocity_near_threshold,evasive,challenge,0.0,0.0,0.22083333333333333
full_v2,5000,46,normal_staggered,attack_concurrent_near_threshold,evasive,challenge,0.5,0.5,0.5008333333333334
full_v2,5000,46,normal_staggered,attack_session_exfiltration,evasive,challenge,0.0,0.0,0.31833333333333336
full_v2,5000,46,normal_staggered,attack_lateral_known_path,evasive,challenge,0.75,0.75,0.565
full_v2,5000,46,normal_staggered,attack_low_slow_ato,evasive,challenge,0.0,0.0,0.385
hardened_v3,5000,46,normal_staggered,attack_new_device,known,challenge,1.0,1.0,0.7470833333333333
hardened_v3,5000,46,normal_staggered,attack_new_ua_family,known,challenge,1.0,1.0,0.45083333333333336
hardened_v3,5000,46,normal_staggered,attack_new_os,known,warn,0.0,1.0,0.24125
hardened_v3,5000,46,normal_staggered,attack_off_hours,known,warn,0.0,1.0,0.36874999999999997
hardened_v3,5000,46,normal_staggered,attack_failed_spike,known,challenge,1.0,1.0,0.7266666666666667
hardened_v3,5000,46,normal_staggered,attack_login_velocity,known,challenge,1.0,1.0,0.7400000000000001
hardened_v3,5000,46,normal_staggered,attack_concurrent_sessions,known,challenge,1.0,1.0,0.6900000000000001
hardened_v3,5000,46,normal_staggered,attack_subsystem_lateral,known,challenge,1.0,1.0,0.9833333333333334
hardened_v3,5000,46,normal_staggered,attack_new_passkey,known,challenge,1.0,1.0,0.7016666666666667
hardened_v3,5000,46,normal_staggered,attack_permission_change,known,challenge,1.0,1.0,0.7766666666666667
hardened_v3,5000,46,normal_staggered,attack_combined_ato,known,block,1.0,1.0,0.9800000000000001
hardened_v3,5000,46,normal_staggered,attack_failed_near_threshold,evasive,challenge,1.0,1.0,0.39999999999999997
hardened_v3,5000,46,normal_staggered,attack_velocity_near_threshold,evasive,challenge,1.0,1.0,0.4116666666666666
hardened_v3,5000,46,normal_staggered,attack_concurrent_near_threshold,evasive,challenge,1.0,1.0,0.9483333333333334
hardened_v3,5000,46,normal_staggered,attack_session_exfiltration,evasive,challenge,1.0,1.0,0.47333333333333333
hardened_v3,5000,46,normal_staggered,attack_lateral_known_path,evasive,challenge,1.0,1.0,0.951666666666667
hardened_v3,5000,46,normal_staggered,attack_low_slow_ato,evasive,challenge,1.0,1.0,0.5266666666666667
full_v2,5000,46,normal_nat_burst,attack_new_device,known,challenge,1.0,1.0,0.9633333333333334
full_v2,5000,46,normal_nat_burst,attack_new_ua_family,known,challenge,1.0,1.0,0.666666666666667
full_v2,5000,46,normal_nat_burst,attack_new_os,known,warn,0.0,1.0,0.4633333333333334
full_v2,5000,46,normal_nat_burst,attack_off_hours,known,warn,0.0,1.0,0.3554166666666667
full_v2,5000,46,normal_nat_burst,attack_failed_spike,known,challenge,1.0,1.0,0.6625000000000001
full_v2,5000,46,normal_nat_burst,attack_login_velocity,known,challenge,1.0,1.0,0.6608333333333334
full_v2,5000,46,normal_nat_burst,attack_concurrent_sessions,known,challenge,1.0,1.0,0.6079166666666667
full_v2,5000,46,normal_nat_burst,attack_subsystem_lateral,known,challenge,1.0,1.0,0.6675000000000001
full_v2,5000,46,normal_nat_burst,attack_new_passkey,known,challenge,1.0,1.0,0.7183333333333333
full_v2,5000,46,normal_nat_burst,attack_permission_change,known,challenge,1.0,1.0,0.7200000000000001
full_v2,5000,46,normal_nat_burst,attack_combined_ato,known,block,1.0,1.0,1.0
full_v2,5000,46,normal_nat_burst,attack_failed_near_threshold,evasive,challenge,0.0,0.0,0.14583333333333334
full_v2,5000,46,normal_nat_burst,attack_velocity_near_threshold,evasive,challenge,0.0,0.0,0.08750000000000001
full_v2,5000,46,normal_nat_burst,attack_concurrent_near_threshold,evasive,challenge,0.3333333333333333,0.3333333333333333,0.44333333333333336
full_v2,5000,46,normal_nat_burst,attack_session_exfiltration,evasive,challenge,0.0,0.0,0.24250000000000002
full_v2,5000,46,normal_nat_burst,attack_lateral_known_path,evasive,challenge,0.75,0.75,0.5483333333333332
full_v2,5000,46,normal_nat_burst,attack_low_slow_ato,evasive,challenge,0.0,0.0,0.36999999999999994
hardened_v3,5000,46,normal_nat_burst,attack_new_device,known,challenge,1.0,1.0,0.6970833333333335
hardened_v3,5000,46,normal_nat_burst,attack_new_ua_family,known,challenge,1.0,1.0,0.4000000000000001
hardened_v3,5000,46,normal_nat_burst,attack_new_os,known,warn,0.0,1.0,0.20541666666666666
hardened_v3,5000,46,normal_nat_burst,attack_off_hours,known,warn,0.0,1.0,0.31750000000000006
hardened_v3,5000,46,normal_nat_burst,attack_failed_spike,known,challenge,1.0,1.0,0.7425
hardened_v3,5000,46,normal_nat_burst,attack_login_velocity,known,challenge,1.0,1.0,0.7408333333333333
hardened_v3,5000,46,normal_nat_burst,attack_concurrent_sessions,known,challenge,1.0,1.0,0.6908333333333334
hardened_v3,5000,46,normal_nat_burst,attack_subsystem_lateral,known,challenge,1.0,1.0,0.9916666666666667
hardened_v3,5000,46,normal_nat_burst,attack_new_passkey,known,challenge,1.0,1.0,0.6658333333333334
hardened_v3,5000,46,normal_nat_burst,attack_permission_change,known,challenge,1.0,1.0,0.7999999999999999
hardened_v3,5000,46,normal_nat_burst,attack_combined_ato,known,block,1.0,1.0,0.9800000000000001
hardened_v3,5000,46,normal_nat_burst,attack_failed_near_threshold,evasive,challenge,1.0,1.0,0.37833333333333335
hardened_v3,5000,46,normal_nat_burst,attack_velocity_near_threshold,evasive,challenge,1.0,1.0,0.33166666666666667
hardened_v3,5000,46,normal_nat_burst,attack_concurrent_near_threshold,evasive,challenge,1.0,1.0,0.9333333333333335
hardened_v3,5000,46,normal_nat_burst,attack_session_exfiltration,evasive,challenge,1.0,1.0,0.42166666666666663
hardened_v3,5000,46,normal_nat_burst,attack_lateral_known_path,evasive,challenge,1.0,1.0,0.9566666666666669
hardened_v3,5000,46,normal_nat_burst,attack_low_slow_ato,evasive,challenge,1.0,1.0,0.5500000000000002
