hour_of_day,day_of_week,is_weekend,hours_from_typical_login_time,is_thailand,is_new_country,country_change_count_30d,is_new_device,is_new_user_agent_family,log_minutes_since_last_login,login_count_24h,failed_logins_24h,has_passkey,passkey_count,passkey_age_days,new_passkey_recently_added,passkey_last_used_days,label
9,1,0,0,1,0,0,0,0,5.071293692254751,5,0,0,0,0,0,0,0
5,3,0,0,1,0,0,0,0,4.511955623636646,4,0,1,1,61.85116762655501,0,0.896493796943991,0
3,0,0,0,1,0,0,0,0,4.595193906658421,3,0,0,0,0,0,0,0
15,6,1,1,1,0,0,0,0,4.42156941624585,1,0,0,0,0,0,0,0
20,3,0,3,1,0,0,0,0,3.5280509020941424,3,0,1,2,104.56741514990657,0,2.767224311603882,0
10,4,0,0,1,0,0,0,0,2.885697329471797,2,0,0,0,0,0,0,0
12,2,0,0,1,0,0,0,0,5.013899418130615,3,0,0,0,0,0,0,0
18,4,0,0,1,0,0,0,0,5.433259992860145,4,0,0,0,0,0,0,0
13,3,0,1,1,0,0,0,0,4.0608098563201125,2,0,1,2,25.617128851626337,0,9.359839332849816,0
12,3,0,0,1,0,0,0,0,5.156307052880251,1,2,0,0,0,0,0,0
13,4,0,0,1,0,0,0,0,2.230947123730099,3,0,1,1,329.15094521018835,0,8.096357710826496,0
10,2,0,2,1,0,0,0,0,2.4095324128720974,5,0,0,0,0,0,0,0
16,4,0,3,1,0,0,0,0,3.207025610767447,1,0,1,1,150.3131924796573,0,12.211433705049087,0
0,3,0,9.60414795343448,1,0,0,1,1,3.748870551551287,1,0,0,0,0,0,0,1
14,3,0,2,1,0,0,0,0,4.357908834870347,5,0,0,0,0,0,0,0
21,3,0,0,1,0,0,0,0,4.209005636214933,1,2,1,1,59.341933548569216,0,6.977257065900734,0
8,3,0,2,1,0,0,0,0,4.191983798007869,1,0,0,0,0,0,0,0
23,0,0,0,1,0,0,0,0,2.51162805669298,3,1,0,0,0,0,0,0
0,5,1,1.4744822204105628,1,0,0,0,0,-0.0021597873980674365,200,3,0,0,0,0,0,1
15,2,0,3,1,0,1,0,0,4.655241299998902,3,0,1,1,127.22813353249344,0,1.4948971486384728,0
12,1,0,0,1,0,0,0,0,5.020994951597739,3,0,0,0,0,0,0,0
9,3,0,0,1,0,1,0,0,5.169959809789319,2,0,1,1,212.45215550554175,0,4.776400445659931,0
11,4,0,2,1,0,0,0,0,5.577157602699813,2,0,1,2,30.058920075435474,0,5.853634949773278,0
17,4,0,2,1,0,0,0,0,3.635172868869247,5,0,0,0,0,0,0,0
10,2,0,2,1,0,0,0,0,3.2782572965603056,1,0,0,0,0,0,0,0
16,3,0,0,1,0,0,0,0,3.59977127675165,3,0,1,1,240.63730716301882,0,4.281953849442858,0
20,4,0,0,1,0,0,0,0,2.837191877391981,3,0,1,2,233.12902657641501,0,11.37324945988939,0
16,1,0,3,1,0,0,0,0,2.2670427340341046,2,0,1,1,220.83942501974732,0,10.151446016892365,0
19,6,1,0,1,0,0,0,0,4.991134582395231,2,0,0,0,0,0,0,0
16,3,0,1,1,0,0,0,0,4.337108959275868,3,0,1,1,39.519104566799584,0,6.272812351443658,0
14,3,0,2,1,0,0,0,0,5.49198118697112,2,0,1,1,133.4525936356874,0,4.093715476612732,0
3,4,0,0,1,0,0,0,0,3.4134664564023907,6,1,0,0,0,0,0,0
9,0,0,0,1,0,0,0,0,2.2455336360740343,3,2,0,0,0,0,0,0
13,3,0,2,1,0,0,0,0,5.898898273737004,3,0,1,1,329.0847030548586,0,2.6030168979141965,0
14,3,0,0,1,0,0,0,0,5.49181471410783,5,0,1,1,38.755478742474594,0,7.039149598310294,0
7,2,0,0,1,0,0,0,0,2.081349070273266,3,0,1,1,185.03979019004595,0,6.113344964557271,0
22,0,0,1,1,0,0,0,0,4.064034333409172,2,0,0,0,0,0,0,0
14,1,0,0,1,0,0,0,0,3.719788566647557,2,0,1,1,303.9291607356103,0,1.240445240324352,0
14,2,0,1,1,0,0,0,0,5.963894318224873,5,0,0,0,0,0,0,0
9,1,0,3.9072886429016758,0,1,2,1,1,-0.8099517348364689,1,0,0,0,0,0,0,1
0,3,0,0,1,0,0,0,0,2.656716716205522,2,0,1,2,122.62701924547278,0,7.152314733251012,0
9,3,0,0,1,0,0,0,0,5.395642773189568,1,0,1,1,70.24140502588422,0,13.999022604740233,0
16,0,0,0,1,0,0,0,0,5.365588137374349,4,1,0,0,0,0,0,0
11,0,0,0,1,0,0,0,0,4.028431469773762,4,0,0,0,0,0,0,0
19,2,0,1,1,0,0,0,0,5.7961612776224305,1,0,1,1,111.99791905745214,0,10.680820094799603,0
9,5,1,1,1,0,0,0,0,2.552046485459065,2,0,1,1,294.5353846580905,1,11.934375504905557,0
11,0,0,1,1,0,0,0,0,3.4555127610968386,5,0,1,2,272.0013901167337,0,7.741438524764902,0
8,0,0,2,1,0,0,0,0,4.45530790110301,4,0,0,0,0,0,0,0
17,5,1,2,1,0,0,0,0,2.5792459957960943,2,1,0,0,0,0,0,0
11,4,0,1,1,0,0,1,0,2.8065071178517127,3,0,0,0,0,0,0,0
9,4,0,1,1,0,0,0,0,4.6523189029551135,1,0,0,0,0,0,0,0
13,3,0,0,1,0,0,0,0,2.3461619130308646,3,0,1,1,334.1508033764406,0,1.8494436501128375,0
17,0,0,0,1,0,0,0,0,3.172478713302247,4,0,1,2,60.599861393045785,1,13.333806903835768,0
10,1,0,1,1,0,0,0,0,4.057338218610414,1,0,0,0,0,0,0,0
15,0,0,1,1,0,0,0,0,5.006438986061481,4,0,0,0,0,0,0,0
7,6,1,1,1,0,0,1,1,3.62577805096263,4,0,0,0,0,0,0,0
8,2,0,2,1,0,0,0,0,3.8137550574767567,3,0,0,0,0,0,0,0
19,0,0,1,1,0,0,0,0,4.681104657954425,4,0,0,0,0,0,0,0
10,2,0,0,1,0,0,0,0,3.5786485723321233,4,0,1,2,150.8969640296861,0,10.438487790109654,0
11,3,0,2,1,0,0,0,0,2.7478798795642994,6,0,1,1,310.59997672193026,0,11.103309109299529,0
16,6,1,1,1,0,0,0,0,3.80516774281918,2,0,0,0,0,0,0,0
18,2,0,0,1,0,1,0,0,2.3338458461079625,3,0,0,0,0,0,0,0
16,4,0,0,1,0,0,0,0,3.543451167237387,3,0,0,0,0,0,0,0
10,4,0,0,1,0,0,0,0,5.153045360845403,1,0,0,0,0,0,0,0
17,3,0,0,1,0,0,0,0,3.048308267093581,2,0,1,1,381.11356782823674,0,10.202945404300579,0
12,5,1,0,1,0,0,0,0,5.815670019402669,1,0,0,0,0,0,0,0
13,2,0,1,1,0,0,0,0,4.94269943791771,3,0,1,1,114.4718516600027,0,13.94911157016665,0
19,4,0,0,1,0,0,0,0,5.356039717930649,1,0,1,1,36.79907770692087,0,3.5365361759424134,0
4,3,0,0,1,0,0,0,0,5.170888039933084,2,0,0,0,0,0,0,0
21,6,1,1,1,0,0,0,0,4.523296276695676,2,0,0,0,0,0,0,0
17,2,0,0,1,0,0,0,0,3.6703006172530777,3,0,1,2,197.4378336973604,0,8.479935943032311,0
12,1,0,1,1,0,0,0,0,3.169331516598094,2,0,0,0,0,0,0,0
11,0,0,1,1,0,0,0,0,3.633371528933518,3,0,0,0,0,0,0,0
19,2,0,0,1,0,0,0,0,2.2024693972317406,5,0,0,0,0,0,0,0
15,3,0,0,1,0,0,0,0,2.5093032209810913,1,0,1,1,265.5857526245969,0,13.558455402268951,0
12,0,0,0,1,0,0,0,0,3.4482849885613565,3,0,0,0,0,0,0,0
23,2,0,7.30325469997878,1,1,1,1,1,0.3435908136825079,1,2,1,1,0.11820882350877474,1,0.07138512769762184,1
17,1,0,0,1,0,0,0,0,3.4776698458757753,5,0,1,1,106.41630353341206,1,6.717422191956117,0
8,0,0,0,1,0,0,0,0,2.637814617867302,4,0,1,1,105.98321073353333,0,8.053243095538692,0
9,1,0,0,1,0,0,0,0,2.1635565161864734,1,0,0,0,0,0,0,0
16,4,0,0,1,0,0,0,0,5.938426901400777,2,0,0,0,0,0,0,0
10,0,0,0,1,0,0,0,0,4.601707821282721,3,0,0,0,0,0,0,0
7,2,0,0,1,0,0,0,0,2.1341127648120555,2,0,0,0,0,0,0,0
18,0,0,1,1,0,0,0,0,3.019839214478699,1,0,1,1,64.69570535479615,0,3.7666005093669854,0
8,1,0,0,1,0,0,0,0,5.9652628371755645,3,0,0,0,0,0,0,0
2,3,0,0,1,0,0,0,0,2.2799507838207806,1,0,0,0,0,0,0,0
8,0,0,0,1,0,0,0,0,3.8821201385719606,5,0,0,0,0,0,0,0
9,1,0,0,1,0,0,0,0,2.641303230120647,3,0,1,1,365.24076055536153,0,4.388290522928344,0
15,3,0,0,1,0,0,0,0,2.97362331951023,2,0,1,1,68.86628637086734,0,4.550314938922814,0
14,4,0,2,1,0,0,0,0,4.045087224810956,1,0,0,0,0,0,0,0
8,6,1,0,1,0,0,0,0,5.784258949432499,2,0,0,0,0,0,0,0
7,0,0,0,1,0,0,0,0,3.6415096372908202,4,1,1,2,38.04057640157073,0,2.902783869597426,0
7,4,0,0,1,0,0,0,0,5.26279446041104,4,1,0,0,0,0,0,0
16,3,0,1,1,0,0,0,0,4.261359486071585,2,0,1,1,319.8272423021014,0,13.346038747219227,0
8,1,0,0,1,0,0,0,0,4.603879851720258,3,0,0,0,0,0,0,0
20,4,0,1,1,0,0,0,0,4.867572364098606,1,0,0,0,0,0,0,0
17,0,0,2.1546363559659185,1,0,0,0,0,-1.4123290845050276,200,5,0,0,0,0,0,1
16,0,0,0,1,0,0,0,0,5.233337992302031,3,0,0,0,0,0,0,0
15,4,0,1,1,0,0,0,0,3.7429415049841346,3,0,1,2,168.6289669060126,0,2.347978499484806,0
8,4,0,0,1,0,0,0,0,3.6889575310147706,2,0,1,2,278.27115208610843,0,10.400976489836124,0
22,2,0,6.30704723015671,1,0,0,1,1,4.555739307098117,1,0,0,0,0,0,0,1
11,1,0,2,1,0,0,0,0,4.11596588855674,1,0,0,0,0,0,0,0
17,3,0,1,1,0,0,0,0,3.5783315663995308,3,0,0,0,0,0,0,0
6,1,0,0,1,0,0,0,0,4.476298739847632,2,0,1,1,295.9929848066992,0,2.2203001103545064,0
14,1,0,0,1,0,0,0,0,4.4229557923562774,2,0,0,0,0,0,0,0
20,1,0,0,1,0,0,0,0,5.693006242041455,5,0,1,2,321.8685349183361,0,2.656075358230278,0
7,0,0,1,1,0,0,0,0,2.4703697107989107,2,0,0,0,0,0,0,0
18,3,0,0,1,0,0,0,0,4.52233259134136,3,0,1,2,256.6049535359821,0,8.38963592802775,0
13,2,0,0,1,0,0,0,0,3.539214060825955,6,0,0,0,0,0,0,0
18,3,0,1,1,0,0,0,0,4.191487802443314,5,0,0,0,0,0,0,0
16,3,0,0,1,0,0,0,0,5.711479386299768,2,0,1,1,139.94177268931452,0,7.205535106963747,0
11,1,0,0,1,0,0,0,0,2.5682866558990622,3,0,0,0,0,0,0,0
10,1,0,0,1,0,0,0,0,3.039572727954415,2,0,0,0,0,0,0,0
16,4,0,0,1,0,0,0,0,4.390877262902638,3,0,1,1,218.80459404112133,0,13.529996126123132,0
10,3,0,5.4790485476009625,1,0,0,1,0,-0.5485070869761244,20,20,0,0,0,0,0,1
9,2,0,1,1,0,0,0,0,2.3661965970926833,4,0,1,1,174.17209819307348,0,10.137961959235701,0
17,6,1,1,1,0,0,0,0,2.2257307657718006,5,0,1,1,44.177534328737664,0,11.32609977918371,0
10,1,0,2,1,0,0,0,0,3.521371816051855,5,0,0,0,0,0,0,0
17,6,1,0,1,0,0,0,0,2.918544940955659,3,0,1,1,218.47391130629308,0,9.812080520953272,0
19,2,0,0,1,0,0,0,0,3.504849422755389,2,0,0,0,0,0,0,0
5,3,0,2,1,0,0,0,0,3.8701238540519123,1,0,0,0,0,0,0,0
12,4,0,0,1,0,0,0,0,3.2538986964797045,6,0,1,1,150.21745644626543,0,6.462963063576435,0
5,0,0,0,1,0,0,0,0,3.0194800749199033,2,0,0,0,0,0,0,0
6,5,1,0,1,0,0,0,0,4.503803565702718,1,0,0,0,0,0,0,0
22,0,0,0,1,0,0,0,0,2.866221416405357,2,0,0,0,0,0,0,0
18,0,0,0,1,0,0,0,0,2.55833941671321,3,0,0,0,0,0,0,0
14,2,0,0,1,0,0,0,0,4.405538278921393,3,0,1,1,110.52055706802031,0,13.459561541206217,0
13,6,1,0,1,0,0,0,0,3.915717050976071,2,0,0,0,0,0,0,0
17,1,0,1,1,0,0,0,0,4.622740769212977,2,0,0,0,0,0,0,0
5,2,0,1.5537705652020106,1,0,0,0,0,-0.45950358236691713,20,3,0,0,0,0,0,1
13,3,0,2,1,0,0,0,0,4.4667593704001085,3,0,1,1,251.0019758557527,0,11.238913548120816,0
4,4,0,0.1184372593075036,1,0,0,0,0,-0.0451478374387988,100,5,0,0,0,0,0,1
3,6,1,2.736686473722993,1,0,0,0,0,-1.79510131690451,10,15,0,0,0,0,0,1
8,0,0,0,1,0,0,0,0,2.7462499681865813,3,0,0,0,0,0,0,0
19,5,1,1,1,0,0,0,0,2.6364686473458137,1,0,1,2,156.6495656021061,0,0.853128834030203,0
17,4,0,3,1,0,1,0,0,3.4871351098294165,4,0,0,0,0,0,0,0
14,2,0,1,1,0,0,0,0,4.835199128788179,2,0,0,0,0,0,0,0
13,5,1,1,1,0,0,0,0,2.2485580265590355,1,0,1,2,302.4541953400221,0,1.108103943853901,0
9,6,1,0,1,0,0,1,1,3.0526706407858675,5,0,0,0,0,0,0,0
11,6,1,0,1,0,0,0,0,4.676509585047615,1,0,1,1,283.8154016547468,0,4.650516979309844,0
8,0,0,0,1,0,0,0,0,2.7494241757722526,6,0,1,1,31.706108728814545,0,12.65007807837909,0
19,4,0,1,1,0,0,0,0,2.0039127172980704,3,0,1,2,164.26450701181227,1,1.6349752371903044,0
20,6,1,4.7781815720397205,0,1,4,1,1,1.0959075664617797,3,0,0,0,0,0,0,1
9,0,0,0,1,0,0,0,0,5.039399988719122,6,0,1,1,112.70298583743345,0,10.927263457285878,0
17,5,1,0,1,0,0,0,0,5.262312487030192,2,1,1,1,237.1961943213753,0,2.266655186557535,0
10,1,0,0,1,0,0,0,0,3.5150694559551243,1,0,1,1,109.75725248756265,0,6.15989680173328,0
14,1,0,1,1,0,0,1,1,3.1374632755237233,4,0,1,2,29.100414382163322,0,0.9723576052375653,0
1,5,1,0,1,0,0,0,0,5.587517470525285,4,0,0,0,0,0,0,0
18,6,1,1,1,0,0,0,0,2.690882140710083,3,0,1,1,352.24133929604375,0,11.358214650581726,0
8,0,0,0,1,0,0,0,0,3.047864290112855,3,0,1,2,249.92825783380997,0,4.9853927515666445,0
12,6,1,0,1,0,0,0,0,3.733960919942495,3,0,1,2,184.49632957165247,0,10.510845588742079,0
9,4,0,0,1,0,0,0,0,4.931656720054268,3,0,0,0,0,0,0,0
8,0,0,0,1,0,0,0,0,2.7476227032350704,2,0,0,0,0,0,0,0
14,2,0,0,1,0,0,0,0,2.0348189343200223,1,1,0,0,0,0,0,0
10,6,1,0,1,0,0,0,0,3.6695887007979247,3,0,0,0,0,0,0,0
12,3,0,0,1,0,0,0,0,4.509021280302649,5,0,1,2,191.6383305217436,0,0.5571040529334212,0
9,5,1,0,1,0,0,0,0,5.120115810844224,4,0,1,1,374.90069484334464,0,8.937411977255119,0
14,3,0,2,1,0,0,0,0,2.136253676625166,3,0,0,0,0,0,0,0
14,3,0,0,1,0,0,0,0,5.306554786720907,4,0,0,0,0,0,0,0
14,0,0,0,1,0,0,0,0,3.338699217458203,3,0,0,0,0,0,0,0
17,0,0,0,1,0,0,0,0,2.245411124253654,3,0,1,1,153.804400275674,0,0.19808860300272735,0
7,0,0,0,1,0,0,0,0,5.829332769713131,2,1,1,1,399.4988304823806,0,0.9169520679719956,0
14,6,1,0,1,0,0,0,0,3.3386632405860777,2,0,1,2,267.2811905390703,0,6.678900350045117,0
19,0,0,2,1,0,0,0,0,2.5803479510550695,5,0,1,1,251.53693573162457,0,4.927916405720222,0
8,4,0,0,1,0,0,0,0,4.409213145295887,2,0,1,2,148.36795105452995,0,2.010093171270726,0
15,4,0,1,1,0,0,0,0,5.970206673588512,3,0,0,0,0,0,0,0
3,1,0,0,1,0,0,0,0,3.374431754073947,3,0,0,0,0,0,0,0
15,5,1,0,1,0,1,0,0,2.2398181019211854,2,0,0,0,0,0,0,0
8,4,0,0,1,0,0,0,0,4.785190707144691,6,0,0,0,0,0,0,0
13,4,0,0,1,0,0,0,0,2.6561485586418474,5,0,1,1,22.731965269444856,0,2.5929375704637834,0
9,1,0,2.955685234454,1,0,0,1,0,0.1084333989254258,50,10,0,0,0,0,0,1
12,3,0,0,1,0,0,0,0,5.303981647221484,1,0,0,0,0,0,0,0
11,5,1,1,1,0,0,0,0,3.259399164473904,1,0,0,0,0,0,0,0
6,0,0,0,1,0,0,0,0,2.41343386345618,1,0,1,2,124.1825977168904,0,6.387469950831096,0
18,0,0,2,1,0,0,0,0,4.809169082940293,3,0,0,0,0,0,0,0
15,1,0,0,1,0,0,0,0,5.971578382451043,3,0,1,1,239.75155200896685,0,9.627394149221036,0
21,2,0,1,1,0,0,0,0,4.126156219865014,2,0,1,1,71.95365431709244,0,11.890641420917099,0
9,4,0,0,1,0,0,0,0,3.33603152627706,3,0,0,0,0,0,0,0
20,2,0,2,1,0,0,0,0,3.3348886587235222,2,0,0,0,0,0,0,0
8,3,0,0,1,0,0,0,0,2.322460262457129,2,0,0,0,0,0,0,0
11,3,0,0,1,0,0,0,0,5.823335252100714,1,0,0,0,0,0,0,0
4,3,0,0,1,0,0,1,0,5.349645373005939,2,0,0,0,0,0,0,0
14,3,0,0,1,0,0,0,0,2.4248424935321067,4,0,0,0,0,0,0,0
17,3,0,0,1,0,0,0,0,3.532768245304343,2,0,1,1,108.13581442713208,0,5.474470688246652,0
0,1,0,1,1,0,0,0,0,3.623033935483137,3,0,0,0,0,0,0,0
15,2,0,0,1,0,0,0,0,5.1727684953889135,1,0,0,0,0,0,0,0
9,2,0,3,1,0,0,0,0,2.485277628332415,6,0,0,0,0,0,0,0
13,3,0,2,1,0,0,0,0,5.187283041688499,2,0,0,0,0,0,0,0
18,5,1,3,1,0,0,0,0,2.7422906414439105,3,0,1,1,198.12190967721273,0,6.26865806764966,0
8,5,1,0,1,0,0,0,0,5.777029734503877,4,0,0,0,0,0,0,0
10,6,1,0,1,0,0,0,0,5.5598973135357515,1,0,0,0,0,0,0,0
0,1,0,8.88888603339827,1,0,1,1,1,3.6787836211638276,1,0,0,0,0,0,0,1
0,5,1,6.948883646574858,1,0,0,1,0,5.388853343365311,1,0,0,0,0,0,0,1
10,1,0,0,1,0,0,0,0,5.52102030046086,4,0,1,1,206.8791257042391,0,12.44950484007503,0
22,2,0,0,1,0,0,0,0,3.266363815375638,1,0,0,0,0,0,0,0
20,0,0,0,1,0,0,0,0,2.2696835854839565,2,0,0,0,0,0,0,0
0,0,0,0,1,0,0,0,0,4.746953213207951,3,1,0,0,0,0,0,0
19,4,0,0,1,0,0,0,0,4.478624191692758,1,0,0,0,0,0,0,0
11,2,0,1,1,0,0,0,0,5.916006970288518,1,0,0,0,0,0,0,0
14,6,1,0,1,0,0,0,0,4.045523621027728,1,1,1,1,56.74310892389289,0,10.485736217101834,0
14,4,0,0,1,0,0,0,0,3.649294262708963,4,0,1,2,391.9445980744217,0,9.89444299902888,0
22,3,0,0,1,0,0,1,1,4.413859786610916,3,0,1,1,305.0233775549883,0,11.929257752464203,0
15,6,1,2,1,0,0,0,0,3.8724942877175765,2,0,1,1,282.56497812581716,0,9.42388643087653,0
9,1,0,3,1,0,0,0,0,5.29490250191739,6,0,0,0,0,0,0,0
10,0,0,0,1,0,0,1,1,4.973324752256296,4,0,0,0,0,0,0,0
8,1,0,1,1,0,0,0,0,2.7225205647248485,3,0,0,0,0,0,0,0
8,4,0,2,1,0,1,0,0,5.293129826756101,1,0,0,0,0,0,0,0
6,2,0,0,1,0,0,0,0,2.104681008635513,3,0,0,0,0,0,0,0
7,5,1,0,1,0,0,0,0,2.9843907543175896,6,0,1,1,121.7907753723573,0,4.021728002888622,0
12,4,0,2,1,0,0,0,0,2.55489149334661,1,0,1,2,398.23375317860655,0,10.890862491431548,0
21,4,0,1,1,0,0,0,0,3.303571731840192,1,0,1,1,67.95160262874757,0,4.291633538793948,0
1,3,0,0,1,0,0,0,0,3.2770222861446854,3,1,0,0,0,0,0,0
10,4,0,2,1,0,0,1,1,2.577378426736488,2,0,1,1,210.54205337373597,0,1.9902294730829206,0
5,4,0,0,1,0,0,0,0,5.987174047214371,2,0,0,0,0,0,0,0
12,0,0,0,1,0,0,0,0,3.5413782621591285,4,0,0,0,0,0,0,0
16,4,0,0,1,0,0,0,0,5.605486222062797,1,0,0,0,0,0,0,0
10,2,0,2,1,0,0,0,0,5.853410250957764,2,1,0,0,0,0,0,0
19,4,0,0,1,0,0,0,0,4.789498929580988,4,0,1,1,293.72616483247276,0,6.600663684516929,0
12,3,0,7.938512743791381,0,0,1,1,0,3.4217594496734285,2,1,1,1,0.140912947233588,1,0.15673496831244704,1
9,4,0,1,1,0,0,1,0,2.98514331939282,1,0,1,1,226.8648733634189,0,2.3954360413263056,0
7,2,0,1,1,0,0,0,0,2.0458725286129233,2,1,1,1,76.89336508488981,0,13.415550588775748,0
13,6,1,0,1,0,0,0,0,5.082121475628776,4,0,0,0,0,0,0,0
15,2,0,0,1,0,0,0,0,5.134812972301662,5,1,1,1,197.24838586015892,0,9.936873544296581,0
22,3,0,0,1,0,0,0,0,3.8565425310603074,2,0,0,0,0,0,0,0
19,3,0,0,1,0,0,0,0,2.1845590800971633,3,0,0,0,0,0,0,0
9,1,0,0,1,0,0,0,0,5.024143679774006,1,0,1,1,89.6675639819249,0,2.1380434509994295,0
16,0,0,0,1,0,0,0,0,2.2274779981843813,2,0,1,1,295.33117869012125,0,12.43619182213144,0
15,1,0,0,1,0,0,0,0,3.0619482754568716,6,0,0,0,0,0,0,0
8,0,0,0,1,0,0,0,0,2.6824998988872655,4,0,1,2,42.01745661166498,0,2.625375730010176,0
0,5,1,4.125955675485365,1,1,1,1,0,3.9082791133967207,1,5,1,1,0.055561829174721925,1,0.029275627532727257,1
13,4,0,1,1,0,0,0,0,3.3256097201662893,3,0,1,1,101.1008140692567,0,1.0515302155680448,0
16,6,1,2,1,0,0,0,0,5.768455626441968,2,0,0,0,0,0,0,0
10,2,0,0,1,0,0,0,0,2.2996529959115715,3,0,0,0,0,0,0,0
14,4,0,3,1,0,0,0,0,2.0062596116415454,2,1,0,0,0,0,0,0
10,3,0,0,1,0,0,0,0,2.3394563040404774,6,0,0,0,0,0,0,0
19,4,0,0,1,0,0,0,0,3.699071223729672,3,0,1,1,135.16811597786526,0,5.998216273326531,0
19,4,0,0,1,0,0,0,0,2.51858827153822,2,0,0,0,0,0,0,0
6,4,0,2,1,0,0,0,0,3.6595054812208025,1,0,1,3,300.39913493719087,0,2.5426056914847495,0
0,0,0,0,1,0,0,0,0,3.815069348842342,1,0,0,0,0,0,0,0
9,3,0,2,1,0,0,0,0,3.8029753286474235,5,0,1,1,265.4551418524056,0,3.731189184978173,0
0,3,0,11.608804678171655,1,0,0,1,0,4.400438025530161,1,3,0,0,0,0,0,1
13,4,0,1,1,0,0,0,0,5.309654599226721,3,1,0,0,0,0,0,0
21,0,0,0,1,0,0,0,0,3.2567331247817655,6,1,0,0,0,0,0,0
0,3,0,0,1,0,0,0,0,2.535705205377458,1,0,0,0,0,0,0,0
16,0,0,0,1,0,0,0,0,4.764141342659501,3,0,0,0,0,0,0,0
8,1,0,0,1,0,0,1,1,2.8734652114522907,1,0,1,2,169.25815284088455,0,6.4858129423651905,0
5,0,0,1,1,0,0,0,0,4.415602626043023,2,0,0,0,0,0,0,0
11,5,1,0,1,0,0,1,0,3.8893821327640263,2,0,1,1,124.79679156403421,0,13.619382741197978,0
8,4,0,0,1,0,0,0,0,3.2402540344455537,3,0,1,1,351.2905544094973,0,7.564935600590037,0
7,3,0,1,1,0,0,0,0,3.21912572965824,4,0,1,1,126.77192073802964,0,5.481883051993884,0
12,3,0,1,1,0,0,0,0,2.901971409179228,5,0,1,1,108.15303291895849,0,4.793855952962811,0
13,1,0,0,1,0,0,0,0,5.6733970872075465,4,0,0,0,0,0,0,0
12,3,0,0,1,0,0,0,0,4.020926932832124,6,0,1,1,322.2829978513693,0,11.506374118294032,0
10,4,0,0,1,0,0,0,0,5.009899188456782,3,0,0,0,0,0,0,0
8,3,0,0,1,0,0,1,1,4.733841389575042,5,0,0,0,0,0,0,0
17,0,0,0,1,0,1,0,0,2.8462792397683323,2,1,1,1,302.5643140314762,0,12.323412214490617,0
10,2,0,2,1,0,0,0,0,2.5547785087839125,5,0,1,2,18.380389653737687,0,8.01720413321035,0
18,0,0,0,1,0,0,0,0,5.608109211745392,3,0,1,2,14.735997408225286,1,8.586504291828511,0
19,1,0,0,1,0,1,0,0,5.719784986939912,1,0,1,1,319.87004562999624,0,9.258689695414931,0
17,4,0,0,1,0,0,0,0,4.062886757188776,1,0,1,1,213.38099613640776,0,10.525748358224229,0
10,4,0,0,1,0,0,1,0,4.494356753105,3,0,0,0,0,0,0,0
10,0,0,0,1,0,0,0,0,3.117349575461463,2,0,0,0,0,0,0,0
16,2,0,2,1,0,0,0,0,5.805515380395706,1,0,0,0,0,0,0,0
15,4,0,2,1,0,0,0,0,5.285320410502125,3,0,0,0,0,0,0,0
20,4,0,2,1,0,0,0,0,4.6635479804798425,2,0,0,0,0,0,0,0
15,5,1,0,1,0,0,0,0,2.733640087265661,2,0,1,1,313.57518778275664,0,10.795363017667906,0
19,0,0,0,1,0,0,0,0,2.929186277690899,2,0,1,2,276.83182960584645,0,12.93721445214736,0
13,0,0,2,1,0,0,0,0,5.972830682554358,2,0,0,0,0,0,0,0
15,0,0,1,1,0,0,0,0,4.052980467063434,2,0,0,0,0,0,0,0
21,3,0,1,1,0,0,0,0,3.6673290533956857,1,0,0,0,0,0,0,0
18,0,0,0,1,0,0,0,0,3.1027082071764713,2,0,0,0,0,0,0,0
19,1,0,2,1,0,0,0,0,3.5189180925841312,3,0,1,1,202.19570288541422,0,6.154131381410334,0
7,0,0,0,1,0,0,0,0,5.544899174725239,4,0,0,0,0,0,0,0
7,2,0,0,1,0,0,1,0,5.372331793115658,3,0,0,0,0,0,0,0
15,0,0,0,1,0,0,0,0,2.6513889307276752,1,0,1,1,77.03721680056222,0,5.873196072186975,0
12,2,0,0,1,0,0,0,0,4.323855749217303,2,0,1,2,285.3940189456834,0,0.04012548063632271,0
11,6,1,1,1,0,0,0,0,4.866277527466835,5,0,0,0,0,0,0,0
14,0,0,0,1,0,0,1,0,2.3535416886753735,3,0,0,0,0,0,0,0
8,3,0,0,1,0,0,0,0,2.529190928699725,1,1,0,0,0,0,0,0
19,1,0,1,1,0,0,0,0,4.622624091237798,2,0,1,1,106.17821447336286,0,3.955381510235129,0
8,3,0,2,1,0,0,0,0,3.670821463658014,5,0,0,0,0,0,0,0
17,2,0,0,1,0,0,0,0,4.004307574084795,2,0,1,2,208.9227199818951,0,12.454209189134032,0
18,1,0,1,1,0,0,0,0,5.1323103177251195,2,0,0,0,0,0,0,0
8,4,0,0,1,0,0,0,0,2.8165600689663854,3,0,1,1,139.89401284066628,0,9.396274641842949,0
15,0,0,3,1,0,0,0,0,4.363525700873462,2,0,1,3,399.490942608302,0,3.9139033705028403,0
10,4,0,0,1,0,0,0,0,3.072268106021406,1,0,1,1,247.298671768284,0,3.4161054582329298,0
20,0,0,2,1,0,0,0,0,4.382436684667498,3,0,0,0,0,0,0,0
15,5,1,0,1,0,0,0,0,4.01500594637404,3,0,0,0,0,0,0,0
16,4,0,0,1,0,0,0,0,3.425628470795779,2,0,1,1,125.7025945566481,0,2.844443444259899,0
16,5,1,0,1,0,0,0,0,3.0664306665699153,3,0,0,0,0,0,0,0
12,4,0,0,1,0,0,0,0,4.9472159592884335,3,0,0,0,0,0,0,0
14,1,0,0,1,0,0,0,0,4.219434894671712,2,0,0,0,0,0,0,0
11,1,0,0,1,0,0,0,0,2.2696599911871087,3,0,0,0,0,0,0,0
18,0,0,0,1,0,0,0,0,5.624552956497537,4,1,1,1,171.87797317438617,0,1.3765648367958008,0
17,4,0,3,1,0,0,0,0,5.046222883626905,1,0,0,0,0,0,0,0
9,2,0,0,1,0,0,0,0,5.92833380557847,5,0,0,0,0,0,0,0
13,4,0,0,1,0,0,0,0,4.858886338376848,6,0,0,0,0,0,0,0
0,3,0,0,1,0,0,0,0,4.984368136348277,3,0,1,1,108.32321262536891,0,8.993446524468528,0
14,5,1,2,1,0,0,0,0,3.512289873705079,1,0,1,1,167.2718376215812,0,5.1960072673817566,0
14,0,0,0,1,0,0,0,0,2.667748647238751,4,0,0,0,0,0,0,0
13,0,0,0,1,0,0,0,0,4.314339369769801,2,0,0,0,0,0,0,0
12,1,0,0,1,0,0,0,0,5.249524355100476,1,0,0,0,0,0,0,0
23,6,1,5.830656107032475,1,0,0,1,1,5.692303511388523,1,0,0,0,0,0,0,1
12,0,0,0,1,0,0,0,0,4.132041736512894,2,0,1,2,300.78410656096725,0,3.315275383278508,0
7,0,0,1,1,0,0,0,0,3.941231389547936,4,0,1,2,157.23176447022604,0,1.0386987599180375,0
7,3,0,1.1584092974367652,1,0,0,0,0,-1.32124043522699,20,10,0,0,0,0,0,1
15,0,0,0,1,0,0,0,0,3.2950858478480898,1,0,1,1,301.82679616312237,0,10.892238550398838,0
15,0,0,0,1,0,0,0,0,2.241402559228197,3,0,0,0,0,0,0,0
8,2,0,0,1,0,0,0,0,3.1224648648636992,6,0,0,0,0,0,0,0
16,3,0,2,1,0,0,0,0,4.7582634219341635,4,0,1,1,318.1388909477753,0,5.523058427840729,0
14,0,0,0,1,0,0,0,0,4.706797949691645,5,0,0,0,0,0,0,0
11,0,0,0,1,0,0,0,0,2.538183156312204,3,0,0,0,0,0,0,0
10,5,1,3,1,0,0,0,0,5.613205126391559,5,0,0,0,0,0,0,0
11,0,0,1,1,0,0,0,0,3.7732544732711677,2,0,1,1,122.00288620790019,0,6.933763132759136,0
16,1,0,2,1,0,0,0,0,5.286471349348263,2,0,0,0,0,0,0,0
13,3,0,0,1,0,0,0,0,2.2255703393017696,3,0,1,1,236.16168340007832,0,1.2772023011007045,0
14,4,0,1,1,0,0,0,0,4.618575304173259,6,0,0,0,0,0,0,0
7,0,0,2,1,0,0,0,0,4.97668114978733,4,0,0,0,0,0,0,0
6,4,0,2,1,0,0,0,0,4.017697007440839,4,0,1,1,165.06137873999853,0,3.469382041244105,0
13,6,1,0,1,0,0,0,0,3.435249155641988,2,0,0,0,0,0,0,0
4,2,0,1,1,0,0,0,0,5.716502499606289,4,0,0,0,0,0,0,0
13,4,0,0,1,0,0,0,0,5.231313573020493,2,0,0,0,0,0,0,0
17,1,0,0,1,0,0,0,0,3.5311544414186407,2,0,1,2,48.305147589592536,0,10.873675608377718,0
11,3,0,0,1,0,0,0,0,4.796029602714052,3,0,1,2,284.5050593825297,0,7.3252677550264735,0
4,4,0,1,1,0,0,1,1,5.363641029669012,5,0,1,2,62.54860549224632,0,0.013568357319166058,0
8,2,0,1,1,0,0,0,0,2.1535259343379023,4,0,0,0,0,0,0,0
10,1,0,0,1,0,0,0,0,4.93027353030033,5,0,1,1,331.7910361899879,0,6.642444866644047,0
8,0,0,0,1,0,0,0,0,5.427838266505759,5,0,0,0,0,0,0,0
12,1,0,0,1,0,0,0,0,3.42648803509406,1,0,0,0,0,0,0,0
10,0,0,0,1,0,0,0,0,3.7645024940293617,3,0,0,0,0,0,0,0
14,1,0,0,1,0,0,0,0,4.940491757983988,3,0,0,0,0,0,0,0
14,4,0,0,1,0,0,0,0,5.800969486637257,4,0,0,0,0,0,0,0
22,5,1,0,1,0,0,0,0,5.207984052393839,2,0,1,2,250.4116460965421,0,2.214318105350177,0
11,2,0,0,1,0,0,0,0,5.693638500220333,1,0,0,0,0,0,0,0
14,3,0,0,1,0,0,0,0,5.318981443136813,3,0,0,0,0,0,0,0
7,2,0,0,1,0,0,0,0,5.049708922846514,4,0,0,0,0,0,0,0
4,3,0,0.914108119317222,1,0,0,0,0,-1.8555885768736113,20,10,0,0,0,0,0,1
18,0,0,1,1,0,1,0,0,5.220338961312953,4,0,0,0,0,0,0,0
12,1,0,1,1,0,0,0,0,4.483843196459645,3,0,0,0,0,0,0,0
14,1,0,1,1,0,1,0,0,3.656190071807684,1,0,0,0,0,0,0,0
10,0,0,0,1,0,0,0,0,2.8204936092515447,5,0,0,0,0,0,0,0
19,1,0,0,1,0,0,0,0,2.93853466070578,1,0,0,0,0,0,0,0
16,0,0,2,1,0,0,0,0,2.2999241078807255,3,0,0,0,0,0,0,0
20,0,0,0.5925470741867342,1,0,0,0,0,-0.5931018320911201,20,20,0,0,0,0,0,1
12,1,0,0,1,0,0,0,0,4.644773621662575,3,0,0,0,0,0,0,0
15,0,0,1,1,0,0,0,0,3.0898782921898427,4,0,1,1,109.0557984762697,0,13.2776230590684,0
12,4,0,1,1,0,0,0,0,2.1199339923540625,1,0,1,2,301.5531013932814,0,8.534357705232626,0
20,3,0,0,1,0,0,0,0,5.664098157104384,1,0,0,0,0,0,0,0
9,2,0,0,1,0,0,0,0,2.7654256830754878,1,0,0,0,0,0,0,0
12,5,1,1,1,0,0,1,0,4.566172935226656,2,0,0,0,0,0,0,0
8,0,0,0,1,0,0,0,0,3.0026217778630255,2,0,0,0,0,0,0,0
8,3,0,0,1,0,0,0,0,2.416733725604759,4,0,1,2,23.170197265052444,0,13.386600127597482,0
7,2,0,3,1,0,0,0,0,4.186876990207181,4,0,1,1,180.8885277394287,0,2.587309941527295,0
13,2,0,0,1,0,0,0,0,2.200336396906477,1,0,1,1,362.0466064234587,0,5.424686557430841,0
18,3,0,2,1,0,0,1,0,4.4888228705754685,1,0,1,1,381.81822766277776,0,6.403021352624478,0
7,6,1,1,1,0,0,1,0,5.648309498116127,3,1,1,2,361.61233474229243,0,6.932050269582201,0
14,1,0,0,1,0,0,0,0,3.5636419152796903,1,0,0,0,0,0,0,0
13,2,0,1,1,0,0,0,0,2.908052703443028,4,0,1,1,381.5062007453829,0,9.897256209177057,0
16,3,0,0,1,0,0,0,0,4.613330743140987,5,0,0,0,0,0,0,0
9,0,0,2,1,0,0,0,0,5.237958254653044,4,0,0,0,0,0,0,0
10,2,0,1,1,0,0,0,0,4.389836495578178,5,1,1,1,98.33477348453957,0,5.736739150770221,0
4,1,0,1,1,0,0,0,0,2.494566979111404,2,0,0,0,0,0,0,0
7,4,0,0,1,0,0,0,0,5.186520141944284,4,0,0,0,0,0,0,0
17,5,1,1,1,0,0,0,0,2.716169185497788,5,0,0,0,0,0,0,0
5,5,1,1.2271461176967757,1,0,0,0,0,-0.09257761832604272,50,5,1,1,70.06143759074466,0,108.0857159675826,1
10,5,1,0,1,0,0,0,0,5.679021213190561,5,0,0,0,0,0,0,0
7,3,0,1,1,0,0,0,0,2.1562827646650424,6,0,0,0,0,0,0,0
10,2,0,1,1,0,0,0,0,2.613501951725312,3,0,1,1,193.22026881070258,0,11.574759189819455,0
16,4,0,0,1,0,0,0,0,3.1178476561504285,4,0,0,0,0,0,0,0
10,1,0,0,1,0,0,0,0,3.351407325816229,1,0,0,0,0,0,0,0
17,3,0,0,1,0,0,0,0,4.069463834947488,3,0,0,0,0,0,0,0
20,2,0,0,1,0,0,0,0,5.5344930662868705,6,0,1,3,47.72017966727134,0,13.031806209542708,0
8,2,0,0,1,0,0,0,0,5.653821281476886,3,0,1,1,171.90179708068555,0,9.883732458568696,0
11,5,1,0,1,0,0,0,0,2.812001986863615,5,0,0,0,0,0,0,0
0,2,0,0,1,0,0,0,0,4.90563800031614,6,0,0,0,0,0,0,0
12,5,1,1,1,0,0,0,0,2.20879652296569,1,0,1,3,78.1262365632336,0,12.691704067932713,0
17,0,0,2,1,0,0,0,0,3.3010893321053607,1,0,1,2,215.49548732622807,0,12.914972781908748,0
15,4,0,0,1,0,0,0,0,3.169921212625218,5,0,0,0,0,0,0,0
15,3,0,0,1,0,0,0,0,5.136372126523591,2,0,1,1,358.7950070938875,0,2.984921133023681,0
10,1,0,2,1,0,0,1,0,4.844420092153254,2,0,0,0,0,0,0,0
3,5,1,6.096189214649881,1,1,1,1,0,0.09831335894386806,2,1,1,1,0.1761953177551173,1,0.13652597027776278,1
10,1,0,0,1,0,0,0,0,3.0293776151982414,4,0,1,1,23.734835619827646,0,10.541056829942146,0
9,0,0,0,1,0,0,0,0,4.455122445843488,3,0,0,0,0,0,0,0
9,4,0,0,1,0,0,0,0,4.96276556729428,2,0,1,1,336.6976813900972,0,3.921479997962547,0
19,2,0,2,1,0,0,0,0,2.409425101738189,5,0,1,1,142.29607207408273,0,9.178809009885368,0
10,3,0,0,1,0,0,0,0,2.707718054515495,5,0,0,0,0,0,0,0
19,4,0,0,1,0,0,0,0,3.454365213761664,5,0,0,0,0,0,0,0
6,4,0,0,1,0,0,0,0,5.569359296046736,2,1,0,0,0,0,0,0
16,4,0,1,1,0,0,0,0,2.2625109357334408,3,0,1,1,194.96481737694,0,1.1257980824469276,0
20,0,0,0,1,0,0,0,0,3.532379472612831,1,0,1,1,53.16346789520757,0,11.302986275174744,0
9,2,0,0,1,0,0,0,0,4.668325814583138,1,2,0,0,0,0,0,0
7,1,0,0,1,0,1,0,0,5.744410000125536,3,0,1,3,258.42709270258734,0,2.3576019797547056,0
8,6,1,0,1,0,0,0,0,5.087348262959786,1,0,0,0,0,0,0,0
20,2,0,0,1,0,0,0,0,2.701049738525242,6,0,0,0,0,0,0,0
4,4,0,0,1,0,0,0,0,2.7259565888925037,3,0,0,0,0,0,0,0
14,1,0,3,1,0,0,0,0,5.007931204754513,1,0,1,1,347.77892223957315,0,8.393815325157503,0
14,2,0,0,1,0,0,0,0,2.5151282724624417,3,0,1,1,257.94959735385635,0,10.446718812481738,0
23,0,0,7.53333254375708,1,0,1,1,1,2.9817555930626694,1,1,0,0,0,0,0,1
16,3,0,0,1,0,0,0,0,2.6115529499426042,1,0,0,0,0,0,0,0
17,6,1,0,1,0,1,0,0,4.058735755805783,1,0,1,1,60.754861826344474,0,0.2086396410435416,0
14,1,0,3,1,0,0,0,0,5.239195051548723,4,0,0,0,0,0,0,0
12,3,0,0,1,0,0,0,0,3.053688296283155,2,0,1,2,70.25521712205418,0,2.106051971842793,0
13,3,0,0,1,0,0,0,0,5.33672442890065,3,0,1,1,307.8154199251728,0,7.021021414308684,0
11,4,0,1,1,0,0,0,0,2.9174198465409042,2,0,1,2,318.05466235918954,1,0.9106941214803899,0
17,4,0,5.509953405021128,0,1,2,1,1,1.3754384050132864,1,0,0,0,0,0,0,1
16,4,0,1,1,0,0,0,0,2.1626395717375297,3,0,0,0,0,0,0,0
14,4,0,0,1,0,0,0,0,4.204172650131127,1,0,1,1,114.50613664166156,0,3.262197853442979,0
11,6,1,0,1,0,0,0,0,3.858911633564317,3,0,0,0,0,0,0,0
13,2,0,0,1,0,0,0,0,4.422196599203691,3,0,1,2,107.5740325565048,0,1.5149209139272084,0
7,2,0,0,1,0,0,0,0,2.7288325382146184,2,0,1,1,240.66243783757497,0,9.383638130868007,0
23,1,0,2,1,0,0,0,0,3.929908991969311,2,0,0,0,0,0,0,0
10,4,0,3,1,0,0,0,0,3.3209945881433214,4,1,0,0,0,0,0,0
19,0,0,0,1,0,0,0,0,2.5021982097294275,1,0,0,0,0,0,0,0
14,0,0,3,1,0,0,0,0,5.307769442314088,2,0,0,0,0,0,0,0
18,1,0,3,1,0,0,0,0,4.0595717833917355,1,0,1,1,206.06930559073365,0,3.0383852536363856,0
8,5,1,0,1,0,0,0,0,2.9897306156656955,2,0,0,0,0,0,0,0
9,4,0,1,1,0,0,0,0,5.109818786157053,5,1,0,0,0,0,0,0
9,2,0,2,1,0,0,0,0,4.527501923693903,4,0,0,0,0,0,0,0
13,5,1,0,1,0,0,0,0,3.909794081763586,1,1,0,0,0,0,0,0
10,1,0,2,1,0,0,0,0,5.569498088782886,2,1,1,1,376.7488568254548,0,2.0364054959622226,0
3,0,0,5.395911126122295,1,0,0,1,1,3.280770173767626,1,2,0,0,0,0,0,1
11,1,0,1,1,0,0,0,0,3.196886201621968,2,0,0,0,0,0,0,0
11,2,0,1,1,0,0,0,0,2.3296799058597717,2,0,0,0,0,0,0,0
14,0,0,0,1,0,0,0,0,2.022962999832605,3,0,0,0,0,0,0,0
18,3,0,0,1,0,0,0,0,5.273647111000807,3,1,0,0,0,0,0,0
9,3,0,3,1,0,0,0,0,4.068563951729951,3,0,1,1,151.87279496524343,0,7.227952330349335,0
9,4,0,1,1,0,0,0,0,2.2374866434849237,2,0,0,0,0,0,0,0
11,3,0,0,1,0,0,0,0,3.248133681752808,1,0,0,0,0,0,0,0
15,3,0,1,1,0,0,0,0,5.104586980489328,6,0,0,0,0,0,0,0
10,3,0,2,1,0,0,0,0,3.987340785782893,3,0,0,0,0,0,0,0
19,1,0,1,1,0,0,0,0,2.5246342683784184,2,0,1,2,273.8194153447827,0,11.14361729184201,0
1,4,0,0,1,0,0,0,0,2.4883749313359727,4,0,0,0,0,0,0,0
13,4,0,2,1,0,0,0,0,2.937773043482759,1,0,1,1,249.52996912781018,0,1.3767546391828214,0
11,3,0,3,1,0,0,0,0,3.046796220359187,1,0,0,0,0,0,0,0
9,2,0,0,1,0,0,0,0,2.430623312596987,2,0,1,1,280.0596782938428,0,4.62031283828402,0
17,6,1,1,1,0,0,0,0,3.069133300076205,1,0,0,0,0,0,0,0
22,1,0,0,1,0,0,0,0,4.369689622088206,1,0,1,2,130.43442316127812,0,3.8763501282173127,0
9,3,0,0,1,0,0,0,0,4.579495975396024,2,0,0,0,0,0,0,0
15,4,0,0,1,0,0,0,0,4.834745184188125,2,0,0,0,0,0,0,0
23,1,0,1,1,0,0,1,0,2.1880824317502783,4,0,1,2,186.45864996794202,0,7.568531468119924,0
14,5,1,0,1,0,0,0,0,4.9505733727332135,1,0,1,3,273.7125053862705,0,13.695967757185388,0
20,6,1,3,1,0,0,0,0,3.42295401968131,5,0,1,1,209.25878386599507,0,9.866682979075367,0
10,6,1,0,1,0,0,0,0,2.99303043744831,1,0,1,1,373.5189485765658,0,4.949530967026395,0
10,3,0,0,1,0,0,0,0,2.9075992548845577,2,0,0,0,0,0,0,0
23,0,0,9.87198932408018,1,0,0,1,1,2.1822358509514603,1,0,0,0,0,0,0,1
13,1,0,3,1,0,0,0,0,2.4148652787947316,3,0,1,1,262.5218632140268,0,2.6318337797853717,0
14,2,0,1,1,0,0,0,0,4.034668765143548,3,1,0,0,0,0,0,0
18,2,0,0,1,0,0,0,0,3.490854344989468,4,0,0,0,0,0,0,0
4,2,0,2,1,0,0,0,0,5.332144565977824,4,0,0,0,0,0,0,0
11,2,0,1,1,0,0,0,0,5.878806997835017,5,0,1,1,284.29486777095923,0,9.820107463585655,0
13,1,0,0,1,0,0,0,0,4.030349213946456,3,0,1,1,279.12761872647906,0,3.9306857993142477,0
9,3,0,4.818526899324318,0,1,3,1,1,2.9723397916712333,2,0,0,0,0,0,0,1
1,1,0,1,1,0,0,0,0,3.133248442515251,5,1,0,0,0,0,0,0
9,0,0,1,1,0,0,0,0,2.2611801203037634,3,0,0,0,0,0,0,0
6,0,0,2,1,0,0,0,0,2.507615162474545,5,0,0,0,0,0,0,0
12,2,0,1,1,0,0,0,0,2.1378606211674898,1,0,1,1,85.123636846476,0,2.42190907370032,0
12,4,0,3,1,0,0,0,0,2.7724342291540034,3,0,1,2,129.86608808214402,0,13.008015371245511,0
9,5,1,3,1,0,0,0,0,2.669993204322531,4,0,0,0,0,0,0,0
1,0,0,0,1,0,0,0,0,2.310341199379925,4,0,0,0,0,0,0,0
9,6,1,0,1,0,0,0,0,4.374492271743627,2,1,1,1,218.78668367804974,0,0.5178208525512344,0
12,4,0,0,1,0,0,0,0,5.635744943275553,2,0,0,0,0,0,0,0
8,4,0,0,1,0,0,0,0,5.279164304576803,4,0,0,0,0,0,0,0
16,3,0,0,1,0,0,0,0,3.2284793225554385,3,0,0,0,0,0,0,0
8,4,0,0,1,0,0,0,0,5.428123047637145,5,0,1,1,365.5332181537682,0,10.122553795138952,0
13,0,0,1,1,0,0,1,1,4.657612754497476,2,0,0,0,0,0,0,0
16,1,0,1,1,0,0,0,0,5.382221667894528,2,0,0,0,0,0,0,0
7,3,0,1,1,0,0,0,0,3.569733367742982,3,0,1,1,211.77988872159307,0,10.446709891666302,0
11,5,1,1,1,0,0,0,0,3.246006482104867,4,0,0,0,0,0,0,0
14,6,1,1,1,0,0,0,0,4.6562341243842535,4,0,1,1,131.74860985593796,0,9.631934792311233,0
19,3,0,0,1,0,0,0,0,2.1367132047570916,1,0,0,0,0,0,0,0
16,3,0,0,1,0,0,0,0,3.778310627024272,2,0,0,0,0,0,0,0
2,6,1,8.361031742305078,1,0,0,1,1,3.3761123792001833,1,2,0,0,0,0,0,1
11,4,0,1,1,0,0,0,0,2.731488828376065,1,0,0,0,0,0,0,0
9,1,0,2,1,0,0,0,0,4.13704751036447,1,1,1,1,108.20199384475049,0,10.601764452961659,0
14,2,0,1,1,0,0,0,0,4.02632437621995,1,0,1,2,397.1589857678603,0,4.682561316518214,0
1,3,0,1,1,0,0,0,0,3.8577733230554014,4,0,0,0,0,0,0,0
10,4,0,1,1,0,0,0,0,4.533140896479621,4,0,1,1,162.16042330610586,0,3.2611498513744985,0
17,0,0,0,1,0,0,0,0,5.543289017658456,2,0,1,1,266.4902542262507,0,12.98425027882569,0
11,5,1,0,1,0,0,0,0,5.452928508767728,4,0,1,2,93.80363215361272,0,5.636024328148595,0
20,1,0,1,1,0,0,0,0,4.242429269608445,1,0,1,2,388.197093126955,0,5.580467490448601,0
19,0,0,1,1,0,0,0,0,5.59195161374236,1,0,1,1,195.9713547763296,0,11.829677903900164,0
8,5,1,0,1,0,0,0,0,4.90336314376915,3,0,0,0,0,0,0,0
18,2,0,0,1,0,0,0,0,2.2539575585899976,2,0,1,1,399.66011030671785,0,0.9419542578128588,0
15,2,0,2,1,0,0,0,0,4.831491544538521,4,0,1,1,158.61733026556118,0,6.007155505621041,0
16,1,0,0,1,0,0,1,0,3.478377261066395,2,0,1,1,89.7488504096549,0,4.078536457078243,0
18,3,0,2,1,0,0,0,0,2.7295697909549093,6,0,1,1,333.3735580933921,0,12.510462180562453,0
14,1,0,3,1,0,0,0,0,3.5827169357733926,6,0,0,0,0,0,0,0
7,1,0,0,1,0,0,0,0,3.2770015543324327,1,0,0,0,0,0,0,0
16,4,0,1,1,0,0,0,0,5.026378020477136,6,0,0,0,0,0,0,0
15,2,0,0,1,0,0,1,0,4.465834801985963,6,0,0,0,0,0,0,0
14,2,0,0,1,0,0,0,0,4.342151368702825,3,1,1,2,122.60194228476912,0,5.572533858222833,0
7,0,0,0,1,0,0,0,0,5.463545561451942,3,0,1,1,181.78601399663086,0,6.434901924683552,0
16,6,1,1,1,0,0,0,0,5.089529216737831,2,0,0,0,0,0,0,0
12,1,0,1,1,0,0,0,0,2.020617644480517,5,0,0,0,0,0,0,0
16,3,0,1,1,0,0,1,0,2.024128437689874,3,0,1,1,74.15601121144992,0,13.37492675809815,0
10,3,0,0,1,0,0,0,0,3.843035405280322,4,0,0,0,0,0,0,0
7,0,0,1,1,0,0,0,0,2.1678223476829444,4,0,1,1,113.37379884884963,0,12.004864304450917,0
20,3,0,1,1,0,0,0,0,3.611784176587509,4,0,0,0,0,0,0,0
10,2,0,1,1,0,1,0,0,2.2545138540032648,3,0,0,0,0,0,0,0
19,6,1,0,1,0,0,0,0,2.2705771980930387,4,0,1,1,56.35195369495807,0,7.490542026948132,0
14,0,0,0,1,0,0,0,0,4.522834240927295,6,0,0,0,0,0,0,0
8,4,0,0,1,0,0,0,0,2.944439283788369,3,0,0,0,0,0,0,0
16,3,0,1,1,0,0,0,0,2.2637928239061558,3,0,0,0,0,0,0,0
9,0,0,0,1,0,0,1,0,2.4571083213389966,2,0,0,0,0,0,0,0
11,1,0,0,1,0,0,0,0,4.748874293390407,2,0,0,0,0,0,0,0
18,3,0,2,1,0,0,0,0,3.1733517590271827,1,0,1,1,255.2112171255283,0,3.0040779593866906,0
13,4,0,0,1,0,0,0,0,4.839997669101146,1,0,0,0,0,0,0,0
15,2,0,0,1,0,0,0,0,3.412712758421918,5,0,1,1,380.3692016432018,0,3.5295576903432866,0
10,4,0,2,1,0,0,0,0,3.8658109150450333,1,0,1,2,370.27371276257435,0,1.2761696779895204,0
10,2,0,2,1,0,0,0,0,5.202309690448873,3,0,0,0,0,0,0,0
11,1,0,3,1,0,0,0,0,5.010952270403989,2,0,1,1,318.93365683161016,0,13.682386306514811,0
8,4,0,2,1,0,0,0,0,3.318026084336183,6,0,0,0,0,0,0,0
16,2,0,0,1,0,0,0,0,5.628892169482911,2,0,1,1,163.22813033691045,0,7.3339215929513975,0
12,5,1,0,1,0,0,0,0,4.799175411536927,2,0,1,1,261.90523613316316,0,5.201426530568436,0
14,6,1,2,1,0,0,0,0,5.57429023546442,1,0,0,0,0,0,0,0
19,3,0,0,1,0,0,0,0,3.5918849294922044,3,0,0,0,0,0,0,0
14,2,0,0,1,0,0,0,0,5.139157051297403,4,0,1,1,109.58646588487618,0,8.153166642008525,0
15,0,0,0,1,0,0,0,0,3.202789437233949,4,0,0,0,0,0,0,0
17,1,0,2,1,0,0,0,0,3.9947307074084843,2,0,1,1,100.22662902365337,0,10.427987198527987,0
12,0,0,0,1,0,0,0,0,4.9347663076591335,3,1,0,0,0,0,0,0
13,4,0,2,1,0,0,0,0,5.747600972143826,1,0,1,1,306.03113522044276,0,5.620869218503551,0
21,3,0,2.981960050530371,1,0,0,1,0,0.08847076568660572,10,15,0,0,0,0,0,1
15,0,0,0,1,0,0,0,0,4.079112973484755,3,0,1,1,326.57135677461906,0,8.735614865030874,0
19,1,0,0,1,0,0,0,0,4.211224486123257,3,0,0,0,0,0,0,0
8,4,0,0,1,0,0,0,0,4.636956285533139,1,0,1,1,304.8335714093889,0,10.835728784843248,0
9,1,0,0,1,0,0,0,0,3.501501979979939,5,0,0,0,0,0,0,0
15,2,0,1,1,0,0,0,0,3.7099567687419164,1,1,1,3,394.1627990166719,0,10.83155917928085,0
11,1,0,0,1,0,0,0,0,4.842778857364978,4,0,1,2,375.9375723305167,0,0.9019711471408429,0
12,5,1,1,1,0,0,0,0,5.521379296254975,2,1,0,0,0,0,0,0
5,0,0,0,1,0,0,0,0,4.823851450298215,2,2,1,1,151.6167648709116,0,6.792793202464549,0
11,3,0,1,1,0,0,0,0,4.403129084023041,2,0,1,1,100.9365294027356,0,11.626113795829559,0
18,6,1,0,1,0,0,0,0,2.7537041355634777,5,0,0,0,0,0,0,0
10,1,0,0,1,0,0,0,0,2.8508952263340768,1,0,0,0,0,0,0,0
18,1,0,0,1,0,0,0,0,4.468872644274688,2,0,0,0,0,0,0,0
8,5,1,2,1,0,0,0,0,4.322979770579908,3,0,0,0,0,0,0,0
15,3,0,0,1,0,0,0,0,2.633239276101404,1,0,1,2,273.6607369914266,0,4.199980765219669,0
12,0,0,0,1,0,0,0,0,5.96144173912238,6,0,1,2,80.81143128615133,0,13.373679297689996,0
1,5,1,2.39532315015889,0,1,3,1,1,0.004761640550194013,2,1,0,0,0,0,0,1
6,1,0,0,1,0,0,0,0,5.691048199537289,2,0,0,0,0,0,0,0
8,1,0,1,1,0,0,0,0,5.370413556747582,3,0,1,2,51.98591634463461,0,0.5359393927780145,0
18,0,0,1,1,0,0,0,0,5.353521023374775,3,1,1,1,80.6670192071402,0,9.484824445578454,0
21,1,0,0,1,0,1,0,0,5.352436525365835,4,0,1,1,119.36749716053109,0,9.013636493721238,0
15,2,0,0,1,0,0,0,0,3.790036383253516,5,0,0,0,0,0,0,0
16,1,0,0,1,0,0,0,0,2.756999161197737,6,0,1,2,144.525131521877,0,5.145286523930267,0
12,6,1,0,1,0,0,0,0,4.980777824193589,3,0,0,0,0,0,0,0
18,1,0,0,1,0,0,0,0,3.329287355909083,3,0,0,0,0,0,0,0
8,2,0,0,1,0,0,0,0,4.399003375960412,2,0,0,0,0,0,0,0
16,2,0,1,1,0,0,0,0,3.235928126199935,1,0,0,0,0,0,0,0
17,5,1,1,1,0,0,0,0,2.994839583882154,2,0,0,0,0,0,0,0
11,3,0,0,1,0,0,0,0,3.2082863258614087,6,0,0,0,0,0,0,0
15,1,0,0,1,0,0,0,0,5.372260590605215,1,0,0,0,0,0,0,0
13,4,0,0,1,0,0,0,0,2.0234055702561866,4,0,0,0,0,0,0,0
11,2,0,3,1,0,0,0,0,3.5843230815319225,1,0,0,0,0,0,0,0
4,2,0,3.7394965013432433,1,0,0,0,0,-1.1348827725531265,10,20,0,0,0,0,0,1
20,2,0,0,1,0,0,0,0,3.1178333122120896,3,0,0,0,0,0,0,0
15,3,0,0,1,0,0,0,0,5.478379767225073,5,1,1,1,325.6168917394114,0,2.9105537026658928,0
8,5,1,1,1,0,0,0,0,5.1723866542791574,2,0,0,0,0,0,0,0
12,3,0,0,1,0,0,0,0,5.806065838552222,5,0,0,0,0,0,0,0
9,0,0,2,1,0,0,0,0,4.974232270362906,3,0,1,1,44.42162779337116,0,7.894068228543578,0
13,4,0,1,1,0,0,0,0,5.523905615502418,3,0,1,1,283.7679959460983,0,8.46595782896972,0
9,1,0,0,1,0,0,0,0,4.660273606850399,5,0,1,1,153.08399714365325,0,4.897350619039134,0
11,1,0,1,1,0,0,0,0,5.454826680622164,2,0,1,1,393.95193141032223,0,5.258825208251891,0
12,1,0,0,1,0,0,0,0,5.192627595750413,3,2,1,1,150.68304973850982,0,11.82021537186034,0
12,3,0,0,1,0,0,0,0,3.894907273707136,4,0,0,0,0,0,0,0
10,1,0,0,1,0,0,0,0,2.7294732869943954,3,0,0,0,0,0,0,0
11,0,0,0,1,0,0,1,1,4.992351755517301,3,0,1,1,27.517521997895123,0,3.7773886759614284,0
20,3,0,3,1,0,0,0,0,4.351540708831299,2,0,1,2,295.0840807304659,0,2.6732559940145464,0
16,2,0,0,1,0,0,0,0,5.626683002014188,4,0,0,0,0,0,0,0
17,6,1,0,1,0,0,0,0,4.503794888686659,1,0,1,2,379.78070751993437,0,9.513944567600552,0
9,3,0,0,1,0,0,0,0,2.1657250187302006,4,0,0,0,0,0,0,0
10,0,0,0,1,0,0,0,0,2.0599204962399127,5,0,1,1,367.2031726834019,0,8.32681972642447,0
7,4,0,9.131917408372239,1,0,0,1,1,3.880069339956833,1,1,1,1,0.11687904763751955,1,0.1815750639420928,1
12,5,1,0,1,0,0,0,0,2.3157080242218715,3,0,0,0,0,0,0,0
17,1,0,1,1,0,0,0,0,2.1615326555712127,2,0,1,1,114.85612453457718,0,4.834930277715256,0
4,5,1,0,1,0,0,0,0,4.312991793601482,2,0,0,0,0,0,0,0
10,5,1,2,1,0,1,0,0,3.9383346977772873,1,0,0,0,0,0,0,0
12,0,0,0,1,0,0,0,0,2.986411424487373,3,0,0,0,0,0,0,0
7,4,0,0,1,0,0,0,0,3.2677264588623647,2,0,0,0,0,0,0,0
21,6,1,0,1,0,0,0,0,3.510912755484142,4,0,0,0,0,0,0,0
8,2,0,0,1,0,0,0,0,2.868302646645942,5,0,0,0,0,0,0,0
15,2,0,1,1,0,0,0,0,4.878306729585636,2,0,0,0,0,0,0,0
17,0,0,0,1,0,0,0,0,4.643994767964636,2,0,0,0,0,0,0,0
9,0,0,1,1,0,0,0,0,5.485650989066668,4,0,1,2,385.7486194563699,0,8.44955114557566,0
8,3,0,1,1,0,0,0,0,2.1512105504097008,2,0,0,0,0,0,0,0
10,4,0,0,1,0,0,0,0,2.840206104930436,2,0,0,0,0,0,0,0
9,6,1,0,1,0,0,0,0,2.6845233221147407,3,0,1,1,397.9392301081839,0,5.469855577346671,0
0,1,0,0,1,0,0,0,0,2.2090427959394563,1,0,0,0,0,0,0,0
17,5,1,0,1,0,0,0,0,5.873293664715654,1,0,0,0,0,0,0,0
9,0,0,0,1,0,0,0,0,3.6662703808341592,3,0,1,1,217.05894589435783,0,13.836640798350544,0
9,2,0,1,1,0,0,0,0,3.68803485590063,1,0,0,0,0,0,0,0
16,3,0,0,1,0,0,0,0,3.9882177375867585,2,0,1,1,130.69486327137736,0,10.989215765323717,0
10,2,0,0,1,0,0,0,0,4.252006027786205,2,0,0,0,0,0,0,0
0,3,0,0,1,0,0,0,0,5.0668585083878845,4,0,1,1,47.58517822946754,0,13.00831165815728,0
17,2,0,0,1,0,0,0,0,2.251738438207566,2,1,0,0,0,0,0,0
21,1,0,0,1,0,0,1,0,2.9041271425012285,4,0,1,1,181.79435177189782,0,4.324709799504159,0
10,2,0,0,1,0,0,0,0,4.736363813644228,1,1,1,2,228.3457636397938,0,5.55836484929334,0
7,4,0,0,1,0,0,0,0,2.064563918707777,4,0,1,1,391.8709234675234,0,2.139606418659823,0
16,5,1,3,1,0,0,1,1,4.07752096241508,1,0,0,0,0,0,0,0
8,4,0,1,1,0,0,0,0,5.816255942295168,1,0,0,0,0,0,0,0
4,2,0,0,1,0,0,0,0,5.629532250690481,3,1,0,0,0,0,0,0
17,1,0,0,1,0,0,0,0,3.527160750838678,3,0,0,0,0,0,0,0
19,6,1,0,1,0,0,0,0,4.200856915839402,6,0,1,2,90.15815655229385,0,7.982757630545217,0
19,0,0,0,1,0,0,0,0,3.9306583043042465,1,0,1,2,204.48414191674803,0,6.434487934139794,0
3,1,0,3,1,0,0,0,0,2.1748277658415343,4,0,0,0,0,0,0,0
14,2,0,0,1,0,0,0,0,4.106983730844352,4,0,1,2,26.09978267864534,0,9.848495354348715,0
11,0,0,0,1,0,0,0,0,4.448362965457158,4,0,0,0,0,0,0,0
10,5,1,0,1,0,0,0,0,3.563259325209647,2,0,1,1,322.0601013194437,0,3.085243081132904,0
9,3,0,0,1,0,0,0,0,4.766424353791327,2,0,0,0,0,0,0,0
20,4,0,0,1,0,0,0,0,2.6712151663852506,2,0,0,0,0,0,0,0
15,2,0,3,1,0,0,0,0,2.54010860703761,4,0,0,0,0,0,0,0
7,4,0,2,1,0,0,0,0,4.452133476995105,2,0,0,0,0,0,0,0
14,0,0,0,1,0,0,0,0,2.547054203858194,1,0,1,2,275.46128727779404,0,9.849181737719412,0
10,1,0,0,1,0,0,0,0,5.900642262582749,2,0,1,2,64.15451689017019,0,13.564066333332557,0
16,4,0,0,1,0,0,0,0,4.047499583343926,6,0,0,0,0,0,0,0
12,4,0,3,1,0,0,0,0,4.270496615382447,1,0,1,1,198.46255013545652,0,12.30573581419212,0
15,0,0,0,1,0,0,0,0,3.7130608341580387,1,1,0,0,0,0,0,0
18,5,1,1,1,0,0,0,0,5.393490460165081,3,1,1,1,70.66809696246068,0,11.026516044873544,0
17,0,0,2,1,0,0,0,0,3.8560856799984924,2,0,1,2,103.52485656306119,0,9.139193831780986,0
7,3,0,0,1,0,0,0,0,5.218003873086571,3,0,0,0,0,0,0,0
9,3,0,0,1,0,0,0,0,5.38709086560767,2,0,0,0,0,0,0,0
15,2,0,0,1,0,0,0,0,4.103294276671572,3,0,0,0,0,0,0,0
20,2,0,0,1,0,0,0,0,2.277191168906737,1,0,0,0,0,0,0,0
14,2,0,0,1,0,0,0,0,4.318683058241346,5,0,1,3,215.02242026555342,0,11.794721434739719,0
12,4,0,1,1,0,0,0,0,4.037659657720466,3,0,0,0,0,0,0,0
13,4,0,3,1,0,0,0,0,5.480865132787698,4,0,0,0,0,0,0,0
11,0,0,1,1,0,0,0,0,4.842743303769977,3,0,0,0,0,0,0,0
18,2,0,2,1,0,0,0,0,4.612695749275497,1,2,0,0,0,0,0,0
13,1,0,1,1,0,0,0,0,5.124951380095133,5,0,0,0,0,0,0,0
3,1,0,0,1,0,0,0,0,3.5350210891043528,3,0,1,1,149.50719964773361,0,6.864318489469113,0
10,3,0,2,1,0,0,0,0,2.8564050039690003,1,0,1,1,37.20193392589388,0,0.027388382962392654,0
13,4,0,0,1,0,0,0,0,3.5727835179676863,1,0,0,0,0,0,0,0
9,0,0,1,1,0,0,0,0,2.815207256585618,6,0,0,0,0,0,0,0
19,6,1,1,1,0,0,0,0,2.3718411264027592,2,0,0,0,0,0,0,0
11,0,0,2,1,0,0,0,0,5.692283410540698,2,0,1,2,295.79313958296814,0,8.09987941066889,0
15,2,0,0,1,0,0,1,0,5.718017974555284,5,0,0,0,0,0,0,0
10,3,0,0,1,0,0,0,0,5.444238290765774,4,0,0,0,0,0,0,0
14,3,0,1,1,0,1,0,0,3.304893613668039,3,0,0,0,0,0,0,0
2,5,1,1,1,0,0,0,0,3.8659769165732456,1,0,1,2,133.05810363525745,0,9.858221978879524,0
11,2,0,0,1,0,0,0,0,5.874719810747736,2,0,1,2,21.51913469995381,0,2.9205265884754406,0
9,3,0,1,1,0,0,0,0,4.662564554987849,4,0,0,0,0,0,0,0
16,5,1,1,1,0,0,0,0,4.548699599834521,2,0,0,0,0,0,0,0
17,4,0,0,1,0,0,0,0,2.813389832721798,2,0,0,0,0,0,0,0
10,3,0,0,1,0,0,0,0,2.3842057408801174,3,0,1,1,100.71671420977998,0,9.834997313407886,0
17,0,0,0,1,0,0,0,0,3.208352669942139,1,0,0,0,0,0,0,0
8,1,0,0,1,0,0,0,0,2.1750253445405296,2,0,1,1,299.03457321870127,0,9.671248704795975,0
13,2,0,0,1,0,0,0,0,5.099267365047713,6,0,0,0,0,0,0,0
18,6,1,0,1,0,0,0,0,5.323685833837226,3,0,1,2,110.25610874353717,0,8.021583299509533,0
14,0,0,1,1,0,0,0,0,3.3834675702443415,3,0,0,0,0,0,0,0
11,4,0,1,1,0,0,0,0,4.280439619740603,3,0,0,0,0,0,0,0
12,3,0,3,1,0,1,0,0,5.358683495114563,4,0,0,0,0,0,0,0
8,1,0,2,1,0,0,0,0,3.3101865718368804,5,0,1,1,206.11465091624177,0,12.644807905782654,0
7,4,0,0,1,0,0,0,0,2.891351903742209,3,0,1,2,40.143667841728856,0,8.103413352034963,0
17,2,0,0,1,0,0,0,0,2.663371627326293,4,0,0,0,0,0,0,0
16,3,0,0,1,0,0,0,0,4.833927729951318,1,0,0,0,0,0,0,0
9,2,0,0,1,0,0,0,0,4.043632800111371,2,0,0,0,0,0,0,0
14,5,1,0,1,0,0,0,0,4.305134784625355,1,0,1,1,329.4166962179653,0,12.149635357317084,0
7,3,0,0,1,0,0,0,0,5.263689230019784,2,0,1,1,376.62951700448656,0,5.636945918517474,0
21,4,0,0,1,0,0,0,0,5.506245478730009,3,0,1,1,93.55595957751274,0,3.617426660164516,0
14,6,1,0,1,0,0,0,0,5.193925721466182,3,0,0,0,0,0,0,0
8,3,0,0,1,0,0,0,0,3.1177941434528673,2,1,0,0,0,0,0,0
12,0,0,1,1,0,0,0,0,3.643530555025035,1,0,0,0,0,0,0,0
16,3,0,0,1,0,0,0,0,2.0496493364154587,3,0,1,1,238.05704468021187,0,8.17703909948075,0
19,0,0,0,1,0,0,0,0,4.17606718634391,2,0,1,2,145.05111597726037,0,6.087065070396023,0
13,3,0,1,1,0,0,0,0,2.7908203551350828,2,0,0,0,0,0,0,0
11,4,0,0,1,0,0,0,0,2.9158800842820223,1,0,1,3,51.37157133029669,0,10.631405230790497,0
6,0,0,2,1,0,1,0,0,5.8865916346269085,5,0,1,1,209.94852647060912,0,10.170343248605128,0
14,3,0,0,1,0,0,0,0,2.1431051126378677,2,1,1,2,114.76818328760562,0,7.242166191668344,0
9,3,0,0,1,0,0,0,0,5.028818145387035,1,0,0,0,0,0,0,0
1,4,0,2,1,0,0,0,0,2.958445215621575,3,0,1,1,94.69257429956502,0,1.3964364227824957,0
22,1,0,0,1,0,0,0,0,5.640460993169484,5,0,1,1,295.2767912580185,0,1.3808724633076195,0
11,0,0,0,1,0,0,0,0,3.8040167174620545,2,0,1,1,396.67353020482943,0,3.4327748991070037,0
17,0,0,0,1,0,0,0,0,4.864264915460268,1,0,0,0,0,0,0,0
8,0,0,0,1,0,0,0,0,4.237721963109398,3,0,1,1,63.10031598502907,0,10.022810164677201,0
6,2,0,3,1,0,0,0,0,3.820033469356573,2,1,1,1,291.30559426438185,0,4.153909556923899,0
20,2,0,1,1,0,0,0,0,4.93528536811018,2,0,0,0,0,0,0,0
7,6,1,3,1,0,0,0,0,4.688058943663842,5,0,1,2,175.6113852354906,0,4.53663049161761,0
18,6,1,0,1,0,0,0,0,4.961955020003787,3,0,1,1,239.31054072162456,0,13.111507373290598,0
11,0,0,0,1,0,0,0,0,3.001531430583702,3,0,1,1,71.23216013923299,0,0.8198426493071775,0
18,2,0,0,1,0,0,0,0,2.1277991235640292,2,0,1,1,247.6610655321034,0,5.222360003431855,0
8,6,1,2,1,0,0,0,0,3.8687244959472276,5,0,0,0,0,0,0,0
18,3,0,1,1,0,0,1,1,3.4166892669965976,2,0,0,0,0,0,0,0
9,0,0,0,1,0,1,0,0,3.5692259196969527,3,0,0,0,0,0,0,0
15,2,0,1,1,0,0,0,0,2.2580256852191125,4,0,1,1,375.4903377683119,0,8.17571554264122,0
17,3,0,3,1,0,0,0,0,4.89072771251902,1,1,0,0,0,0,0,0
13,1,0,0,1,0,0,1,1,2.372106553432353,5,0,0,0,0,0,0,0
14,0,0,1,1,0,0,0,0,2.03159320827575,2,0,1,1,366.4754457040857,0,6.535777253321509,0
19,3,0,1,1,0,0,0,0,5.83592635549506,2,0,1,2,22.88961913810863,0,1.3676168113283904,0
9,3,0,0,1,0,0,0,0,2.704574768176524,6,2,1,1,133.70303288974475,0,4.292478268437127,0
14,2,0,0,1,0,0,0,0,5.884367878712082,2,0,0,0,0,0,0,0
18,3,0,0,1,0,0,0,0,3.824904321577254,4,0,0,0,0,0,0,0
15,0,0,1,1,0,0,0,0,3.9756286440548867,4,0,0,0,0,0,0,0
13,6,1,0,1,0,0,0,0,2.9817400378395926,3,0,0,0,0,0,0,0
14,6,1,1,1,0,0,0,0,2.679737564833645,2,2,0,0,0,0,0,0
18,0,0,0,1,0,0,0,0,4.166862854220652,2,0,0,0,0,0,0,0
9,3,0,0,1,0,0,1,1,5.881987868551039,2,0,0,0,0,0,0,0
7,2,0,0,1,0,0,1,1,3.8670820426218873,2,0,1,1,164.13960296749818,0,6.5989035751707155,0
4,3,0,2,1,0,0,0,0,4.483283848695374,4,0,0,0,0,0,0,0
19,4,0,2,1,0,0,0,0,2.1850290810916553,1,0,0,0,0,0,0,0
11,1,0,2,1,0,0,0,0,5.150767376561915,1,0,1,1,378.89438069806687,0,12.431690683378847,0
15,4,0,1,1,0,0,0,0,2.7275570152251176,5,1,1,1,379.97015782346165,0,9.059493650257917,0
16,4,0,3,1,0,0,1,0,4.656043106557108,2,0,0,0,0,0,0,0
19,1,0,0,1,0,0,0,0,2.9235319979484395,3,0,1,1,126.36409456450946,0,9.237357897386374,0
7,3,0,0,1,0,0,0,0,4.236099448487379,4,0,1,1,353.8635397748558,0,9.451391923529808,0
11,1,0,0,1,0,0,0,0,2.1470081072999387,1,0,0,0,0,0,0,0
10,2,0,0,1,0,0,0,0,5.003734872597418,3,0,0,0,0,0,0,0
11,1,0,1,1,0,0,0,0,2.7353721401983986,3,0,0,0,0,0,0,0
19,4,0,1,1,0,0,0,0,4.325209349075282,1,0,1,1,197.17480013945786,0,9.8249153035363,0
17,5,1,2,1,0,0,0,0,4.716777202294981,4,0,0,0,0,0,0,0
8,0,0,1,1,0,0,0,0,2.3704728559843007,6,0,0,0,0,0,0,0
10,1,0,0,1,0,0,0,0,2.3385682723664933,2,0,0,0,0,0,0,0
18,3,0,3.564098727150257,1,0,0,0,0,-1.9014327495289856,200,15,0,0,0,0,0,1
17,0,0,0,1,0,0,0,0,3.7900315374200773,4,0,0,0,0,0,0,0
10,3,0,0,1,0,0,0,0,3.2766279017393733,5,0,1,2,242.54689478253422,0,11.109875276378634,0
10,0,0,0,1,0,0,0,0,4.567131915362122,1,0,0,0,0,0,0,0
16,0,0,1,1,0,0,0,0,3.6313031125166666,6,0,0,0,0,0,0,0
10,4,0,0,1,0,0,0,0,3.0903109159444937,3,0,0,0,0,0,0,0
18,0,0,2,1,0,0,0,0,4.102233185210855,1,1,1,1,352.00875600383074,0,3.3706394871381056,0
10,5,1,0,1,0,0,0,0,3.915299597283741,4,0,0,0,0,0,0,0
10,2,0,1,1,0,0,0,0,2.0039981854775304,1,0,0,0,0,0,0,0
17,1,0,1,1,0,0,0,0,4.612445462553909,4,0,1,1,116.38576993491638,0,8.879572265666223,0
15,3,0,0,1,0,0,0,0,2.5718395759528776,5,0,1,1,344.9427160478451,0,13.081382245477803,0
20,4,0,0,1,0,0,0,0,3.572238608877848,2,0,0,0,0,0,0,0
18,6,1,0,1,0,0,0,0,5.102072145190213,3,0,1,1,295.6087147404885,0,7.691237123060413,0
12,4,0,1,1,0,0,0,0,5.415059584846632,1,1,0,0,0,0,0,0
17,1,0,1,1,0,0,0,0,2.8659129776823216,1,0,1,2,53.15169810112003,0,10.060414520447976,0
10,0,0,0,1,0,0,0,0,5.530596518778584,5,0,1,1,167.01808610996574,0,13.218384767075761,0
14,0,0,3,1,0,0,0,0,2.787173346341963,4,0,0,0,0,0,0,0
20,2,0,0,1,0,0,0,0,2.4084582879096135,3,0,0,0,0,0,0,0
17,3,0,0,1,0,0,0,0,3.950018606406315,2,2,1,2,396.5504009896845,0,4.723742067174051,0
16,2,0,0,1,0,0,0,0,3.4972624593399386,5,0,1,1,66.93179490528769,0,5.5008935916253465,0
13,3,0,0,1,0,0,0,0,5.72003603981231,1,1,0,0,0,0,0,0
12,3,0,1,1,0,0,0,0,5.325387968524813,4,0,0,0,0,0,0,0
8,4,0,2,1,0,0,0,0,4.047230896934616,1,0,0,0,0,0,0,0
16,2,0,0,1,0,0,0,0,3.5424757012695496,1,0,1,1,294.14692241344477,0,10.595509014347655,0
3,2,0,0,1,0,0,0,0,3.672405763940297,2,0,1,1,15.386401448923236,0,9.390154900248934,0
1,3,0,2,1,0,0,0,0,3.5396349791559527,3,0,0,0,0,0,0,0
8,3,0,1,1,0,0,0,0,2.0004228208213886,4,1,1,1,136.4025731970981,0,5.223940117365476,0
13,0,0,1,1,0,0,0,0,2.489890508656607,3,0,1,1,386.98457799947266,0,9.49011996511685,0
8,3,0,2,1,0,0,0,0,4.361746494270868,5,0,1,1,339.7427566815005,0,12.239131049002328,0
21,3,0,0,1,0,0,0,0,2.0674889351299193,2,0,0,0,0,0,0,0
8,4,0,0,1,0,0,0,0,2.8653453240013684,2,0,1,2,243.8964539653489,0,7.9537653845858864,0
11,2,0,1,1,0,0,0,0,5.215587013775401,1,0,1,3,64.4560816919755,0,5.211356413423967,0
12,5,1,0,1,0,1,0,0,2.5773847253854836,1,0,0,0,0,0,0,0
10,0,0,0,1,0,0,0,0,5.584384087290404,2,0,1,1,24.092307882778314,0,8.524381613224326,0
16,3,0,3,1,0,0,0,0,5.305416808488239,3,0,1,1,163.82231194600098,0,0.203534166301786,0
17,6,1,0.8483387738259887,1,0,0,0,0,-1.9102910947577523,20,10,1,1,98.78306637107234,0,80.73828274118654,1
13,3,0,2,1,0,0,0,0,4.204825924597165,4,0,0,0,0,0,0,0
22,5,1,7.44914981090635,1,0,0,1,1,3.3406887016913958,2,0,0,0,0,0,0,1
15,0,0,0,1,0,0,0,0,4.817164615960996,5,0,0,0,0,0,0,0
16,5,1,3,1,0,0,0,0,3.708634652521033,2,0,0,0,0,0,0,0
9,5,1,0,1,0,0,0,0,2.150725066688851,3,0,1,1,121.58747406926508,0,7.576518555650246,0
14,0,0,1,1,0,0,0,0,2.222564081464442,3,0,1,1,33.01931766232599,0,8.84759205481954,0
17,3,0,1,1,0,0,0,0,5.591227427007526,2,0,1,1,306.82375544007135,0,5.992386865229929,0
8,1,0,1,1,0,0,0,0,3.5478156676177326,3,2,1,2,253.4936558447257,0,9.304022698249682,0
2,5,1,3.8156121878469818,0,1,2,1,1,1.5469127175510509,2,2,1,1,92.00718470535881,0,250.69776090413066,1
6,0,0,0,1,0,0,0,0,3.9646537533248893,2,0,1,1,89.21654086447693,0,13.120573494094005,0
8,0,0,1,1,0,0,0,0,4.557205622054153,1,0,0,0,0,0,0,0
21,2,0,0,1,0,0,1,0,4.070437435361317,6,0,0,0,0,0,0,0
13,5,1,0,1,0,0,0,0,2.3551207364587246,4,0,1,3,345.85849162117313,0,10.392308876032256,0
16,2,0,0,1,0,0,0,0,2.6014746663602955,4,0,0,0,0,0,0,0
15,6,1,0,1,0,0,0,0,2.909612800092809,1,0,0,0,0,0,0,0
8,2,0,3,1,0,0,0,0,4.505961540208649,3,0,1,1,268.8441954686199,0,13.809396012934192,0
14,1,0,0,1,0,0,0,0,2.483233568279819,1,2,0,0,0,0,0,0
15,1,0,0,1,0,0,0,0,5.84493266434564,1,0,0,0,0,0,0,0
10,0,0,2,1,0,0,0,0,2.060833382985698,3,0,1,1,393.9527000898694,0,3.076681983469654,0
10,2,0,0,1,0,0,0,0,2.3679059691859874,4,0,1,2,375.15363733498305,0,2.2290552512311486,0
10,2,0,0,1,0,0,0,0,2.061676912628605,2,1,0,0,0,0,0,0
10,3,0,0,1,0,0,0,0,3.6184035650945403,5,0,0,0,0,0,0,0
16,6,1,0,1,0,0,0,0,4.56489557323752,5,0,0,0,0,0,0,0
13,3,0,0,1,0,0,0,0,3.5546213538627276,2,0,1,1,212.53150354749346,0,6.78270039354419,0
7,3,0,0,1,0,0,0,0,2.0033946157609224,3,0,0,0,0,0,0,0
9,4,0,0,1,0,0,0,0,3.548959013970754,2,0,0,0,0,0,0,0
20,1,0,0,1,0,0,0,0,3.0331150634344413,3,0,1,2,232.46905888723265,0,5.551545701045989,0
8,3,0,0,1,0,0,0,0,2.750043768511384,2,0,1,1,357.8353057689887,0,7.430352645716116,0
15,3,0,0,1,0,0,0,0,4.609143632579672,3,0,0,0,0,0,0,0
16,1,0,1,1,0,0,0,0,2.6704015870098745,2,0,1,2,219.55304129565704,0,9.878509264148674,0
9,1,0,0,1,0,0,0,0,4.264757154294039,3,0,0,0,0,0,0,0
9,1,0,0,1,0,0,0,0,2.371999961673993,4,0,0,0,0,0,0,0
16,4,0,1,1,0,0,0,0,4.797245769180213,1,0,0,0,0,0,0,0
10,3,0,1,1,0,0,0,0,3.7692045916494856,2,0,1,2,241.85979163347463,0,7.742949921227574,0
10,5,1,1,1,0,0,0,0,4.316264527999687,2,0,0,0,0,0,0,0
1,0,0,1,1,0,0,0,0,4.713080467499669,4,0,1,1,80.24140279884774,0,6.402840604957313,0
9,2,0,0,1,0,0,0,0,4.11777362791269,6,0,0,0,0,0,0,0
15,2,0,0,1,0,0,0,0,3.542938594169985,6,0,1,1,133.1513819323002,0,13.989092885369478,0
18,0,0,1,1,0,0,0,0,5.7529754307994425,2,0,1,2,116.60483491571279,0,0.9854338145434174,0
12,5,1,0,1,0,0,0,0,2.888323307180107,4,0,0,0,0,0,0,0
21,4,0,0,1,0,0,0,0,3.189879708601346,1,0,0,0,0,0,0,0
13,5,1,3,1,0,0,0,0,5.594613720894866,2,0,1,1,230.4443245756458,0,13.174873766623536,0
11,2,0,0,1,0,0,0,0,3.8308515151582267,1,0,0,0,0,0,0,0
1,3,0,2,1,0,0,0,0,2.5316644763834075,1,0,1,2,242.05158139496086,0,2.7175536364822177,0
15,3,0,1,1,0,0,0,0,3.0249023757295492,1,0,0,0,0,0,0,0
16,3,0,0,1,0,0,0,0,5.261877810122311,4,0,0,0,0,0,0,0
0,4,0,0,1,0,0,0,0,4.627275906858639,4,2,0,0,0,0,0,0
15,1,0,1,1,0,0,1,1,2.0930564006765,1,0,0,0,0,0,0,0
16,1,0,0,1,0,0,0,0,3.535680099255117,4,0,1,1,375.90775296725013,0,6.357074687190208,0
14,0,0,0,1,0,0,0,0,5.057934944583032,3,0,0,0,0,0,0,0
12,1,0,1,1,0,0,0,0,5.782638112868249,5,0,1,1,76.7993427480807,0,0.10854345938293197,0
9,0,0,1,1,0,0,0,0,2.1898685584775945,6,0,0,0,0,0,0,0
16,0,0,0,1,0,0,0,0,4.945764531175804,3,0,1,1,190.68866212768435,1,6.918972133440641,0
9,6,1,0,1,0,0,0,0,5.5621059442228,3,0,0,0,0,0,0,0
23,3,0,0,1,0,0,0,0,4.0697398901687825,3,0,1,2,174.69305610237078,0,7.510793276170386,0
12,0,0,1,1,0,0,0,0,5.801458399405621,4,0,1,1,132.029929883776,0,8.04396022560773,0
9,1,0,0,1,0,0,0,0,4.5618773890704585,3,0,1,1,14.230102380878048,0,7.0631552129916315,0
18,4,0,1,1,0,0,0,0,2.745373142726147,2,0,1,1,209.13263411452255,0,1.5406572667079683,0
7,2,0,0,1,0,0,0,0,2.969620365866005,3,0,1,1,237.6780761555404,0,10.12640869748341,0
4,2,0,8.103347587748686,1,0,1,0,0,5.399838976863315,1,1,0,0,0,0,0,1
17,0,0,8.748547718520019,1,1,2,1,1,1.3264972972934213,1,5,1,1,0.13185400928657112,1,0.17561318404197834,1
11,1,0,0,1,0,0,0,0,5.654629403348846,3,0,0,0,0,0,0,0
19,4,0,1,1,0,0,0,0,2.694089564865795,3,0,1,2,330.36553583450245,0,6.544928991882106,0
11,3,0,0,1,0,0,0,0,4.539327995284934,1,0,0,0,0,0,0,0
15,0,0,0,1,0,0,0,0,2.540932660765674,2,0,1,1,350.56225473675033,0,2.21072147815706,0
15,2,0,0,1,0,0,0,0,4.737028021163869,3,0,0,0,0,0,0,0
20,1,0,1,1,0,0,0,0,2.0759743265494075,2,0,1,2,41.3359365162958,0,1.7128750727275752,0
19,4,0,1,1,0,0,0,0,4.500570840718803,4,0,1,2,397.06305194073127,0,5.18706468791489,0
7,1,0,0,1,0,0,0,0,3.10042237212968,2,0,0,0,0,0,0,0
8,5,1,1,1,0,0,0,0,4.72135067475665,5,0,1,3,69.98949024926065,0,8.857764256359511,0
14,1,0,1,1,0,0,0,0,3.88979160616075,3,0,1,1,119.74381515842121,0,2.104757242048971,0
16,3,0,3,1,0,0,0,0,4.728702926088166,1,0,0,0,0,0,0,0
14,3,0,2,1,0,0,0,0,5.823159779585149,1,0,0,0,0,0,0,0
18,3,0,2,1,0,0,0,0,2.373812325826603,4,0,0,0,0,0,0,0
2,1,0,10.30493819601072,1,0,0,1,0,4.764357712078839,1,1,0,0,0,0,0,1
17,4,0,1,1,0,0,0,0,4.6682258094218305,1,0,1,1,174.56996370866233,1,4.251126507565861,0
14,5,1,0,1,0,0,0,0,4.0911709849588735,1,0,1,1,225.61861823565218,0,1.9715739733792021,0
10,3,0,0,1,0,0,0,0,4.058899356925938,3,0,0,0,0,0,0,0
20,0,0,0,1,0,0,0,0,2.940815580003725,1,0,0,0,0,0,0,0
17,0,0,0,1,0,0,0,0,3.4946465670310363,2,0,0,0,0,0,0,0
9,4,0,2,1,0,0,0,0,5.730980654126526,3,1,0,0,0,0,0,0
13,0,0,3,1,0,0,0,0,2.8785912749535107,2,0,0,0,0,0,0,0
15,2,0,0,1,0,0,0,0,5.516752809001433,1,0,0,0,0,0,0,0
2,0,0,0,1,0,0,0,0,5.974111459981674,4,0,1,1,94.58940876468266,0,5.62046227481487,0
15,4,0,0,1,0,0,0,0,2.0196499102279297,2,0,0,0,0,0,0,0
23,2,0,0,1,0,0,0,0,5.684443570638523,2,0,1,1,285.6791505353159,0,2.0194392749722,0
11,3,0,0,1,0,0,0,0,2.880600793673248,4,0,1,1,355.19266015255465,0,4.326642327048571,0
18,0,0,1,1,0,0,0,0,4.88336680404305,3,0,0,0,0,0,0,0
8,3,0,2.9977841453531404,0,1,2,1,1,0.2506681505738766,1,1,0,0,0,0,0,1
16,2,0,1,1,0,0,0,0,5.6715290816594806,2,0,0,0,0,0,0,0
22,6,1,3,1,0,0,0,0,2.598637906907278,2,0,1,1,187.20005123525235,0,1.814265350238052,0
13,6,1,0,1,0,0,0,0,5.609525139865764,5,1,1,1,225.96517542508525,0,2.2112063181377337,0
8,5,1,1,1,0,0,0,0,5.851136540261453,6,0,1,1,391.8224833552317,0,6.11730336385509,0
17,1,0,0,1,0,0,0,0,4.3569602617729934,4,0,1,3,317.1788294240098,0,5.160444918702695,0
8,0,0,0,1,0,0,0,0,4.716365294059887,3,0,1,1,173.52027596615378,0,11.467556108862905,0
5,1,0,5.416461625438446,1,0,0,0,0,0.672785033771389,10,30,1,1,22.33918712626306,0,263.288825603884,1
7,2,0,0,1,0,0,1,0,5.5760466779658895,3,0,1,3,129.8601885768653,0,13.323779695896073,0
16,1,0,0,1,0,0,0,0,5.063425969577125,6,0,0,0,0,0,0,0
6,2,0,0,1,0,0,0,0,4.399195567794436,3,0,0,0,0,0,0,0
17,0,0,0,1,0,0,0,0,2.5504696922930554,1,0,0,0,0,0,0,0
11,1,0,0,1,0,0,0,0,5.880043397809503,2,0,0,0,0,0,0,0
9,0,0,1,1,0,1,0,0,4.342225162557395,2,0,0,0,0,0,0,0
15,5,1,1,1,0,0,0,0,2.360330694303698,3,0,0,0,0,0,0,0
13,1,0,1,1,0,0,0,0,4.596650915281091,2,0,1,1,221.81219340893887,0,9.038452962040207,0
13,2,0,0,1,0,0,0,0,4.4388448100748015,2,0,1,2,329.2353137068254,0,2.2209692320837355,0
12,1,0,0,1,0,0,0,0,4.398736748069547,4,0,1,3,358.9481764854153,1,2.5335541408708235,0
9,1,0,0,1,0,0,0,0,4.77336717232939,1,0,1,1,388.05387023184977,0,3.9192789734874394,0
23,4,0,5.358486441299213,0,1,3,1,1,0.9280321270324507,1,0,0,0,0,0,0,1
13,4,0,0,1,0,0,0,0,3.696933258175431,3,2,0,0,0,0,0,0
11,2,0,1,1,0,0,0,0,4.898566700375518,2,0,0,0,0,0,0,0
10,1,0,0,1,0,0,0,0,4.036719446274473,2,0,1,1,363.4927138524937,0,4.692115231110252,0
10,1,0,0,1,0,0,0,0,4.2133796282235,6,0,1,1,315.9558348039756,0,12.421881697255266,0
12,4,0,1,1,0,0,0,0,3.666373020114278,2,0,0,0,0,0,0,0
12,2,0,2,1,0,0,0,0,3.052743917784176,2,0,0,0,0,0,0,0
10,4,0,0,1,0,0,1,0,5.944276182130317,4,0,1,1,357.3026268449265,0,3.8156610934191137,0
19,2,0,1,1,0,0,0,0,2.7908091445110306,3,0,0,0,0,0,0,0
18,6,1,2,1,0,0,0,0,3.067750911853843,1,1,0,0,0,0,0,0
10,2,0,2,1,0,1,0,0,2.43377769552603,2,0,0,0,0,0,0,0
13,4,0,0,1,0,0,0,0,4.002734031032874,2,0,1,2,18.119369907999094,0,11.48488402643777,0
8,3,0,0,1,0,0,0,0,4.463987350376808,4,0,0,0,0,0,0,0
1,0,0,9.224253025054923,1,0,0,1,1,3.5485119384001607,1,0,0,0,0,0,0,1
15,0,0,0,1,0,0,0,0,4.829051805447366,5,0,0,0,0,0,0,0
10,3,0,0,1,0,0,0,0,2.3208032164347294,3,0,1,3,113.67030747153264,0,11.734121138500823,0
8,4,0,0,1,0,0,0,0,3.7558876280123017,2,0,0,0,0,0,0,0
12,0,0,0,1,0,0,0,0,5.031623589264335,2,0,0,0,0,0,0,0
4,3,0,0,1,0,0,0,0,4.289077196921858,1,0,0,0,0,0,0,0
15,0,0,2,1,0,0,0,0,3.193766186568471,5,0,0,0,0,0,0,0
9,3,0,1,1,0,0,0,0,2.002293565487936,3,0,1,1,223.0070160651705,0,7.350710992013536,0
16,0,0,0,1,0,0,0,0,4.8445115564881505,3,0,0,0,0,0,0,0
16,2,0,2,1,0,0,0,0,2.090720157895204,5,0,1,2,66.92326486569672,0,5.189005620039689,0
12,1,0,0,1,0,0,1,1,2.677314292106142,1,0,0,0,0,0,0,0
8,3,0,1,1,0,0,0,0,5.149230318134343,1,0,1,2,49.94674709920305,0,5.159971956651037,0
9,0,0,0,1,0,0,0,0,5.865443051141386,6,0,1,1,287.0779213964683,0,6.725956027473543,0
15,6,1,0,1,0,0,0,0,2.1724624053844095,3,0,0,0,0,0,0,0
10,1,0,0,1,0,1,0,0,4.46534704116439,2,0,1,1,350.8029622400315,1,12.247933416781391,0
12,1,0,1,1,0,0,0,0,2.268618715968074,2,0,0,0,0,0,0,0
18,1,0,0,1,0,0,0,0,4.975695947742865,5,0,0,0,0,0,0,0
9,3,0,3,1,0,0,0,0,5.72034417456174,2,0,0,0,0,0,0,0
10,0,0,2.2608714210206324,1,0,0,1,0,-1.7096177838835025,20,10,0,0,0,0,0,1
7,4,0,0,1,0,0,0,0,4.460379985377227,4,0,0,0,0,0,0,0
5,4,0,1,1,0,0,0,0,4.9614922673451645,4,0,0,0,0,0,0,0
9,0,0,0,1,0,0,0,0,5.655406046883989,1,0,0,0,0,0,0,0
14,4,0,1,1,0,0,0,0,4.396989886254506,5,0,0,0,0,0,0,0
23,1,0,0,1,0,0,0,0,5.808141020060437,2,0,1,3,99.95469733497147,0,12.74728678182111,0
14,5,1,0,1,0,0,0,0,3.1925563389640947,5,0,0,0,0,0,0,0
4,2,0,3.468172607516508,1,0,0,0,0,-0.29581829535620385,20,5,0,0,0,0,0,1
12,4,0,0,1,0,0,0,0,2.006286190461927,1,0,0,0,0,0,0,0
10,4,0,2,1,0,0,0,0,5.760788005551479,4,0,1,1,23.897260497445288,0,0.33802192529512753,0
12,2,0,1,1,0,0,0,0,4.199382973710003,2,0,0,0,0,0,0,0
16,2,0,0,1,0,0,0,0,5.515811922860541,2,0,1,1,92.29617674679398,0,12.689688120105131,0
20,0,0,2,1,0,0,0,0,3.924235955229087,1,0,0,0,0,0,0,0
22,4,0,0,1,0,0,0,0,2.3720364265256086,1,0,0,0,0,0,0,0
14,2,0,0,1,0,0,0,0,5.266549149945383,2,0,1,1,218.53045308869687,0,12.20419174957217,0
23,2,0,1,1,0,0,0,0,2.0846999122803798,1,0,0,0,0,0,0,0
12,5,1,0,1,0,0,0,0,5.095845186395306,1,0,0,0,0,0,0,0
13,0,0,1,1,0,0,0,0,5.193610214234363,1,0,1,1,332.156835547947,0,0.5327201563923658,0
8,6,1,1,1,0,0,1,0,3.7483530113739967,4,0,1,3,167.12737703325837,0,0.41475922523231157,0
16,4,0,1,1,0,0,0,0,3.042288132645145,4,0,1,1,271.2325056877109,0,0.6564741213066452,0
14,5,1,3,1,0,1,0,0,4.461494493979199,5,1,0,0,0,0,0,0
18,1,0,0,1,0,0,0,0,3.0302935179175745,3,0,1,3,162.28700070981145,0,3.9520880914912464,0
15,3,0,0,1,0,0,0,0,4.9884666439703125,6,0,0,0,0,0,0,0
7,1,0,2,1,0,0,0,0,2.8593288776202326,2,0,1,1,378.82439083532705,0,7.32539646983941,0
13,3,0,0,1,0,0,0,0,4.018979255948384,2,0,0,0,0,0,0,0
10,6,1,0,1,0,1,0,0,4.380343180625005,1,0,1,1,340.1926936488822,1,9.229559196914373,0
22,2,0,1,1,0,0,0,0,5.853191751448117,5,0,1,1,396.37597067928806,0,8.604112088719006,0
17,1,0,0,1,0,0,0,0,3.6454702103993752,4,0,0,0,0,0,0,0
12,1,0,0,1,0,0,0,0,4.509902455790545,3,0,1,3,347.0410482992296,0,11.550689857777396,0
13,4,0,1,1,0,0,0,0,3.6672584017887377,4,0,1,1,180.61929775365095,0,10.056084391496631,0
9,5,1,0,1,0,0,0,0,4.85831182671971,2,0,0,0,0,0,0,0
6,2,0,0,1,0,0,0,0,4.726530369360583,5,0,0,0,0,0,0,0
13,0,0,0,1,0,0,0,0,5.53861006489986,3,0,1,2,395.9097956839521,0,5.027569537725911,0
16,2,0,4.858892039885621,0,1,2,1,1,2.5926687219080007,1,0,0,0,0,0,0,1
11,2,0,1,1,0,0,0,0,3.2658504632241603,1,0,1,3,307.6530982298307,0,2.580906939574013,0
10,0,0,0,1,0,0,0,0,5.401978611236181,2,0,0,0,0,0,0,0
17,5,1,2,1,0,0,0,0,3.956097842396173,4,0,0,0,0,0,0,0
17,2,0,0,1,0,0,0,0,5.74246217070102,1,0,1,2,126.22763171075528,0,0.27804088003812044,0
13,3,0,0,1,0,0,0,0,5.239599840889708,6,0,1,2,194.29004737307702,0,12.663824894937086,0
11,2,0,0,1,0,0,0,0,4.254709189376871,6,0,1,1,250.42173139317302,0,6.816276398813832,0
10,4,0,0,1,0,0,0,0,3.6221559033432174,1,0,0,0,0,0,0,0
11,2,0,0,1,0,0,0,0,4.884456581231088,1,0,0,0,0,0,0,0
11,0,0,2,1,0,0,0,0,5.78234643521113,5,0,0,0,0,0,0,0
9,4,0,0,1,0,0,0,0,3.796474453940706,3,0,1,1,201.42552100684279,0,13.467866182280185,0
15,3,0,0,1,0,0,0,0,3.593434782902726,1,0,0,0,0,0,0,0
13,0,0,0,1,0,0,0,0,3.5902269110536356,4,0,0,0,0,0,0,0
10,4,0,0,1,0,0,0,0,5.330226610874148,3,0,1,2,231.1504748359719,0,3.050943506327269,0
15,1,0,0,1,0,0,1,0,3.314349537409446,3,0,1,1,263.6813905596746,0,0.2896725490125942,0
18,6,1,0,1,0,0,0,0,4.070382355396081,6,2,0,0,0,0,0,0
11,1,0,0,1,0,0,0,0,4.1769019356309975,4,0,1,1,224.44824532332913,0,3.090999156837155,0
6,2,0,1,1,0,0,0,0,5.523955979921082,1,0,1,1,397.2748999251046,0,7.427115871653534,0
18,4,0,1,1,0,0,0,0,4.841326888395974,2,0,0,0,0,0,0,0
6,2,0,0,1,0,0,1,0,3.6582322368966134,2,0,0,0,0,0,0,0
10,4,0,1,1,0,0,0,0,2.7965197309063066,1,0,0,0,0,0,0,0
14,0,0,0,1,0,0,0,0,3.318928701564761,2,2,1,1,250.21575742439947,0,6.070271872904966,0
12,2,0,2,1,0,0,0,0,5.363619956161131,2,0,1,1,170.14688923623336,0,10.659322143875942,0
12,0,0,1,1,0,0,0,0,5.134691230403828,2,0,0,0,0,0,0,0
9,3,0,2,1,0,0,0,0,5.231180881991637,4,0,1,3,52.15251066932979,0,10.903042451425012,0
12,0,0,1,1,0,0,0,0,4.547684560492414,3,0,1,1,371.1449082832827,0,5.94987736133263,0
10,4,0,0,1,0,0,0,0,3.165237786731757,2,0,0,0,0,0,0,0
8,2,0,1,1,0,0,0,0,5.879011256579751,3,0,0,0,0,0,0,0
14,4,0,1,1,0,0,0,0,2.405192670648435,4,0,0,0,0,0,0,0
15,3,0,0,1,0,0,0,0,2.730710278753432,3,0,1,1,273.6936651020983,0,10.205155924599064,0
11,2,0,1,1,0,0,0,0,4.896937812648721,1,0,1,2,215.47561772456626,0,13.295443004754349,0
4,2,0,5.454193686707368,0,1,2,1,1,-0.6809190867921706,2,0,0,0,0,0,0,1
7,0,0,3,1,0,0,0,0,5.492149849280366,2,0,1,1,118.1311081605048,0,2.533258552252813,0
17,3,0,0,1,0,0,0,0,2.0627998340347555,1,0,0,0,0,0,0,0
19,5,1,1,1,0,0,0,0,3.905209271654602,5,0,0,0,0,0,0,0
14,6,1,1,1,0,0,0,0,4.4271006028286735,4,0,0,0,0,0,0,0
10,4,0,1,1,0,0,0,0,3.968909055695329,3,0,1,1,241.61210338695463,0,8.15834859669589,0
8,4,0,0,1,0,0,0,0,5.9596196837900415,2,0,1,1,31.136960483705625,0,2.91430527087216,0
11,3,0,0,1,0,0,0,0,5.338993467472248,1,0,1,2,342.6356608562331,0,13.920382705956067,0
13,2,0,0,1,0,0,0,0,2.7195760761761663,1,0,1,1,135.3799316407734,0,2.0928339050764886,0
16,4,0,0,1,0,0,0,0,4.9830942631228226,5,0,1,1,195.44540887632533,0,8.681204447091185,0
15,0,0,0,1,0,0,0,0,2.464416660368487,4,0,0,0,0,0,0,0
8,6,1,1,1,0,0,0,0,2.369852935779855,2,0,0,0,0,0,0,0
19,1,0,0,1,0,0,0,0,2.071610152796874,6,0,0,0,0,0,0,0
14,3,0,3,1,0,0,0,0,2.6995646495700836,2,0,1,2,330.78901770383806,0,0.656031544609494,0
2,2,0,1,1,0,0,0,0,5.289263031636194,4,0,1,1,264.75710464907945,0,1.736795853456274,0
12,3,0,3,1,0,0,0,0,3.789957406352044,5,0,0,0,0,0,0,0
10,6,1,0,1,0,0,0,0,5.303688492869336,1,0,0,0,0,0,0,0
13,2,0,0,1,0,0,0,0,3.4305703483410332,2,0,1,2,60.710198665456325,0,7.985888739042505,0
14,1,0,1,1,0,0,0,0,3.965597121851778,2,0,1,1,69.51467529192752,0,3.4546837380402757,0
15,2,0,0,1,0,0,0,0,4.015617567061158,2,0,0,0,0,0,0,0
10,1,0,1,1,0,0,0,0,2.015003407935521,2,0,0,0,0,0,0,0
10,1,0,0,1,0,0,0,0,3.3011574518211475,3,0,0,0,0,0,0,0
18,2,0,0,1,0,0,0,0,2.5575329634773762,2,0,1,3,57.09600157206256,1,1.5431068489280857,0
21,3,0,0,1,0,0,0,0,4.300174943010221,1,0,0,0,0,0,0,0
17,1,0,0,1,0,0,0,0,4.9828703403747525,2,0,0,0,0,0,0,0
16,4,0,0,1,0,0,0,0,4.097792283306598,2,0,1,1,108.19519222432535,0,10.747007799779226,0
0,0,0,3.065412405239715,0,1,4,1,1,1.2748752723520944,1,1,1,1,2.514455764941992,0,141.87655963873138,1
9,0,0,0,1,0,0,0,0,5.64132829510427,5,0,1,1,249.9052831237817,0,1.5331615838638557,0
15,3,0,0,1,0,0,0,0,4.197729493034224,3,0,0,0,0,0,0,0
15,4,0,1,1,0,0,0,0,3.5294183197766986,1,0,0,0,0,0,0,0
17,3,0,1,1,0,0,0,0,4.408305817317965,6,0,0,0,0,0,0,0
16,1,0,0,1,0,0,0,0,4.687317617143481,3,0,1,1,241.49598225695536,0,7.958609046318,0
13,2,0,0,1,0,0,0,0,5.566954856273866,2,0,1,1,147.68312152228194,0,11.374970865696444,0
19,3,0,0,1,0,0,0,0,5.153366315906866,3,0,1,2,170.13920238095915,0,4.221439772694803,0
13,4,0,0,1,0,0,0,0,2.613498645082308,6,0,0,0,0,0,0,0
7,4,0,0,1,0,0,0,0,2.1204604550601376,4,0,0,0,0,0,0,0
10,3,0,0,1,0,0,0,0,3.5433560752651987,4,0,1,2,131.08848729392122,0,6.993627238497401,0
21,3,0,2,1,0,0,0,0,4.014177612264312,1,2,1,3,236.99918320536958,0,6.341735433492336,0
11,2,0,2,1,0,0,0,0,2.825921093754926,6,0,0,0,0,0,0,0
13,3,0,1,1,0,0,0,0,3.1418835877342812,3,0,1,1,167.6678460952611,0,4.968419500701714,0
12,2,0,2,1,0,0,0,0,3.349846979230531,2,0,0,0,0,0,0,0
7,0,0,0,1,0,0,0,0,4.980009013423825,1,0,0,0,0,0,0,0
7,2,0,1,1,0,0,0,0,4.013316832553838,1,0,0,0,0,0,0,0
11,2,0,1,1,0,0,0,0,3.733998402320303,3,0,1,2,163.15069189668682,0,9.929584136029797,0
14,5,1,3,1,0,0,0,0,3.3470025576985356,2,0,1,2,333.79395290979966,0,2.1782311390853035,0
7,3,0,0,1,0,0,0,0,3.0314145774632912,3,0,1,1,176.97455351060262,0,13.388712708662801,0
6,0,0,1,1,0,0,0,0,3.4437255665242583,2,1,0,0,0,0,0,0
21,0,0,2,1,0,0,0,0,4.003188457704859,1,0,0,0,0,0,0,0
9,0,0,3,1,0,0,0,0,4.404103120914197,3,0,0,0,0,0,0,0
11,5,1,1,1,0,0,0,0,5.576241589057835,2,0,0,0,0,0,0,0
15,3,0,2,1,0,0,0,0,4.230238507387968,1,0,1,1,275.8655264407904,0,6.862432284492592,0
15,3,0,0,1,0,0,1,0,2.1671865666490473,3,0,0,0,0,0,0,0
10,3,0,2,1,0,0,0,0,2.2374155108418763,1,0,0,0,0,0,0,0
18,3,0,0,1,0,0,0,0,2.7987958683314256,1,0,0,0,0,0,0,0
11,1,0,0,1,0,0,0,0,4.060041218610931,3,0,0,0,0,0,0,0
10,2,0,2,1,0,0,0,0,4.913632819570044,4,0,1,1,235.7623586477367,0,4.472457916974723,0
8,3,0,0,1,0,0,0,0,4.805187244677139,1,0,0,0,0,0,0,0
0,3,0,0,1,0,0,0,0,3.8949696130948177,4,0,0,0,0,0,0,0
21,2,0,0,1,0,0,0,0,5.362640280646159,5,1,1,2,283.5374650022833,0,1.614033896004041,0
8,2,0,0,1,0,0,0,0,4.27483136898679,2,0,0,0,0,0,0,0
8,3,0,0,1,0,0,0,0,5.912564022255648,2,0,0,0,0,0,0,0
8,2,0,0,1,0,0,0,0,5.953015949610823,4,0,0,0,0,0,0,0
18,1,0,0,1,0,0,0,0,5.8707860307709785,3,0,1,2,133.49860854256093,0,11.08326741008961,0
15,0,0,0,1,0,0,0,0,2.373859801506618,2,0,1,1,328.1283094387118,0,9.324977497611702,0
10,4,0,0,1,0,0,0,0,2.964554068185297,1,1,1,2,244.1516083916646,0,6.116452591039332,0
19,2,0,0,1,0,0,1,1,2.4329482304725403,6,0,0,0,0,0,0,0
10,6,1,0,1,0,0,0,0,5.5603236364507325,5,0,1,2,137.60719742294037,0,3.2944723253189148,0
20,0,0,0,1,0,0,0,0,3.1225102177742263,2,0,0,0,0,0,0,0
7,0,0,1,1,0,0,0,0,3.023614167193319,2,1,1,1,42.44570459004006,0,2.7215092557498677,0
8,0,0,0,1,0,0,0,0,3.362776741618803,2,0,1,1,165.72233173546914,0,9.040603504038927,0
21,0,0,0,1,0,0,0,0,4.938483811104245,3,0,0,0,0,0,0,0
0,1,0,0,1,0,0,0,0,3.9689697311152923,3,2,1,3,51.43987117211548,0,11.398954192826109,0
11,2,0,1,1,0,0,0,0,2.262556051857039,5,0,0,0,0,0,0,0
0,5,1,11.964703997512665,1,0,1,0,0,2.4635865827657604,2,1,0,0,0,0,0,1
11,5,1,7.52543349268564,0,0,0,1,1,0.8100789767046188,1,1,1,1,0.16780308308148353,1,0.12581398837204769,1
2,0,0,0,1,0,0,0,0,4.995601278143365,3,0,0,0,0,0,0,0
10,3,0,0,1,0,0,0,0,5.12627677098108,3,0,0,0,0,0,0,0
8,3,0,0,1,0,0,0,0,4.44816334785609,4,0,1,1,87.92049324182149,0,7.772246518627805,0
14,2,0,0,1,0,0,0,0,3.198227931462675,6,0,1,1,306.2390344665154,0,12.359196445788251,0
21,0,0,0,1,0,0,0,0,5.512554219239728,2,0,0,0,0,0,0,0
14,0,0,0,1,0,0,0,0,5.191765325161391,6,0,0,0,0,0,0,0
16,4,0,0,1,0,0,0,0,2.6491179709490584,5,0,1,1,136.43764643342823,0,5.63927606434275,0
16,5,1,0,1,0,0,0,0,5.038888600006638,3,0,0,0,0,0,0,0
13,0,0,3,1,0,1,0,0,4.366751755050558,1,0,0,0,0,0,0,0
12,3,0,3,1,0,0,0,0,2.565341795754649,3,0,0,0,0,0,0,0
19,2,0,2,1,0,0,0,0,2.1402951361119804,3,0,1,2,94.6286503957435,0,11.189326416624912,0
15,3,0,0,1,0,1,0,0,5.037541996646263,5,0,0,0,0,0,0,0
21,1,0,0,1,0,0,0,0,2.8350270904659634,2,0,0,0,0,0,0,0
11,0,0,0,1,0,0,0,0,2.3411231263810865,3,0,0,0,0,0,0,0
8,1,0,1,1,0,0,0,0,5.647714067452245,4,0,0,0,0,0,0,0
11,2,0,0,1,0,0,0,0,5.604506282272807,5,0,0,0,0,0,0,0
7,4,0,1,1,0,0,0,0,4.694331311460605,3,0,1,1,44.686563588166294,0,8.077646755354305,0
19,2,0,0,1,0,0,0,0,3.8123315933568014,2,0,1,1,208.81196383550147,0,8.46350368578476,0
12,0,0,0,1,0,0,0,0,2.5042464606494326,2,0,0,0,0,0,0,0
13,0,0,2,1,0,0,0,0,4.372553002172772,2,0,1,1,177.63209943584405,0,9.343974215937617,0
9,4,0,2,1,0,0,0,0,5.565246154674797,3,0,0,0,0,0,0,0
23,0,0,0,1,0,0,0,0,2.776681765278886,6,0,0,0,0,0,0,0
8,4,0,0,1,0,1,0,0,4.970629294932525,2,0,0,0,0,0,0,0
0,3,0,0,1,0,0,0,0,4.369460765071679,6,0,1,1,69.2606843920564,0,8.516340640724394,0
9,6,1,0,1,0,0,0,0,5.721239164671992,2,0,1,1,145.35000716972309,0,4.389779398218617,0
6,2,0,0,1,0,0,0,0,3.4135433187065103,4,0,1,2,235.30326492096057,0,5.43341144553261,0
1,0,0,0,1,0,0,0,0,5.208644986345213,2,1,0,0,0,0,0,0
7,6,1,2,1,0,0,0,0,2.077638063135534,3,0,0,0,0,0,0,0
15,1,0,0,1,0,0,0,0,2.1317886133702606,4,0,0,0,0,0,0,0
17,0,0,2,1,0,0,0,0,2.1108505372257005,3,0,0,0,0,0,0,0
9,2,0,0,1,0,0,0,0,2.6190459273666233,2,0,1,1,160.38978881494182,0,3.366118553408283,0
8,3,0,0,1,0,0,0,0,2.7987951613950495,5,0,0,0,0,0,0,0
19,3,0,1,1,0,0,0,0,5.651524374290663,4,0,1,2,63.21770546992131,0,7.4534446394805585,0
8,1,0,5.602284697723895,1,0,0,0,0,-1.5045482279122542,20,30,1,1,31.872068979494195,0,77.36637254548998,1
18,1,0,0,1,0,0,0,0,4.2694875978391735,4,0,0,0,0,0,0,0
10,3,0,1,1,0,0,0,0,4.880320460436167,1,0,0,0,0,0,0,0
6,4,0,0,1,0,0,0,0,2.172133020856788,1,0,0,0,0,0,0,0
19,2,0,0,1,0,0,0,0,2.103993203523213,1,0,0,0,0,0,0,0
12,4,0,0,1,0,0,0,0,2.7766838631832282,3,0,0,0,0,0,0,0
10,4,0,0,1,0,0,0,0,4.9352581897829175,2,1,1,1,27.63592870749342,0,10.491953911311862,0
10,4,0,0,1,0,0,0,0,5.055373352933118,5,1,1,1,15.647413498222958,0,7.431575602131847,0
20,3,0,1,1,0,0,0,0,3.718364638995676,3,0,1,1,57.33647029447047,0,1.7345987305649035,0
18,4,0,1,1,0,0,0,0,2.297223639320063,3,0,0,0,0,0,0,0
14,2,0,0,1,0,0,0,0,5.534049921926256,3,0,1,2,76.29239963515693,0,12.245102758336175,0
23,3,0,1,1,0,0,0,0,5.955493493297169,5,0,0,0,0,0,0,0
12,3,0,0,1,0,0,0,0,4.232526694963066,6,0,0,0,0,0,0,0
8,2,0,0,1,0,0,0,0,2.01144233852649,3,0,1,3,125.70123691165333,0,11.39915289370387,0
11,1,0,0,1,0,0,0,0,4.567945984155674,2,1,1,1,220.7581602095974,0,1.798733243161205,0
16,4,0,0,1,0,0,0,0,3.2277976671186095,3,0,0,0,0,0,0,0
8,1,0,1,1,0,0,0,0,3.4340993632998655,5,0,0,0,0,0,0,0
8,3,0,1,1,0,0,0,0,3.762577737045631,3,0,1,1,101.63908543535443,0,6.939628553832432,0
16,3,0,0,1,0,0,0,0,5.50300495887236,2,0,1,2,154.44402037954475,0,11.321243436187185,0
15,5,1,2.968863672556503,1,0,0,0,0,-0.26553194069784736,20,10,0,0,0,0,0,1
15,4,0,1,1,0,0,0,0,4.331521068438684,2,0,1,1,286.95551388372735,0,9.400787798297024,0
14,0,0,0,1,0,0,0,0,4.115684623522318,2,0,0,0,0,0,0,0
3,2,0,1,1,0,0,1,0,4.725769280231413,2,0,1,1,375.84447652204227,0,3.546378364691244,0
6,2,0,3,1,0,0,0,0,4.25689056090084,3,0,0,0,0,0,0,0
13,2,0,1,1,0,0,0,0,4.538407623249142,4,0,0,0,0,0,0,0
20,2,0,0,1,0,0,0,0,4.519448089794328,1,0,0,0,0,0,0,0
5,4,0,1,1,0,0,0,0,4.72776486526713,4,0,0,0,0,0,0,0
23,2,0,2,1,0,0,0,0,5.634316393408835,1,0,1,2,291.8310592157253,0,1.1252748321587798,0
8,5,1,1,1,0,0,0,0,2.128183599352527,4,0,0,0,0,0,0,0
9,2,0,1,1,0,0,0,0,3.7010165706793354,4,0,1,1,227.12415763743547,0,5.431962595167205,0
11,3,0,0,1,0,0,0,0,4.651264423171423,1,0,0,0,0,0,0,0
14,0,0,1,1,0,0,0,0,2.172641497424456,2,0,1,2,349.86376579856943,0,13.707636388843591,0
11,1,0,0,1,0,0,0,0,4.274868530947922,2,0,0,0,0,0,0,0
16,0,0,0,1,0,0,1,1,2.5039309625111734,3,0,0,0,0,0,0,0
5,6,1,3,1,0,0,0,0,4.898262217545518,1,0,1,1,132.81576867322298,0,4.7152051438014695,0
10,0,0,0,1,0,0,0,0,3.0554436154125786,6,0,1,1,36.42396534804406,0,1.5053285961389595,0
8,3,0,2,1,0,0,0,0,3.136701120232356,3,0,1,1,270.12996622726854,0,4.552818433190703,0
11,0,0,0,1,0,0,0,0,5.818221454992503,3,0,1,2,268.1882766678177,0,12.108541052451224,0
7,5,1,1,1,0,0,1,0,4.649672759320297,1,0,0,0,0,0,0,0
21,5,1,0,1,0,0,0,0,5.8326649332379095,1,0,0,0,0,0,0,0
8,1,0,0,1,0,0,0,0,4.490997429695046,3,0,1,1,132.68766556896685,0,8.002030740761105,0
8,4,0,2,1,0,0,0,0,5.554814272576657,4,0,0,0,0,0,0,0
8,0,0,0,1,0,0,0,0,5.02026023153887,5,0,0,0,0,0,0,0
20,3,0,0,1,0,0,0,0,5.653429402407236,5,0,1,1,210.39343485076867,0,11.350571154053222,0
14,3,0,0,1,0,0,0,0,5.296962381164037,5,0,1,2,76.86568340906902,0,5.310776733660397,0
1,5,1,0,1,0,0,0,0,5.503275539655866,2,0,1,1,196.78455123897947,0,0.8825538663031705,0
14,0,0,1,1,0,0,0,0,3.861697658757303,1,0,0,0,0,0,0,0
10,1,0,2,1,0,0,0,0,5.099210178536901,3,0,0,0,0,0,0,0
23,3,0,8.168533398104579,0,1,0,1,1,0.25395102218787,3,0,1,1,0.01541952387552703,1,0.1637662175178428,1
11,3,0,0,1,0,0,0,0,5.244967542689896,2,0,0,0,0,0,0,0
11,6,1,1,1,0,0,0,0,5.800255861692513,4,0,1,1,253.48435656209588,0,8.111911996962535,0
14,2,0,0,1,0,0,0,0,4.807706258785835,3,0,1,3,241.6284824677296,0,4.178642062207785,0
7,2,0,0,1,0,0,0,0,2.5300280266831536,4,0,0,0,0,0,0,0
16,1,0,0,1,0,0,0,0,4.798873143559248,2,0,0,0,0,0,0,0
18,1,0,2,1,0,0,0,0,3.910934908516176,2,0,0,0,0,0,0,0
17,2,0,1,1,0,0,0,0,3.9465333397229108,4,1,1,2,207.00687595834316,0,8.675998747755477,0
18,2,0,0,1,0,0,0,0,2.194551847863486,3,0,1,1,256.08056943096597,0,7.43129986838224,0
3,1,0,0,1,0,0,0,0,2.0944735038668245,4,0,0,0,0,0,0,0
17,3,0,1,1,0,0,0,0,5.712856292423101,4,0,1,2,384.2324809772948,0,6.097465890806003,0
12,2,0,0,1,0,0,0,0,2.8029579687685535,1,0,1,2,115.1487640459378,0,9.267299401454682,0
13,3,0,0,1,0,0,0,0,5.175035689580322,3,0,0,0,0,0,0,0
11,0,0,0,1,0,0,0,0,4.683774294737039,5,0,1,2,141.12416404204535,0,12.891695006247586,0
9,0,0,0,1,0,0,0,0,2.088161524823556,1,0,0,0,0,0,0,0
16,1,0,0,1,0,0,0,0,4.617797010984222,2,0,0,0,0,0,0,0
10,2,0,1,1,0,0,0,0,3.022133188634882,4,0,0,0,0,0,0,0
8,2,0,0,1,0,0,0,0,3.4102977184086463,3,1,0,0,0,0,0,0
13,3,0,0,1,0,0,1,0,3.5837452086927866,3,0,0,0,0,0,0,0
13,5,1,0,1,0,0,0,0,4.250369156634447,3,0,0,0,0,0,0,0
0,6,1,10.809758553614415,1,0,0,0,0,4.336785941910696,2,1,0,0,0,0,0,1
17,2,0,0,1,0,0,0,0,2.8387451083645474,1,0,1,3,325.72982769318565,0,3.3300376016387787,0
8,1,0,0,1,0,0,0,0,5.8192473341982325,4,0,0,0,0,0,0,0
8,3,0,0,1,0,0,0,0,2.974747044110955,5,0,0,0,0,0,0,0
16,4,0,0,1,0,0,0,0,2.2012513664162054,4,0,0,0,0,0,0,0
18,0,0,2,1,0,0,0,0,3.6250050839223715,3,1,0,0,0,0,0,0
6,1,0,1,1,0,0,0,0,2.746346293451209,3,0,1,2,262.56951466262217,0,6.017215752611313,0
16,4,0,0,1,0,0,0,0,2.001653155472065,4,1,1,2,46.85459153966797,0,12.630730309991876,0
7,6,1,2,1,0,0,0,0,5.013974251503228,2,1,1,1,199.4619967408081,0,4.339192437658134,0
13,0,0,2,1,0,0,0,0,2.771053787326233,4,0,0,0,0,0,0,0
1,3,0,1,1,0,0,1,1,4.262999272889661,1,1,1,1,91.48171025896347,0,11.147206190347665,0
15,1,0,0,1,0,0,0,0,5.308447587848122,5,1,0,0,0,0,0,0
10,6,1,2,1,0,0,0,0,2.4474975342101737,2,0,0,0,0,0,0,0
12,0,0,0,1,0,0,1,0,5.80512768712955,4,0,0,0,0,0,0,0
19,0,0,0,1,0,0,0,0,2.721522212954741,1,0,1,1,97.47215026806084,0,3.3931227430078486,0
11,5,1,1,1,0,0,1,1,3.892973194005278,3,0,0,0,0,0,0,0
9,3,0,0,1,0,0,1,1,3.538689138920641,4,0,0,0,0,0,0,0
19,3,0,0,1,0,0,0,0,3.708552011320343,4,0,0,0,0,0,0,0
15,4,0,0,1,0,0,0,0,4.308909401876546,5,0,0,0,0,0,0,0
19,4,0,0,1,0,0,0,0,4.122574059606126,5,0,0,0,0,0,0,0
21,0,0,1,1,0,0,0,0,4.702071242563614,3,0,1,1,353.0861192058395,0,5.4127155719815025,0
14,2,0,0,1,0,0,0,0,2.3098403468358977,1,0,0,0,0,0,0,0
15,2,0,0,1,0,0,0,0,5.324528424799006,3,0,0,0,0,0,0,0
12,4,0,1,1,0,0,0,0,5.140652437950732,2,0,1,1,388.6671257676787,0,3.6746631449441183,0
13,2,0,0,1,0,0,0,0,5.862328221567912,3,0,1,1,147.9480319087501,0,6.662306251366754,0
7,0,0,0,1,0,0,0,0,5.0850755207572576,6,0,0,0,0,0,0,0
13,3,0,0,1,0,0,0,0,3.686715724729814,3,0,1,1,98.8585664596007,0,6.251008422824324,0
12,4,0,1,1,0,0,0,0,2.7669134878593082,1,0,0,0,0,0,0,0
6,0,0,0,1,0,0,0,0,2.0214790310404385,1,0,0,0,0,0,0,0
20,4,0,1.4096659945926784,1,0,0,0,0,-0.5590600170847422,100,5,0,0,0,0,0,1
15,4,0,0,1,0,0,0,0,2.892926506187604,2,1,0,0,0,0,0,0
21,0,0,2,1,0,0,0,0,4.9891619495941715,2,0,0,0,0,0,0,0
21,0,0,2,1,0,0,0,0,2.4667989078055323,3,0,1,1,274.35366563946957,0,3.4345303150927,0
9,6,1,0,1,0,0,0,0,4.543571837786281,3,0,0,0,0,0,0,0
22,6,1,2.636617001592124,0,1,5,1,1,-0.5749814214464752,2,1,0,0,0,0,0,1
17,3,0,0,1,0,0,0,0,5.059976956253015,4,0,0,0,0,0,0,0
2,0,0,5.098155925214997,0,1,4,1,1,-0.3471601054085487,2,1,0,0,0,0,0,1
0,3,0,0,1,0,0,1,1,2.893357612466123,2,0,0,0,0,0,0,0
18,3,0,1,1,0,0,0,0,4.640871219628252,3,0,0,0,0,0,0,0
13,5,1,1,1,0,0,0,0,5.250944084857129,3,0,0,0,0,0,0,0
12,3,0,0,1,0,0,0,0,5.949466858714994,2,0,0,0,0,0,0,0
13,6,1,0,1,0,0,0,0,4.650173294615748,5,0,1,1,267.7020436247243,0,0.24498983996806523,0
11,4,0,0,1,0,0,0,0,3.4138753799469295,2,0,1,1,108.34492040489377,0,11.661640375340912,0
14,3,0,0,1,0,0,0,0,4.5471790975342685,3,0,0,0,0,0,0,0
16,4,0,1,1,0,0,0,0,4.596299031932126,1,0,1,1,57.425260450323286,0,5.105481982764649,0
15,2,0,1,1,0,0,0,0,2.502969617036498,2,0,1,1,213.01686889579545,0,4.139111209521973,0
11,1,0,1,1,0,0,0,0,4.145626704893068,6,0,0,0,0,0,0,0
21,2,0,0,1,0,0,0,0,2.3762876880283224,1,0,0,0,0,0,0,0
18,2,0,0,1,0,0,0,0,5.492105476374077,3,0,0,0,0,0,0,0
16,3,0,0,1,0,0,0,0,3.0138587187737396,4,0,1,1,19.433540364708506,0,4.899115234117344,0
18,5,1,0,1,0,0,0,0,5.674948204954969,2,0,1,3,375.13976894094094,0,7.3843243357197865,0
16,4,0,2,1,0,0,0,0,5.426349160657034,4,0,0,0,0,0,0,0
13,1,0,0,1,0,0,0,0,5.134338369385388,4,0,1,1,394.9897569767895,0,4.185506470530013,0
15,1,0,0,1,0,0,0,0,3.721531988471684,1,1,0,0,0,0,0,0
10,2,0,0,1,0,0,0,0,5.2144881849409295,2,0,0,0,0,0,0,0
15,2,0,0,1,0,0,0,0,3.826979420695686,1,0,0,0,0,0,0,0
9,6,1,0,1,0,0,0,0,2.2937875976119564,1,1,1,1,398.22545469034645,0,3.4727724028213136,0
10,3,0,0,1,0,0,0,0,4.90658407567781,5,0,1,1,29.20630430205786,0,5.126602722061536,0
10,5,1,0,1,0,0,0,0,4.643928124501986,3,0,1,1,244.34152421247262,0,8.610448409107395,0
8,3,0,3,1,0,0,0,0,4.216028868661153,1,0,1,1,82.25995364194748,0,10.51607771347042,0
10,3,0,0,1,0,0,0,0,3.041468263720693,2,0,1,2,219.74470268502608,0,13.324671719271313,0
8,0,0,0,1,0,0,0,0,4.016868100338866,2,0,0,0,0,0,0,0
14,1,0,0,1,0,0,0,0,4.561341077115167,5,0,0,0,0,0,0,0
8,1,0,0,1,0,0,0,0,5.7951664203331275,2,0,0,0,0,0,0,0
19,1,0,0,1,0,0,0,0,3.3402174015998645,3,0,1,1,380.8229813071258,0,12.46194646056943,0
14,5,1,0,1,0,0,0,0,5.115764709735258,3,0,0,0,0,0,0,0
12,4,0,2.8140802011955497,1,0,0,0,0,-0.19754351594072084,10,5,1,1,22.705559578702605,0,126.64652054274136,1
12,0,0,1,1,0,0,0,0,4.445771902289724,2,0,0,0,0,0,0,0
15,3,0,0,1,0,0,0,0,2.4322840162900166,2,0,0,0,0,0,0,0
13,4,0,0,1,0,0,0,0,3.624109639495544,3,2,0,0,0,0,0,0
14,3,0,2,1,0,0,0,0,5.545471604592365,2,0,0,0,0,0,0,0
11,1,0,0,1,0,1,0,0,3.194827762452663,2,0,0,0,0,0,0,0
3,3,0,2,1,0,0,0,0,4.262200984481282,5,0,1,1,393.19854680697773,0,12.394483547531923,0
8,3,0,0,1,0,0,1,0,5.0263959297951715,6,0,1,1,239.65572206385445,0,1.097494607216942,0
9,0,0,1,1,0,0,0,0,4.112960790358439,2,0,1,1,219.66002357045528,0,5.577657902776904,0
6,0,0,2,1,0,0,0,0,4.005928207239364,4,0,0,0,0,0,0,0
13,4,0,0,1,0,0,0,0,2.3959386542926144,5,1,0,0,0,0,0,0
12,1,0,2,1,0,0,0,0,2.8586919563222453,3,1,1,1,330.1951412315646,0,3.250425765858129,0
8,6,1,1,1,0,0,0,0,5.696801581197983,1,0,0,0,0,0,0,0
8,0,0,2,1,0,0,0,0,2.465911313098535,3,0,0,0,0,0,0,0
9,2,0,0,1,0,0,0,0,4.131932741275413,3,0,0,0,0,0,0,0
0,1,0,0,1,0,0,1,1,5.038305082962941,2,0,1,1,69.67072999356229,0,0.2155545355155335,0
17,3,0,0,1,0,0,1,0,2.6575267033936427,4,0,1,1,125.53474533205534,0,5.658076406119337,0
14,5,1,0,1,0,0,0,0,2.027359388800849,1,0,1,1,167.1537749461403,0,2.6538528362425313,0
12,2,0,1,1,0,0,0,0,3.4510137959137417,3,0,0,0,0,0,0,0
13,0,0,0,1,0,0,0,0,5.143475321727981,4,0,0,0,0,0,0,0
15,0,0,0,1,0,0,1,0,4.995221335309914,2,0,0,0,0,0,0,0
9,6,1,0,1,0,0,0,0,5.032960830873003,2,0,0,0,0,0,0,0
7,2,0,0,1,0,0,0,0,5.344905365253835,5,0,1,2,357.2963678861433,0,13.38129807517896,0
9,1,0,1,1,0,0,0,0,3.333225992390911,4,0,0,0,0,0,0,0
8,2,0,0,1,0,0,0,0,5.5070652527728985,2,0,1,2,237.10303827897224,0,0.10071673430814054,0
16,0,0,0,1,0,0,0,0,5.322072329987593,3,0,1,1,270.23370261123256,0,10.562699731517105,0
11,4,0,1,1,0,0,0,0,3.415612119419218,1,0,0,0,0,0,0,0
17,4,0,0,1,0,0,0,0,5.676143279628143,3,0,0,0,0,0,0,0
19,4,0,0,1,0,0,0,0,5.908304074000318,6,0,0,0,0,0,0,0
9,2,0,0,1,0,0,0,0,4.3937005478656115,1,0,1,1,51.92108578586094,0,8.62718210793605,0
5,0,0,1,1,0,0,0,0,3.498578813933026,2,0,0,0,0,0,0,0
14,2,0,1,1,0,0,0,0,2.8967855637803916,2,0,0,0,0,0,0,0
9,2,0,0,1,0,0,0,0,5.2776446164630855,3,0,0,0,0,0,0,0
12,4,0,0,1,0,0,0,0,4.1836191560411,2,0,1,1,46.305067776094404,0,6.67681040983007,0
7,2,0,0,1,0,0,0,0,2.715517328340245,5,0,1,1,212.25956139514972,0,13.758257420744048,0
10,6,1,0,1,0,0,0,0,3.791742270951784,4,0,1,2,379.95072272959163,0,1.2315638922697352,0
18,0,0,1,1,0,0,0,0,5.07452168944377,2,0,0,0,0,0,0,0
7,2,0,0,1,0,0,0,0,3.8934287075660787,4,0,1,1,281.1949615868907,0,3.0674418859527415,0
15,1,0,0,1,0,0,0,0,2.1490702484186177,4,0,0,0,0,0,0,0
14,4,0,0,1,0,0,0,0,4.131311009937514,2,1,0,0,0,0,0,0
11,2,0,3,1,0,0,0,0,3.0254681587433585,4,0,1,1,36.0201550324401,0,3.186115720778475,0
9,4,0,0,1,0,0,0,0,4.893467930860798,6,0,1,2,35.623182788770265,0,10.239688352139506,0
14,3,0,2,1,0,0,0,0,5.021352913031917,5,0,0,0,0,0,0,0
17,3,0,2,1,0,0,0,0,5.393134917630281,1,0,0,0,0,0,0,0
5,0,0,8.220869378057978,0,0,1,1,1,0.517037129180888,3,2,1,1,0.07514255380285036,1,0.003367702149228502,1
10,1,0,0,1,0,0,0,0,4.312669668769132,3,0,0,0,0,0,0,0
3,0,0,6.827477839102655,1,0,0,1,1,3.878956204558405,2,0,0,0,0,0,0,1
10,2,0,0,1,0,0,0,0,4.116892337747675,3,0,0,0,0,0,0,0
7,2,0,0,1,0,0,0,0,4.886682749745766,2,0,1,2,307.3414679983844,0,2.7713186365124702,0
1,1,0,0,1,0,0,0,0,4.3009415930817045,2,0,1,1,207.17979170521753,0,0.3438771423607705,0
8,1,0,0,1,0,0,0,0,4.15493465585435,1,0,0,0,0,0,0,0
14,0,0,1,1,0,0,0,0,4.44456566567313,2,0,1,1,24.416425254129024,0,11.406382284250608,0
18,1,0,2,1,0,0,0,0,5.974409004176419,3,0,0,0,0,0,0,0
14,1,0,1,1,0,0,0,0,5.890410098312058,2,1,1,1,223.63714256456973,0,0.8510779550752767,0
16,0,0,1,1,0,0,0,0,3.2805458897040825,1,0,0,0,0,0,0,0
6,6,1,1.3304107875978697,1,0,0,0,0,-0.7007241942170335,100,5,0,0,0,0,0,1
8,3,0,0,1,0,0,0,0,2.718697653219426,2,0,0,0,0,0,0,0
20,6,1,1,1,0,0,0,0,4.363053713841628,3,0,0,0,0,0,0,0
17,2,0,1,1,0,0,0,0,5.858279473953409,2,0,0,0,0,0,0,0
14,3,0,3,1,0,0,0,0,3.651449064969195,2,0,1,2,257.81187428992234,0,10.364386431644103,0
20,6,1,1,1,0,0,0,0,4.089539843280223,5,0,0,0,0,0,0,0
9,2,0,0,1,0,0,0,0,2.9569759815590864,3,0,0,0,0,0,0,0
11,0,0,2,1,0,0,0,0,2.3887679944872864,5,0,0,0,0,0,0,0
15,4,0,0,1,0,0,0,0,2.463919748341162,5,0,1,1,236.74667024005524,0,2.038180477319602,0
12,1,0,1,1,0,0,0,0,2.960841026881502,6,0,0,0,0,0,0,0
16,4,0,3,1,0,0,0,0,2.833584593330373,1,0,0,0,0,0,0,0
14,4,0,0,1,0,0,0,0,5.456491303312436,2,0,1,1,123.91760091515286,0,6.324340990695837,0
12,0,0,0,1,0,0,0,0,3.573296050645611,5,0,1,1,114.49523759279018,0,9.728983902559875,0
12,0,0,1,1,0,0,0,0,2.040387802100225,1,0,1,1,60.18117235508309,0,1.1783697166207032,0
14,0,0,0,1,0,0,0,0,3.56520944823123,1,0,0,0,0,0,0,0
19,3,0,0,1,0,0,0,0,3.93991629984039,1,0,0,0,0,0,0,0
20,5,1,3,1,0,0,0,0,3.3291791088997047,1,0,1,1,323.42589572400396,0,3.214027436141957,0
16,4,0,1,1,0,0,0,0,2.1940722256668233,4,0,0,0,0,0,0,0
9,6,1,0,1,0,0,0,0,3.4432643067579547,4,0,0,0,0,0,0,0
10,4,0,0,1,0,0,1,0,5.912288533793945,3,0,0,0,0,0,0,0
10,3,0,0,1,0,0,0,0,4.026353332171448,4,0,0,0,0,0,0,0
13,0,0,1,1,0,0,0,0,5.566429973558197,3,0,0,0,0,0,0,0
10,4,0,0,1,0,0,1,1,5.9441268750615945,4,0,0,0,0,0,0,0
9,5,1,0,1,0,0,0,0,5.083947941910869,6,2,1,1,52.07806334500908,0,8.07266274910651,0
11,1,0,1,1,0,0,0,0,2.294612051193247,1,0,0,0,0,0,0,0
9,1,0,0,1,0,0,0,0,3.9901564080337284,4,0,1,2,277.20267767689506,0,10.664015662652679,0
7,0,0,1,1,0,0,0,0,3.443854875511598,6,0,0,0,0,0,0,0
13,4,0,0,1,0,0,1,1,2.366631240545788,3,0,0,0,0,0,0,0
9,0,0,0,1,0,0,0,0,2.538573383359092,2,0,0,0,0,0,0,0
20,4,0,0,1,0,0,0,0,4.02019773495995,5,0,0,0,0,0,0,0
7,0,0,3,1,0,0,0,0,5.132143208522088,2,0,0,0,0,0,0,0
16,6,1,1,1,0,0,0,0,3.703246327597664,2,2,0,0,0,0,0,0
10,2,0,1,1,0,0,0,0,3.7606802576961353,2,0,1,1,264.4041700204549,0,5.96275017905787,0
11,3,0,1,1,0,0,1,0,5.437159631822679,2,0,0,0,0,0,0,0
15,2,0,2,1,0,0,0,0,2.4804804687341075,3,0,1,1,131.5033052104048,0,4.304228441847799,0
10,3,0,0,1,0,0,0,0,4.039454770895029,3,0,0,0,0,0,0,0
12,4,0,0,1,0,0,0,0,3.5726926101249945,6,0,1,1,162.98811024288287,0,11.589312014221399,0
16,4,0,1,1,0,0,0,0,5.015255199452749,3,2,0,0,0,0,0,0
11,3,0,0,1,0,0,0,0,5.57460419634535,3,0,1,2,325.1139680484955,0,10.073184341111338,0
17,1,0,0,1,0,0,0,0,3.8074128597591423,1,0,0,0,0,0,0,0
13,0,0,0,1,0,0,0,0,3.8911956381101067,3,0,0,0,0,0,0,0
16,1,0,1,1,0,0,0,0,2.8607559725931515,3,0,1,1,46.17625495692293,0,6.022341914270767,0
6,0,0,0,1,0,0,0,0,4.664596066115937,5,0,0,0,0,0,0,0
8,0,0,0,1,0,1,0,0,4.298211598877546,3,0,1,1,171.7872763881237,0,12.966718329688403,0
3,3,0,1,1,0,0,0,0,3.174213522799943,1,0,1,1,78.2777294379648,0,8.747940085838556,0
17,1,0,0,1,0,0,0,0,2.265419289357969,1,0,1,1,343.57860832828976,0,1.690551081505241,0
16,0,0,0,1,0,0,0,0,3.531417606755111,3,0,1,2,157.59716408968393,0,8.03490489667454,0
17,1,0,2,1,0,0,0,0,3.0863032838285402,5,0,1,1,149.79510365255797,0,2.0541824938504796,0
8,3,0,3,1,0,0,0,0,2.9913025371036586,1,0,0,0,0,0,0,0
7,3,0,0,1,0,0,0,0,5.895608559353789,3,0,1,2,93.49288094536355,0,0.5057971963843071,0
12,2,0,0,1,0,0,0,0,3.632838453564596,2,0,0,0,0,0,0,0
20,3,0,2,1,0,0,0,0,3.6579290008914334,1,1,1,1,66.37769350650467,0,13.557246674559726,0
13,4,0,0,1,0,0,0,0,5.115233230260344,3,0,1,1,162.24305166059156,0,1.8267956734733337,0
16,0,0,0,1,0,0,0,0,5.613835435771154,1,0,1,2,248.62455589409305,0,5.87007470300391,0
16,0,0,0,1,0,0,0,0,4.612335502181153,5,0,0,0,0,0,0,0
10,1,0,0,1,0,0,0,0,4.130693290827189,5,0,1,1,377.8510732300186,0,10.031131914977982,0
15,0,0,0,1,0,0,0,0,2.57062339552506,3,0,1,1,387.9529426583467,0,3.063751250037337,0
10,1,0,0,1,0,0,0,0,3.724369987095697,1,0,1,1,393.76761490446324,0,10.570125577250792,0
18,1,0,1,1,0,0,0,0,5.272562525545087,6,0,0,0,0,0,0,0
15,5,1,2,1,0,0,0,0,5.895675408451831,4,0,1,1,321.2926160994426,0,6.937913033621526,0
12,0,0,0,1,0,0,1,0,4.423752220161301,3,0,1,1,126.43755363340185,0,8.375342141524815,0
2,4,0,1,1,0,0,0,0,5.923580695367022,2,0,0,0,0,0,0,0
11,1,0,0,1,0,0,0,0,3.9930298332826917,5,0,0,0,0,0,0,0
9,6,1,1,1,0,0,0,0,3.5106757255745946,3,1,0,0,0,0,0,0
14,0,0,3,1,0,0,0,0,5.538599223907671,4,1,0,0,0,0,0,0
7,2,0,0,1,0,0,0,0,5.256379690492699,2,0,1,1,93.4041053450057,0,0.5301275561569745,0
3,1,0,0,1,0,0,0,0,2.8769085706370703,1,0,1,1,24.727656472290256,0,1.471997260470397,0
2,6,1,6.19107556930085,0,1,1,1,1,1.7723233964808305,1,0,1,1,0.08065814214711065,1,0.09898960139651446,1
8,3,0,1,1,0,0,1,0,3.9585681047688355,1,0,0,0,0,0,0,0
17,2,0,0,1,0,0,0,0,2.9388409522310477,3,0,0,0,0,0,0,0
17,0,0,1,1,0,0,0,0,5.252760859640786,3,0,1,1,344.4397883566843,0,12.094243673837896,0
6,6,1,0,1,0,0,0,0,5.171646298082324,2,0,1,1,64.3195940635112,0,8.615966565406119,0
15,6,1,0,1,0,0,0,0,2.134784368639571,1,0,0,0,0,0,0,0
15,4,0,2,1,0,0,0,0,2.269623116758338,2,0,0,0,0,0,0,0
1,2,0,1,1,0,0,0,0,5.306463969635546,5,0,1,2,109.05216024350658,0,4.758337127300298,0
18,3,0,0,1,0,0,0,0,4.01370964361947,4,0,1,1,59.40861392223415,0,5.286948608755986,0
10,1,0,0,1,0,0,0,0,3.2193445453879264,1,0,0,0,0,0,0,0
11,2,0,0,1,0,0,0,0,5.918348109723448,1,0,0,0,0,0,0,0
17,6,1,0,1,0,0,0,0,5.164246721421779,2,0,0,0,0,0,0,0
15,3,0,3,1,0,0,0,0,5.555993532959381,2,0,0,0,0,0,0,0
12,1,0,1,1,0,0,0,0,3.490211245586948,3,0,0,0,0,0,0,0
9,6,1,0,1,0,0,0,0,2.3613111667523996,1,0,0,0,0,0,0,0
9,2,0,0,1,0,0,0,0,3.548298058031734,1,0,1,1,56.78448101219983,0,10.289555475490612,0
6,0,0,2,1,0,0,0,0,4.234285266672204,3,0,1,2,159.5619931165732,0,8.490243778243668,0
12,0,0,2,1,0,0,0,0,5.311085193574119,2,0,0,0,0,0,0,0
12,4,0,1,1,0,0,0,0,5.682654669506367,1,2,1,1,19.05405941649712,0,1.0675874881981744,0
5,0,0,1,1,0,0,0,0,4.7481588701680355,3,1,0,0,0,0,0,0
16,6,1,0,1,0,0,0,0,4.302152216990981,1,0,1,1,391.16013307539004,0,4.542181747914107,0
17,0,0,1,1,0,0,0,0,3.719527863324655,5,0,0,0,0,0,0,0
14,0,0,0,1,0,0,0,0,3.746892187238669,3,0,0,0,0,0,0,0
16,0,0,0,1,0,0,0,0,4.591815318396517,2,0,0,0,0,0,0,0
8,1,0,0,1,0,0,0,0,2.6441328864202784,2,0,1,2,216.32300943331924,0,12.856285275735042,0
13,1,0,0,1,0,1,0,0,5.0749984366447185,1,0,0,0,0,0,0,0
17,2,0,0,1,0,0,0,0,5.721581537796208,2,1,0,0,0,0,0,0
16,3,0,0,1,0,0,0,0,3.588299551668377,4,0,1,1,188.93532809514312,1,1.9139241081056184,0
16,5,1,0,1,0,0,0,0,5.6099153265477035,3,0,1,1,129.0679597618348,0,1.9974584679813212,0
11,2,0,2,1,0,0,0,0,2.6396041218576847,4,0,0,0,0,0,0,0
8,0,0,0,1,0,0,0,0,2.944183623010296,1,0,0,0,0,0,0,0
21,4,0,9.264506839750117,0,0,1,1,1,3.476138066847719,1,1,1,1,0.14146306309524814,1,0.14163503120459908,1
8,1,0,0,1,0,0,0,0,3.308377430443145,4,0,0,0,0,0,0,0
13,6,1,1,1,0,0,0,0,5.052767949994892,2,0,1,1,244.97167085626845,0,7.95310328631311,0
18,3,0,2,1,0,0,0,0,3.630036172274598,4,0,1,2,385.9013789246959,0,10.500595477075283,0
11,0,0,3,1,0,0,0,0,5.198544480001772,1,0,0,0,0,0,0,0
19,3,0,1,1,0,0,1,1,3.3839388467174003,4,0,1,2,112.01797626985368,0,6.752153606974181,0
12,3,0,0,1,0,0,0,0,2.7509253254992396,2,0,1,2,251.307727638382,0,13.941862836797096,0
17,0,0,0,1,0,0,0,0,5.747133959120786,3,0,0,0,0,0,0,0
9,2,0,1,1,0,0,0,0,3.238714356361365,2,0,1,1,188.69938984390885,0,3.3283559313419175,0
9,0,0,2,1,0,0,0,0,3.144603703734718,2,1,1,1,382.66707631601656,0,12.792528053076643,0
11,5,1,0,1,0,0,0,0,4.331202246575591,3,0,1,1,258.1884275660272,0,0.11183843219120648,0
8,0,0,1,1,0,0,0,0,5.9342307718613085,1,0,0,0,0,0,0,0
11,3,0,0,1,0,0,0,0,3.769520403393775,1,0,0,0,0,0,0,0
8,0,0,0,1,0,0,0,0,4.695546236324283,4,0,1,2,219.21580188610287,0,13.698128005832725,0
9,2,0,1,1,0,0,0,0,5.140366223456526,5,0,0,0,0,0,0,0
15,4,0,1,1,0,0,0,0,2.6434820902136673,1,0,1,1,57.22345205054485,0,1.0475541860241246,0
15,6,1,0,1,0,0,0,0,5.2133004532961085,2,0,1,1,355.2518361086832,0,11.971526851466498,0
9,5,1,1,1,0,0,0,0,2.8806530328416287,1,0,0,0,0,0,0,0
10,4,0,0,1,0,1,0,0,5.5820695890114145,2,0,0,0,0,0,0,0
9,6,1,0,1,0,0,0,0,3.054221886101705,5,0,0,0,0,0,0,0
12,4,0,0,1,0,0,0,0,4.232218157872131,2,0,1,1,16.21614593922846,0,1.6885047485068012,0
7,0,0,0,1,0,0,0,0,3.5401665316487705,1,0,1,1,233.62880844162603,0,1.623275465885549,0
10,2,0,0,1,0,0,0,0,4.401742544106559,3,0,1,1,283.2662319166381,0,11.201408954756783,0
12,3,0,0,1,0,1,0,0,2.9030229872180136,1,0,1,3,70.5925229212178,0,8.708192336700497,0
15,4,0,0,1,0,0,0,0,3.1274943665766743,2,0,0,0,0,0,0,0
14,4,0,0,1,0,1,0,0,3.1538204178378257,1,0,0,0,0,0,0,0
12,0,0,1,1,0,0,0,0,5.956914281344487,1,0,1,1,110.66970866467646,0,13.178080124311293,0
4,2,0,1,1,0,0,0,0,5.6205875426479945,3,0,0,0,0,0,0,0
18,0,0,0,1,0,0,0,0,2.9636064542340037,2,0,1,1,181.8688550549561,0,2.243293888911966,0
4,6,1,1,1,0,0,0,0,2.1262646822765503,1,0,1,2,369.15345994933034,0,8.459958915943417,0
22,5,1,9.9744375441993,1,0,0,1,1,3.5996854421111477,2,0,0,0,0,0,0,1
0,4,0,1,1,0,0,0,0,2.0831644697816474,2,0,0,0,0,0,0,0
9,3,0,0,1,0,0,0,0,3.4673675382758407,1,0,0,0,0,0,0,0
6,5,1,2,1,0,0,0,0,4.490992459821966,2,0,1,2,182.13888624488445,0,13.755888998624446,0
7,1,0,1,1,0,0,0,0,4.346564876822488,4,0,0,0,0,0,0,0
18,3,0,2,1,0,0,1,0,3.9616400234369613,1,0,0,0,0,0,0,0
17,0,0,0,1,0,0,0,0,5.906982831902005,4,0,0,0,0,0,0,0
14,2,0,0,1,0,0,0,0,5.275888214022683,2,1,0,0,0,0,0,0
11,3,0,2,1,0,0,0,0,2.4092465631818833,2,0,0,0,0,0,0,0
11,1,0,0,1,0,0,0,0,5.726876221654631,3,0,0,0,0,0,0,0
21,2,0,0,1,0,0,0,0,5.735003552988987,3,0,1,2,249.3872163849868,0,0.6819104771602704,0
10,3,0,0,1,0,0,1,0,4.512517738855244,5,2,1,1,195.60178151412723,0,5.946154525561615,0
7,1,0,1,1,0,0,0,0,5.570107376167757,2,0,0,0,0,0,0,0
16,2,0,0,1,0,0,0,0,2.9515849390141433,3,0,1,1,79.47439681607018,0,12.711312334191684,0
19,3,0,2,1,0,0,0,0,5.335809047963888,5,0,1,1,186.35619475322193,0,13.408305440248093,0
9,2,0,1,1,0,0,0,0,5.682152678478728,5,0,0,0,0,0,0,0
10,1,0,1,1,0,0,0,0,3.6021625135257795,3,0,0,0,0,0,0,0
7,2,0,0,1,0,0,0,0,2.2831368624014936,3,0,1,2,60.9827881871337,0,2.182729703984493,0
21,3,0,1,1,0,0,0,0,2.3458782337359487,2,0,1,1,83.04456275240304,0,7.274755510491727,0
17,2,0,3.025744973381056,0,1,2,1,1,1.7732335219301385,2,1,0,0,0,0,0,1
12,1,0,0,1,0,0,0,0,4.162984946596023,1,0,1,1,240.94450245789704,0,3.140980303348778,0
16,2,0,0,1,0,0,0,0,3.132888288360282,2,0,1,2,379.3699614639172,0,7.716674878848924,0
9,2,0,2,1,0,0,0,0,3.082766408885025,3,0,1,1,98.24277353937187,0,4.528601851511244,0
3,4,0,0,1,0,0,0,0,2.672835909746295,3,0,1,1,57.69944418272094,0,10.851582390095937,0
19,2,0,0,1,0,0,0,0,4.541060642759109,4,0,1,2,253.72068352573402,0,6.823417904790194,0
8,2,0,1,1,0,0,0,0,2.6213920571832077,2,0,1,1,45.86427100697381,0,1.988259696423039,0
2,4,0,0,1,0,0,0,0,3.2558449494004287,5,0,0,0,0,0,0,0
19,4,0,0,1,0,0,0,0,5.870361292449571,5,0,0,0,0,0,0,0
12,5,1,1,1,0,0,0,0,4.020505499748655,3,0,0,0,0,0,0,0
14,1,0,0,1,0,0,0,0,5.256406011269048,3,0,0,0,0,0,0,0
15,0,0,0,1,0,0,0,0,5.365264864247124,3,0,1,1,67.90781775652118,0,13.633546574234197,0
15,3,0,0,1,0,0,0,0,3.121886929401053,5,0,1,1,22.116629029544157,0,10.25428473536877,0
16,6,1,0,1,0,0,0,0,5.26262926433531,1,0,1,2,258.49065263445675,0,13.959635442394127,0
11,4,0,0,1,0,0,0,0,2.926313853204376,4,0,1,2,361.2011147884305,0,4.800345476565484,0
9,0,0,0,1,0,0,0,0,4.457901715073685,2,0,0,0,0,0,0,0
14,2,0,0,1,0,0,0,0,3.2793261711067174,4,0,1,1,63.601271975256246,0,8.49245533390594,0
3,0,0,3.5781601128632645,1,0,0,0,0,-0.6130462641336352,20,15,0,0,0,0,0,1
17,2,0,0,1,0,0,0,0,4.555182788211432,3,0,1,1,395.1138277717271,0,2.6703509721535017,0
11,0,0,1,1,0,0,0,0,3.475248263091998,2,0,1,1,227.2658911158946,0,9.011664269498562,0
10,5,1,1.8603812335731957,1,0,0,0,0,-1.1498861559948788,50,15,0,0,0,0,0,1
13,1,0,0,1,0,0,0,0,5.621855466285082,2,0,1,1,116.60444865527683,0,11.476451214481786,0
10,1,0,0,1,0,0,0,0,3.401682384023321,3,0,1,2,325.13121530371114,0,9.119133472153598,0
9,3,0,3,1,0,0,0,0,3.2596039276230684,4,0,0,0,0,0,0,0
13,3,0,0,1,0,0,0,0,3.1977349716258123,2,0,1,1,106.09981678259354,0,2.1283241392683694,0
15,0,0,0,1,0,0,0,0,2.181783908802825,1,0,0,0,0,0,0,0
15,3,0,0,1,0,0,0,0,2.904763445837624,3,0,1,2,395.42779505320897,0,1.8504521152958517,0
9,1,0,3,1,0,0,0,0,2.467905570586211,1,0,0,0,0,0,0,0
10,3,0,1,1,0,0,0,0,3.5342717027876533,6,0,0,0,0,0,0,0
19,4,0,0,1,0,0,0,0,2.8552228533569926,3,0,1,2,201.91929436228736,0,2.5283774654430755,0
16,0,0,0,1,0,0,0,0,3.018640661869378,1,0,1,2,242.04227437418635,0,4.4705271375919535,0
11,3,0,2,1,0,0,0,0,2.906835700059494,1,0,1,1,81.49538462440609,0,0.5204775533303876,0
11,3,0,3,1,0,0,0,0,4.7401324000103955,2,0,0,0,0,0,0,0
10,4,0,1,1,0,0,0,0,4.878178160377752,1,0,0,0,0,0,0,0
17,2,0,0,1,0,0,0,0,4.177384942480179,5,0,0,0,0,0,0,0
13,3,0,3,1,0,0,0,0,5.759004446033254,4,0,0,0,0,0,0,0
11,0,0,1,1,0,0,0,0,2.5194131614508093,1,0,1,1,288.3831371254119,0,8.292694066533802,0
12,0,0,1,1,0,0,0,0,4.839945492803038,4,0,0,0,0,0,0,0
21,3,0,8.043528907580182,0,1,2,1,1,2.415319637446762,1,0,1,1,0.0786728544323049,1,0.11053926111411803,1
17,5,1,1,1,0,0,0,0,2.4611239815847408,2,0,0,0,0,0,0,0
13,1,0,0,1,0,0,0,0,5.606566851331181,6,0,0,0,0,0,0,0
12,2,0,0,1,0,1,0,0,5.50495065415538,5,0,0,0,0,0,0,0
14,2,0,1,1,0,0,0,0,2.1559657809081467,1,0,0,0,0,0,0,0
15,1,0,0,1,0,0,0,0,5.6077640370330855,1,0,1,3,40.60560498027961,0,3.952296188692634,0
20,0,0,0,1,0,0,0,0,2.8325492966581134,2,0,0,0,0,0,0,0
13,3,0,0,1,0,0,0,0,2.591520490162874,3,0,1,1,379.67753505751614,0,9.99057063734784,0
8,0,0,0,1,0,0,0,0,3.3379013224737326,1,0,0,0,0,0,0,0
15,0,0,0,1,0,0,0,0,4.656321220515536,6,0,0,0,0,0,0,0
15,2,0,0,1,0,0,0,0,4.683887026039814,2,0,1,1,243.37491445488604,0,1.9551573959000756,0
0,2,0,0,1,0,0,0,0,3.4945755061081343,2,0,0,0,0,0,0,0
13,4,0,0,1,0,0,0,0,3.483168764545396,4,0,1,1,98.94114711839819,0,7.176695424519709,0
14,3,0,2,1,0,0,0,0,4.8893926353357,3,0,1,1,141.5785332748227,0,5.5582398712809065,0
10,4,0,0,1,0,0,0,0,3.119849658418671,1,0,1,1,297.1983460541974,0,5.188563908515612,0
18,4,0,3.9607105540436156,1,0,0,0,0,-0.9071681499352184,20,5,0,0,0,0,0,1
12,4,0,2,1,0,0,0,0,4.240629995545245,2,0,1,3,108.03011276229562,0,12.120594447167765,0
16,1,0,1,1,0,0,1,0,3.7619990446610987,3,0,1,3,171.81200290511245,0,0.7881363442616789,0
14,4,0,0,1,0,0,0,0,3.349252736818847,3,0,0,0,0,0,0,0
17,0,0,0,1,0,0,0,0,5.659117740839024,6,0,1,2,130.75779535964875,0,0.3659633244656826,0
11,5,1,0,1,0,0,0,0,5.671392234060895,3,0,1,2,301.9749043396542,0,7.803636511793005,0
17,3,0,0,1,0,0,0,0,3.614159997792189,6,0,0,0,0,0,0,0
15,6,1,1,1,0,0,0,0,5.900864127739273,3,0,1,1,265.4829006743639,0,12.882002989977336,0
14,4,0,1,1,0,0,0,0,5.306111877936676,1,0,0,0,0,0,0,0
16,3,0,0,1,0,0,0,0,2.1284764291099783,4,0,0,0,0,0,0,0
8,2,0,0,1,0,0,0,0,5.03748993278864,2,0,0,0,0,0,0,0
10,0,0,0,1,0,0,0,0,2.0222870787425307,3,0,1,1,134.82424390582338,0,4.505731407249035,0
7,5,1,1,1,0,0,0,0,2.795005582186185,3,0,1,1,51.85275564735891,0,12.178408241267364,0
14,2,0,0,1,0,0,0,0,3.5685337956917333,2,0,0,0,0,0,0,0
13,2,0,2,1,0,0,0,0,2.6060538846941106,1,0,0,0,0,0,0,0
18,0,0,0,1,0,0,1,0,3.0968791868983074,3,0,1,2,155.9671808000283,0,8.015786477956958,0
18,5,1,2,1,0,0,0,0,5.9811056373464115,5,0,0,0,0,0,0,0
11,1,0,0,1,0,0,0,0,5.347441575738552,6,0,1,1,296.2017652177599,0,11.50283615406794,0
1,1,0,8.056891120773503,1,1,1,1,1,2.468147523426996,2,5,1,1,0.1611728444460786,1,0.04896085734513611,1
12,5,1,0,1,0,0,0,0,3.5964234989223924,1,0,1,2,187.64227969166575,0,1.0514198768720395,0
17,3,0,3,1,0,0,0,0,3.3358585246319965,6,0,1,2,278.72876101312545,0,12.999503107907092,0
9,0,0,1,1,0,0,0,0,4.136453568551165,4,0,0,0,0,0,0,0
7,4,0,0,1,0,0,0,0,2.6941724395044306,2,0,0,0,0,0,0,0
19,3,0,0,1,0,0,0,0,3.547974075958878,3,0,0,0,0,0,0,0
23,1,0,0,1,0,0,0,0,5.764515336662312,3,0,1,1,61.34765525872552,0,9.231921168210455,0
12,1,0,1,1,0,0,1,0,3.3282050405124832,2,0,0,0,0,0,0,0
8,2,0,0,1,0,0,0,0,5.6256577675010995,2,0,1,1,232.61388375174772,0,4.786569585724752,0
14,0,0,1,1,0,1,0,0,4.960920600239029,1,0,0,0,0,0,0,0
14,6,1,1,1,0,0,0,0,3.3481198729387387,2,0,1,3,329.3030161297653,0,9.31109599455147,0
7,3,0,2,1,0,0,0,0,5.697273683593217,1,0,0,0,0,0,0,0
7,0,0,0,1,0,0,0,0,5.498348583271056,4,0,1,1,361.53092649046766,0,11.685589541221708,0
9,2,0,3,1,0,0,0,0,4.0111886229437275,3,0,0,0,0,0,0,0
7,6,1,0,1,0,1,0,0,3.2767687035439117,2,0,0,0,0,0,0,0
15,6,1,0,1,0,0,0,0,5.411105712408956,4,0,0,0,0,0,0,0
12,3,0,0,1,0,0,0,0,2.623314097281987,5,0,0,0,0,0,0,0
10,0,0,1,1,0,0,1,0,5.68159194255241,1,0,0,0,0,0,0,0
14,1,0,1,1,0,0,0,0,2.948556610030181,3,0,0,0,0,0,0,0
6,4,0,2,1,0,0,0,0,2.4889392142389437,4,0,0,0,0,0,0,0
19,3,0,3,1,0,0,1,0,4.234274344084422,5,0,0,0,0,0,0,0
19,2,0,0,1,0,0,0,0,4.509035165318755,6,0,1,1,275.3556481439352,0,4.5869532768862395,0
8,3,0,0,1,0,0,0,0,4.4478189573088045,3,0,1,1,337.30967615810147,0,2.723766184816414,0
2,4,0,9.65714547520362,1,0,1,1,1,3.0276411012960045,1,0,0,0,0,0,0,1
23,4,0,1,1,0,0,0,0,4.078664543244427,1,0,0,0,0,0,0,0
9,1,0,0,1,0,0,0,0,4.600564483477232,6,0,1,2,88.79998497630537,0,4.741719184595675,0
7,6,1,0,1,0,0,0,0,4.753510714889139,2,0,0,0,0,0,0,0
21,1,0,0,1,0,0,0,0,2.86924896933529,3,0,0,0,0,0,0,0
20,3,0,0,1,0,0,0,0,5.268082937903435,1,0,1,1,235.83219781245523,0,3.7261659861823846,0
9,3,0,1,1,0,0,1,0,5.272507773793565,3,1,1,1,364.5253964316547,0,2.5478294741256016,0
10,5,1,0,1,0,0,0,0,3.777981466985805,4,0,1,1,381.4680896252155,0,4.136414707730046,0
8,3,0,0,1,0,0,0,0,4.087278001211093,1,0,1,1,326.0872741637427,0,5.514788702099722,0
14,3,0,0,1,0,0,0,0,2.5055685520494917,1,0,0,0,0,0,0,0
19,1,0,0,1,0,0,0,0,5.208008545826472,1,0,0,0,0,0,0,0
12,4,0,0,1,0,0,0,0,2.4205593505519176,3,0,1,1,341.11027195900016,0,6.8357804682419285,0
14,2,0,0,1,0,0,0,0,3.630702095439075,4,0,0,0,0,0,0,0
15,6,1,1,1,0,0,0,0,5.879696010221368,3,0,1,1,151.9731511326387,0,3.008528337278528,0
9,6,1,0,1,0,0,0,0,4.726047570904457,4,0,0,0,0,0,0,0
11,0,0,0,1,0,0,1,1,2.070302687579013,4,0,0,0,0,0,0,0
12,3,0,0,1,0,0,0,0,2.0799164965867765,5,0,0,0,0,0,0,0
10,3,0,0,1,0,0,0,0,4.531203128410768,1,1,0,0,0,0,0,0
7,6,1,0,1,0,0,0,0,3.780936843305013,2,0,1,2,296.93252918653553,0,3.927986976112662,0
18,2,0,2,1,0,0,0,0,2.7431312178255554,3,0,1,1,268.9030358991681,0,9.857925744535407,0
15,4,0,0,1,0,0,0,0,4.197791456889789,4,0,1,1,81.11633100110546,0,0.30473198180647665,0
20,1,0,0,1,0,0,0,0,2.8916321688377264,4,0,0,0,0,0,0,0
4,3,0,0,1,0,0,0,0,5.840277549409006,3,0,1,1,293.7650608320497,0,13.102746808798006,0
20,1,0,0,1,0,0,0,0,2.7297143648383564,4,0,1,1,84.5723686000209,0,2.9591444180325395,0
14,5,1,2,1,0,0,0,0,4.542710159383617,1,0,0,0,0,0,0,0
15,1,0,0,1,0,0,0,0,3.0237954203658357,3,0,0,0,0,0,0,0
6,6,1,3.1056204747160603,1,0,0,0,0,-1.7189427767564573,50,30,1,1,8.49476446851185,1,254.82126371851436,1
9,2,0,0,1,0,0,0,0,4.378777314995973,1,0,0,0,0,0,0,0
17,4,0,0,1,0,1,0,0,5.620492940782079,5,0,0,0,0,0,0,0
7,3,0,0,1,0,0,0,0,4.924118879107574,1,0,0,0,0,0,0,0
15,1,0,0,1,0,0,0,0,4.590364848754007,3,0,1,3,34.746855332354635,0,9.987628764603777,0
7,0,0,0,1,0,0,0,0,3.751386100382454,3,0,0,0,0,0,0,0
13,1,0,1,1,0,0,0,0,2.2985672453757755,4,0,0,0,0,0,0,0
8,0,0,0,1,0,0,1,1,5.651662235743023,2,0,1,1,42.300819204048196,0,2.353557971564154,0
9,0,0,0,1,0,0,0,0,4.270666331422214,1,1,1,2,44.76656190242653,1,9.883127265665127,0
15,0,0,1,1,0,0,0,0,3.1841404010506498,3,0,1,2,306.9419593133203,0,1.0802954421485045,0
10,1,0,0,1,0,0,0,0,2.9348415790220272,6,0,1,1,375.5428593100867,0,5.998846508937316,0
11,0,0,0,1,0,0,0,0,3.335776214025448,2,0,0,0,0,0,0,0
17,1,0,0,1,0,0,0,0,3.1176186614216133,6,0,0,0,0,0,0,0
13,1,0,1,1,0,0,0,0,4.665647740030153,4,0,0,0,0,0,0,0
19,2,0,0,1,0,0,0,0,3.8827577383591927,3,0,1,2,393.9134551545483,0,13.152289241171827,0
9,1,0,0,1,0,0,0,0,4.424157693577211,4,0,1,1,48.93200798148679,0,7.786599692131432,0
15,1,0,0,1,0,0,0,0,4.876347170828916,4,0,0,0,0,0,0,0
11,0,0,1,1,0,0,0,0,5.067786379480579,1,0,0,0,0,0,0,0
10,6,1,1,1,0,0,0,0,5.138252462992924,4,0,1,1,353.82446641873446,0,6.271054039421811,0
13,4,0,0,1,0,1,0,0,2.2242178123509464,4,0,0,0,0,0,0,0
15,4,0,0,1,0,0,0,0,2.857278207708008,3,0,1,1,293.531994197601,0,12.902888706621335,0
8,1,0,2,1,0,0,0,0,5.955150232668206,3,0,0,0,0,0,0,0
6,0,0,0,1,0,0,0,0,5.555873127393401,1,0,1,1,125.89492119386796,0,11.722015093095312,0
19,1,0,1,1,0,0,0,0,4.227995452375605,4,0,0,0,0,0,0,0
7,1,0,1,1,0,0,0,0,5.225636454445135,2,0,0,0,0,0,0,0
7,1,0,0,1,0,0,0,0,2.58932224446287,1,0,1,2,294.4314672905423,0,0.9092038482234279,0
16,1,0,1,1,0,0,0,0,4.622162427572764,1,0,0,0,0,0,0,0
20,3,0,0,1,0,0,0,0,5.79952483739334,2,0,1,1,132.75526694456985,0,2.4922818777772107,0
10,2,0,3,1,0,0,0,0,5.410595257044861,3,1,0,0,0,0,0,0
14,2,0,1,1,0,0,0,0,5.446786609635974,3,0,0,0,0,0,0,0
8,3,0,0,1,0,0,0,0,5.829740857131734,1,0,1,1,150.09265427339884,0,10.99946884619371,0
17,2,0,1,1,0,0,0,0,4.185413098887858,6,0,1,2,128.91564894971697,1,6.296252799625792,0
11,1,0,2,1,0,0,0,0,5.596482512814033,2,2,0,0,0,0,0,0
14,2,0,0,1,0,0,0,0,3.9894955609443286,5,0,0,0,0,0,0,0
8,0,0,0,1,0,0,0,0,3.7127181139025884,1,1,0,0,0,0,0,0
9,2,0,1,1,0,0,0,0,2.121260546974304,2,0,0,0,0,0,0,0
9,0,0,0,1,0,0,0,0,4.407768487485944,4,0,1,1,24.930891332831603,0,9.73634022530063,0
16,1,0,2,1,0,0,0,0,3.6941624094625602,2,0,1,1,131.66007515290772,1,8.627093922363049,0
12,3,0,0,1,0,0,0,0,2.125660406957622,2,0,1,2,173.4934752768792,0,10.963713932729375,0
7,2,0,0,1,0,0,0,0,5.1060264168485325,1,0,1,1,253.8371183222317,0,7.138543614134765,0
17,1,0,0,1,0,1,0,0,5.49885553735576,1,0,1,1,231.91764427571297,0,1.6173743121620676,0
12,1,0,0,1,0,0,0,0,5.116994006650781,1,0,1,1,102.52639633882472,0,5.552504038962138,0
13,3,0,1,1,0,0,0,0,5.772976325405468,5,0,0,0,0,0,0,0
12,4,0,0,1,0,0,1,0,5.622734971217431,1,0,1,3,88.17340849233433,0,1.3921718307438262,0
7,1,0,3,1,0,0,0,0,5.56042353812704,2,0,1,1,331.06655465744427,0,1.4345047776993436,0
10,6,1,0,1,0,0,0,0,4.145818706734309,2,0,1,1,387.4048224534272,1,12.347124861511833,0
13,6,1,2.5877534795157264,1,0,0,0,0,-0.18929948183544365,100,5,0,0,0,0,0,1
18,4,0,0,1,0,0,0,0,5.305123542594928,4,0,1,1,78.29294550027565,0,10.883092438514089,0
11,1,0,0,1,0,0,0,0,2.0450411927138545,3,0,1,1,206.48829119093304,0,0.3836085848062931,0
19,2,0,0,1,0,0,0,0,4.503894447595767,1,1,0,0,0,0,0,0
6,3,0,1,1,0,0,0,0,2.747509233905836,1,0,0,0,0,0,0,0
11,1,0,0,1,0,0,0,0,5.320012925351051,4,0,0,0,0,0,0,0
15,5,1,3,1,0,0,0,0,4.962625835278875,4,0,1,3,242.47687352227715,0,13.204695277125005,0
0,4,0,2.558781903714665,1,0,0,0,0,-1.2925889104792039,20,10,1,1,44.02617333355096,0,245.5191635196185,1
9,0,0,1,1,0,0,0,0,5.5826448227492,3,0,0,0,0,0,0,0
7,1,0,0,1,0,0,0,0,5.342686742740503,1,0,0,0,0,0,0,0
15,3,0,0,1,0,0,0,0,5.8073252142021055,1,0,0,0,0,0,0,0
0,1,0,3,1,0,0,0,0,2.1691877024031188,3,0,1,1,334.4305482715537,0,13.009654393613806,0
8,1,0,1,1,0,0,1,0,4.768196744839232,4,0,0,0,0,0,0,0
19,1,0,1,1,0,0,0,0,2.147928086069885,1,0,1,1,57.17367860134012,0,13.403569421949019,0
17,4,0,0,1,0,0,0,0,2.074966146342583,5,0,1,1,287.8665991656086,0,1.6124272172931753,0
15,6,1,1,1,0,0,0,0,3.132159479926946,3,0,1,1,64.5276638033954,0,8.125371516659676,0
11,1,0,0,1,0,0,1,0,2.4412646448531024,1,0,1,1,29.67490537276645,0,1.6201164974788986,0
16,0,0,0,1,0,0,0,0,2.2418754383528228,4,0,1,1,174.35674982890512,0,1.1539893669450423,0
10,1,0,0,1,0,0,0,0,3.9377158275301167,1,0,0,0,0,0,0,0
14,2,0,0,1,0,0,0,0,4.174584782298236,3,0,0,0,0,0,0,0
16,1,0,0,1,0,0,0,0,5.861367354166092,2,0,0,0,0,0,0,0
13,5,1,1,1,0,0,0,0,2.481127499021733,4,0,1,3,326.06583842927415,0,5.927248590418392,0
7,5,1,1,1,0,0,0,0,3.126453247536943,1,0,1,1,180.71941387575163,0,7.55997668619262,0
8,1,0,3,1,0,0,0,0,4.008742952223052,5,0,0,0,0,0,0,0
9,1,0,0,1,0,0,0,0,4.373482979360235,6,0,0,0,0,0,0,0
8,1,0,1,1,0,0,0,0,5.260383143105594,6,2,0,0,0,0,0,0
18,2,0,0,1,0,0,0,0,5.062760175683365,1,0,0,0,0,0,0,0
20,3,0,1,1,0,0,0,0,5.804901673134166,4,0,1,1,107.05383507599988,0,0.7061472121483268,0
15,3,0,0,1,0,0,0,0,2.439576750886498,4,0,0,0,0,0,0,0
17,2,0,0,1,0,0,0,0,3.9209442720931205,3,0,0,0,0,0,0,0
19,0,0,0,1,0,1,0,0,3.932673914298135,1,0,1,1,299.8185657935459,0,6.764559908918649,0
5,0,0,0,1,0,0,0,0,5.631491599818592,2,0,0,0,0,0,0,0
14,6,1,2,1,0,0,0,0,3.3372421104524297,4,0,0,0,0,0,0,0
20,1,0,0,1,0,0,0,0,3.204044375817435,4,0,0,0,0,0,0,0
10,3,0,1,1,0,0,0,0,2.036371165504915,3,0,0,0,0,0,0,0
14,0,0,1,1,0,0,0,0,2.627265288676155,1,0,1,1,348.10231006926153,0,12.294850771112758,0
19,4,0,0,1,0,0,0,0,3.051694263429598,2,0,0,0,0,0,0,0
13,5,1,0,1,0,0,0,0,2.0486998901629536,4,0,1,1,68.60215500971279,0,5.448677135637622,0
16,4,0,0,1,0,0,0,0,4.154907501059594,3,0,1,1,48.31454942882322,0,9.112053738276217,0
15,1,0,2,1,0,0,0,0,3.0024212359279963,3,0,0,0,0,0,0,0
12,6,1,0,1,0,0,0,0,5.808693286116673,3,0,1,1,146.91956618332165,0,8.30643951941159,0
14,3,0,2,1,0,0,0,0,4.611772092737144,3,0,0,0,0,0,0,0
7,4,0,1,1,0,0,0,0,2.4041791687623864,5,0,1,1,366.80315850082343,0,0.963062075273917,0
12,5,1,0,1,0,0,0,0,3.027315899214121,1,0,0,0,0,0,0,0
15,4,0,0,1,0,0,0,0,2.0761143964989666,1,0,1,1,230.72319208051806,0,11.602460747092529,0
8,2,0,0,1,0,0,0,0,4.7654498979260715,5,0,1,1,79.64369572426337,0,6.32889896920091,0
16,3,0,3,1,0,0,0,0,5.626068746295602,6,1,1,1,115.3175814144179,0,10.37248039579094,0
14,0,0,1,1,0,0,0,0,5.781310801026943,1,0,1,1,341.31949468022674,0,12.941649831786938,0
3,6,1,0.38586909157351235,1,0,0,0,0,-0.3842090228830246,100,10,0,0,0,0,0,1
11,2,0,1,1,0,0,0,0,2.2154993093707707,1,1,0,0,0,0,0,0
8,2,0,1,1,0,0,0,0,5.650139704545189,3,0,0,0,0,0,0,0
17,1,0,0,1,0,0,0,0,3.4064961642140332,3,0,0,0,0,0,0,0
16,2,0,0,1,0,0,0,0,5.039061339876493,5,0,0,0,0,0,0,0
7,1,0,3,1,0,0,0,0,3.576363400889446,3,0,1,1,196.03967822804245,0,12.410916733205767,0
15,1,0,0,1,0,0,0,0,3.7185724027409446,2,0,1,1,237.08238514072727,0,6.7947306561190715,0
15,4,0,3,1,0,0,0,0,4.8874686372705085,4,0,0,0,0,0,0,0
11,3,0,1,1,0,0,0,0,5.507258103060473,5,0,0,0,0,0,0,0
7,4,0,0,1,0,0,1,0,2.0628558935817907,1,0,0,0,0,0,0,0
11,0,0,0,1,0,1,0,0,5.009724393222308,3,0,0,0,0,0,0,0
15,4,0,0,1,0,0,0,0,4.37619666087406,3,0,0,0,0,0,0,0
15,6,1,1,1,0,0,1,0,5.480284835213543,5,0,1,2,182.70380222546976,0,8.209036360123964,0
3,2,0,0,1,0,0,0,0,3.0327214232019077,3,0,1,1,176.5465257357058,0,12.313364493393848,0
17,6,1,2,1,0,0,0,0,5.72615015538147,2,0,0,0,0,0,0,0
13,4,0,2,1,0,0,0,0,4.823118597384317,1,0,0,0,0,0,0,0
10,4,0,1,1,0,0,0,0,3.0878234873298176,1,0,1,1,73.98847281026757,0,6.524771574113265,0
23,4,0,3,1,0,0,0,0,3.682075877452041,5,0,1,2,43.03791223046518,0,5.307294264246772,0
2,1,0,0,1,0,0,0,0,2.3433441874288095,5,0,0,0,0,0,0,0
14,3,0,0,1,0,0,0,0,4.156606811882295,4,0,0,0,0,0,0,0
15,0,0,0,1,0,0,0,0,5.067758721440505,1,0,1,1,112.24831831683588,0,13.54943752381622,0
18,1,0,1,1,0,0,0,0,5.10967447257619,2,0,0,0,0,0,0,0
17,3,0,0,1,0,0,0,0,4.476449099063723,1,0,0,0,0,0,0,0
21,0,0,0,1,0,0,0,0,5.9405875935384636,4,0,0,0,0,0,0,0
9,4,0,1,1,0,0,0,0,3.808308097407366,6,0,0,0,0,0,0,0
0,1,0,0,1,0,0,0,0,5.360440235122621,1,0,1,1,152.47425841584834,0,7.723405566242761,0
17,3,0,0,1,0,0,0,0,5.89723771362903,2,1,1,1,295.5714668315497,0,13.243660641475255,0
10,0,0,1,1,0,0,0,0,2.054974506874133,6,0,1,1,75.36578175004765,1,7.040505796275841,0
12,5,1,0,1,0,0,0,0,5.677074029554197,2,1,1,1,275.21087766245086,0,8.904995146253057,0
10,1,0,0,1,0,0,0,0,3.7259162053274832,4,0,0,0,0,0,0,0
10,2,0,1,1,0,0,0,0,2.0859341144998687,3,0,1,1,100.93875539630903,0,3.62394130213592,0
14,3,0,0,1,0,0,1,0,4.928591978811481,5,0,0,0,0,0,0,0
17,1,0,0,1,0,0,0,0,5.7766549795978825,2,0,0,0,0,0,0,0
8,1,0,1,1,0,0,0,0,2.0829264954741107,3,0,0,0,0,0,0,0
1,2,0,1,1,0,0,0,0,4.6216968098420015,3,0,0,0,0,0,0,0
9,5,1,0,1,0,0,0,0,3.8081707409815895,5,0,0,0,0,0,0,0
13,3,0,0,1,0,0,0,0,2.3051193302794637,1,0,0,0,0,0,0,0
16,3,0,0,1,0,0,0,0,4.415589407800674,4,0,1,1,317.7426588018216,0,11.986711773312432,0
15,3,0,2,1,0,0,0,0,4.3120207458161595,2,0,1,3,239.67944294037633,0,12.581606824889905,0
10,2,0,0,1,0,0,0,0,2.0985076664234756,2,2,1,1,108.76920420359967,0,5.526783995151056,0
11,0,0,0,1,0,0,0,0,2.3978489423496705,3,0,1,2,23.907504620938724,0,5.795943686058688,0
12,3,0,0,1,0,1,0,0,3.3139004597788833,2,0,1,3,256.42319503637145,0,9.25890723400139,0
15,4,0,0,1,0,0,0,0,2.0438872037521034,2,0,0,0,0,0,0,0
7,1,0,2,1,0,0,0,0,3.794005604813118,5,0,0,0,0,0,0,0
20,2,0,0,1,0,0,0,0,3.1353096455194334,2,0,0,0,0,0,0,0
9,0,0,0,1,0,0,0,0,2.6344218604181644,4,0,0,0,0,0,0,0
17,1,0,0,1,0,0,0,0,4.255226963296748,2,0,0,0,0,0,0,0
1,2,0,0,1,0,0,0,0,3.477954946854999,4,0,1,2,23.84646077069357,0,5.67173390887702,0
14,3,0,0,1,0,0,1,0,5.059939874498315,4,0,0,0,0,0,0,0
17,3,0,1,1,0,0,0,0,5.01887535137157,2,0,0,0,0,0,0,0
16,6,1,4.224152651557485,0,0,1,1,0,3.408411895086046,3,1,1,1,0.14535418133088854,1,0.18419093384587615,1
15,3,0,0,1,0,0,0,0,4.6437306740200235,6,0,0,0,0,0,0,0
10,1,0,0,1,0,0,0,0,2.5107220383492095,1,0,1,1,249.32546839638357,0,0.9119273382020685,0
23,2,0,1,1,0,0,0,0,5.129631185703802,1,0,0,0,0,0,0,0
15,4,0,1,1,0,0,0,0,5.492544405397943,1,0,0,0,0,0,0,0
15,4,0,1,1,0,0,0,0,5.594519117650503,4,0,1,2,254.33224703303637,0,3.705638743213703,0
9,2,0,0,1,0,0,0,0,3.1442680014909237,1,0,0,0,0,0,0,0
22,2,0,0,1,0,0,0,0,4.913755847935384,4,0,1,2,105.98142538612828,0,10.213979804922987,0
5,0,0,0,1,0,0,0,0,4.448060658896583,6,0,1,1,347.88895952084516,0,4.9815663395413,0
7,0,0,0,1,0,0,0,0,5.826946959124232,6,1,1,1,196.69266541199792,0,6.622485917245255,0
3,3,0,3,1,0,0,0,0,5.128211461599852,2,0,0,0,0,0,0,0
10,4,0,0,1,0,0,0,0,4.370304609707057,3,0,0,0,0,0,0,0
21,1,0,1,1,0,0,0,0,4.708823236706526,4,0,0,0,0,0,0,0
16,2,0,0,1,0,0,0,0,5.362369905736655,5,0,1,1,145.4733663036554,0,1.090360684470629,0
7,2,0,0,1,0,0,0,0,4.074375545757399,1,0,0,0,0,0,0,0
11,0,0,0,1,0,0,0,0,3.919567512602147,2,0,0,0,0,0,0,0
13,3,0,1,1,0,0,0,0,2.187389576434354,1,0,0,0,0,0,0,0
2,6,1,5.079464566817446,0,1,2,1,1,0.3113571185110273,2,0,0,0,0,0,0,1
17,1,0,0,1,0,0,0,0,3.009877445456847,1,0,0,0,0,0,0,0
15,2,0,1,1,0,0,0,0,4.257324725354677,3,0,0,0,0,0,0,0
14,4,0,0,1,0,0,0,0,4.407490876268963,2,0,0,0,0,0,0,0
9,4,0,1,1,0,0,0,0,4.451246314221631,2,0,1,1,330.10962423544134,0,2.9435151496812915,0
12,1,0,0,1,0,1,0,0,4.302892798865832,4,0,1,1,343.14079072953416,0,6.726167974286885,0
4,3,0,0,1,0,0,0,0,5.586625006789429,1,0,1,1,287.3882681038304,0,5.538781154831246,0
15,4,0,0,1,0,0,1,0,4.565839524891881,4,0,1,1,157.0027222975243,0,7.088370768818154,0
17,6,1,0,1,0,0,0,0,3.430999995666236,5,0,0,0,0,0,0,0
16,1,0,0,1,0,0,0,0,5.503565973873042,6,0,0,0,0,0,0,0
10,6,1,0,1,0,0,0,0,4.452397605322162,4,0,0,0,0,0,0,0
14,2,0,0,1,0,0,0,0,2.9050893959064075,1,0,1,1,265.68438156020545,0,9.327189260852416,0
19,0,0,3,1,0,1,1,1,3.9318052999160464,3,0,1,2,362.8203547229832,0,9.780762256765021,0
16,4,0,0,1,0,0,0,0,3.5719121894375587,3,0,0,0,0,0,0,0
17,3,0,1,1,0,0,0,0,3.53221509309101,5,0,0,0,0,0,0,0
8,6,1,0,1,0,0,0,0,4.954659713073617,1,0,1,2,119.16611482173093,0,13.72332515392644,0
17,0,0,3,1,0,0,0,0,2.3955109170613995,3,0,0,0,0,0,0,0
13,6,1,1,1,0,0,0,0,2.2827924068819043,3,0,0,0,0,0,0,0
8,1,0,1,1,0,0,0,0,4.718849477159713,2,0,0,0,0,0,0,0
11,0,0,2,1,0,0,0,0,3.4852173860644213,3,0,1,1,72.53747317262699,0,8.514357787476628,0
13,4,0,1,1,0,0,0,0,3.2737665298111787,1,0,1,3,22.846611441901807,0,8.240562287154622,0
7,1,0,2,1,0,0,0,0,4.005832992344459,3,0,0,0,0,0,0,0
21,4,0,0,1,0,0,0,0,3.895793715435751,2,0,1,1,54.01133180051384,0,9.927973596520088,0
17,2,0,0,1,0,0,0,0,5.389726861872379,2,0,1,1,393.7930728081909,0,4.065611530060222,0
8,0,0,0,1,0,0,0,0,4.7434683214923945,4,0,1,1,337.8847128004677,0,2.205718205063641,0
5,3,0,0,1,0,0,0,0,4.2288986122807275,3,2,1,1,249.39233920147234,0,13.841202383073991,0
9,2,0,0,1,0,0,0,0,4.669485743399961,3,0,1,1,360.8774658050239,1,3.179067486111121,0
16,3,0,0,1,0,0,0,0,4.254123521052753,2,0,1,3,48.06963815757821,0,10.993562953837076,0
16,0,0,0,1,0,0,0,0,2.1391426603917667,3,0,1,2,362.0937795795958,0,6.471972552381998,0
17,4,0,0,1,0,0,1,0,5.195968007896324,1,0,0,0,0,0,0,0
15,6,1,1,1,0,0,0,0,3.4745578079203114,6,0,0,0,0,0,0,0
14,3,0,0,1,0,0,0,0,3.8613390345616443,1,0,1,1,379.9378187349644,0,1.3264258334143186,0
16,0,0,2,1,0,0,0,0,4.164215688682675,3,0,1,1,302.920171077282,0,12.14207172584221,0
19,4,0,0,1,0,0,0,0,2.8569472294817544,1,1,1,1,316.8630977762308,0,2.665738801066288,0
14,6,1,0,1,0,0,0,0,2.599668319732659,3,0,0,0,0,0,0,0
10,1,0,0,1,0,0,0,0,4.473997469696119,3,0,0,0,0,0,0,0
11,0,0,0,1,0,0,0,0,5.654434757137787,1,0,0,0,0,0,0,0
10,2,0,0,1,0,0,0,0,5.989597686629182,5,0,1,2,186.61238065986973,0,7.792276058165907,0
13,3,0,2,1,0,0,0,0,2.6877247034504888,2,0,1,1,260.5699510520044,0,6.792585782628561,0
11,2,0,0,1,0,0,1,0,2.8583817182364424,1,0,0,0,0,0,0,0
4,0,0,0,1,0,0,0,0,4.184273508611831,5,0,0,0,0,0,0,0
2,3,0,0,1,0,0,0,0,4.269476049394737,4,0,1,1,15.43101916117957,0,12.856602610847624,0
9,2,0,0,1,0,0,0,0,5.025517094190416,4,0,1,1,92.8430469207533,0,4.676381053838146,0
9,5,1,0,1,0,0,0,0,3.5771900585919147,3,0,0,0,0,0,0,0
12,2,0,0,1,0,0,0,0,2.6170298763900557,5,0,0,0,0,0,0,0
9,2,0,0,1,0,0,0,0,5.964879182513895,1,0,0,0,0,0,0,0
16,3,0,0,1,0,0,0,0,5.21197555375152,3,0,1,2,262.2462596791346,0,3.9639643448625,0
13,3,0,0,1,0,0,0,0,2.178401977477243,3,0,1,1,193.12693775324803,0,0.7387655817748788,0
12,2,0,0,1,0,0,0,0,3.5194154665544266,3,0,0,0,0,0,0,0
8,3,0,1,1,0,0,0,0,3.325976302937083,2,0,1,2,21.809894997002946,0,4.242769348273352,0
10,0,0,0,1,0,0,0,0,4.849680881848127,3,0,0,0,0,0,0,0
11,0,0,0,1,0,0,0,0,5.986517499006817,6,0,0,0,0,0,0,0
14,1,0,0,1,0,0,0,0,5.440725605910749,3,0,0,0,0,0,0,0
7,2,0,0,1,0,0,0,0,4.557160591258382,6,0,1,1,360.0152853484729,0,1.5396247936664433,0
10,2,0,0,1,0,0,0,0,3.3037319464117347,6,0,1,1,44.17858971992999,0,7.891662621818609,0
8,0,0,1,1,0,0,0,0,2.2626866555981424,1,0,0,0,0,0,0,0
1,3,0,2,1,0,0,0,0,5.932998112220762,2,0,0,0,0,0,0,0
1,4,0,0,1,0,0,0,0,2.3965044091712646,3,0,1,1,195.2415649961085,0,5.854027949935945,0
14,0,0,0,1,0,0,0,0,4.655641237921417,2,0,0,0,0,0,0,0
5,2,0,8.973319328960436,1,0,0,1,1,0.8412239198351847,1,0,1,1,0.09824054791462924,1,0.0603551977016404,1
7,0,0,1,1,0,0,0,0,4.506122149100877,3,0,0,0,0,0,0,0
9,3,0,0,1,0,0,0,0,5.082410393052591,1,0,1,1,224.47755354018685,0,8.842142822806311,0
9,0,0,0,1,0,0,0,0,5.206894977602701,4,0,0,0,0,0,0,0
8,3,0,1,1,0,0,0,0,4.904778659408759,5,0,0,0,0,0,0,0
14,3,0,0,1,0,0,0,0,2.538458676503899,3,0,0,0,0,0,0,0
9,4,0,1,1,0,0,0,0,3.9332589668481073,5,0,1,1,199.33052910770917,0,1.3215916152124287,0
16,4,0,1,1,0,0,0,0,3.8528028022891396,1,0,1,2,384.29056598066256,0,10.75703971330118,0
20,2,0,2,1,0,0,0,0,4.774934359382771,5,0,0,0,0,0,0,0
8,4,0,0,1,0,0,0,0,5.672813820466388,2,2,1,2,358.7376564197733,0,12.929940278186896,0
13,3,0,1,1,0,0,0,0,5.139646560413439,3,0,1,1,259.2177214352827,0,7.407940744832836,0
12,4,0,5.608450280218644,0,1,3,1,1,2.64591935056752,3,0,1,1,68.58775666923044,1,186.88649587625727,1
17,3,0,2,1,0,0,0,0,2.431453976066329,3,0,0,0,0,0,0,0
6,4,0,0,1,0,0,0,0,2.824521707960877,1,0,0,0,0,0,0,0
18,2,0,0,1,0,0,0,0,5.236580862810115,2,0,0,0,0,0,0,0
7,5,1,0,1,0,0,0,0,3.9076293039095424,3,0,1,1,14.756032734826858,0,6.563055863247377,0
1,5,1,1,1,0,0,0,0,5.034691839406258,3,0,1,1,234.88338682738262,0,13.554611791879386,0
6,2,0,1,1,0,0,1,0,2.03623143645154,4,0,0,0,0,0,0,0
12,5,1,0,1,0,0,0,0,3.4216112777434384,3,0,1,1,20.204842424736864,0,10.380761825302635,0
16,4,0,2,1,0,0,0,0,5.329462188687097,4,0,0,0,0,0,0,0
11,1,0,1,1,0,0,0,0,5.084183734567457,1,0,0,0,0,0,0,0
13,1,0,0,1,0,0,1,1,5.385950114459911,1,0,0,0,0,0,0,0
16,3,0,1,1,0,0,0,0,2.895237289896372,3,0,1,1,15.4627545776309,0,10.99226444182254,0
8,0,0,1,1,0,0,0,0,5.237650409335139,2,0,1,1,322.3070278285542,0,5.654005081885318,0
9,5,1,1,1,0,0,0,0,4.100631546534171,4,0,1,3,259.6005789937045,0,9.97045292198143,0
11,3,0,1,1,0,0,0,0,2.112209464323706,2,0,0,0,0,0,0,0
8,6,1,0,1,0,0,0,0,4.770360176160629,4,0,0,0,0,0,0,0
16,5,1,3,1,0,0,0,0,3.266289421457205,1,0,0,0,0,0,0,0
15,2,0,0,1,0,0,0,0,4.4874871220054535,2,0,0,0,0,0,0,0
15,0,0,0,1,0,0,0,0,4.279202105274045,6,0,1,2,351.5850460043549,0,10.744981465649166,0
4,4,0,3.0584075844920147,1,0,0,0,1,-0.40794771884747716,20,10,0,0,0,0,0,1
10,2,0,3,1,0,0,0,0,4.250537350666431,3,0,0,0,0,0,0,0
9,0,0,0,1,0,0,0,0,3.3575831322171426,4,0,0,0,0,0,0,0
11,4,0,0,1,0,0,0,0,4.692707496075245,5,0,0,0,0,0,0,0
12,5,1,0,1,0,0,0,0,2.443317303150638,1,0,0,0,0,0,0,0
21,2,0,0,1,0,0,0,0,4.109964567125018,5,0,0,0,0,0,0,0
16,2,0,1,1,0,0,0,0,2.063446541547665,3,1,1,2,185.05728627481136,0,4.788459556844323,0
8,2,0,0,1,0,0,0,0,3.631676880558087,3,0,1,1,324.07922613691136,0,4.507087632386174,0
1,4,0,0,1,0,0,0,0,4.200253421528491,2,0,1,1,100.84470405341878,0,11.955778174737187,0
9,1,0,3,1,0,0,0,0,5.765592390696856,3,0,1,1,193.7202774379456,0,6.19893312409236,0
11,2,0,0,1,0,0,0,0,2.752907352311062,2,1,1,1,399.0180326020417,0,1.8798842740240576,0
16,6,1,0,1,0,1,0,0,2.0771107409284926,2,0,1,1,24.338645187312235,0,2.5148511446202653,0
9,1,0,0,1,0,0,0,0,4.81028324400377,1,0,0,0,0,0,0,0
18,3,0,1,1,0,0,0,0,4.566050205052855,1,0,0,0,0,0,0,0
14,3,0,0,1,0,0,0,0,2.7968679964355694,2,0,0,0,0,0,0,0
12,4,0,0,1,0,0,0,0,2.460088425597931,2,0,1,1,279.3842561758277,0,13.950199945630064,0
4,0,0,0,1,0,0,0,0,4.121022156942738,2,0,0,0,0,0,0,0
6,1,0,0,1,0,0,0,0,2.7895132283718396,3,0,0,0,0,0,0,0
8,4,0,1,1,0,0,0,0,2.8724945422737553,3,0,0,0,0,0,0,0
15,5,1,0,1,0,0,0,0,3.9627178155821388,2,0,1,2,222.48968476933896,0,13.358174842966037,0
5,3,0,4.960864603422431,0,1,2,1,1,-0.10107097695514522,2,0,0,0,0,0,0,1
14,3,0,0,1,0,0,0,0,4.800026046289309,1,0,0,0,0,0,0,0
17,3,0,0,1,0,0,0,0,3.8853353845395016,2,0,0,0,0,0,0,0
17,1,0,1,1,0,0,0,0,5.824240026299625,4,0,0,0,0,0,0,0
9,1,0,1,1,0,0,0,0,2.0118182310972657,1,0,1,1,96.26041519292659,0,1.1901865618209087,0
11,2,0,0,1,0,0,1,0,2.889490002945257,1,0,1,1,207.03091809957667,0,11.462279582225635,0
9,3,0,2,1,0,0,0,0,3.3302892275916918,6,0,0,0,0,0,0,0
23,1,0,1,1,0,0,0,0,5.016932816238105,5,0,0,0,0,0,0,0
13,0,0,1,1,0,0,0,0,3.824860854120042,3,0,1,1,232.09031512386292,0,2.020411247517758,0
21,3,0,0,1,0,0,0,0,3.627849827163783,1,0,1,2,243.36962871438183,0,0.8225836612627884,0
16,4,0,0,1,0,0,0,0,2.857928181425518,4,0,1,1,316.686167994666,0,7.090727264950322,0
8,0,0,1.2208353165770935,1,0,0,0,1,-1.7575688003694496,10,15,1,1,73.1591645608847,0,35.6167900932022,1
11,0,0,0,1,0,0,0,0,4.893912386002323,4,0,0,0,0,0,0,0
2,3,0,0,1,0,0,0,0,5.744984781644001,4,0,0,0,0,0,0,0
19,6,1,0,1,0,0,0,0,2.662417608518549,5,0,1,2,335.5085012873328,0,4.567485708979685,0
8,3,0,0,1,0,0,0,0,5.527116463478061,3,0,0,0,0,0,0,0
6,4,0,1,1,0,0,0,0,4.667802231576147,3,0,1,1,20.596175757617594,0,13.564397099258606,0
14,1,0,0,1,0,0,0,0,3.317212351968398,1,0,1,1,339.2318031965999,0,4.9521973567185675,0
3,1,0,0,1,0,0,0,0,3.1163699285559128,3,0,1,1,31.144402344801268,0,2.581975156359073,0
12,4,0,0,1,0,0,0,0,2.2757069751297663,3,1,1,1,289.80160970133534,0,9.4527798251194,0
18,3,0,1,1,0,0,0,0,3.7641779250524046,3,0,0,0,0,0,0,0
7,5,1,1,1,0,1,0,0,4.441317808520639,2,0,0,0,0,0,0,0
16,2,0,1,1,0,0,0,0,4.550907094278792,2,0,1,3,285.8338923465997,0,4.7897237872325205,0
15,0,0,0,1,0,0,0,0,2.7117937882333583,3,0,0,0,0,0,0,0
14,3,0,0,1,0,0,0,0,5.7388250309457085,2,0,0,0,0,0,0,0
11,3,0,0,1,0,0,0,0,2.6256736579273716,2,1,0,0,0,0,0,0
12,1,0,0,1,0,0,0,0,2.2870082791677255,2,0,1,1,70.48361126999117,0,1.5392435697036149,0
10,4,0,2,1,0,0,0,0,2.305440095240856,2,0,1,1,242.61827803877574,0,6.96850755135458,0
18,0,0,0,1,0,0,0,0,5.908623327172323,3,0,0,0,0,0,0,0
13,2,0,0,1,0,0,0,0,3.3190509126115657,2,0,0,0,0,0,0,0
17,4,0,1,1,0,0,0,0,2.653409601025462,1,0,1,1,50.05934755170724,0,4.569011241654367,0
10,4,0,1,1,0,0,0,0,2.703727762230291,1,0,0,0,0,0,0,0
6,3,0,1,1,0,0,1,0,2.8766430213283245,3,0,0,0,0,0,0,0
9,0,0,1,1,0,0,0,0,3.685840725122037,6,0,1,1,17.940242289205884,0,8.782238902799858,0
17,0,0,0,1,0,0,0,0,4.422171886371311,5,0,1,1,68.46834025727631,0,8.535780746394211,0
16,4,0,2,1,0,0,0,0,3.512377618116933,5,0,0,0,0,0,0,0
19,3,0,0,1,0,0,0,0,4.76372178057466,3,0,0,0,0,0,0,0
8,1,0,0,1,0,0,0,0,2.1353859305586713,3,0,0,0,0,0,0,0
12,1,0,0,1,0,0,0,0,5.487023103320054,4,0,0,0,0,0,0,0
17,4,0,0,1,0,0,0,0,5.886418819893553,3,1,1,2,55.086894757482746,0,5.347733685666235,0
9,5,1,0,1,0,0,0,0,4.177981855951899,1,0,1,1,47.98118082144259,0,1.9703447057749468,0
18,3,0,2,1,0,0,0,0,5.483290891716972,2,0,0,0,0,0,0,0
16,5,1,1,1,0,0,0,0,2.7402362874986617,5,0,1,1,245.9686507384074,0,6.6350916477542965,0
10,4,0,0,1,0,0,0,0,2.7634595485703173,5,0,0,0,0,0,0,0
13,4,0,0,1,0,0,1,0,2.3025545647001953,3,0,0,0,0,0,0,0
11,1,0,0,1,0,0,0,0,5.179970198832947,1,0,0,0,0,0,0,0
10,0,0,0,1,0,0,0,0,4.708733507956287,2,2,0,0,0,0,0,0
14,6,1,1,1,0,0,0,0,5.774212334297274,1,0,1,1,347.9979674089237,0,11.4441348231058,0
8,6,1,0,1,0,0,0,0,3.6862516520391395,2,0,1,2,15.167028641626903,0,12.683504301404964,0
9,6,1,0,1,0,0,0,0,2.052251225927029,2,0,0,0,0,0,0,0
17,3,0,0,1,0,0,0,0,4.428543689919705,5,0,1,1,366.3645935919778,0,9.800749456909028,0
12,4,0,0,1,0,0,0,0,3.8181712852819483,2,0,1,2,100.81865414833683,0,12.18957907106893,0
7,2,0,0,1,0,0,0,0,2.7228079499128515,2,0,1,1,260.9092405407557,0,7.239720766151897,0
22,2,0,3,1,0,0,1,1,5.6610824239406075,2,0,1,1,341.7254368780461,0,9.520691214392164,0
17,4,0,2.3126214479304585,0,1,4,1,1,-0.5152487113741366,2,1,0,0,0,0,0,1
13,4,0,2,1,0,0,0,0,2.536298473653402,2,0,1,1,111.91142749779814,0,3.1936592329577547,0
12,2,0,0,1,0,0,0,0,2.953417946136241,4,0,1,2,110.07719965098751,0,1.2218159761813112,0
11,2,0,0,1,0,0,0,0,3.355314538113868,2,0,0,0,0,0,0,0
2,0,0,0,1,0,1,0,0,3.5976730098041907,1,0,1,1,242.87374515214987,0,1.3278468566346986,0
14,2,0,0,1,0,0,0,0,4.067475554841989,1,0,0,0,0,0,0,0
6,2,0,0,1,0,0,1,0,5.725957593571096,2,0,1,2,174.76350718354965,0,12.048864253616479,0
8,0,0,0,1,0,0,0,0,4.779904533664685,1,0,0,0,0,0,0,0
9,3,0,1,1,0,0,0,0,3.033101366363765,5,0,0,0,0,0,0,0
10,2,0,0,1,0,0,0,0,3.38184307903023,3,0,1,1,186.63256439921483,0,5.813136815312913,0
15,2,0,3,1,0,0,0,0,2.5271811214958477,4,0,0,0,0,0,0,0
15,2,0,0,1,0,0,0,0,3.040546350592746,5,0,0,0,0,0,0,0
19,2,0,1,1,0,0,0,0,5.041547570451586,6,0,0,0,0,0,0,0
13,3,0,0,1,0,0,0,0,5.96826400791886,2,1,0,0,0,0,0,0
17,1,0,0,1,0,0,0,0,4.801474143269701,2,0,1,1,122.7463022374165,0,9.888735716262131,0
16,3,0,1,1,0,0,1,1,4.454293122141859,3,0,1,2,117.23482190948671,0,9.837782820118466,0
12,1,0,0,1,0,0,0,0,2.7482399000449087,3,0,0,0,0,0,0,0
21,3,0,1,1,0,0,0,0,5.228211849998191,1,0,0,0,0,0,0,0
21,2,0,2,1,0,0,0,0,2.744060329833796,3,0,0,0,0,0,0,0
12,2,0,1,1,0,0,0,0,4.287138412206909,3,0,0,0,0,0,0,0
14,0,0,0,1,0,0,0,0,4.9807947711710625,3,0,1,2,399.4235041785397,0,1.7906448804305009,0
8,1,0,0,1,0,0,0,0,2.8996298116965997,3,0,1,1,244.7129531799908,0,10.61906176531397,0
8,6,1,0,1,0,0,0,0,4.853207513403211,1,0,1,2,84.29809737527789,0,11.444540591015517,0
14,0,0,0,1,0,0,0,0,4.703982034586777,2,0,1,1,294.75767843796126,0,3.958773837741758,0
7,3,0,1,1,0,0,0,0,4.948014310010361,3,0,1,1,264.7669378380154,0,11.433860882319912,0
18,4,0,1,1,0,0,0,0,5.3961699738310696,2,0,1,1,80.4303027386853,0,12.097330025929399,0
8,6,1,2,1,0,0,0,0,4.492978281897766,3,0,0,0,0,0,0,0
11,4,0,0,1,0,0,0,0,4.683609400410198,4,0,1,1,15.676897030696,0,1.9364560869778082,0
12,0,0,0,1,0,0,0,0,3.200665553990616,1,0,0,0,0,0,0,0
2,1,0,2,1,0,0,0,0,4.18890586813102,2,0,0,0,0,0,0,0
9,5,1,0,1,0,0,1,0,4.283151244538094,2,0,1,1,356.52393143521175,0,9.538372827609498,0
20,0,0,0,1,0,0,0,0,3.0893928492592653,3,0,0,0,0,0,0,0
12,4,0,0,1,0,0,0,0,5.481479625127008,6,0,0,0,0,0,0,0
6,5,1,3,1,0,0,0,0,5.793708783559962,3,0,0,0,0,0,0,0
17,2,0,2,1,0,1,0,0,3.1270869308151017,2,0,1,2,323.2860605224974,0,3.5000449622460987,0
14,2,0,3,1,0,0,0,0,5.287577279211685,2,0,0,0,0,0,0,0
17,2,0,1,1,0,0,0,0,5.074607896406514,1,0,0,0,0,0,0,0
7,3,0,0,1,0,0,0,0,4.167745613860944,3,0,1,1,52.87139608446773,0,6.994031699810305,0
19,0,0,0,1,0,0,0,0,2.7609323055293387,3,0,1,1,85.00420322673035,0,0.962923749205016,0
10,5,1,1,1,0,0,0,0,5.196781676758168,1,0,1,1,269.7913757448439,0,8.888146952276298,0
12,5,1,3,1,0,0,0,0,4.546839140184537,6,0,1,2,81.38837770772575,0,10.147326419407422,0
14,1,0,1,1,0,0,1,0,4.056086556541889,1,0,0,0,0,0,0,0
16,4,0,1,1,0,0,0,0,3.2273591440077944,2,0,0,0,0,0,0,0
13,4,0,0,1,0,0,0,0,5.802028794839462,1,0,1,3,56.98562308863319,0,6.887149808148943,0
17,3,0,0,1,0,0,0,0,5.152480786604775,2,0,1,1,210.84175522917027,0,1.0097263788155433,0
11,1,0,2,1,0,0,0,0,4.400518507076194,3,0,1,1,269.9037297378984,0,8.926358771334032,0
13,2,0,1,1,0,0,0,0,5.8405718555229225,2,0,1,1,208.5651885365605,0,13.721902953636715,0
18,4,0,2,1,0,0,0,0,3.0103909934307436,4,1,1,2,266.4628930929814,0,0.020617774098992125,0
9,3,0,0,1,0,0,0,0,2.958162769982537,1,0,0,0,0,0,0,0
8,4,0,1,1,0,0,0,0,2.1992691350581977,5,1,1,1,47.833106823356914,0,10.451161877667595,0
19,6,1,1,1,0,0,0,0,5.81511537129173,4,0,0,0,0,0,0,0
9,0,0,0,1,0,0,0,0,4.853874862403968,3,0,0,0,0,0,0,0
15,6,1,2.5063636700257916,1,0,0,1,0,-1.0878339232673406,20,30,0,0,0,0,0,1
7,4,0,0,1,0,0,0,0,3.4950780516756015,5,0,0,0,0,0,0,0
1,3,0,0,1,0,0,0,0,5.755606893708173,1,0,1,1,28.189629944477673,0,8.644939990338342,0
9,1,0,1,1,0,0,0,0,4.011848044468902,3,0,1,1,110.30109905111325,0,2.4829287369391597,0
15,4,0,1,1,0,1,0,0,5.189279220689139,6,0,0,0,0,0,0,0
11,4,0,1,1,0,0,0,0,2.2335104224116584,3,0,1,1,257.4076761879212,0,9.014786939713495,0
10,4,0,1,1,0,0,0,0,2.2686097113767802,6,0,0,0,0,0,0,0
18,0,0,0,1,0,0,0,0,5.712483192392833,3,0,0,0,0,0,0,0
10,3,0,0,1,0,0,0,0,2.9900481540151023,2,0,1,2,57.55803056386025,0,5.86936837888453,0
13,1,0,1,1,0,0,0,0,5.378621232645817,3,0,0,0,0,0,0,0
12,6,1,0,1,0,0,0,0,2.3550126562878804,1,0,1,2,163.50788105277607,0,5.30840884984916,0
0,0,0,0,1,0,0,0,0,3.5830626952529827,4,0,1,1,50.9781888732254,0,1.7065254071194718,0
15,0,0,0,1,0,0,0,0,5.631573443476085,3,0,0,0,0,0,0,0
15,5,1,0,1,0,0,0,0,3.3797124922430077,1,0,0,0,0,0,0,0
7,0,0,0,1,0,0,0,0,3.6125508255070318,3,0,1,2,197.0137879399632,0,0.9105621188779096,0
15,3,0,0,1,0,0,0,0,2.2140138481606813,3,0,0,0,0,0,0,0
13,4,0,0,1,0,0,0,0,2.8936065230629247,1,0,1,3,203.80338070522083,0,3.891715731389763,0
10,1,0,4.346071047645104,0,1,3,1,1,1.5981561864471279,1,0,1,1,10.777784211315156,0,236.99281545947923,1
14,4,0,1,1,0,0,0,0,5.093011212083107,3,0,1,1,48.97319907007611,0,2.312407767708515,0
19,2,0,1,1,0,0,0,0,4.806022141433285,3,0,0,0,0,0,0,0
14,2,0,2,1,0,0,0,0,3.816087861516754,1,0,1,1,154.36650032425104,0,12.150023018469607,0
8,6,1,2.7170930609187463,0,1,5,1,1,0.018518224632640745,1,1,0,0,0,0,0,1
3,0,0,7.82999829424846,1,0,1,1,0,5.006852098128417,1,0,0,0,0,0,0,1
10,2,0,0,1,0,0,0,0,5.589401716696864,3,0,0,0,0,0,0,0
15,0,0,0,1,0,0,0,0,2.4139339597664495,4,0,1,1,26.810316589316606,0,6.88344812135963,0
21,0,0,0,1,0,0,0,0,4.140334800865279,2,0,0,0,0,0,0,0
14,2,0,0,1,0,0,0,0,3.7502842285416658,2,0,0,0,0,0,0,0
10,0,0,0,1,0,0,0,0,3.660743478490128,3,0,0,0,0,0,0,0
14,1,0,0,1,0,0,0,0,2.9985066800675,5,0,0,0,0,0,0,0
6,3,0,9.646074736186682,0,1,0,1,0,3.706607231093487,1,1,1,1,0.03694929633115512,1,0.1214059920210851,1
19,4,0,1,1,0,0,0,0,5.339295958923607,3,0,1,1,29.585458780265906,0,6.231990857936777,0
21,0,0,3,1,0,0,0,0,5.713896696610046,6,0,1,1,146.20746134138165,0,5.403277985979867,0
13,2,0,1,1,0,0,0,0,3.34942953196836,3,0,1,1,225.87686141076182,0,8.628643808033885,0
7,0,0,0,1,0,0,0,0,4.943301851150407,1,2,0,0,0,0,0,0
21,0,0,0,1,0,1,0,0,5.42358668525032,3,0,0,0,0,0,0,0
8,3,0,1,1,0,0,0,0,4.1733042520610635,2,0,1,1,165.620397222891,0,7.913892583568872,0
9,2,0,1,1,0,0,0,0,4.113284183469088,2,0,1,1,351.1494582723128,0,4.082754487069993,0
19,3,0,1,1,0,0,0,0,3.8308900166608972,3,0,0,0,0,0,0,0
15,0,0,1,1,0,0,0,0,4.544531280095558,1,0,0,0,0,0,0,0
8,3,0,0,1,0,0,0,0,3.3133542583619184,1,0,0,0,0,0,0,0
16,2,0,2,1,0,0,0,0,3.7766374473087336,1,0,1,1,240.86991325752783,0,1.960187800288206,0
7,3,0,0,1,0,0,0,0,4.167290963395581,5,0,0,0,0,0,0,0
21,5,1,0,1,0,0,0,0,2.5512052511345087,6,0,0,0,0,0,0,0
15,4,0,1,1,0,0,0,0,2.3989194915009135,1,0,1,2,50.575322970721324,1,0.26735249156161345,0
11,0,0,3,1,0,0,0,0,3.008395070126955,2,1,1,2,235.72367684850047,0,12.905584741840222,0
14,5,1,2,1,0,0,0,0,2.2040367841908557,3,0,1,3,313.7937520192456,0,0.6158201530173599,0
8,0,0,1,1,0,0,0,0,2.513966904125491,1,0,0,0,0,0,0,0
7,0,0,1,1,0,0,0,0,3.9126942128351443,2,0,0,0,0,0,0,0
11,3,0,0,1,0,0,0,0,2.3512791537122086,5,0,1,1,78.61059590580199,0,0.7659410870264627,0
0,3,0,1,1,0,0,0,0,3.2079546158165293,6,0,1,1,94.14621949158628,0,11.17466978416294,0
5,1,0,0,1,0,0,0,0,5.031571460621802,2,0,1,1,246.75924773100775,0,6.696718442757695,0
13,4,0,1,1,0,0,1,1,4.464295714109214,1,1,1,3,357.344604248825,0,9.52253186026196,0
4,1,0,0,1,0,0,0,0,3.466941596483108,4,0,1,2,153.2100447403946,0,9.05642489657172,0
9,4,0,0,1,0,0,0,0,3.1038285469744227,3,0,1,1,28.566211832335153,0,1.9377147086697397,0
15,3,0,2,1,0,0,0,0,2.9983166622682167,2,0,1,2,202.3459187102582,0,13.845672550041675,0
7,4,0,2,1,0,0,0,0,3.571902272925001,6,0,0,0,0,0,0,0
16,4,0,0,1,0,0,0,0,2.0875876147448205,1,0,0,0,0,0,0,0
8,2,0,3,1,0,0,0,0,4.938191885642629,3,0,1,1,178.4439137913379,0,12.246265541878474,0
18,5,1,1,1,0,0,0,0,3.707680010994333,5,0,0,0,0,0,0,0
7,4,0,2,1,0,0,0,0,3.33499080012716,1,0,0,0,0,0,0,0
16,2,0,2,1,0,0,0,0,2.198787128243403,2,0,1,1,198.14549919949283,0,8.444698160895872,0
23,1,0,1,1,0,0,0,0,2.3583196584643513,4,0,0,0,0,0,0,0
15,6,1,2,1,0,0,0,0,2.442559339338281,6,2,0,0,0,0,0,0
15,2,0,1,1,0,0,0,0,2.0250957797409312,5,0,0,0,0,0,0,0
10,6,1,0,1,0,0,0,0,4.602769456377894,5,0,0,0,0,0,0,0
11,0,0,1,1,0,0,0,0,4.7070358540341255,4,0,1,2,70.17604832469303,0,8.997918095330133,0
8,2,0,0,1,0,0,0,0,3.3758133754251323,2,0,0,0,0,0,0,0
17,4,0,0,1,0,1,0,0,2.467890443280656,2,0,0,0,0,0,0,0
6,0,0,0,1,0,0,0,0,2.574150169578954,2,0,0,0,0,0,0,0
19,0,0,0,1,0,0,0,0,2.614918312094198,2,0,0,0,0,0,0,0
13,5,1,0,1,0,0,0,0,4.649448188181494,1,0,0,0,0,0,0,0
9,2,0,0,1,0,0,0,0,3.655131677921024,2,0,0,0,0,0,0,0
10,0,0,2,1,0,0,0,0,3.455252373315029,1,0,0,0,0,0,0,0
12,3,0,0,1,0,0,0,0,5.236540791431933,6,0,1,2,47.631377268689434,0,7.245408732083643,0
16,3,0,0,1,0,0,0,0,2.2178824845207843,1,0,0,0,0,0,0,0
13,2,0,0,1,0,0,0,0,2.89747520505031,3,0,0,0,0,0,0,0
21,0,0,0,1,0,0,0,0,5.419945040322096,2,0,1,1,254.55444236917097,0,13.003240476717266,0
16,1,0,1,1,0,0,0,0,3.7204782812193136,1,0,1,2,49.52634785791906,0,4.772997290300288,0
12,5,1,1,1,0,0,0,0,3.8074084747089056,3,0,1,1,175.12460290628186,0,7.112723640758646,0
12,2,0,0,1,0,0,0,0,2.5144795989845172,6,0,1,1,194.6150171064745,0,6.603137957979057,0
15,5,1,0,1,0,0,0,0,5.762180646195869,2,0,1,1,332.46835173561516,0,10.205398930109315,0
8,6,1,0,1,0,0,0,0,5.212098798207671,4,0,0,0,0,0,0,0
11,2,0,0,1,0,0,0,0,5.993391107301054,2,0,1,1,259.8239132418523,0,6.351870336168498,0
5,1,0,0,1,0,0,0,0,2.4136226003235057,3,0,1,1,84.38249559441697,0,4.844815731305785,0
17,5,1,1,1,0,0,0,0,2.802719227028633,5,0,1,1,309.32526930375303,0,0.4103047620567599,0
12,5,1,0,1,0,0,0,0,3.334278538523103,2,0,0,0,0,0,0,0
12,3,0,3,1,0,0,0,0,4.362928347907533,6,0,1,1,47.34616604569961,0,10.400285755812053,0
12,3,0,0,1,0,0,0,0,2.330440050319063,1,0,1,2,251.10458717757473,0,6.651938100707195,0
0,4,0,0,1,0,0,0,0,3.258702577971522,4,0,0,0,0,0,0,0
11,0,0,0,1,0,0,0,0,2.877623525856542,1,0,0,0,0,0,0,0
4,4,0,1,1,0,0,0,0,2.7252937837210394,3,0,0,0,0,0,0,0
3,6,1,0.9999183704511458,1,0,0,0,0,-0.36800515432216785,50,10,0,0,0,0,0,1
12,3,0,1,1,0,0,0,0,2.3290429194679283,2,0,1,2,157.16794614576116,0,5.910014638076557,0
11,3,0,0,1,0,0,0,0,5.627454275728844,3,0,1,1,274.751931408212,0,10.845910494195586,0
16,1,0,1,1,0,0,0,0,5.770574301281801,3,0,0,0,0,0,0,0
17,3,0,1,1,0,0,0,0,2.1580862657069733,2,0,0,0,0,0,0,0
14,3,0,3,1,0,0,1,0,3.097921520712911,3,0,1,1,248.07290632751918,0,12.658174072512155,0
12,5,1,0,1,0,0,0,0,3.085478298765507,4,0,0,0,0,0,0,0
20,2,0,0,1,0,0,0,0,2.8062538210029735,4,0,0,0,0,0,0,0
22,3,0,1,1,0,0,0,0,2.3511730287337884,1,0,1,1,22.517382767502866,0,11.547410279850506,0
9,0,0,2,1,0,0,0,0,2.42566969568781,4,0,0,0,0,0,0,0
10,2,0,1,1,0,0,0,0,4.707934201237354,3,0,0,0,0,0,0,0
21,0,0,0,1,0,0,0,0,4.772688038820896,3,0,1,1,18.972058691899317,0,9.159339928853887,0
0,2,0,0,1,0,0,0,0,4.9416894992402165,1,0,1,2,110.15708826326635,0,9.89501467651883,0
19,1,0,2,1,0,0,0,0,3.9959973614547324,1,0,1,1,92.26789169227351,0,8.660356588545316,0
15,1,0,1,1,0,0,0,0,2.3305479622498617,3,0,0,0,0,0,0,0
14,1,0,0,1,0,0,0,0,3.9652346119566926,2,0,0,0,0,0,0,0
19,6,1,1,1,0,0,0,0,3.991302888735162,2,0,1,1,98.78111206025082,1,3.212111609579455,0
13,1,0,0,1,0,0,0,0,5.799490370072242,2,0,1,1,285.411332721221,0,11.345231120128261,0
8,2,0,0,1,0,0,0,0,5.235696892106203,1,0,0,0,0,0,0,0
15,3,0,0,1,0,0,0,0,5.180273512385701,4,0,0,0,0,0,0,0
16,3,0,1,1,0,0,0,0,5.674731577994866,5,0,1,1,170.53276434629925,0,13.341602244303306,0
13,1,0,0,1,0,0,0,0,4.540364039259112,4,0,0,0,0,0,0,0
9,0,0,0,1,0,0,0,0,5.010964272476664,3,0,1,1,162.85796292555742,0,13.68140872668977,0
13,4,0,0,1,0,0,0,0,2.5475938465642516,2,2,1,1,115.46123850235668,0,0.49511908299658147,0
7,0,0,0,1,0,0,0,0,3.624479481663036,4,0,0,0,0,0,0,0
19,4,0,0,1,0,0,0,0,4.026998316761607,1,0,0,0,0,0,0,0
8,1,0,0,1,0,0,0,0,4.772131831998015,2,1,0,0,0,0,0,0
7,4,0,1,1,0,0,0,0,3.6013773703505754,3,0,1,1,282.83237840094563,0,11.881412379260063,0
7,4,0,0,1,0,0,0,0,5.662080312259825,1,0,0,0,0,0,0,0
9,0,0,1,1,0,0,0,0,2.1579031264039883,4,0,0,0,0,0,0,0
8,4,0,0,1,0,0,0,0,4.521352713540057,1,0,0,0,0,0,0,0
9,2,0,2,1,0,0,0,0,5.610119480261028,2,0,0,0,0,0,0,0
7,3,0,1,1,0,0,0,0,5.218885238886154,3,0,0,0,0,0,0,0
14,1,0,0,1,0,0,0,0,4.282468400947051,2,0,1,1,227.73215609394254,0,3.0782122642233407,0
1,2,0,0,1,0,0,0,0,3.7611314777478837,6,0,0,0,0,0,0,0
15,2,0,0,1,0,0,1,0,2.932157703969047,3,0,0,0,0,0,0,0
15,4,0,2,1,0,1,0,0,3.482160792201165,3,0,0,0,0,0,0,0
11,0,0,1,1,0,0,0,0,2.949457696307148,2,0,0,0,0,0,0,0
18,6,1,0,1,0,0,1,0,3.065936522130761,2,0,1,2,216.09522946785737,0,11.008426672532316,0
18,1,0,0,1,0,0,0,0,3.4608440931965045,3,0,1,1,145.37333854683754,0,8.110280818835705,0
13,0,0,2,1,0,0,0,0,4.4041999492383646,2,0,0,0,0,0,0,0
18,0,0,0,1,0,0,0,0,4.289721487626581,1,2,1,2,396.40422953710544,0,0.679137417658733,0
13,0,0,1,1,0,0,0,0,2.7586148932668224,4,0,1,1,317.4477162323025,0,7.917313739479189,0
18,4,0,0,1,0,0,0,0,3.147484623308955,3,0,0,0,0,0,0,0
20,1,0,1,1,0,0,0,0,3.2808229710206565,3,0,0,0,0,0,0,0
17,4,0,3,1,0,0,0,0,5.824887654176112,2,0,0,0,0,0,0,0
12,2,0,2,1,0,0,0,0,5.138680691307164,2,0,0,0,0,0,0,0
9,0,0,0,1,0,0,0,0,5.936545301055111,2,0,1,2,273.3008067313043,0,1.6993948097494282,0
11,3,0,0,1,0,0,0,0,2.2901724579726292,3,2,1,1,96.2775645350776,0,13.065631291911927,0
10,0,0,0,1,0,0,0,0,2.4496838573530124,6,0,0,0,0,0,0,0
11,3,0,3,1,0,0,0,0,2.691556619937407,3,1,0,0,0,0,0,0
8,0,0,1,1,0,0,0,0,3.6953264112524917,5,0,1,2,155.0974378071176,0,3.7171985907617673,0
8,0,0,1,1,0,0,0,0,5.916665552720863,2,0,1,2,40.29145733948839,0,9.935695559353075,0
13,0,0,1,1,0,0,0,0,5.477524300811988,3,0,0,0,0,0,0,0
19,3,0,2,1,0,0,0,0,4.626764682439562,5,0,1,2,335.6902821412037,0,8.079290707840897,0
11,2,0,0,1,0,0,0,0,3.0742479730917984,1,0,1,1,146.70347520677402,0,13.589877520430061,0
17,6,1,0,1,0,0,0,0,2.749915110858603,6,0,1,2,82.44617394688314,0,5.830458021489775,0
15,1,0,0,1,0,0,0,0,4.009356901421914,3,0,1,2,233.20883588196315,0,8.208561803308971,0
8,4,0,0,1,0,0,0,0,5.133116427982036,5,0,0,0,0,0,0,0
17,6,1,3,1,0,0,0,0,2.9094739074544176,4,0,0,0,0,0,0,0
8,3,0,1,1,0,0,0,0,4.480639661767663,4,1,0,0,0,0,0,0
11,2,0,2,1,0,0,0,0,4.2270094935116305,2,0,0,0,0,0,0,0
9,3,0,0,1,0,0,0,0,5.238473451276448,6,0,1,1,339.07506148431395,0,4.19179095207416,0
10,1,0,1,1,0,0,0,0,5.932415719625839,2,0,0,0,0,0,0,0
9,2,0,0,1,0,0,1,1,3.6703250665331386,3,2,0,0,0,0,0,0
8,0,0,1,1,0,0,0,0,4.752596797101469,1,0,1,2,156.96316492428468,0,9.630915905721482,0
20,4,0,1,1,0,0,0,0,5.810856228568341,2,2,0,0,0,0,0,0
16,3,0,1,1,0,0,0,0,4.308095003366736,3,0,0,0,0,0,0,0
6,2,0,1,1,0,0,0,0,4.868715438932686,1,0,1,1,289.84858776599816,0,0.9755031666224898,0
1,0,0,0,1,0,0,0,0,2.940423253353438,4,0,0,0,0,0,0,0
11,3,0,0,1,0,0,0,0,2.163316771267592,1,0,0,0,0,0,0,0
14,3,0,1,1,0,0,0,0,5.069850458294205,3,0,1,1,367.2049498279165,0,2.9256406336611267,0
17,5,1,1,1,0,0,0,0,5.306256318092299,6,0,1,1,294.38652446953614,0,9.969994309291392,0
9,4,0,1,1,0,0,0,0,4.758549801033149,3,0,1,1,49.26464972526307,0,11.629693320725378,0
9,0,0,0,1,0,0,0,0,2.602420906289341,4,0,0,0,0,0,0,0
1,4,0,0,1,0,0,0,0,2.615285468397369,2,0,1,1,19.954994322095253,0,13.87967415702788,0
6,4,0,1,1,0,0,0,0,5.321006075790463,3,0,1,2,88.99365495851696,0,4.370655856928264,0
22,1,0,1,1,0,0,0,0,3.889396462864523,2,0,0,0,0,0,0,0
15,1,0,0,1,0,0,0,0,3.4479035867973202,2,0,0,0,0,0,0,0
11,2,0,1,1,0,0,0,0,2.8754640865791345,4,0,1,1,114.76064091963472,0,11.350688482396928,0
7,0,0,0,1,0,0,0,0,3.522008489857047,1,0,0,0,0,0,0,0
10,0,0,1,1,0,0,0,0,3.0870466200576203,1,0,0,0,0,0,0,0
16,4,0,0,1,0,0,0,0,4.99999298978803,3,0,0,0,0,0,0,0
14,3,0,2,1,0,0,0,0,3.099169790853406,3,0,1,1,248.0690940326896,0,7.257798492622827,0
16,3,0,1,1,0,0,0,0,5.399506849094079,2,0,0,0,0,0,0,0
8,0,0,0,1,0,0,0,0,3.4132015121751627,5,0,1,3,245.44938008295128,0,13.054300835988276,0
10,5,1,0,1,0,0,0,0,3.7897466472804675,5,0,0,0,0,0,0,0
23,4,0,0,1,0,0,0,0,2.5506672606524154,3,0,0,0,0,0,0,0
13,2,0,3,1,0,0,0,0,2.8371698126148397,1,0,1,1,343.01836609012696,0,11.427301023895419,0
9,3,0,1,1,0,0,0,0,5.888971944766906,3,0,1,1,72.62746900922971,0,4.277914194232791,0
22,0,0,0,1,0,0,0,0,5.462447811042567,3,0,0,0,0,0,0,0
9,5,1,3,1,0,0,1,0,4.992967361505418,1,0,1,1,166.35297034015608,0,13.552809346401416,0
18,2,0,0,1,0,0,0,0,4.068144356401509,3,0,1,1,41.647026095327064,0,1.517971859320862,0
11,4,0,0,1,0,0,0,0,4.984841024662922,2,2,0,0,0,0,0,0
19,0,0,0,1,0,0,0,0,2.1160040307641923,1,0,1,1,292.6379160467341,0,2.186912547174953,0
8,4,0,0,1,0,0,0,0,5.886668544924584,3,0,0,0,0,0,0,0
20,0,0,0,1,0,0,0,0,2.735879204794257,5,0,1,1,148.9235217372852,0,10.974129050630864,0
13,4,0,0,1,0,0,0,0,3.033279660463111,3,0,0,0,0,0,0,0
14,4,0,3,1,0,0,0,0,5.2623956198480535,1,0,1,2,107.7579348124284,0,8.981219273055009,0
20,4,0,0,1,0,0,0,0,3.282478186597489,1,0,0,0,0,0,0,0
11,1,0,0,1,0,0,0,0,4.49910817002311,2,0,1,1,115.5571239501091,0,3.120496027079887,0
8,0,0,0,1,0,1,0,0,5.586227971670143,1,1,1,2,83.48023101483668,0,10.239019485251124,0
11,3,0,0,1,0,0,0,0,5.63652421966549,6,0,0,0,0,0,0,0
7,4,0,1,1,0,0,0,0,2.463930570658513,1,0,0,0,0,0,0,0
20,3,0,0,1,0,0,0,0,3.8199574480917464,1,0,0,0,0,0,0,0
9,2,0,1,1,0,0,0,0,4.070610152493943,1,0,1,2,348.0076001832779,0,13.437002513745936,0
16,2,0,1,1,0,0,0,0,5.706870528983857,1,0,0,0,0,0,0,0
16,0,0,0,1,0,0,0,0,4.978592260265955,5,0,0,0,0,0,0,0
21,6,1,2,1,0,0,0,0,2.5181240413545765,3,0,1,2,21.580451215746255,0,7.44197581661964,0
8,4,0,0,1,0,0,0,0,2.3111536497337286,4,0,1,2,393.28675007804276,0,10.13103508864731,0
15,4,0,0,1,0,0,0,0,5.704951727092805,3,0,1,2,89.97810923183538,0,6.518068062240719,0
12,2,0,0,1,0,0,0,0,3.4066940865158193,2,1,1,2,35.87920996061928,0,4.031200829643902,0
12,4,0,0,1,0,0,0,0,3.3643039081998576,1,0,0,0,0,0,0,0
13,1,0,0,1,0,0,0,0,5.423211748028687,6,1,1,2,163.3774153103072,0,3.364309579978476,0
11,4,0,1,1,0,0,0,0,5.7956929266643975,2,0,1,1,129.43045616662624,0,13.498588123058376,0
16,3,0,0,1,0,0,0,0,4.299817609770846,3,0,0,0,0,0,0,0
5,3,0,0,1,0,0,0,0,4.470984968810017,5,0,1,1,253.17874674405402,0,3.690599029436341,0
15,4,0,0,1,0,0,0,0,3.7322106861584037,2,0,0,0,0,0,0,0
16,5,1,8.775268355847967,0,0,0,1,1,2.46288180726068,1,0,1,1,0.06651987286242766,1,0.13477834304683187,1
9,4,0,1,1,0,0,0,0,4.302728387771483,3,2,0,0,0,0,0,0
18,3,0,2,1,0,0,0,0,2.5373212621099577,1,0,0,0,0,0,0,0
9,4,0,2,1,0,0,0,0,2.853109049788156,6,0,1,1,163.56067646676112,0,12.853707577435806,0
15,3,0,0,1,0,0,0,0,5.682926632275466,5,0,0,0,0,0,0,0
8,0,0,1,1,0,0,0,0,5.160111268902309,1,0,0,0,0,0,0,0
14,0,0,0,1,0,0,0,0,3.096699335404018,2,0,0,0,0,0,0,0
15,1,0,0,1,0,0,0,0,3.353381774538597,4,0,0,0,0,0,0,0
4,4,0,3,1,0,0,0,0,3.9871940933628527,3,0,1,1,80.34121508979001,0,0.28681515275152125,0
9,3,0,3,1,0,0,0,0,3.3785181984077353,6,0,1,1,95.37675698730473,0,7.851108537759498,0
17,0,0,0,1,0,0,0,0,3.741601646430573,2,0,0,0,0,0,0,0
13,6,1,1,1,0,0,0,0,2.454655061571694,3,0,0,0,0,0,0,0
16,4,0,0,1,0,1,1,1,2.541193487248114,2,0,0,0,0,0,0,0
10,4,0,1,1,0,0,0,0,4.445509356358723,2,0,0,0,0,0,0,0
9,1,0,1,1,0,0,0,0,2.301071880865345,3,0,1,2,57.44220093360575,0,4.04565363932058,0
15,4,0,0,1,0,0,0,0,5.743435207985595,1,0,0,0,0,0,0,0
16,3,0,2,1,0,0,0,0,3.5624147416020877,2,0,1,1,333.0929001324152,0,2.6622050299811066,0
15,4,0,0,1,0,0,0,0,5.295245057883288,6,0,0,0,0,0,0,0
15,1,0,0,1,0,0,0,0,5.901360268190913,3,0,0,0,0,0,0,0
20,0,0,1,1,0,0,0,0,5.586617571633834,2,0,0,0,0,0,0,0
16,4,0,0,1,0,0,0,0,4.702224914707198,4,0,1,2,180.74618353456043,0,10.801758103630199,0
6,4,0,3.387786186774891,0,1,5,1,1,0.19893792398636911,3,0,0,0,0,0,0,1
7,0,0,3,1,0,0,0,0,2.616704365261776,3,0,0,0,0,0,0,0
18,1,0,1,1,0,0,0,0,3.784436479815426,2,0,1,1,161.61623606678057,0,1.8769266392421722,0
11,0,0,1,1,0,0,0,0,5.613800260781433,3,0,0,0,0,0,0,0
14,1,0,0,1,0,0,0,0,5.878390572655242,4,1,1,2,162.41302794771988,1,12.134375816786239,0
19,2,0,0,1,0,0,0,0,5.583768700443839,1,0,0,0,0,0,0,0
10,0,0,0,1,0,0,0,0,3.0316921111280113,2,0,1,1,67.77561637578685,0,3.233833089596797,0
9,3,0,2,1,0,0,1,0,2.045275573217249,3,0,0,0,0,0,0,0
7,6,1,2,1,0,0,0,0,3.9216951426991726,3,0,1,3,200.27353194258214,0,1.6260985321797916,0
5,3,0,0,1,0,0,0,0,2.1573107355827044,4,0,0,0,0,0,0,0
7,2,0,1,1,0,0,0,0,4.575581974890751,3,0,0,0,0,0,0,0
15,1,0,3,1,0,0,0,0,5.532336264586452,4,0,1,1,16.149906628243357,0,0.4730502464250965,0
17,3,0,3,1,0,0,0,0,4.703388803013464,3,0,1,1,376.3449819595598,0,2.884944306691397,0
7,3,0,1,1,0,0,0,0,2.405723887456232,2,1,1,1,176.3951159640847,0,1.4979830433712964,0
10,0,0,0,1,0,0,0,0,3.790989798120803,6,0,1,2,378.63304336104864,0,11.7772580209309,0
13,0,0,2,1,0,0,0,0,2.253455014436472,4,0,1,1,242.63051872914917,0,0.6626875208068808,0
9,1,0,0,1,0,0,0,0,2.095383431989181,1,0,0,0,0,0,0,0
17,2,0,0,1,0,1,0,0,3.2815298770884347,3,0,0,0,0,0,0,0
10,4,0,0,1,0,0,0,0,5.337911997270634,3,0,0,0,0,0,0,0
13,3,0,0,1,0,0,0,0,2.7862044319832213,1,0,1,1,22.31693428431027,0,1.5870148292346806,0
17,5,1,0,1,0,0,0,0,4.484389278804197,2,0,1,1,190.20801147037002,0,11.224362748147282,0
18,1,0,0,1,0,0,0,0,5.097650968925423,1,0,0,0,0,0,0,0
7,3,0,0,1,0,0,0,0,4.230194593075555,4,0,0,0,0,0,0,0
11,2,0,0,1,0,0,0,0,5.870783309097791,3,0,0,0,0,0,0,0
7,2,0,3,1,0,0,0,0,3.7980031493354973,3,0,1,1,248.86118363677787,0,2.924280329148303,0
14,4,0,0,1,0,0,0,0,2.7529560432364226,6,0,1,2,299.07647356564314,0,2.496061646360443,0
13,1,0,1,1,0,0,1,1,4.750850392627329,3,0,1,1,134.52484300321797,0,9.200317159633592,0
2,4,0,1,1,0,0,0,0,2.960247115764468,2,0,1,2,37.425532565662536,0,13.93639726021523,0
15,0,0,3,1,0,0,0,0,2.3340513815134822,1,0,1,1,148.1539584065883,0,6.09285329649617,0
10,5,1,1,1,0,0,0,0,3.4771893503608315,4,0,0,0,0,0,0,0
8,4,0,0,1,0,0,0,0,5.7173212237048165,3,0,1,3,98.00708199605288,0,12.251046280200818,0
13,3,0,0,1,0,0,0,0,4.8950926156125,5,0,1,1,210.60306424068006,0,11.388952021831258,0
16,1,0,2,1,0,0,0,0,2.4498961516158357,2,0,0,0,0,0,0,0
8,2,0,0,1,0,0,0,0,5.893560613358807,2,1,1,1,141.85156764539946,0,11.603727591479133,0
13,0,0,0,1,0,0,0,0,4.271503510731272,2,0,0,0,0,0,0,0
18,4,0,0,1,0,0,0,0,3.1888256045079055,3,0,1,2,29.724648016619547,0,5.882396201055829,0
17,4,0,0,1,0,0,0,0,4.755384840898525,3,0,0,0,0,0,0,0
18,2,0,0,1,0,0,0,0,5.34720932129681,3,0,1,1,183.60096909324167,0,9.60153519652216,0
18,3,0,1,1,0,0,0,0,3.2436422069953927,1,0,1,1,246.95200254775185,0,9.016765023199875,0
14,2,0,1,1,0,0,0,0,5.017343563898864,1,0,0,0,0,0,0,0
8,1,0,1,1,0,0,0,0,2.675813864662185,2,0,1,2,95.09280389621831,0,8.988498000145142,0
9,0,0,1,1,0,0,0,0,3.8643323212767564,4,0,1,1,229.07571518270865,0,12.394669817726136,0
21,2,0,0,1,0,0,0,0,4.051821302119857,2,1,0,0,0,0,0,0
16,2,0,2,1,0,0,0,0,4.508792863256163,3,0,1,2,328.11310326270376,0,9.365238642543483,0
7,4,0,0,1,0,0,0,0,5.047657211832399,1,0,0,0,0,0,0,0
8,0,0,0,1,0,0,1,0,4.371339130681369,2,0,0,0,0,0,0,0
7,4,0,1,1,0,0,0,0,5.980081675979827,3,0,0,0,0,0,0,0
6,2,0,0,1,0,0,0,0,4.289260307710636,3,0,1,1,353.4280715690361,0,11.4256934967568,0
13,6,1,0,1,0,0,0,0,4.2428441549382825,1,1,1,2,305.06539348800396,0,12.630986232184561,0
15,0,0,1,1,0,0,0,0,3.1160784762293825,4,0,0,0,0,0,0,0
20,3,0,2,1,0,0,0,0,3.6196042348272064,2,0,1,1,307.93830824214774,0,13.050255557643172,0
11,3,0,0,1,0,0,1,0,3.6157863253961677,1,0,1,1,325.87729218067176,0,6.699891217949515,0
15,1,0,1,1,0,0,1,0,4.608537881651824,1,0,1,1,33.542266649177705,0,5.544347990552087,0
18,5,1,0,1,0,0,0,0,5.840456487018903,4,0,0,0,0,0,0,0
19,0,0,1,1,0,0,0,0,2.9401572293813603,1,0,1,1,110.30274953541614,0,12.302894347544237,0
9,3,0,0,1,0,0,0,0,4.171136933867935,4,1,0,0,0,0,0,0
7,6,1,0,1,0,0,0,0,5.306518960059513,1,0,1,1,241.454630038733,0,8.27097125347233,0
3,1,0,3.1384481276243585,1,0,0,1,1,-1.208218485945044,10,10,1,1,98.50648999997159,1,106.06418034985302,1
7,3,0,1,1,0,0,0,0,4.682291669026428,3,0,0,0,0,0,0,0
8,2,0,0,1,0,0,0,0,5.336797042471766,3,0,0,0,0,0,0,0
8,2,0,1,1,0,0,1,1,4.479099531370705,1,0,0,0,0,0,0,0
9,3,0,1,1,0,0,0,0,5.533067670019195,5,0,0,0,0,0,0,0
16,3,0,1,1,0,0,0,0,3.055873502649902,6,0,1,2,347.4441851328105,0,2.5360959912513152,0
19,2,0,2,1,0,0,0,0,5.871268752016864,1,0,0,0,0,0,0,0
17,4,0,0,1,0,0,0,0,5.796784911288769,4,0,0,0,0,0,0,0
9,0,0,0,1,0,0,0,0,4.829743972973061,2,0,0,0,0,0,0,0
19,4,0,2,1,0,1,0,0,3.3295991673158736,4,0,1,1,87.54761281290814,0,2.5292169142581113,0
21,1,0,2,1,0,0,0,0,3.5857910505309034,4,0,1,1,70.06020567817959,1,13.020024155542863,0
8,3,0,1,1,0,0,0,0,3.4134055785479056,2,1,0,0,0,0,0,0
8,5,1,1,1,0,0,1,0,5.873927346745647,3,0,1,1,89.84279175175624,0,1.4162161066502055,0
15,2,0,1,1,0,0,0,0,2.4022268386239176,3,0,1,2,364.78152652737225,0,0.39439956469809,0
14,1,0,2,1,0,0,0,0,4.106183587163606,1,0,0,0,0,0,0,0
9,2,0,0,1,0,0,0,0,4.578448457718837,3,0,0,0,0,0,0,0
16,2,0,0,1,0,0,0,0,4.932160394125731,3,0,0,0,0,0,0,0
14,0,0,0,1,0,0,0,0,3.81851951931679,2,0,0,0,0,0,0,0
8,3,0,0,1,0,0,0,0,5.429467250929055,4,0,1,2,325.54272779671,0,2.063918236199169,0
14,3,0,0,1,0,0,0,0,3.1191217696000475,2,0,0,0,0,0,0,0
12,4,0,0,1,0,0,0,0,3.022770387021846,1,0,1,1,230.67173418543945,0,2.905716825069133,0
8,0,0,0,1,0,0,0,0,4.0326328421140705,5,0,0,0,0,0,0,0
18,6,1,0,1,0,0,0,0,2.5439542846973406,2,0,0,0,0,0,0,0
17,0,0,2,1,0,0,0,0,3.321676205624441,3,0,1,1,18.606695306662512,0,11.312365864344958,0
7,4,0,0,1,0,0,0,0,2.212729095987771,3,0,1,1,355.7889254922723,0,8.916696482932197,0
12,2,0,0,1,0,0,0,0,5.75546770820875,4,0,1,1,151.3384521084401,0,0.2351308684971658,0
4,2,0,2.3277728351153577,1,0,0,0,0,0.7481173331513018,20,30,0,0,0,0,0,1
9,3,0,2,1,0,0,0,0,2.4404067893353862,3,0,1,2,279.5757323454475,0,5.289670527876008,0
2,5,1,0,1,0,0,0,0,4.276762963835608,3,0,1,1,151.4442151821732,0,10.466213426000705,0
10,4,0,1,1,0,0,0,0,5.293122485010251,5,0,0,0,0,0,0,0
7,6,1,0,1,0,0,0,0,4.824792635190376,5,0,0,0,0,0,0,0
17,2,0,2,1,0,0,0,0,3.2542694447881075,5,0,0,0,0,0,0,0
6,3,0,1,1,0,0,0,0,4.045536621682068,3,0,1,1,267.7566758452744,0,4.560170055633369,0
18,3,0,1,1,0,0,0,0,2.91821690448502,1,0,1,1,19.21376225919473,0,11.392542809846283,0
6,5,1,0,1,0,0,0,0,3.5950672260883434,4,0,0,0,0,0,0,0
14,1,0,0,1,0,0,1,0,5.961746074929323,4,0,0,0,0,0,0,0
5,0,0,7.145429084665708,0,0,2,1,1,1.7758740887489033,3,1,1,1,0.1271126414893454,1,0.028205034648510298,1
7,0,0,0,1,0,0,0,0,5.433112313124992,2,0,0,0,0,0,0,0
8,2,0,0,1,0,0,0,0,2.111454982033336,4,0,0,0,0,0,0,0
15,0,0,3,1,0,0,0,0,4.538961741510945,4,0,1,1,396.29035892155946,0,7.925029323696806,0
14,2,0,0,1,0,0,0,0,4.1351583575066915,3,0,1,1,66.92267976932479,0,7.278779334835093,0
5,3,0,0,1,0,0,0,0,4.934090380559146,2,0,0,0,0,0,0,0
22,1,0,0,1,0,0,0,0,5.07516253592274,1,0,0,0,0,0,0,0
12,1,0,1,1,0,0,0,0,3.475970107219714,2,0,0,0,0,0,0,0
12,3,0,1,1,0,0,0,0,4.723366843415999,3,0,0,0,0,0,0,0
16,6,1,0,1,0,0,0,0,2.6579263010389993,2,0,0,0,0,0,0,0
11,2,0,0,1,0,0,0,0,4.796847589760863,2,0,1,3,190.32734531686572,0,1.8647132517123368,0
12,3,0,0,1,0,0,0,0,2.3416055089888212,3,0,1,2,338.10197414088833,0,0.4161301376258879,0
14,1,0,0,1,0,0,0,0,3.7006479625520505,5,0,0,0,0,0,0,0
9,4,0,2,1,0,0,0,0,4.964510665109618,5,0,0,0,0,0,0,0
18,1,0,0,1,0,0,0,0,4.677943560604513,4,1,0,0,0,0,0,0
22,3,0,0,1,0,0,0,0,4.312596148667527,2,0,1,1,136.00702264998026,0,10.199750422468554,0
4,4,0,3,1,0,0,0,0,2.9682122040743746,2,0,1,2,53.07318121119307,0,4.933534591523776,0
8,1,0,0,1,0,0,0,0,4.186817513139301,6,0,1,1,226.74503989627684,0,1.1146723791950455,0
18,4,0,0,1,0,0,0,0,4.107934248421547,2,0,0,0,0,0,0,0
14,2,0,1,1,0,0,1,0,5.684489443957727,1,0,0,0,0,0,0,0
10,1,0,0,1,0,0,0,0,5.554635237934309,3,0,1,1,249.3022742777406,0,11.064152601405262,0
14,2,0,1,1,0,0,0,0,2.634187560487026,1,0,0,0,0,0,0,0
0,0,0,1,1,0,0,0,0,2.3235109433808003,2,0,1,2,98.55087429670361,0,9.263717444202793,0
9,2,0,0,1,0,0,0,0,3.2085270383748306,4,0,0,0,0,0,0,0
10,3,0,0,1,0,0,0,0,4.572819992736458,2,1,1,1,123.55373057201997,0,12.515558080634099,0
7,1,0,1,1,0,0,0,0,5.193090758377605,3,0,0,0,0,0,0,0
15,4,0,0,1,0,0,0,0,2.3965974054642585,3,0,1,1,86.11829633995464,0,10.196520700945976,0
11,3,0,0,1,0,0,0,0,4.99027521480177,3,0,0,0,0,0,0,0
9,2,0,1,1,0,0,0,0,5.994435068712454,3,0,1,1,290.62282594053676,0,1.946751411348804,0
14,1,0,1,1,0,0,0,0,5.246716594779036,2,0,0,0,0,0,0,0
8,0,0,0,1,0,0,0,0,4.690351496728768,3,0,0,0,0,0,0,0
8,5,1,0,1,0,0,0,0,5.6632775354687634,2,0,1,1,93.0979783380371,1,12.706930848209709,0
13,0,0,0,1,0,0,0,0,3.0708977682685434,2,0,0,0,0,0,0,0
8,1,0,0,1,0,0,0,0,4.618979648228969,2,0,1,1,346.46279279996855,0,4.038299717531409,0
11,6,1,1,1,0,0,0,0,2.173362349612632,2,0,1,1,256.38958443735817,0,8.586861944473403,0
10,1,0,0,1,0,0,0,0,5.208363092510353,4,0,0,0,0,0,0,0
22,4,0,5.393344548474834,1,0,0,1,1,2.858984073737083,2,0,0,0,0,0,0,1
11,0,0,0,1,0,0,0,0,4.417225840520672,3,0,1,2,106.24619197683978,0,0.9686513821366729,0
9,4,0,0,1,0,0,0,0,3.188389716919144,3,0,1,1,32.01969772589089,0,0.07991360792249247,0
15,4,0,2,1,0,0,0,0,5.01274861103372,1,0,1,2,162.54525097770622,0,0.29112225358777066,0
8,0,0,1,1,0,0,0,0,2.6819968715424385,4,0,1,1,70.36009169939248,0,8.839980705036677,0
7,4,0,0,1,0,0,0,0,4.21976560531254,4,0,0,0,0,0,0,0
8,3,0,2,1,0,0,0,0,3.7338675131996917,5,0,0,0,0,0,0,0
13,5,1,2,1,0,0,0,0,2.572760264536626,6,0,0,0,0,0,0,0
17,3,0,0,1,0,0,0,0,2.229293040736578,4,0,0,0,0,0,0,0
19,4,0,0,1,0,0,0,0,3.282059468696568,4,0,0,0,0,0,0,0
12,0,0,0,1,0,0,0,0,2.0777483287682905,1,0,1,1,24.470370935180565,0,12.15189760642883,0
21,0,0,0,1,0,0,0,0,4.190680415768757,3,0,0,0,0,0,0,0
18,2,0,0,1,0,0,0,0,2.969936629262384,4,0,0,0,0,0,0,0
16,1,0,0,1,0,0,0,0,3.47097244832998,5,0,1,1,328.4095783707788,0,1.3308937952065416,0
11,6,1,0,1,0,0,0,0,2.837024618069707,1,0,1,3,157.80776025044483,1,0.13724225166770432,0
9,2,0,2,1,0,0,0,0,3.145933829158897,3,0,1,1,395.964822727257,0,6.107626199779553,0
9,6,1,2,1,0,0,0,0,2.7173941912108353,3,0,1,1,119.5224605715193,0,2.9222941457496825,0
11,0,0,2,1,0,0,0,0,3.1816723458181513,1,0,0,0,0,0,0,0
12,4,0,0,1,0,0,0,0,4.78561050022489,2,0,0,0,0,0,0,0
18,3,0,2,1,0,0,0,0,3.876299748781625,2,0,1,2,99.28350233254955,0,11.395660164394101,0
10,3,0,1,1,0,0,0,0,4.365235703894465,1,0,0,0,0,0,0,0
2,6,1,8.434690242336739,1,0,1,1,1,2.1577542665552425,1,0,0,0,0,0,0,1
17,3,0,1,1,0,0,0,0,2.234112778586444,3,0,1,1,348.68585118229726,0,7.864982951087739,0
16,1,0,1,1,0,0,0,0,3.091153651382603,4,1,0,0,0,0,0,0
15,4,0,1,1,0,0,0,0,2.662632303584319,5,0,0,0,0,0,0,0
11,1,0,1,1,0,0,0,0,3.3763539928761563,1,0,1,1,330.18074561905814,0,0.636112492446173,0
18,3,0,0,1,0,0,0,0,5.253547209092133,3,0,0,0,0,0,0,0
7,0,0,0,1,0,0,0,0,4.924457340908914,4,0,1,2,84.50526069398039,0,0.08578147103428369,0
18,4,0,0,1,0,0,0,0,2.5966618079248107,1,1,0,0,0,0,0,0
13,3,0,0,1,0,0,0,0,3.794064094937447,3,0,1,2,54.48676962722823,0,1.8210009788135197,0
16,3,0,0,1,0,0,0,0,4.225985664821804,2,1,1,1,345.09321700287455,0,4.943424608250189,0
13,2,0,2,1,0,0,0,0,4.425455715839599,5,0,1,1,40.24924264530064,0,8.004798844820515,0
15,2,0,1,1,0,0,0,0,4.334201497185491,2,0,1,1,355.77912121149024,0,0.22151799772111347,0
16,2,0,1,1,0,0,0,0,3.353302181587875,4,0,1,2,320.8051599442601,0,5.425779103760119,0
8,3,0,1,1,0,0,0,0,5.458685027938209,3,1,0,0,0,0,0,0
17,0,0,0,1,0,0,0,0,2.0391290699173896,2,1,0,0,0,0,0,0
1,4,0,1.91489515350011,1,0,0,0,0,-1.8052908770610416,20,3,0,0,0,0,0,1
15,1,0,0,1,0,0,0,0,4.8854448981567495,1,0,0,0,0,0,0,0
21,4,0,1,1,0,0,0,0,3.1630981277530554,3,0,1,1,275.965816016184,0,6.8306209388873045,0
8,0,0,2.894836008542331,1,0,0,1,0,-1.9027537907638332,10,15,0,0,0,0,0,1
11,2,0,1,1,0,0,0,0,5.661899507453164,2,0,0,0,0,0,0,0
9,0,0,0,1,0,0,0,0,5.641699713162348,2,0,1,1,140.65519068611746,0,8.395009113573318,0
15,3,0,1,1,0,0,0,0,5.892373082375632,2,0,0,0,0,0,0,0
14,0,0,0,1,0,0,0,0,2.4333999044233012,6,0,1,3,125.54386719613285,0,2.9585836975512105,0
18,2,0,3,1,0,0,0,0,3.6317280637445664,1,0,1,3,217.72506507748338,0,10.287150008979587,0
8,4,0,0,1,0,0,0,0,5.832125478793605,5,0,0,0,0,0,0,0
16,2,0,0,1,0,0,0,0,2.401920459077655,4,0,0,0,0,0,0,0
12,5,1,0,1,0,0,0,0,5.674345664741154,1,0,0,0,0,0,0,0
17,1,0,0,1,0,0,0,0,3.5645133969498732,4,0,0,0,0,0,0,0
9,1,0,0,1,0,0,0,0,3.038112879163485,1,0,1,2,372.93602049374186,0,4.070772811629099,0
19,2,0,0,1,0,1,0,0,3.9062117073034535,2,0,1,1,359.2102722983924,0,9.066252236084255,0
7,0,0,2,1,0,0,0,0,5.9253135851545125,4,0,0,0,0,0,0,0
11,6,1,0,1,0,0,0,0,2.47777909456871,1,0,1,1,341.0094388509398,0,7.678869795002914,0
23,2,0,9.869823191351966,1,0,0,1,1,2.669581318811068,2,0,0,0,0,0,0,1
20,2,0,0,1,0,0,0,0,3.275533048288254,4,0,1,1,159.82154169081392,0,4.8176713841207786,0
16,2,0,0,1,0,0,0,0,5.322907077750154,1,0,0,0,0,0,0,0
11,3,0,0,1,0,0,0,0,5.518684335513717,1,0,0,0,0,0,0,0
15,0,0,0,1,0,1,0,0,4.276318369274154,3,0,1,2,274.9963260650601,0,13.947790118274533,0
10,0,0,0,1,0,0,0,0,4.826595002656068,6,0,1,1,216.12854312040642,0,9.845158426160795,0
7,4,0,1,1,0,0,1,1,4.8124482200389345,1,0,1,1,247.52076194711952,0,4.767843038324041,0
7,1,0,0,1,0,0,0,0,3.9471701449857752,3,0,0,0,0,0,0,0
8,3,0,0,1,0,0,0,0,2.83077593708646,5,0,0,0,0,0,0,0
21,4,0,0,1,0,0,0,0,2.8331450769824826,5,1,1,2,112.74574263209003,0,6.735555961501193,0
7,3,0,1,1,0,0,0,0,5.214689577723343,4,0,1,1,17.285862531022634,0,4.030699772494595,0
11,3,0,2,1,0,0,0,0,5.973819320315696,3,0,0,0,0,0,0,0
14,5,1,1,1,0,0,0,0,3.2963064488426475,6,0,1,1,31.34264498498611,0,2.2285154405523864,0
13,1,0,1,1,0,0,0,0,5.9072416487120005,5,0,0,0,0,0,0,0
21,3,0,0,1,0,0,0,0,2.072861571016745,3,0,0,0,0,0,0,0
17,1,0,0,1,0,0,0,0,5.665257496368238,2,0,0,0,0,0,0,0
0,5,1,0,1,0,0,0,0,4.107709156397206,3,2,0,0,0,0,0,0
14,5,1,0,1,0,0,0,0,5.0357061100353935,3,0,0,0,0,0,0,0
12,3,0,1,1,0,0,0,0,3.4007266032050123,6,0,0,0,0,0,0,0
8,3,0,0,1,0,0,0,0,5.1926943743728895,3,0,0,0,0,0,0,0
15,5,1,0,1,0,0,1,0,4.208498390132254,1,0,1,2,349.86558363603535,0,12.76080927903234,0
16,5,1,5.44493528586844,0,1,2,1,1,0.31469224137467844,1,0,0,0,0,0,0,1
11,0,0,4.886833324477521,0,1,2,1,1,0.07599702397791308,2,1,0,0,0,0,0,1
11,5,1,0,1,0,0,0,0,3.509491454811954,3,0,1,2,352.79018762166066,0,12.746001536238333,0
4,0,0,0,1,0,0,0,0,3.826670256802614,2,0,0,0,0,0,0,0
11,2,0,0,1,0,0,0,0,3.742150150986673,3,0,1,2,303.20097044095553,0,4.227609943963966,0
9,3,0,0,1,0,0,0,0,4.640037208633367,1,0,0,0,0,0,0,0
17,3,0,1,1,0,0,0,0,5.946764607546738,3,0,1,1,248.8346205719023,0,13.97639970998516,0
9,1,0,1,1,0,0,0,0,4.522864112143838,4,0,1,1,255.93817773532058,0,9.98179229345027,0
8,0,0,0,1,0,0,0,0,3.6569935467589856,1,0,0,0,0,0,0,0
13,2,0,0,1,0,0,1,0,3.594374718644427,1,0,1,1,375.1625146254621,0,8.436781364604848,0
9,1,0,0,1,0,0,0,0,2.330910815771651,5,0,0,0,0,0,0,0
12,4,0,2,1,0,0,0,0,5.795570632721814,5,2,0,0,0,0,0,0
16,0,0,0,1,0,0,0,0,3.6711762936451526,3,0,0,0,0,0,0,0
8,4,0,0,1,0,0,1,0,2.2815495783401185,2,0,1,1,129.41762858413335,0,6.275521469811643,0
15,5,1,1,1,0,0,0,0,3.877312402042009,1,0,0,0,0,0,0,0
16,4,0,2,1,0,0,0,0,3.8302556026411776,2,0,1,1,81.99672532631901,0,7.629253075932777,0
17,3,0,1,1,0,0,0,0,2.0194827793135364,3,0,0,0,0,0,0,0
14,0,0,0,1,0,0,0,0,2.081272193087152,2,2,0,0,0,0,0,0
10,1,0,1,1,0,0,0,0,5.275529722560206,1,0,0,0,0,0,0,0
15,6,1,0.19478994944069372,1,0,0,1,1,-0.6360182436263346,10,10,0,0,0,0,0,1
8,0,0,0,1,0,1,0,0,5.823917195876152,2,0,1,1,90.6230425308417,0,3.7290311647862424,0
15,2,0,0,1,0,0,0,0,3.90843239547385,5,0,0,0,0,0,0,0
0,4,0,1,1,0,0,0,0,4.03463497607529,3,1,1,2,249.66095682227385,0,5.2820784541132095,0
10,0,0,0,1,0,0,0,0,2.231602237097941,2,0,1,1,306.37286568958734,0,8.328147916453815,0
22,3,0,1,1,0,0,0,0,5.785121726948792,2,0,1,1,200.20804701994902,0,12.929107624678913,0
13,0,0,0,1,0,0,0,0,5.95890574806177,6,0,1,1,225.20471265319685,0,4.450872877261244,0
7,5,1,0,1,0,0,0,0,5.716596075197512,2,0,1,1,178.0693852335236,0,8.999706854653411,0
10,4,0,1,1,0,0,0,0,3.8612191678755154,4,0,1,1,299.5434365658556,0,3.0676514916276365,0
20,2,0,2,1,0,0,0,0,3.256712050668106,3,0,1,1,50.728033002430195,0,11.807086698976578,0
20,6,1,0,1,0,0,0,0,4.267153099473707,2,0,0,0,0,0,0,0
17,6,1,0,1,0,0,0,0,3.404204799869817,2,0,0,0,0,0,0,0
17,3,0,0,1,0,0,0,0,2.247494800404403,1,0,0,0,0,0,0,0
23,1,0,1,1,0,0,0,0,3.235738014495561,4,0,1,1,37.67140335273565,0,8.736635453296747,0
15,0,0,1,1,0,0,0,0,5.197818733993879,1,0,0,0,0,0,0,0
9,2,0,0,1,0,0,0,0,2.5653896836957673,3,0,1,1,30.78405489479116,0,3.97618957467187,0
10,5,1,0,1,0,0,0,0,2.920688255907898,2,0,0,0,0,0,0,0
12,1,0,0,1,0,0,0,0,5.905676214270377,3,1,0,0,0,0,0,0
14,0,0,0,1,0,0,0,0,2.515263962003023,2,0,1,2,27.51203789308355,0,7.086076350361786,0
19,4,0,1,1,0,0,0,0,5.3751856790407775,3,1,1,1,141.92551323874403,0,0.823089320115094,0
8,2,0,1,1,0,0,0,0,5.133685196614135,2,0,1,1,341.03274275701483,0,12.067713365719825,0
13,2,0,0,1,0,0,0,0,3.4489182211956146,1,0,0,0,0,0,0,0
18,1,0,0,1,0,0,0,0,4.577802803318343,2,0,0,0,0,0,0,0
15,3,0,1,1,0,0,1,0,2.5769656545795705,1,0,1,1,219.0707013338429,0,4.451869121242952,0
9,0,0,0,1,0,0,0,0,4.1965511095743295,3,0,0,0,0,0,0,0
13,6,1,1,1,0,0,0,0,2.123799739077712,3,0,0,0,0,0,0,0
7,4,0,1,1,0,0,1,1,3.132110961049466,4,0,0,0,0,0,0,0
8,0,0,1,1,0,0,0,0,4.328431785829158,3,0,0,0,0,0,0,0
14,0,0,0,1,0,0,0,0,2.08502614916696,2,0,0,0,0,0,0,0
18,4,0,0,1,0,0,0,0,3.4886458304345696,3,0,0,0,0,0,0,0
12,1,0,1,1,0,0,0,0,5.344778315999654,1,0,0,0,0,0,0,0
15,3,0,0,1,0,0,0,0,3.504291111959019,3,0,0,0,0,0,0,0
18,1,0,0,1,0,0,0,0,3.0961940714617113,1,0,1,2,142.31085757964652,0,2.0824677424823346,0
10,4,0,0,1,0,0,0,0,4.27411851404254,5,0,1,1,38.65687031896567,0,2.121978964146562,0
9,2,0,1,1,0,0,0,0,2.5862313345276107,4,0,1,1,227.66134598565742,1,2.5569406877753735,0
22,2,0,1,1,0,0,0,0,4.165494332917785,1,1,0,0,0,0,0,0
15,2,0,1,1,0,0,0,0,4.046429012030732,2,1,0,0,0,0,0,0
7,3,0,0,1,0,0,0,0,3.827704730768144,2,0,1,1,30.175370379683386,0,13.870431395624445,0
10,0,0,0,1,0,0,0,0,4.900854461392108,6,0,0,0,0,0,0,0
15,4,0,0,1,0,0,0,0,5.2487556806693565,3,0,1,1,231.86947665660227,0,9.663652034492364,0
12,2,0,2,1,0,0,0,0,2.458578496568981,1,0,0,0,0,0,0,0
16,2,0,1,1,0,0,0,0,4.058681605031952,1,0,1,2,45.89998954759469,0,10.154940030189202,0
9,1,0,0,1,0,0,0,0,2.6769622001019635,2,0,0,0,0,0,0,0
2,5,1,8.492343200944982,1,0,1,1,0,4.789253752679834,2,1,1,1,15.056739961456579,0,239.68318562376228,1
23,1,0,0,1,0,0,0,0,4.659528544273481,1,0,0,0,0,0,0,0
9,3,0,2,1,0,0,0,0,3.8326564456742607,1,0,0,0,0,0,0,0
14,0,0,2,1,0,0,0,0,2.544555906949926,3,0,0,0,0,0,0,0
3,3,0,0,1,0,0,0,0,5.857273819721049,4,0,0,0,0,0,0,0
19,5,1,2,1,0,0,0,0,2.4374417928439858,5,0,0,0,0,0,0,0
20,4,0,2,1,0,0,0,0,5.040294302484039,1,0,1,1,394.66164869084577,0,0.44409678274218845,0
14,3,0,1,1,0,0,0,0,5.25756613271534,3,0,0,0,0,0,0,0
7,4,0,1,1,0,0,0,0,4.202445154362681,3,0,0,0,0,0,0,0
15,1,0,0,1,0,0,0,0,4.827651539416962,4,0,1,1,313.0647940561742,0,0.3782286353796247,0
10,2,0,0,1,0,0,0,0,3.936925255735714,1,0,0,0,0,0,0,0
10,2,0,2,1,0,0,0,0,3.4752009827975527,4,0,1,1,147.3345202889624,0,12.734220679735392,0
7,2,0,1,1,0,0,0,0,4.029597889430606,6,0,0,0,0,0,0,0
21,4,0,1,1,0,0,0,0,3.8975976638286394,6,0,0,0,0,0,0,0
19,1,0,1,1,0,0,1,0,2.798937713972269,2,0,0,0,0,0,0,0
21,2,0,0,1,0,0,0,0,2.9752808321813697,3,0,0,0,0,0,0,0
11,0,0,3,1,0,0,0,0,2.9967931186398866,4,0,1,1,395.32648688364895,0,13.300554518204184,0
19,3,0,1,1,0,0,0,0,2.1227928695588756,3,0,0,0,0,0,0,0
12,4,0,0,1,0,1,0,0,4.033382605731742,4,0,0,0,0,0,0,0
19,2,0,2,1,0,0,0,0,2.3742909830921057,1,0,0,0,0,0,0,0
10,1,0,3.462428122125631,1,0,0,0,0,-1.3927656573565645,200,5,0,0,0,0,0,1
17,2,0,0,1,0,0,0,0,3.971810038136497,2,0,0,0,0,0,0,0
17,1,0,0,1,0,0,0,0,5.875939320169288,3,0,0,0,0,0,0,0
9,2,0,0,1,0,0,0,0,3.285184288729845,2,0,0,0,0,0,0,0
14,4,0,0,1,0,0,0,0,2.065429834314683,3,0,1,1,128.50037049100837,0,3.695694426075174,0
8,4,0,0,1,0,0,0,0,3.2514553613421877,1,0,0,0,0,0,0,0
3,4,0,0,1,0,0,0,0,2.032213544425468,5,0,0,0,0,0,0,0
18,4,0,0,1,0,0,0,0,3.7694881978480135,5,0,0,0,0,0,0,0
7,3,0,0,1,0,0,0,0,5.537815339674026,4,0,0,0,0,0,0,0
10,4,0,0,1,0,0,0,0,5.631061913456616,2,2,0,0,0,0,0,0
10,2,0,2,1,0,0,0,0,4.852848410622208,1,0,0,0,0,0,0,0
11,1,0,0,1,0,0,0,0,5.769877283424011,3,0,1,1,372.1077427940026,0,6.960919681276737,0
10,2,0,0,1,0,0,0,0,3.9137579391962167,3,0,0,0,0,0,0,0
15,5,1,0,1,0,0,0,0,4.291555942330104,3,0,1,3,294.59460058152956,0,7.829144245678763,0
2,1,0,1,1,0,0,0,0,5.679079006965539,1,0,0,0,0,0,0,0
14,4,0,0,1,0,0,0,0,3.608105527282023,3,0,0,0,0,0,0,0
12,1,0,0,1,0,0,0,0,2.845386591829187,1,0,1,2,206.15441155320087,0,4.5591816090187045,0
9,2,0,0,1,0,0,0,0,5.218101576601439,3,0,0,0,0,0,0,0
9,1,0,0,1,0,0,0,0,5.8129540124340675,3,0,1,1,333.41301477664217,0,10.77389819582088,0
9,3,0,0,1,0,0,0,0,3.5390090338761633,3,0,1,2,375.78834754451015,0,3.220797144483183,0
8,3,0,0,1,0,0,0,0,4.718551984142007,2,0,0,0,0,0,0,0
10,2,0,0,1,0,0,0,0,5.2830131345598765,2,0,1,1,285.05764655622283,0,4.453782334661716,0
6,3,0,1,1,0,0,0,0,3.7406188113345835,3,0,1,1,382.36864709365415,0,3.8402490277015686,0
16,4,0,3.848695513215922,0,1,2,1,1,1.5985558483730786,2,0,0,0,0,0,0,1
8,6,1,2,1,0,0,0,0,3.5735463325726458,5,1,0,0,0,0,0,0
13,2,0,1,1,0,0,0,0,2.50258435554368,2,0,1,1,50.02069306762892,1,11.013068634331036,0
15,1,0,0,1,0,0,0,0,2.4049260221789495,5,0,0,0,0,0,0,0
14,0,0,1,1,0,0,0,0,5.209653914597583,2,0,0,0,0,0,0,0
8,4,0,0,1,0,0,0,0,3.8931010266120443,1,0,1,1,46.85942108652357,0,1.2810519092122736,0
20,0,0,1,1,0,0,0,0,2.180403091552974,1,0,0,0,0,0,0,0
14,1,0,0,1,0,0,0,0,5.703965252597948,6,0,0,0,0,0,0,0
8,3,0,1,1,0,0,0,0,4.9330065975292765,3,0,1,1,150.8275144726014,0,6.2387465830876145,0
11,0,0,0,1,0,0,0,0,4.193896491459322,3,0,0,0,0,0,0,0
15,2,0,0,1,0,0,0,0,3.47551813173734,5,2,1,2,114.23944874824033,0,1.5512503584626858,0
9,0,0,1,1,0,0,0,0,3.6828862888998994,2,0,1,1,185.29157177027082,0,12.530029647408334,0
16,1,0,1,1,0,0,1,1,4.98797126501184,2,0,0,0,0,0,0,0
11,2,0,0,1,0,0,0,0,4.420711798594175,2,0,1,1,110.1905615668571,0,11.768806096619862,0
16,3,0,0,1,0,0,0,0,3.51741433742926,4,0,1,1,100.44948097219468,0,11.01029921389912,0
11,3,0,0,1,0,0,0,0,2.154385156858497,3,0,1,1,354.2140141196107,0,12.390142151144596,0
16,2,0,0,1,0,0,0,0,5.161463065631538,4,0,0,0,0,0,0,0
9,2,0,3,1,0,0,0,0,5.467090982112479,3,0,0,0,0,0,0,0
12,4,0,0,1,0,0,0,0,3.428321997779426,2,0,0,0,0,0,0,0
16,3,0,0,1,0,0,0,0,4.210890700119583,5,0,0,0,0,0,0,0
9,0,0,0,1,0,1,0,0,3.0936475667896945,3,0,1,1,340.1663098102898,0,10.516345162125642,0
15,0,0,0,1,0,0,0,0,4.735754877280668,4,0,1,1,86.49081623526585,0,0.562111552997087,0
11,5,1,0,1,0,0,0,0,4.22237322218243,5,0,0,0,0,0,0,0
0,5,1,0,1,0,0,0,0,3.0195496754772884,1,0,0,0,0,0,0,0
7,3,0,0,1,0,0,0,0,2.794586646825129,1,0,0,0,0,0,0,0
14,2,0,1,1,0,0,1,0,3.4957369707010653,4,0,0,0,0,0,0,0
21,1,0,3.340324575957329,1,0,0,1,0,-1.3343714686291661,10,15,1,1,17.382624261091294,0,189.5758435614092,1
16,4,0,0,1,0,0,0,0,4.281090431238875,6,0,1,2,156.71312601646713,0,11.788933743945599,0
15,3,0,0,1,0,0,0,0,5.4504335883906325,5,0,1,1,187.34518873535325,0,7.547075936478139,0
19,6,1,1,1,0,0,1,1,3.269495543249605,2,0,1,1,87.23100281802661,0,0.6787282404583137,0
14,0,0,0,1,0,0,0,0,2.6851342260650104,1,0,1,1,92.25099635217093,0,6.179274568061443,0
16,0,0,0,1,0,0,0,0,5.103509235952437,6,0,0,0,0,0,0,0
19,1,0,0,1,0,0,0,0,3.2925904739991045,6,1,1,2,77.57003555001538,0,11.281529263192692,0
16,1,0,0,1,0,0,0,0,3.6595423180115327,6,0,0,0,0,0,0,0
9,3,0,0,1,0,0,0,0,5.837103011215174,1,0,0,0,0,0,0,0
12,3,0,0,1,0,0,0,0,4.759682849292888,3,0,0,0,0,0,0,0
16,0,0,2,1,0,0,0,0,2.181734830782888,6,0,1,3,125.84523098952452,0,1.5342886108101017,0
8,3,0,0,1,0,1,0,0,5.580008274651711,1,0,0,0,0,0,0,0
7,3,0,0,1,0,0,0,0,2.1896450568333723,1,2,0,0,0,0,0,0
16,1,0,0,1,0,0,0,0,5.097177729991689,5,0,1,2,190.69147171020984,0,5.167451679647274,0
20,1,0,1,1,0,0,0,0,3.207878721032873,2,0,0,0,0,0,0,0
9,5,1,1,1,0,0,0,0,2.749601953562144,3,0,0,0,0,0,0,0
8,0,0,0,1,0,0,0,0,4.992860548331629,1,0,0,0,0,0,0,0
12,5,1,0,1,0,0,0,0,3.4543249706710024,2,0,0,0,0,0,0,0
13,2,0,0,1,0,0,0,0,5.472374504529231,3,0,1,3,340.7271784358859,0,5.951480471687747,0
15,0,0,1,1,0,0,0,0,4.689511344986709,1,0,0,0,0,0,0,0
9,3,0,2,1,0,0,0,0,5.1508969764381565,3,0,1,1,375.65423369746475,0,11.4710525982022,0
15,1,0,0,1,0,0,0,0,4.456185462187172,5,0,1,2,174.69415515282,0,9.334678098746624,0
9,1,0,0,1,0,0,0,0,5.408398661147371,2,0,0,0,0,0,0,0
10,1,0,0,1,0,0,0,0,3.720969460006727,1,0,0,0,0,0,0,0
12,2,0,1,1,0,0,0,0,5.564821950510536,5,0,0,0,0,0,0,0
20,0,0,0,1,0,0,0,0,2.04113380953494,1,0,1,1,338.5974421755587,0,13.414338209862677,0
12,3,0,0,1,0,0,0,0,5.890220801817833,2,0,0,0,0,0,0,0
3,1,0,8.127227706051084,1,0,0,0,0,2.6776599307628017,1,1,0,0,0,0,0,1
4,0,0,0,1,0,1,0,0,5.817361386691049,2,0,1,2,168.29613217417727,0,3.2598534329757687,0
21,0,0,2,1,0,0,0,0,5.436429020083031,2,0,1,1,72.05441061875803,0,8.72295866661246,0
13,1,0,1,1,0,0,0,0,4.249818973412795,2,0,0,0,0,0,0,0
8,0,0,0,1,0,0,0,0,4.444629376360278,1,0,0,0,0,0,0,0
7,2,0,0,1,0,0,0,0,2.833049115307967,4,1,1,1,218.34397847157103,0,2.559185912125213,0
9,3,0,1,1,0,0,0,0,4.935697490694185,5,0,0,0,0,0,0,0
8,0,0,0,1,0,0,0,0,5.610067761815422,6,0,0,0,0,0,0,0
16,2,0,0,1,0,0,0,0,2.4151535587551547,2,0,1,2,63.28207992454308,0,13.034253391216584,0
19,4,0,0,1,0,0,0,0,2.6369856739316746,1,0,0,0,0,0,0,0
14,6,1,1,1,0,0,0,0,4.746084334161123,4,0,1,1,192.44879971071452,0,0.29337686978561206,0
17,0,0,0,1,0,0,0,0,4.2242655800289866,2,0,0,0,0,0,0,0
10,5,1,2,1,0,0,0,0,5.8916882850039185,2,0,0,0,0,0,0,0
10,0,0,3,1,0,0,0,0,4.258357635941678,4,0,0,0,0,0,0,0
18,2,0,1,1,0,0,0,0,5.181866964209261,6,0,1,2,138.51462139370074,0,1.1953598994960128,0
15,3,0,0,1,0,0,0,0,3.946842653790343,2,0,1,1,146.98292795156706,0,10.497442201866514,0
12,1,0,2,1,0,0,0,0,4.759147859864514,2,0,0,0,0,0,0,0
17,6,1,0,1,0,0,0,0,3.1092283474447355,2,2,0,0,0,0,0,0
8,6,1,1,1,0,0,0,0,3.7110603308854895,5,0,1,1,345.1576890912631,0,5.6912069826431395,0
18,5,1,0,1,0,0,0,0,5.607937677593156,2,0,0,0,0,0,0,0
9,6,1,1,1,0,0,0,0,3.7280763613896504,3,0,1,1,153.05683833589677,0,5.079370034587107,0
20,2,0,0,1,0,0,0,0,5.080549959952845,3,0,1,2,128.67600870528608,0,8.117881952581152,0
14,4,0,1,1,0,0,0,0,4.472562188374796,2,0,0,0,0,0,0,0
15,5,1,1,1,0,0,0,0,4.1429826157718335,3,1,0,0,0,0,0,0
11,2,0,0,1,0,0,0,0,4.384570026567066,2,0,1,2,39.04548751889018,0,13.420194833004016,0
7,1,0,0,1,0,0,0,0,4.000901423092376,3,0,1,2,124.32129074009153,1,3.5973199099924837,0
16,1,0,0,1,0,0,0,0,4.770441586432325,1,0,1,1,74.07375715809277,0,12.835422154009153,0
13,2,0,0,1,0,0,0,0,3.2663908690135277,3,0,0,0,0,0,0,0
18,3,0,1,1,0,0,0,0,5.464604507764313,2,1,0,0,0,0,0,0
10,3,0,0,1,0,0,0,0,2.0632926178894726,3,0,1,1,388.04778692579737,0,13.763747486484675,0
8,1,0,0,1,0,0,0,0,3.477776778258473,6,0,1,2,306.9788254197979,0,6.873561113392497,0
10,3,0,0,1,0,0,0,0,5.953166435578165,1,0,1,1,81.4653473129381,0,4.619211580210263,0
7,2,0,2,1,0,0,0,0,4.7553892213647835,4,0,0,0,0,0,0,0
8,1,0,5.136064790452425,0,1,2,1,1,0.8039739825189116,2,1,0,0,0,0,0,1
8,0,0,2,1,0,0,0,0,2.0470782639751683,3,0,1,1,371.29295579368244,0,12.778190189860227,0
18,1,0,2,1,0,0,0,0,3.9144302251060275,5,0,0,0,0,0,0,0
8,3,0,1,1,0,0,0,0,4.541127670134985,3,0,1,2,66.88902167013899,0,13.664536826100944,0
3,1,0,1,1,0,0,0,0,5.967695878171629,2,0,1,1,306.219881172289,0,0.3904771541392107,0
16,0,0,1,1,0,0,0,0,4.471703048567603,2,0,0,0,0,0,0,0
14,1,0,0,1,0,0,0,0,4.274111396899034,2,0,1,1,272.09241363289925,0,3.5880328414142304,0
7,1,0,1,1,0,0,0,0,3.901855566784017,5,0,0,0,0,0,0,0
13,1,0,0,1,0,0,0,0,2.4519474916362904,1,0,1,1,353.3210473014035,0,13.413596307434192,0
12,0,0,0,1,0,0,1,1,2.355486457083694,1,1,0,0,0,0,0,0
8,2,0,0,1,0,0,0,0,2.2516219585193973,2,1,1,1,290.6842176466827,0,2.0714276122244417,0
14,1,0,3,1,0,0,0,0,3.9466208280467994,3,0,1,1,335.4033247274343,0,8.575446149752395,0
16,6,1,1,1,0,0,0,0,5.9425105583454725,5,0,0,0,0,0,0,0
21,0,0,2,1,0,0,0,0,5.310148702412682,3,0,0,0,0,0,0,0
8,2,0,0,1,0,0,0,0,2.0846295657564307,4,1,1,1,357.5239068936062,0,6.004261735596718,0
15,6,1,0,1,0,0,0,0,2.839087512957741,3,0,0,0,0,0,0,0
13,2,0,0,1,0,1,0,0,5.8899044732527095,3,0,0,0,0,0,0,0
18,6,1,0,1,0,0,0,0,3.778462502124277,4,1,0,0,0,0,0,0
11,2,0,0,1,0,0,0,0,4.709472319825993,4,0,0,0,0,0,0,0
12,0,0,0,1,0,0,0,0,2.5592611273302692,3,0,0,0,0,0,0,0
10,2,0,1,1,0,0,0,0,4.819833749614397,2,0,0,0,0,0,0,0
11,1,0,1,1,0,0,0,0,5.13515366785415,3,0,1,1,132.36809145639347,0,9.876924511595194,0
18,0,0,0,1,0,0,0,0,4.925903653591169,3,0,0,0,0,0,0,0
16,0,0,4.734130656863,0,1,3,1,1,-0.25592387145759465,1,0,0,0,0,0,0,1
1,0,0,0,1,0,0,0,0,3.716169614750241,1,0,1,1,303.17167667132514,0,7.7519217505279485,0
12,4,0,0,1,0,0,0,0,3.796234292533586,1,0,0,0,0,0,0,0
6,2,0,1,1,0,0,0,0,5.3279819384242195,3,0,1,1,139.61412212226608,1,6.8915594640920395,0
10,1,0,1,1,0,1,0,0,3.6162043940016595,2,0,1,1,374.9187223911281,0,6.5604617598167145,0
10,0,0,0,1,0,0,0,0,2.6012524947322837,3,0,0,0,0,0,0,0
18,0,0,1,1,0,0,0,0,5.137498239239275,2,0,0,0,0,0,0,0
8,3,0,1,1,0,0,0,0,3.000329176308953,3,0,1,2,61.688067698477326,0,6.291577852346105,0
20,3,0,1,1,0,0,0,0,3.6115440763360813,2,0,0,0,0,0,0,0
19,3,0,1,1,0,0,0,0,4.4629716947535485,5,0,0,0,0,0,0,0
12,4,0,1,1,0,0,1,0,2.49968500447232,2,0,0,0,0,0,0,0
13,2,0,6.348726515182519,0,0,2,1,0,2.0060608792278884,1,0,1,1,0.08259106471246005,1,0.17391433059580988,1
21,2,0,0,1,0,0,0,0,2.3611731981776822,2,0,0,0,0,0,0,0
10,3,0,0,1,0,0,0,0,4.1828829802853535,1,0,0,0,0,0,0,0
10,4,0,0,1,0,0,0,0,4.525862033631569,2,0,0,0,0,0,0,0
9,2,0,0,1,0,0,0,0,5.960125041867192,2,0,1,2,379.7698173255959,0,2.954352734275502,0
18,1,0,1,1,0,0,0,0,5.681939296421767,1,0,0,0,0,0,0,0
15,3,0,3,1,0,0,0,0,5.755320319038663,2,0,0,0,0,0,0,0
12,4,0,0,1,0,0,1,0,4.941602566020249,1,0,0,0,0,0,0,0
12,4,0,0,1,0,0,0,0,3.001637883399533,1,0,0,0,0,0,0,0
11,5,1,2,1,0,0,0,0,2.3931071536345456,3,0,1,2,297.4449939232281,0,2.7289595848272175,0
16,0,0,3,1,0,0,0,0,2.9558016776187297,5,0,0,0,0,0,0,0
13,5,1,0,1,0,0,0,0,3.694861071170505,2,0,0,0,0,0,0,0
13,1,0,0,1,0,0,0,0,3.998370854461046,4,0,0,0,0,0,0,0
19,3,0,2,1,0,0,0,0,2.7776612999955246,1,0,1,1,87.24142978207175,0,5.615126781020725,0
11,0,0,1,1,0,0,0,0,2.620336959582681,2,0,0,0,0,0,0,0
10,3,0,0,1,0,1,0,0,2.3823250010052477,1,0,0,0,0,0,0,0
3,6,1,4.637871791452023,1,0,0,0,1,-0.6497344760631663,10,15,0,0,0,0,0,1
23,0,0,1,1,0,0,0,0,2.8738386692615165,3,0,0,0,0,0,0,0
14,4,0,0,1,0,0,0,0,2.9841981627098364,2,0,1,1,267.8531884043424,0,8.191048027365321,0
18,3,0,1,1,0,0,0,0,4.432473839547534,5,0,1,1,60.06201115569012,0,3.6913890650211325,0
14,2,0,1,1,0,0,0,0,2.6536360212570362,2,0,1,1,123.89932126650871,0,5.011797995675338,0
11,5,1,0,1,0,0,0,0,4.853906936828627,1,0,1,1,357.3501738449772,0,1.3893322642771904,0
11,2,0,0,1,0,0,0,0,5.760721848042835,2,0,1,2,96.4988354762058,0,9.513907414101691,0
19,5,1,4.061441382276961,1,0,0,0,0,-1.5940943645382155,50,10,0,0,0,0,0,1
14,4,0,1,1,0,0,0,0,4.078920089272964,5,0,0,0,0,0,0,0
21,2,0,1,1,0,0,0,0,2.949428510787321,1,0,0,0,0,0,0,0
14,0,0,0,1,0,0,0,0,4.527540855643222,3,0,0,0,0,0,0,0
19,1,0,0,1,0,0,0,0,4.90528967562299,2,0,0,0,0,0,0,0
10,1,0,0,1,0,0,0,0,3.100284307012279,5,0,1,1,313.4129316687512,0,5.958942741918939,0
19,3,0,0,1,0,0,0,0,4.403342466943707,2,0,0,0,0,0,0,0
18,5,1,2,1,0,0,0,0,4.379671379513836,1,0,0,0,0,0,0,0
21,2,0,0,1,0,0,0,0,3.4241242713862414,4,0,0,0,0,0,0,0
10,3,0,0,1,0,0,0,0,3.850587304690612,4,0,0,0,0,0,0,0
13,2,0,0,1,0,0,0,0,3.5771225398136277,4,0,0,0,0,0,0,0
12,1,0,1,1,0,0,0,0,4.180560242807834,1,1,1,2,85.85490485938283,0,6.478757965139552,0
10,3,0,1,1,0,0,0,0,5.858281005498069,1,0,0,0,0,0,0,0
21,1,0,0,1,0,0,0,0,3.214788757543949,5,0,1,2,319.6355365505308,0,0.34128025438423504,0
21,4,0,0,1,0,0,0,0,5.3483668756817195,2,0,1,2,246.361530932122,0,5.900969571476942,0
21,6,1,1,1,0,0,0,0,5.792585919299059,3,0,0,0,0,0,0,0
9,0,0,0,1,0,0,0,0,3.1612610337759635,3,0,0,0,0,0,0,0
21,5,1,1,1,0,0,0,0,2.695214257804543,4,0,0,0,0,0,0,0
2,3,0,1,1,0,0,0,0,5.545338575123402,3,0,0,0,0,0,0,0
14,3,0,0,1,0,0,0,0,5.029957315992082,1,0,0,0,0,0,0,0
17,2,0,1,1,0,0,0,0,4.056491009591875,2,1,0,0,0,0,0,0
7,3,0,5.972029607666593,1,0,0,1,1,1.9837791259199884,2,2,1,1,0.032918179164965,1,0.08902427745772323,1
13,1,0,0,1,0,0,0,0,3.0310102783847177,2,0,0,0,0,0,0,0
13,2,0,0,1,0,0,0,0,3.89497660158076,3,0,0,0,0,0,0,0
15,2,0,0,1,0,0,0,0,4.316142275345424,1,0,0,0,0,0,0,0
11,2,0,0,1,0,0,0,0,3.2844340103092597,6,0,1,1,173.6605950435691,0,13.054520147883519,0
23,2,0,1,1,0,1,0,0,3.090384264773995,4,0,1,1,237.31476871670972,0,4.581432905493136,0
13,1,0,1,1,0,0,0,0,3.742969818898175,1,0,1,1,240.82706249309314,0,11.356278642265954,0
17,0,0,0,1,0,0,0,0,3.0634891485833315,1,0,1,2,266.3527985893604,0,6.9728599829918405,0
18,3,0,1,1,0,0,1,0,5.016266099693608,3,0,0,0,0,0,0,0
10,1,0,0,1,0,0,0,0,4.283221199179549,1,0,1,1,43.87613424753977,0,11.609672087578133,0
16,3,0,0,1,0,0,0,0,2.859342127088165,2,0,0,0,0,0,0,0
8,1,0,0,1,0,0,0,0,4.088417080362891,3,0,0,0,0,0,0,0
16,0,0,0,1,0,0,0,0,3.34430243510014,1,0,1,1,223.81446090849272,0,7.706284992401151,0
15,4,0,1,1,0,0,0,0,3.8797458319858498,2,0,0,0,0,0,0,0
2,1,0,2.124033090126585,0,1,2,1,1,2.1610181915861038,1,0,0,0,0,0,0,1
19,1,0,0,1,0,0,0,0,2.864810565061703,2,0,1,1,220.32346554420923,0,3.9943982984393047,0
12,2,0,0,1,0,0,0,0,4.585705333493596,3,1,0,0,0,0,0,0
14,4,0,0,1,0,0,0,0,2.8480721576458543,2,0,0,0,0,0,0,0
16,4,0,0,1,0,0,0,0,2.23608501177272,2,0,0,0,0,0,0,0
12,1,0,1,1,0,0,0,0,4.518238325334352,3,0,0,0,0,0,0,0
15,0,0,0,1,0,0,0,0,4.361719765377525,4,0,0,0,0,0,0,0
10,0,0,0,1,0,0,0,0,4.432828659555694,3,0,1,3,260.105582301229,0,4.523865660236463,0
17,6,1,3.5782402722962012,0,1,3,1,1,-0.4526213425747865,1,0,0,0,0,0,0,1
13,3,0,0,1,0,0,1,0,2.677022850742394,5,0,0,0,0,0,0,0
19,1,0,0,1,0,0,0,0,2.498359351109423,3,0,1,3,208.0377597004278,0,4.458649704037872,0
15,5,1,0,1,0,0,0,0,4.892470712969693,5,0,0,0,0,0,0,0
9,4,0,1,1,0,0,0,0,5.284069569593841,3,0,0,0,0,0,0,0
18,4,0,1,1,0,0,0,0,2.4965196787768207,6,0,0,0,0,0,0,0
9,4,0,0,1,0,0,0,0,2.8323099219452383,3,0,1,3,164.19452968350373,0,8.114771488829131,0
18,1,0,2,1,0,0,0,0,2.852047422753627,4,0,1,1,333.70624059732387,0,9.85044503549525,0
14,0,0,0,1,0,0,0,0,2.270173109162314,1,0,0,0,0,0,0,0
21,1,0,0,1,0,0,0,0,4.141873368447504,4,0,0,0,0,0,0,0
19,1,0,2,1,0,0,0,0,3.3861805577897055,4,0,0,0,0,0,0,0
7,3,0,1,1,0,0,0,0,4.805256086298851,2,0,1,1,373.0614602082937,0,6.879677019995837,0
5,2,0,0,1,0,0,0,0,3.2729598060564324,5,0,0,0,0,0,0,0
12,4,0,0,1,0,0,0,0,2.346528124853551,2,0,0,0,0,0,0,0
10,5,1,0,1,0,0,0,0,5.034288116936664,1,0,0,0,0,0,0,0
9,6,1,0,1,0,0,0,0,4.172716155321076,5,0,0,0,0,0,0,0
16,2,0,0,1,0,0,0,0,2.317090746975396,4,0,1,2,112.83707431117558,0,8.628715535248167,0
14,4,0,3.798798029272273,1,1,2,1,1,3.4283173239705547,2,2,1,1,0.02858824330788472,1,0.13702675643278228,1
10,6,1,2,1,0,0,0,0,3.6179579664630905,3,0,1,2,52.168402671662385,0,4.197926504380105,0
17,4,0,2,1,0,0,0,0,2.8369502939968867,1,0,1,1,210.32492887834246,0,9.031001899509933,0
9,6,1,2,1,0,0,0,0,3.6464713343929436,6,0,1,1,19.202802275244608,0,3.6431975851193865,0
6,5,1,0,1,0,0,0,0,5.645600329102682,3,0,0,0,0,0,0,0
18,0,0,0,1,0,0,0,0,4.650272275408562,5,0,0,0,0,0,0,0
10,4,0,3,1,0,0,0,0,3.4362606488882217,1,0,0,0,0,0,0,0
9,3,0,0,1,0,0,0,0,5.14167636697054,3,0,1,1,30.265246240823323,0,10.226353496781448,0
17,3,0,0,1,0,0,0,0,2.6649854734389833,3,0,1,1,155.67416152323284,0,3.6155650174940264,0
13,3,0,2,1,0,0,0,0,5.198112903146568,4,0,0,0,0,0,0,0
18,2,0,0,1,0,0,1,1,5.004043272029774,3,0,0,0,0,0,0,0
17,2,0,0,1,0,0,0,0,5.891044578679704,6,0,1,2,113.4499190681261,0,7.7701971615161955,0
12,2,0,0,1,0,0,1,0,5.829495680475896,4,0,1,3,67.36798106085195,0,6.91901184355741,0
16,3,0,0,1,0,1,0,0,4.934217320099202,3,0,0,0,0,0,0,0
16,0,0,0,1,0,1,0,0,5.977380633576958,3,0,0,0,0,0,0,0
15,0,0,0,1,0,0,0,0,3.8020148184708096,3,0,0,0,0,0,0,0
18,1,0,0,1,0,0,0,0,5.097706337644256,1,0,0,0,0,0,0,0
16,4,0,0,1,0,0,0,0,5.3884093697630675,1,0,0,0,0,0,0,0
16,2,0,1,1,0,0,0,0,4.899856617396999,2,0,0,0,0,0,0,0
2,5,1,0,1,0,0,0,0,2.2528681646407818,4,0,0,0,0,0,0,0
13,3,0,3,1,0,0,0,0,2.9410912519501653,3,0,1,1,133.43913828234523,0,12.26901089876142,0
12,2,0,2,1,0,0,0,0,2.054902584102488,3,0,1,1,64.46562118702062,0,1.9109302571067421,0
12,2,0,0,1,0,0,0,0,3.4465789892120253,2,0,1,2,260.51775782140294,0,13.775867154610832,0
22,0,0,0,1,0,0,0,0,2.998265079536307,1,0,1,2,138.78211904628967,0,4.287213757823806,0
8,2,0,0,1,0,0,0,0,3.1841345333732196,5,0,0,0,0,0,0,0
19,1,0,0,1,0,0,0,0,5.852466243671657,1,0,1,1,315.1993118663055,0,9.424699762062902,0
17,5,1,0,1,0,0,0,0,4.666000110460389,1,0,1,2,276.3274480741068,0,4.749098158472821,0
8,4,0,0,1,0,0,0,0,4.240702474448652,3,0,0,0,0,0,0,0
17,1,0,3,1,0,0,0,0,3.4451262475934064,1,2,1,1,345.8354816947898,0,1.8837184639839957,0
14,1,0,0,1,0,0,0,0,5.522071398379376,4,0,0,0,0,0,0,0
0,0,0,5.381447229227016,1,0,0,1,1,5.013893370020021,1,0,0,0,0,0,0,1
16,2,0,3,1,0,0,0,0,3.6954319081276807,2,0,0,0,0,0,0,0
21,2,0,0,1,0,0,1,0,3.6802235871679647,1,0,0,0,0,0,0,0
7,2,0,0,1,0,1,0,0,3.4960458489935995,1,0,1,1,382.1173306142575,0,5.411993700851994,0
14,2,0,0,1,0,1,0,0,5.741147050428747,3,0,1,1,324.8306872319572,0,9.346606465302921,0
16,3,0,3,1,0,0,0,0,5.362249429174759,5,0,1,1,373.25158550308856,0,6.8959371453721605,0
17,2,0,0,1,0,0,0,0,3.8690916361959578,1,0,0,0,0,0,0,0
10,4,0,0,1,0,0,0,0,2.555722732335227,2,0,1,2,194.08624827360583,0,9.86701317571211,0
12,0,0,0,1,0,0,0,0,4.9041245779667015,3,0,0,0,0,0,0,0
8,2,0,2,1,0,0,0,0,4.6212534215029555,1,0,1,2,331.69967297571014,0,1.4048488462711133,0
7,1,0,3,1,0,0,0,0,2.795238596579377,6,0,0,0,0,0,0,0
12,0,0,2,1,0,0,0,0,2.5539828525166612,2,0,0,0,0,0,0,0
15,0,0,0,1,0,0,0,0,4.706880175775513,3,0,0,0,0,0,0,0
20,4,0,0,1,0,0,0,0,4.034783769534686,5,0,0,0,0,0,0,0
2,4,0,0,1,0,0,0,0,5.164839298353344,6,0,1,1,322.57726280936646,0,1.9832220356262464,0
10,1,0,0,1,0,0,0,0,3.3251627222810627,3,1,1,1,359.49490266983025,0,10.693307144384729,0
8,3,0,0,1,0,0,0,0,5.847922297475719,6,0,0,0,0,0,0,0
16,0,0,0,1,0,0,0,0,4.547505410799211,3,0,1,1,237.4253140561417,0,6.436360513593627,0
10,6,1,0,1,0,1,0,0,3.559428431771376,2,0,1,2,112.99669176035009,0,12.509593669936105,0
17,4,0,3.5261177403262223,0,1,3,1,1,1.570520245877118,1,0,0,0,0,0,0,1
4,1,0,3.5880163885235055,0,1,3,1,1,1.0666950054951068,1,2,1,1,53.828535434172245,0,121.62092107075728,1
15,0,0,3,1,0,0,0,0,5.254552292864146,4,0,1,1,362.90154079870683,0,13.465042272517868,0
14,3,0,0,1,0,0,0,0,3.679316897199403,4,0,1,2,43.11433725690016,0,0.5542778582480719,0
12,5,1,0,1,0,0,0,0,3.7348979394029356,3,0,0,0,0,0,0,0
10,2,0,0,1,0,0,0,0,2.8710929578925755,1,0,1,1,262.7035627750302,0,13.7256425213149,0
11,4,0,1,1,0,0,0,0,4.976390348917569,1,0,0,0,0,0,0,0
9,5,1,0,1,0,0,0,0,3.7358820849478964,1,0,0,0,0,0,0,0
16,3,0,0,1,0,0,0,0,2.089440983725794,5,0,1,1,75.03446823528753,0,11.110249139807488,0
10,0,0,0,1,0,0,0,0,4.108702264449116,2,0,1,1,23.331582165175995,0,12.59545183727123,0
10,6,1,0,1,0,0,0,0,3.6673028778701497,2,0,0,0,0,0,0,0
9,1,0,2,1,0,0,0,0,3.1473966758259704,2,2,1,1,173.69122454412158,0,13.858666192358779,0
11,1,0,0,1,0,0,0,0,5.72036922063596,1,0,1,1,67.85079340149628,0,12.808182800403333,0
10,4,0,0,1,0,1,0,0,2.947784221466725,4,0,0,0,0,0,0,0
17,1,0,1,1,0,0,0,0,4.627703825094181,1,0,0,0,0,0,0,0
20,2,0,1,1,0,0,0,0,3.124145709662088,1,1,1,3,289.0506802722859,0,5.787236577668297,0
9,3,0,0,1,0,0,0,0,3.213049718271582,5,0,0,0,0,0,0,0
8,4,0,0,1,0,0,0,0,3.662302588279887,5,0,0,0,0,0,0,0
18,0,0,2,1,0,0,0,0,4.274362515866993,2,0,0,0,0,0,0,0
20,4,0,0,1,0,0,0,0,4.838686456227084,3,0,1,1,207.95535816754403,0,3.8561736853706705,0
16,5,1,0,1,0,0,0,0,5.348926233565008,2,0,1,2,315.8715132415016,0,3.470777450873392,0
8,4,0,3,1,0,0,0,0,4.182738008570457,1,1,1,2,161.9611126719977,0,1.042251369514683,0
13,1,0,0,1,0,0,0,0,3.1089962811147203,5,0,0,0,0,0,0,0
14,3,0,0,1,0,0,0,0,5.482196191412635,2,0,1,1,353.1810064339904,0,5.1485943554082905,0
11,3,0,0,1,0,0,0,0,4.6089497641420305,2,0,1,1,33.641883529515255,0,7.723703030190952,0
13,2,0,0,1,0,0,0,0,2.416611424287008,3,0,1,2,97.99615531291622,0,9.087187376270048,0
10,3,0,0,1,0,0,0,0,2.663341684214657,2,0,1,1,374.6839591526159,0,12.286493743690883,0
12,1,0,0,1,0,0,0,0,2.330663119208585,5,0,0,0,0,0,0,0
16,0,0,0,1,0,0,0,0,2.844519136212633,3,0,0,0,0,0,0,0
14,4,0,1,1,0,0,0,0,2.0433443935348854,3,0,1,1,357.6974735062671,0,11.86040497880131,0
13,0,0,1,1,0,0,0,0,5.312792661537766,2,0,1,2,38.135088568724356,0,13.656938273012457,0
18,6,1,3,1,0,0,0,0,3.948617388639003,1,0,0,0,0,0,0,0
6,4,0,0,1,0,0,1,1,2.954447828018261,3,0,1,1,78.8445719115128,0,0.6642416702881779,0
15,3,0,2,1,0,0,0,0,5.499007443190384,3,0,0,0,0,0,0,0
8,5,1,2,1,0,0,0,0,5.577782631840996,2,0,0,0,0,0,0,0
18,2,0,1,1,0,0,0,0,2.0157537008412674,2,1,0,0,0,0,0,0
21,5,1,3,1,0,0,0,0,2.4105891353749715,5,0,1,1,246.65694038504807,0,7.69322254764305,0
12,2,0,0,1,0,0,0,0,3.5791299006943342,2,0,0,0,0,0,0,0
17,2,0,0,1,0,0,0,0,5.431427894603168,4,0,0,0,0,0,0,0
14,0,0,0,1,0,0,0,0,5.619421777462364,3,0,0,0,0,0,0,0
18,1,0,1,1,0,0,0,0,3.440120535730346,4,0,0,0,0,0,0,0
16,1,0,0,1,0,0,0,0,4.349419244029933,1,0,0,0,0,0,0,0
10,2,0,0,1,0,0,0,0,2.210855173883551,4,0,0,0,0,0,0,0
16,5,1,0,1,0,0,0,0,2.3632554807743227,2,0,1,1,56.80528220702905,0,6.202815679169364,0
9,2,0,1,1,0,0,0,0,4.404929078702027,2,0,0,0,0,0,0,0
22,0,0,0,1,0,0,0,0,2.2835362508681567,2,0,0,0,0,0,0,0
11,2,0,1,1,0,0,0,0,5.923259082610899,3,0,0,0,0,0,0,0
18,4,0,1,1,0,0,1,0,5.034445710422386,4,2,0,0,0,0,0,0
6,2,0,0,1,0,0,0,0,3.1935515507243997,6,0,0,0,0,0,0,0
9,6,1,1,1,0,0,0,0,5.351916660755268,4,1,1,1,356.9361465415102,0,6.808933373062521,0
15,2,0,3,1,0,0,0,0,4.063562033440613,1,0,0,0,0,0,0,0
10,3,0,0,1,0,0,0,0,5.902918094067234,1,0,1,1,324.5743505919424,0,7.38222959679235,0
5,3,0,0,1,0,0,0,0,3.626079814072475,2,0,0,0,0,0,0,0
16,5,1,3,1,0,0,0,0,2.7369978085909397,2,0,0,0,0,0,0,0
16,3,0,0,1,0,0,0,0,3.014037382627436,1,0,1,1,39.86799026277419,0,11.004792871181035,0
3,6,1,8.113186411815569,1,0,0,0,0,3.0173167618864274,2,1,0,0,0,0,0,1
16,3,0,1,1,0,0,0,0,5.592753802342251,5,0,0,0,0,0,0,0
14,0,0,0,1,0,0,0,0,2.787642843720855,1,0,1,1,243.1516407303764,0,5.375157121431862,0
6,6,1,0,1,0,0,0,0,3.0163774069840166,3,0,1,1,178.43579149753614,0,2.2637365666525495,0
19,1,0,1,1,0,0,0,0,3.4221841343066357,3,0,1,1,179.13198893244387,0,4.661194836174577,0
14,4,0,0,1,0,0,0,0,2.28109777638637,5,0,1,1,336.7273484689842,0,2.60892967481663,0
15,5,1,1,1,0,0,0,0,4.38297416223153,1,0,1,1,391.75405091332726,0,9.231136783340713,0
16,6,1,0,1,0,0,0,0,3.833953852874889,2,0,0,0,0,0,0,0
10,4,0,0,1,0,0,0,0,5.174624590637185,3,0,0,0,0,0,0,0
14,2,0,0,1,0,0,0,0,3.720131402304866,3,0,1,1,159.52747412848055,0,12.958551126678527,0
17,4,0,0,1,0,0,0,0,2.2682718143751517,1,0,0,0,0,0,0,0
16,0,0,0,1,0,0,0,0,4.161329754263624,3,0,1,1,74.88004958082426,0,13.516498814441091,0
3,0,0,0,1,0,0,0,0,5.827924414988366,2,0,1,1,208.61348423037649,0,7.864841296965413,0
10,0,0,2,1,0,0,0,0,3.4595511352820147,3,0,0,0,0,0,0,0
11,3,0,1,1,0,0,0,0,4.106743095195433,1,1,0,0,0,0,0,0
19,1,0,0,1,0,0,0,0,3.4340819082150538,2,2,0,0,0,0,0,0
10,1,0,1,1,0,0,0,0,4.75599655205515,1,0,1,1,291.15679370356855,0,1.9424597165834678,0
10,5,1,2,1,0,0,0,0,4.830549739438639,4,0,0,0,0,0,0,0
8,3,0,3,1,0,0,0,0,4.193991607052035,3,0,1,2,64.34833178073553,0,1.2598726639128526,0
13,2,0,0,1,0,0,0,0,4.772010318920785,1,1,1,1,164.0365112711566,0,8.388975785415454,0
2,3,0,1,1,0,0,0,0,5.821114331327175,2,0,1,1,373.9368021457019,1,10.116297830355435,0
17,4,0,0,1,0,0,0,0,3.714346266086544,2,0,0,0,0,0,0,0
7,2,0,0,1,0,0,0,0,3.503386836335824,1,0,1,1,334.24612745496967,0,5.35485129501109,0
19,0,0,0,1,0,0,0,0,2.068798741167585,6,0,1,1,346.57873318923356,0,1.3290581656313614,0
18,4,0,0,1,0,0,0,0,3.5593622348867506,3,0,1,1,151.285377905406,0,13.155654507322287,0
9,6,1,0,1,0,0,0,0,5.193504994368171,3,0,0,0,0,0,0,0
14,3,0,0,1,0,0,0,0,5.315380212924832,2,0,0,0,0,0,0,0
11,2,0,1,1,0,0,0,0,4.905657354953312,1,0,1,2,356.0652712060909,0,7.2751013934451345,0
12,2,0,0,1,0,0,0,0,5.5916370664695325,3,0,0,0,0,0,0,0
18,0,0,1,1,0,0,0,0,2.041926623222216,3,0,0,0,0,0,0,0
5,3,0,5.945858853998105,0,1,4,1,1,-0.48165572431210224,1,0,0,0,0,0,0,1
10,6,1,1,1,0,0,0,0,3.58537133203672,3,0,1,1,16.461786606836625,0,5.637650559767655,0
14,3,0,0,1,0,0,0,0,3.906478469217999,2,0,0,0,0,0,0,0
11,1,0,0,1,0,0,0,0,3.1235086207337694,3,0,1,1,150.87826603426197,0,11.438177318826243,0
14,6,1,0,1,0,0,0,0,3.7496063480070085,1,0,0,0,0,0,0,0
2,1,0,0,1,0,0,0,0,4.590898189491081,5,0,1,2,44.575597106262926,0,10.912626618046138,0
14,3,0,0,1,0,0,0,0,4.868189088771075,2,1,1,2,235.4281924143875,0,1.7914244225612275,0
15,5,1,1,1,0,0,0,0,4.958694114922515,3,0,1,1,219.6379867851811,0,9.185806354544722,0
3,1,0,8.800920758090228,1,0,0,0,0,2.281013165619108,1,3,0,0,0,0,0,1
10,0,0,0,1,0,0,0,0,4.892625070837019,4,0,0,0,0,0,0,0
13,1,0,1,1,0,0,0,0,4.827239206073807,2,1,0,0,0,0,0,0
9,3,0,1,1,0,0,0,0,3.3466099735331696,5,0,1,1,145.98251281518128,0,12.695507819750288,0
11,2,0,0,1,0,0,0,0,4.786077797487687,2,0,0,0,0,0,0,0
10,2,0,0,1,0,0,0,0,2.6254897296455266,1,0,1,1,181.8175357502053,0,5.990091148027101,0
8,1,0,0,1,0,0,0,0,5.116218671535668,1,0,0,0,0,0,0,0
19,6,1,3,1,0,0,0,0,2.85995897056696,3,0,0,0,0,0,0,0
17,0,0,1,1,0,0,0,0,5.059615602117406,2,0,0,0,0,0,0,0
21,0,0,0,1,0,0,0,0,4.583310093659534,1,0,0,0,0,0,0,0
16,4,0,0,1,0,0,0,0,4.49107593527955,6,0,1,1,257.5754798630056,0,5.7983612966933595,0
19,3,0,2,1,0,0,0,0,5.065810180561799,1,0,0,0,0,0,0,0
11,1,0,2,1,0,0,0,0,5.7079258886553195,1,0,1,1,122.06425423432009,0,0.06763183554586027,0
14,0,0,0,1,0,0,0,0,5.2380841707953625,2,2,1,2,99.01311867430807,0,12.368206307021557,0
10,3,0,0,1,0,0,1,0,3.3954061174655155,3,0,1,1,346.7389311981868,0,13.018160125905586,0
14,1,0,0,1,0,0,0,0,2.304148309654411,1,0,1,1,332.7611967120913,0,0.5601678007468323,0
5,1,0,1,1,0,0,0,0,4.503869057917152,2,0,1,3,264.01744099801795,0,8.296282899947078,0
11,6,1,1,1,0,0,0,0,5.867916537799858,2,0,0,0,0,0,0,0
15,6,1,3,1,0,0,0,0,5.223631261779772,3,0,1,1,184.4424635759889,0,7.188703621771857,0
18,1,0,0,1,0,0,0,0,2.311077647464944,3,0,0,0,0,0,0,0
11,2,0,1,1,0,0,0,0,3.115562532763901,4,0,0,0,0,0,0,0
13,2,0,0,1,0,0,1,0,3.2467925599973873,4,0,1,1,146.5566036421506,0,13.70727360117376,0
9,1,0,3,1,0,0,0,0,2.39923566023047,1,0,0,0,0,0,0,0
18,5,1,3,1,0,0,0,0,4.247314093433061,4,0,0,0,0,0,0,0
10,2,0,1,1,0,0,1,0,4.277879378816488,3,0,0,0,0,0,0,0
8,4,0,0,1,0,0,0,0,2.2567730678018934,2,0,1,3,217.4674579814037,0,13.984227606510586,0
18,0,0,2,1,0,1,0,0,3.981535589287031,5,1,1,2,17.57712703331852,0,1.5022096708295318,0
5,1,0,1,1,0,0,0,0,3.6429158617161375,3,0,0,0,0,0,0,0
11,3,0,0,1,0,0,0,0,3.1331915090318265,3,0,0,0,0,0,0,0
14,4,0,5.058226480729026,1,0,0,0,1,-1.195399308507184,30,5,0,0,0,0,0,1
12,6,1,0,1,0,0,0,0,4.415687337379385,6,0,1,1,311.5519375768371,0,9.959113052498413,0
9,1,0,1,1,0,0,0,0,4.506993747927125,2,0,0,0,0,0,0,0
16,4,0,0,1,0,0,0,0,3.16954215414732,2,0,1,1,120.04404710696203,0,3.6436622822206424,0
6,2,0,1,1,0,0,0,0,2.7937464408173374,1,0,1,1,170.51634515905704,1,7.028511155694058,0
15,2,0,1,1,0,0,0,0,3.5518150295050765,5,0,1,1,252.09985933764983,0,0.7129995383666412,0
6,3,0,0,1,0,0,0,0,2.7165103580291388,1,0,0,0,0,0,0,0
16,2,0,1,1,0,0,0,0,2.8557125441748816,4,1,0,0,0,0,0,0
10,2,0,2,1,0,0,0,0,3.7852345855708713,5,0,1,1,118.2742512192966,0,6.8781284610829445,0
8,2,0,0,1,0,0,0,0,3.9659170990568318,2,0,1,1,198.77911854823353,0,4.408169252719146,0
17,5,1,0,1,0,0,0,0,3.012094382594283,1,0,1,1,398.4817099955753,0,8.045711234719086,0
10,3,0,0,1,0,0,0,0,4.241605197801345,2,0,0,0,0,0,0,0
15,6,1,1,1,0,0,0,0,4.84736008392046,4,0,1,1,300.27854336251727,0,8.773182635613257,0
19,3,0,0,1,0,0,0,0,2.5749028924463313,2,0,1,1,34.11329037892783,0,11.983246262015353,0
6,4,0,0,1,0,0,0,0,3.5163790634418715,2,0,1,1,222.10017428100065,0,1.6501156096227938,0
14,2,0,1,1,0,0,0,0,5.6325531451393775,2,0,1,2,203.02788085995542,0,2.708042661865978,0
20,0,0,1,1,0,0,0,0,2.918136501632881,4,0,1,1,104.589752878826,0,12.625023813559297,0
22,2,0,0,1,0,0,0,0,5.465093817516176,1,0,0,0,0,0,0,0
16,2,0,2,1,0,0,0,0,5.540658449926097,4,0,0,0,0,0,0,0
20,3,0,1,1,0,1,0,0,3.373065031068804,5,0,1,1,56.99989979164677,0,2.5412122015671414,0
14,0,0,0,1,0,0,0,0,3.7198443002533015,3,0,0,0,0,0,0,0
6,3,0,2,1,0,0,0,0,2.1307868103548975,2,0,1,1,340.0524589935569,0,8.370227086395026,0
9,4,0,1,1,0,0,1,0,5.14168597440882,2,0,1,3,387.7119970841033,0,11.086937097144837,0
20,5,1,1,1,0,0,0,0,5.326896171652806,2,0,0,0,0,0,0,0
12,2,0,0,1,0,0,1,0,4.873321092662257,1,0,1,2,94.97144046732339,0,5.267458195371173,0
9,2,0,1,1,0,0,0,0,4.442404448316317,1,0,0,0,0,0,0,0
1,3,0,9.857863106755275,1,0,0,0,0,2.9280418841912583,1,0,0,0,0,0,0,1
7,2,0,1,1,0,0,0,0,2.9299164035137175,3,0,0,0,0,0,0,0
14,4,0,0,1,0,0,0,0,3.0390342960478915,4,0,0,0,0,0,0,0
8,3,0,0,1,0,0,0,0,4.32975471588345,5,0,1,1,70.92972463310433,0,5.146393625099041,0
15,2,0,1,1,0,0,0,0,5.24746654407248,5,0,1,2,227.24375428167593,0,3.890655714836238,0
13,0,0,0,1,0,0,0,0,2.100976796432183,1,0,1,1,91.86131901355459,0,11.398976580952041,0
13,4,0,0,1,0,1,0,0,3.6468597424016242,4,0,0,0,0,0,0,0
20,0,0,0,1,0,0,0,0,4.657178397508602,4,0,1,2,399.97833285683816,0,7.684391747495911,0
7,3,0,0,1,0,0,0,0,3.594447858575056,2,0,1,1,197.20549457395802,0,6.934564796150703,0
7,2,0,0,1,0,0,0,0,3.4097827344217215,3,0,1,2,87.90121141927784,0,5.490335463449367,0
1,2,0,0,1,0,0,0,0,5.321095661094797,2,0,0,0,0,0,0,0
16,1,0,0,1,0,0,0,0,2.0864418249360055,5,0,0,0,0,0,0,0
8,4,0,0,1,0,0,0,0,2.8553083121296616,6,0,0,0,0,0,0,0
18,2,0,0,1,0,0,0,0,2.441401092985863,4,0,1,1,335.52771641825376,0,13.401857539090681,0
19,6,1,0,1,0,0,0,0,4.402326006910821,5,0,0,0,0,0,0,0
16,1,0,0,1,0,0,0,0,5.788617260676784,3,0,0,0,0,0,0,0
9,3,0,0,1,0,0,0,0,2.9273887091202324,4,0,1,2,211.6668952934836,0,3.118141166052193,0
9,0,0,0,1,0,0,0,0,3.4567560945207534,4,0,0,0,0,0,0,0
13,0,0,0,1,0,0,0,0,5.766521670770089,3,1,1,2,118.98322505052727,0,7.1402911518140195,0
8,1,0,3,1,0,0,0,0,2.442592290984909,5,0,1,2,335.2088896788607,1,3.8924479233117664,0
18,4,0,0,1,0,0,0,0,2.559710398791864,1,0,1,1,254.12581752525782,0,10.50163453236842,0
17,1,0,1,1,0,0,0,0,3.365026097910803,1,0,0,0,0,0,0,0
10,0,0,0,1,0,0,0,0,2.598868899506858,1,0,1,1,129.60997064032563,0,4.722717867908111,0
8,5,1,3,1,0,0,0,0,3.6302229833827946,2,0,0,0,0,0,0,0
12,2,0,4.583118873047791,1,0,0,0,0,-1.8126709837863169,10,20,0,0,0,0,0,1
13,4,0,1,1,0,0,0,0,3.808430137722506,5,0,0,0,0,0,0,0
16,0,0,0,1,0,0,0,0,4.6533445093726975,5,0,0,0,0,0,0,0
21,1,0,1,1,0,0,0,0,3.4424736542853207,1,0,0,0,0,0,0,0
17,0,0,0,1,0,0,0,0,3.949813531932887,5,0,1,1,88.22745757635819,0,13.591403978253213,0
15,5,1,1,1,0,0,0,0,2.766574548807595,2,0,0,0,0,0,0,0
14,3,0,0,1,0,0,0,0,5.6467737647389065,4,1,1,2,301.0595115904176,0,1.7379175568530565,0
7,2,0,1,1,0,0,0,0,4.59198419291252,2,0,1,1,315.1904132625886,0,5.704447996619063,0
16,1,0,0,1,0,0,0,0,4.968075614001561,1,0,1,1,373.7223527479999,0,13.012620929320274,0
14,0,0,1,1,0,0,0,0,2.8788400023883423,1,0,1,2,24.40795372229057,0,9.140909245473122,0
20,2,0,3,1,0,0,0,0,2.2021616185115676,3,0,1,1,221.16262922552582,0,6.032988770865567,0
21,5,1,0,1,0,0,0,0,2.035926232769075,5,0,1,1,39.529336055956236,0,11.2370237898357,0
9,0,0,1,1,0,1,0,0,5.69206244914051,2,0,0,0,0,0,0,0
18,1,0,0,1,0,0,0,0,4.682994030143669,1,0,0,0,0,0,0,0
9,4,0,1,1,0,0,0,0,4.964170241075475,2,0,0,0,0,0,0,0
9,2,0,1,1,0,0,0,0,3.9474629727259867,3,1,0,0,0,0,0,0
9,2,0,3,1,0,0,0,0,4.233377569758471,2,0,0,0,0,0,0,0
20,0,0,3,1,0,0,0,0,3.7232875362604743,1,0,1,1,209.28945741541276,0,2.6752911714166556,0
1,3,0,2,1,0,0,0,0,4.590765308195515,5,0,0,0,0,0,0,0
9,4,0,0,1,0,0,0,0,2.955375340013184,2,0,1,1,236.0501372701071,0,12.09556886189391,0
17,3,0,1,1,0,0,0,0,2.212826580014992,3,0,0,0,0,0,0,0
14,4,0,1,1,0,0,0,0,4.282206160434622,1,0,0,0,0,0,0,0
13,4,0,1,1,0,0,0,0,2.6383673695683116,3,0,0,0,0,0,0,0
15,3,0,1,1,0,0,0,0,3.411407634837333,2,0,1,1,274.7662293954855,0,6.768109562488977,0
9,1,0,1,1,0,0,0,0,4.758700801372203,4,2,0,0,0,0,0,0
14,4,0,0,1,0,0,0,0,3.801265172917429,2,0,1,1,142.7482233998987,0,10.498777259162367,0
9,3,0,0,1,0,0,0,0,3.820408595930801,2,0,0,0,0,0,0,0
14,4,0,0,1,0,0,1,1,4.630592089385539,4,0,0,0,0,0,0,0
1,6,1,10.457346202132548,1,0,0,0,0,2.006137478237787,2,0,1,1,20.162184108305702,0,145.98791865109723,1
4,6,1,0,1,0,1,0,0,4.5928728196151685,6,0,0,0,0,0,0,0
10,2,0,0,1,0,0,0,0,2.2227881246905814,5,0,0,0,0,0,0,0
14,2,0,0,1,0,0,1,1,5.390449604943539,2,0,0,0,0,0,0,0
17,0,0,0,1,0,0,0,0,4.870734007575077,4,0,0,0,0,0,0,0
14,0,0,2,1,0,0,0,0,5.8282527856074235,3,0,1,1,334.20475307783477,1,2.8487767489272455,0
16,1,0,0,1,0,0,0,0,2.520507024336847,3,0,0,0,0,0,0,0
0,3,0,0,1,0,0,0,0,5.016256766771246,3,0,0,0,0,0,0,0
13,5,1,0,1,0,0,0,0,2.513527128206311,2,0,1,1,162.47977855506977,0,12.82274338375939,0
12,1,0,0,1,0,0,0,0,4.204549358679243,4,0,1,1,209.70663479429547,0,9.88779022237603,0
11,1,0,0,1,0,0,0,0,5.740033826988144,2,0,1,2,131.32296710965363,0,10.509882391838147,0
14,4,0,1,1,0,0,0,0,3.9764681000695545,4,0,0,0,0,0,0,0
11,3,0,0,1,0,0,0,0,5.983573489729292,5,2,1,3,55.34919718441137,0,1.8970112285240803,0
16,3,0,1,1,0,0,0,0,4.3686967721425045,3,0,0,0,0,0,0,0
14,2,0,0,1,0,0,0,0,2.6588443740301066,5,0,0,0,0,0,0,0
14,3,0,0,1,0,0,0,0,2.259770079324739,3,0,1,1,51.102393281581904,0,9.6464483884853,0
9,1,0,1,1,0,0,0,0,4.306596032493518,3,1,1,1,215.91782563672416,0,1.333389938323726,0
20,3,0,3,1,0,0,0,0,5.889467411381197,3,0,1,2,136.73525239166844,0,6.749825305828368,0
13,3,0,3,1,0,0,0,0,5.437691531269202,3,0,1,2,207.65334346711688,0,8.787237983692407,0
21,0,0,0,1,0,0,0,0,2.5726702020430996,3,0,1,1,279.4141737168715,0,2.3885274182174587,0
12,1,0,0,1,0,0,0,0,2.212327904313714,3,0,0,0,0,0,0,0
19,4,0,2,1,0,0,0,0,2.6655436873337215,4,0,0,0,0,0,0,0
15,0,0,0,1,0,1,0,0,3.4039813211965315,3,0,1,1,250.8360150069601,0,11.869534392310136,0
14,2,0,2,1,0,0,0,0,5.950173579556727,1,0,0,0,0,0,0,0
20,0,0,0,1,0,0,0,0,3.3838561025062823,1,0,1,3,282.5888180113526,0,10.94505510024426,0
17,4,0,0,1,0,0,0,0,2.294305475394765,2,0,0,0,0,0,0,0
7,0,0,1,1,0,1,0,0,3.128770142840911,4,0,0,0,0,0,0,0
7,2,0,0,1,0,0,0,0,4.8463140135734974,3,0,1,1,59.480307153467464,0,13.706640303109955,0
0,4,0,1,1,0,0,0,0,4.018038984979337,1,0,0,0,0,0,0,0
15,1,0,0,1,0,0,0,0,2.301280392556228,3,1,1,3,355.33472112367184,0,9.183949430213508,0
12,3,0,1,1,0,0,0,0,5.3948901619694745,3,0,0,0,0,0,0,0
7,3,0,0,1,0,0,0,0,3.354120190875883,5,0,0,0,0,0,0,0
14,2,0,0,1,0,0,1,1,5.361665951836976,4,0,0,0,0,0,0,0
17,3,0,0,1,0,0,0,0,5.06325577876003,1,0,0,0,0,0,0,0
18,6,1,2,1,0,0,0,0,2.452250237784688,1,0,0,0,0,0,0,0
14,0,0,0,1,0,0,0,0,3.3007417732746718,6,0,0,0,0,0,0,0
7,0,0,0,1,0,0,0,0,3.6299751589757587,2,0,0,0,0,0,0,0
15,1,0,2,1,0,0,0,0,4.138308743775981,2,0,1,2,162.29066858596522,0,7.883394281014043,0
8,2,0,0,1,0,0,0,0,5.060568998695507,2,0,0,0,0,0,0,0
1,4,0,0,1,0,0,0,0,2.767739363037107,3,0,0,0,0,0,0,0
22,2,0,0,1,0,0,0,0,4.075251360702213,3,0,0,0,0,0,0,0
14,3,0,0,1,0,0,0,0,3.2920806705785863,2,0,1,2,383.0972883282006,0,8.56625234081559,0
7,1,0,0,1,0,0,0,0,2.550094237900734,3,0,0,0,0,0,0,0
7,3,0,0,1,0,0,0,0,2.9898336127562963,5,0,1,1,294.47011586780485,0,10.464162542116792,0
10,2,0,0,1,0,0,0,0,2.257285019531509,1,0,0,0,0,0,0,0
14,0,0,0,1,0,0,1,0,4.604659411285753,1,0,0,0,0,0,0,0
12,4,0,0,1,0,0,0,0,5.306267936565924,5,0,0,0,0,0,0,0
10,2,0,1,1,0,0,0,0,2.6119177475545055,3,0,1,3,300.8099505459875,0,1.0642247024631792,0
18,3,0,2,1,0,0,0,0,5.4730067326680025,4,0,1,1,60.290464129749495,0,13.57196317673608,0
13,2,0,6.509478379223423,1,1,1,1,1,1.810050415980811,2,0,1,1,0.0428991378028486,1,0.05195775020600049,1
12,6,1,0,1,0,0,0,0,5.878169058218185,3,0,1,1,259.4385386603726,0,7.3284372609631045,0
7,0,0,0,1,0,0,0,0,4.564297624379971,2,0,0,0,0,0,0,0
12,2,0,0,1,0,0,0,0,3.5737304515389328,2,0,1,1,374.6557382581593,0,13.91663055268675,0
18,1,0,3,1,0,0,1,0,5.741788245534739,1,0,1,1,302.874649560936,0,4.9254077731433386,0
21,1,0,0,1,0,0,0,0,5.963902760589341,2,0,0,0,0,0,0,0
17,3,0,0,1,0,0,0,0,5.025299791949615,1,0,1,1,49.793599678323794,0,13.164513542666237,0
12,1,0,0,1,0,0,0,0,4.67626876391536,1,0,1,2,346.41467775958466,0,11.845708404213601,0
8,2,0,0,1,0,0,1,1,2.271238226948472,1,0,1,1,378.60287693766105,0,11.829858210317367,0
9,4,0,0,1,0,0,0,0,4.587688204814661,1,0,0,0,0,0,0,0
20,3,0,0,1,0,0,0,0,2.7588475248486684,5,0,1,1,199.37956850075068,0,5.729909167350657,0
9,3,0,0,1,0,0,0,0,5.124163301878744,3,0,1,1,90.34700994366129,1,12.145753839381882,0
15,3,0,0,1,0,0,0,0,2.1049903426512553,3,0,1,2,261.53101809152867,0,5.12768010554179,0
19,2,0,2,1,0,0,0,0,3.017333565128032,3,0,1,1,283.4738068743054,0,5.099398010751828,0
7,6,1,0,1,0,0,0,0,4.149774233961493,3,0,1,2,197.26763696654703,0,7.6816682501274105,0
15,2,0,1,1,0,0,0,0,2.846803602325591,5,0,1,1,158.28397637985017,0,8.397614591375138,0
6,2,0,0,1,0,0,0,0,4.425885872156763,1,1,0,0,0,0,0,0
7,3,0,0,1,0,0,0,0,2.8528687218504487,2,0,1,1,264.89113607935076,0,0.4145882958570606,0
11,0,0,0,1,0,0,0,0,5.338772802805986,2,0,0,0,0,0,0,0
13,0,0,0,1,0,0,0,0,3.8958275138179417,6,0,0,0,0,0,0,0
14,1,0,0,1,0,0,0,0,5.996919683179323,6,0,1,1,118.86992879392943,0,5.150408709273598,0
20,1,0,0,1,0,0,0,0,5.801566260418766,6,0,0,0,0,0,0,0
10,1,0,2,1,0,0,0,0,5.39499502217639,3,0,0,0,0,0,0,0
8,1,0,0,1,0,0,1,0,3.069846786104081,4,1,1,1,369.7022707257769,0,1.0997840066132172,0
17,6,1,0,1,0,0,0,0,3.273363056554404,3,0,0,0,0,0,0,0
13,6,1,1,1,0,0,0,0,2.5543377167546986,4,0,0,0,0,0,0,0
9,3,0,3.086045635924809,1,0,0,0,0,-0.2242321780298957,10,5,1,1,26.923424555754018,0,270.2089877172847,1
20,2,0,0,1,0,0,0,0,2.424419846711518,2,0,1,1,111.0908144539047,0,11.923471641645099,0
8,0,0,0,1,0,0,0,0,4.296648346155221,4,0,1,1,127.2173571828552,0,9.562061295795518,0
20,3,0,0,1,0,0,0,0,2.821944133542457,5,0,0,0,0,0,0,0
21,3,0,2,1,0,0,0,0,5.940427848802204,1,0,0,0,0,0,0,0
11,1,0,0,1,0,0,0,0,4.519937937127384,5,0,0,0,0,0,0,0
17,4,0,1,1,0,0,0,0,5.03797857762309,4,0,1,2,48.60670773098195,0,2.0325346849389696,0
15,4,0,0,1,0,0,0,0,5.769867951999601,1,0,1,2,275.85975059219334,0,5.316510907622426,0
20,1,0,0,1,0,0,0,0,4.86593139691654,6,0,1,1,309.64304758139485,0,11.011989517418046,0
17,6,1,1,1,0,0,0,0,3.777551169316692,3,0,0,0,0,0,0,0
22,2,0,0,1,0,0,0,0,2.1182582722872643,3,0,0,0,0,0,0,0
15,1,0,2,1,0,0,0,0,2.710129238885527,3,0,0,0,0,0,0,0
13,2,0,3,1,0,0,0,0,4.7977013631508605,3,0,0,0,0,0,0,0
18,2,0,0,1,0,0,0,0,4.904477811385327,3,0,0,0,0,0,0,0
13,3,0,1,1,0,1,0,0,5.292470787739134,3,0,1,1,53.70311119340445,0,5.320017386119281,0
11,1,0,0,1,0,0,0,0,4.501210324571938,3,0,1,1,171.3905812276705,1,11.816143777127857,0
15,1,0,0,1,0,0,0,0,3.714031257602937,3,0,1,1,141.59723645451587,0,2.167279769176007,0
3,1,0,0,1,0,0,0,0,2.260023072578225,3,0,0,0,0,0,0,0
18,3,0,3,1,0,0,0,0,3.2447266486710475,3,0,0,0,0,0,0,0
9,3,0,1,1,0,0,0,0,4.530945781027859,4,0,0,0,0,0,0,0
10,4,0,0,1,0,0,0,0,5.499042929881052,3,0,1,2,22.96610310824715,0,5.345085561182838,0
18,5,1,0,1,0,0,0,0,2.1573472539881955,2,0,1,3,100.06071245205862,0,11.74817240148727,0
15,4,0,1,1,0,0,0,0,2.1303460815741677,5,0,1,1,171.51180233416997,0,1.6583413118270571,0
2,2,0,7.7748135879831155,1,0,0,1,0,2.0502824343256916,1,1,0,0,0,0,0,1
14,2,0,0,1,0,0,1,1,2.2108722375104137,2,0,0,0,0,0,0,0
17,4,0,1,1,0,0,0,0,4.653006704592304,1,0,0,0,0,0,0,0
1,1,0,3,1,0,0,0,0,4.054460546418781,2,0,0,0,0,0,0,0
8,0,0,1,1,0,0,0,0,5.229647212989351,4,0,0,0,0,0,0,0
16,3,0,2,1,0,0,0,0,2.836514883446212,5,0,1,3,342.12589464475525,1,4.536719361906085,0
18,5,1,0,1,0,0,0,0,4.739033748476647,1,0,0,0,0,0,0,0
9,3,0,0,1,0,0,0,0,5.4008008412354584,1,0,0,0,0,0,0,0
14,3,0,3,1,0,0,0,0,4.663402305123817,3,0,0,0,0,0,0,0
8,2,0,1,1,0,0,0,0,5.405155812186801,6,0,0,0,0,0,0,0
13,0,0,2,1,0,0,0,0,2.4260781331625516,2,0,0,0,0,0,0,0
11,3,0,0,1,0,0,0,0,2.3874554614480163,1,1,1,1,268.30119335517224,0,4.533956936762467,0
12,4,0,1,1,0,0,0,0,2.892068212315797,4,0,1,3,183.63165517196344,0,7.717648744254375,0
18,2,0,2,1,0,0,0,0,3.893219931932733,4,0,1,1,153.57977008675982,0,13.649541162379766,0
16,0,0,2,1,0,0,0,0,2.20482067412386,1,0,0,0,0,0,0,0
6,5,1,1,1,0,0,0,0,4.511823601625162,3,0,0,0,0,0,0,0
11,3,0,3,1,0,0,0,0,3.027092196484097,4,0,0,0,0,0,0,0
8,0,0,0,1,0,0,0,0,4.944382889938399,2,1,0,0,0,0,0,0
9,3,0,0,1,0,0,0,0,2.9041369353112727,1,0,1,1,53.44783813492753,0,8.548404145177958,0
9,3,0,2,1,0,0,0,0,3.5491024053756592,3,0,0,0,0,0,0,0
9,1,0,0,1,0,0,0,0,4.710443542796318,1,0,0,0,0,0,0,0
8,6,1,0,1,0,0,0,0,3.6153541291445426,5,0,0,0,0,0,0,0
21,2,0,0,1,0,0,0,0,4.103543145771029,3,0,1,1,289.8878756274275,0,1.3113557629090375,0
10,5,1,2,1,0,0,0,0,5.497303223207439,3,0,1,1,357.5914843809973,0,5.390979725313201,0
11,5,1,0,1,0,0,0,0,3.830967979240638,6,0,0,0,0,0,0,0
17,4,0,0,1,0,0,0,0,5.407650511109457,6,0,0,0,0,0,0,0
7,6,1,0,1,0,0,0,0,2.1407622722104924,1,0,0,0,0,0,0,0
11,2,0,1,1,0,0,0,0,3.1833899862655777,2,0,0,0,0,0,0,0
16,1,0,0,1,0,0,0,0,2.5868896572557722,4,0,1,1,37.73423988349126,0,4.774126468991423,0
9,0,0,0,1,0,0,0,0,2.041687696436631,2,0,1,1,311.86039773834716,0,4.361707353489105,0
18,2,0,0,1,0,1,0,0,3.267779053337056,1,0,0,0,0,0,0,0
13,4,0,0,1,0,0,0,0,2.9543439971451204,2,0,1,1,360.5234969846162,0,9.380191608571034,0
17,0,0,0,1,0,0,0,0,2.2591901817442817,4,0,1,1,392.06736662663974,0,5.749898531570058,0
18,1,0,1,1,0,0,1,1,5.369532169989255,4,0,1,1,126.57361077015847,0,6.110973075202957,0
11,3,0,0,1,0,0,0,0,3.556245518167258,3,0,0,0,0,0,0,0
18,4,0,1,1,0,0,0,0,4.281126575524118,1,0,0,0,0,0,0,0
9,1,0,0,1,0,0,0,0,5.37391081731896,2,0,0,0,0,0,0,0
20,5,1,1.1695521013966363,1,0,0,0,0,-1.0806404446224367,20,3,0,0,0,0,0,1
14,0,0,1,1,0,0,0,0,4.98941903858252,3,0,1,2,133.86769363289494,0,4.557781899780383,0
17,3,0,1,1,0,0,0,0,5.02196422180938,3,0,1,2,289.8876225296295,0,2.9868131328489285,0
13,4,0,0,1,0,0,0,0,5.416959081613375,1,0,0,0,0,0,0,0
2,4,0,5.9974464345068315,1,0,0,1,1,0.01596649701177366,20,20,0,0,0,0,0,1
17,2,0,0,1,0,0,0,0,4.242889620039124,3,0,1,3,108.47812217142787,0,6.748868330420971,0
4,3,0,0,1,0,0,0,0,2.975646732521437,4,0,1,3,341.072123530792,0,13.664732194162644,0
7,4,0,2,1,0,0,0,0,5.795109331109328,2,0,1,1,259.56582199570425,0,8.221449295872677,0
12,1,0,0,1,0,0,0,0,2.204850643957911,2,0,0,0,0,0,0,0
11,3,0,2,1,0,0,0,0,3.1749280953792205,5,0,1,2,241.41078181183929,0,11.127417017836914,0
12,2,0,0,1,0,0,0,0,3.0169936163601356,6,0,0,0,0,0,0,0
9,3,0,2.06280540437201,0,1,5,1,1,0.7560545578624693,2,2,1,1,61.06181319232405,1,146.66925849957005,1
10,2,0,0,1,0,0,0,0,3.615631705317528,1,0,0,0,0,0,0,0
7,3,0,3,1,0,0,0,0,2.8894928659620973,5,0,1,1,76.58686917524936,0,7.246015729391688,0
11,2,0,0,1,0,0,0,0,2.7000915698083374,1,0,1,3,352.2810689538542,0,10.064191719207141,0
10,1,0,0,1,0,0,0,0,4.154199732196252,4,0,1,1,243.69767828170535,0,3.153263614579008,0
9,4,0,1,1,0,0,0,0,4.238235009353481,5,0,0,0,0,0,0,0
0,2,0,2.393765219706993,1,0,0,0,0,-0.8944725646380736,10,30,0,0,0,0,0,1
11,2,0,0,1,0,0,0,0,4.6282326042413855,4,0,0,0,0,0,0,0
15,0,0,0,1,0,0,0,0,5.875779890396378,4,0,1,1,296.5386354194739,0,12.845216140003636,0
12,0,0,1,1,0,0,0,0,2.0471944886887137,1,0,1,2,177.6773546379349,0,4.060572317181622,0
8,1,0,0,1,0,0,0,0,3.26839007667324,3,0,0,0,0,0,0,0
9,0,0,1,1,0,0,0,0,2.364841936888295,5,0,1,2,267.62437125776023,0,8.488330806639894,0
15,1,0,0,1,0,0,0,0,3.354955570118937,2,0,0,0,0,0,0,0
7,2,0,0,1,0,0,0,0,5.62142654493787,2,0,0,0,0,0,0,0
7,1,0,3.8819628487846103,1,0,0,0,0,-1.3146541456566865,50,15,0,0,0,0,0,1
13,0,0,3,1,0,0,0,0,3.8851494846094647,5,1,1,1,26.974521529676462,0,6.992534853182842,0
16,6,1,5.755871342377137,0,1,0,1,0,3.4628029037071406,1,0,1,1,0.018263349721755386,1,0.12462945517819846,1
14,0,0,1,1,0,0,0,0,5.46354612790252,1,0,0,0,0,0,0,0
13,5,1,1,1,0,0,0,0,2.1122013304667258,2,0,0,0,0,0,0,0
18,6,1,2,1,0,0,0,0,4.862102280895149,2,0,1,1,144.7886978556285,0,4.694320783568168,0
19,0,0,3,1,0,0,0,0,3.0307227605788327,4,1,0,0,0,0,0,0
12,0,0,1,1,0,0,0,0,3.774379858220294,2,0,1,1,56.02095940217823,0,8.299253870439475,0
20,1,0,1,1,0,0,0,0,2.768805190004123,2,0,0,0,0,0,0,0
0,4,0,1,1,0,0,0,0,2.033268442385493,5,1,0,0,0,0,0,0
12,4,0,0,1,0,0,0,0,3.1671956994162906,5,0,0,0,0,0,0,0
18,3,0,0,1,0,0,0,0,2.200048662885156,5,2,1,2,171.76934621859098,0,7.393406549708165,0
11,3,0,1,1,0,0,0,0,2.429468184674421,3,0,0,0,0,0,0,0
15,3,0,2,1,0,0,0,0,2.3012120258203757,3,0,0,0,0,0,0,0
7,3,0,2,1,0,0,0,0,2.0206627868186025,4,0,1,1,48.96354791212489,0,7.962363996271405,0
20,3,0,0,1,0,0,0,0,3.5051137700096886,3,0,0,0,0,0,0,0
11,3,0,0,1,0,0,1,0,5.515145812621984,1,0,0,0,0,0,0,0
6,4,0,3,1,0,0,0,0,3.4885690380228205,3,0,1,1,73.2476842560998,1,6.070779839941759,0
9,5,1,1,1,0,0,0,0,3.9965372171105837,2,0,0,0,0,0,0,0
17,3,0,0,1,0,0,0,0,3.7299873412224778,1,0,1,3,34.67326183343519,0,3.1542923373728557,0
7,3,0,0,1,0,0,0,0,4.626188498849789,2,0,1,1,382.1259907385173,0,7.54454803648314,0
10,1,0,0,1,0,0,0,0,3.950572002069517,3,0,1,1,201.31396359495042,0,1.1803110505856944,0
20,1,0,0,1,0,0,0,0,2.6273051992679446,1,0,1,1,277.3404756040116,0,3.8477393433167144,0
12,2,0,0,1,0,0,0,0,2.858220458423781,2,0,0,0,0,0,0,0
8,3,0,3,1,0,0,0,0,4.140621491001408,2,0,1,1,362.9936123851787,0,6.006281188840272,0
7,5,1,1,1,0,0,0,0,3.37249229759401,2,0,0,0,0,0,0,0
12,2,0,0,1,0,0,0,0,2.3140285623759014,3,0,0,0,0,0,0,0
15,4,0,0,1,0,0,0,0,3.2748695097179596,2,0,0,0,0,0,0,0
1,3,0,1,1,0,0,0,0,3.0412837501421173,3,0,0,0,0,0,0,0
18,2,0,0,1,0,0,0,0,3.0619814034469,2,0,1,2,139.66298828162917,0,9.276292961772699,0
11,4,0,1,1,0,0,0,0,5.183926883654924,4,0,1,1,299.2016306254652,0,4.245940697926234,0
15,0,0,3,1,0,0,0,0,5.355318782241495,1,1,1,1,43.98269506869378,0,11.243585479630335,0
12,1,0,3,1,0,0,0,0,5.245634773928036,5,0,0,0,0,0,0,0
19,4,0,0,1,0,0,0,0,4.2424993692971,4,0,1,1,254.6589199127674,0,8.795402175886206,0
15,1,0,1,1,0,0,0,0,3.9653027622012025,2,0,1,2,274.06220098958636,0,9.169622761689341,0
7,3,0,1,1,0,0,1,0,2.197647541043541,4,0,0,0,0,0,0,0
7,5,1,0,1,0,0,0,0,2.2729486847683376,3,0,1,1,330.68470221570703,0,2.388247338972553,0
2,2,0,0,1,0,0,0,0,5.719731787889501,6,0,1,1,126.8418471149532,1,9.264635344216007,0
9,1,0,1,1,0,0,0,0,2.3147423179866617,4,0,0,0,0,0,0,0
15,4,0,0,1,0,0,1,0,2.414348448859551,2,0,0,0,0,0,0,0
13,3,0,0,1,0,0,0,0,5.354251276380529,2,0,0,0,0,0,0,0
12,5,1,2,1,0,0,0,0,4.899016576362154,5,0,1,1,312.81631809695506,0,5.176837354950463,0
14,1,0,0,1,0,0,0,0,3.2430586616869816,1,0,1,1,69.13572707941026,0,12.801313485805055,0
18,1,0,1,1,0,0,0,0,2.4687945619533442,2,0,1,1,35.84857816623803,0,5.351698020525806,0
13,1,0,1,1,0,0,0,0,5.237953053892447,3,0,0,0,0,0,0,0
17,0,0,1,1,0,0,0,0,2.804052786818314,2,0,0,0,0,0,0,0
7,3,0,2,1,0,0,0,0,3.1684919508744285,2,0,1,1,263.77788678111466,0,1.9288144984973101,0
19,0,0,0,1,0,1,0,0,4.787847342887487,6,2,1,1,99.00437059899292,0,6.861042610390951,0
6,4,0,0,1,0,0,0,0,3.067794648805873,3,0,0,0,0,0,0,0
9,1,0,0,1,0,0,0,0,4.476706195383583,2,0,0,0,0,0,0,0
17,2,0,0,1,0,0,0,0,4.257211623306802,3,0,1,1,309.49293069436726,0,12.11040847011167,0
13,2,0,1,1,0,0,0,0,2.794506599493536,4,0,0,0,0,0,0,0
17,3,0,1,1,0,0,0,0,2.5523196011766696,1,0,0,0,0,0,0,0
8,4,0,0,1,0,0,0,0,4.998914352854719,4,1,0,0,0,0,0,0
21,2,0,1,1,0,0,0,0,3.196967789779681,2,0,0,0,0,0,0,0
7,4,0,2,1,0,0,0,0,5.923942856252282,3,0,1,1,180.98229201587213,0,6.153966703242325,0
10,0,0,1,1,0,0,0,0,5.244499262953793,2,0,1,3,64.98943983087597,0,9.64116865167378,0
8,0,0,1,1,0,0,0,0,3.7842633289647565,5,0,0,0,0,0,0,0
19,3,0,0,1,0,0,0,0,4.997387730242739,4,0,1,1,18.725586832200086,0,12.804227812998585,0
13,4,0,0,1,0,0,0,0,5.1987118703014445,5,0,0,0,0,0,0,0
16,1,0,1,1,0,0,0,0,3.2845699550051832,4,0,0,0,0,0,0,0
7,3,0,1,1,0,1,0,0,4.738899845747436,5,0,1,2,49.36767007342621,0,10.594673602528621,0
12,4,0,0,1,0,0,0,0,3.2139509685179912,1,0,1,2,268.1028609370149,0,9.039617937328075,0
17,1,0,2,1,0,0,0,0,5.548237818039876,1,0,1,1,57.93785884047584,0,11.526174606245403,0
13,3,0,0,1,0,0,0,0,4.984053029696467,1,0,0,0,0,0,0,0
15,0,0,3,1,0,0,0,0,4.109815502066254,1,0,1,1,109.34186053679684,0,0.40584192213166737,0
14,2,0,0,1,0,0,0,0,5.217834360166908,1,0,1,1,41.27225701981408,0,13.451209756952657,0
10,6,1,1,1,0,0,0,0,5.052255314528823,3,0,0,0,0,0,0,0
14,0,0,0,1,0,0,0,0,5.5542223956564705,1,0,1,1,388.0065717942796,0,8.334284120306332,0
13,3,0,0,1,0,0,0,0,4.964334104101435,3,0,1,1,109.59648081405088,0,4.860420805670392,0
12,4,0,3,1,0,0,0,0,3.9410526450978645,5,0,1,1,205.8856614539127,0,2.2265644831335214,0
10,1,0,2,1,0,0,0,0,4.810788755927908,1,0,1,1,104.24982693522449,0,13.050345448797117,0
18,3,0,0,1,0,0,0,0,3.2469443680311794,1,0,0,0,0,0,0,0
14,1,0,0,1,0,0,0,0,4.2057573135209445,1,0,1,3,203.60073169987035,0,12.987742717145586,0
1,5,1,1,1,0,0,0,0,3.1655854000019756,2,0,0,0,0,0,0,0
16,6,1,0,1,0,0,0,0,2.5881287250304745,5,0,1,1,26.73573459212281,0,10.89226139471517,0
9,3,0,0,1,0,0,0,0,4.4423293389762115,4,0,0,0,0,0,0,0
7,0,0,2,1,0,0,0,0,3.8834385811130785,6,0,1,1,361.917166035495,0,12.145808894652355,0
11,2,0,2,1,0,0,0,0,2.9851041146111084,5,0,0,0,0,0,0,0
10,0,0,3.8531715454660422,1,0,0,0,0,-1.7032587092304123,20,15,1,1,98.72341424522706,1,162.21359814027335,1
15,4,0,0,1,0,0,1,1,3.814391986547549,1,1,0,0,0,0,0,0
10,3,0,0,1,0,0,0,0,3.221095358440613,3,0,1,1,170.74696377399025,0,4.587684324752908,0
14,3,0,0,1,0,0,0,0,3.373495667293688,4,1,1,1,272.04467366847376,0,2.653952849460064,0
7,5,1,0,1,0,0,0,0,5.672587826163332,4,0,1,2,213.84179315568593,0,8.589758657958665,0
9,2,0,2,1,0,0,0,0,2.7447216811744224,1,0,1,2,154.81887349100214,0,1.5204517878205426,0
8,2,0,0,1,0,1,0,0,2.3474758168399554,2,0,1,2,308.32364333884686,0,10.654707669881192,0
11,2,0,0,1,0,0,0,0,4.081203617070829,2,0,1,1,324.62431622912186,0,8.647366665048835,0
15,0,0,0,1,0,0,1,0,4.259569770753934,3,0,0,0,0,0,0,0
14,6,1,1,1,0,0,1,0,5.950949485817745,2,0,1,1,268.3283579699338,0,13.093397453717097,0
9,5,1,0,1,0,0,0,0,3.614729123455997,2,0,1,1,118.04095993847774,0,5.970070703152609,0
20,0,0,0,1,0,1,0,0,5.396945825425929,4,0,1,2,16.70660155687559,0,9.361406575102803,0
11,5,1,0,1,0,0,0,0,3.4602013175569186,1,0,0,0,0,0,0,0
16,1,0,0,1,0,0,0,0,4.342144625104568,2,0,0,0,0,0,0,0
17,2,0,0,1,0,0,0,0,5.925929773752824,3,0,0,0,0,0,0,0
11,3,0,3,1,0,0,0,0,2.7946551282181664,3,0,1,1,228.82521767514947,0,5.752420952268396,0
15,2,0,0,1,0,0,0,0,4.213137923528437,3,0,1,3,35.60627270043104,0,3.4716072486765035,0
18,4,0,1,1,0,0,0,0,2.9323857490420804,6,0,1,1,134.19786155895758,0,12.072695346884762,0
16,4,0,0,1,0,0,1,0,5.626131616839132,4,0,0,0,0,0,0,0
13,2,0,1,1,0,0,1,0,3.582444786543567,4,0,0,0,0,0,0,0
15,1,0,1,1,0,0,0,0,2.645062986474058,5,0,0,0,0,0,0,0
15,3,0,1,1,0,0,0,0,5.624932860277582,4,0,1,1,98.276842695067,0,2.9353600783965126,0
11,3,0,0,1,0,0,0,0,3.263748146191039,2,0,0,0,0,0,0,0
10,3,0,1,1,0,0,0,0,5.4538455234452385,3,0,0,0,0,0,0,0
19,3,0,0,1,0,0,0,0,3.4347278541900743,2,0,1,1,244.62226819507865,0,10.770257445941118,0
9,5,1,2,1,0,0,0,0,3.6792366464785524,4,0,1,1,384.7685909994415,0,9.931180989608976,0
12,2,0,2,1,0,0,1,1,5.839422153233011,6,0,1,2,330.8137190237775,0,10.719332543060172,0
14,6,1,0,1,0,0,0,0,5.667815345420672,2,0,1,1,301.22217689748624,0,6.096716619295872,0
15,2,0,1,1,0,0,0,0,4.725638413021508,4,0,0,0,0,0,0,0
18,6,1,0,1,0,0,0,0,4.413010355764966,2,0,0,0,0,0,0,0
18,2,0,0,1,0,0,1,0,5.3974586146277295,2,1,1,2,126.21087043440842,0,3.7893804082567577,0
15,1,0,0,1,0,0,0,0,3.585366267728933,2,0,0,0,0,0,0,0
23,5,1,9.025199174879749,1,0,1,1,1,4.232193171240757,1,0,0,0,0,0,0,1
10,4,0,0,1,0,0,0,0,5.505757624256375,1,0,0,0,0,0,0,0
8,4,0,1,1,0,0,0,0,2.09874821721727,2,0,0,0,0,0,0,0
10,0,0,0,1,0,0,0,0,5.267921762224355,3,0,0,0,0,0,0,0
15,2,0,2,1,0,0,0,0,4.114226409429506,3,0,1,1,278.3184518154017,0,7.479832725558172,0
14,4,0,0,1,0,0,1,0,2.714489753988185,1,0,1,1,171.68724784166739,0,5.854519937980358,0
15,2,0,1,1,0,0,0,0,5.8895189260550636,3,0,1,1,352.8926185370589,0,8.957115011133283,0
18,0,0,0,1,0,0,0,0,3.0331256036667034,2,0,0,0,0,0,0,0
10,3,0,0,1,0,1,0,0,5.247571440398982,3,0,1,2,25.37383680371019,0,3.922713824794871,0
17,3,0,2,1,0,0,0,0,5.678167115779777,3,0,0,0,0,0,0,0
11,5,1,0,1,0,0,0,0,5.775277299725458,2,0,0,0,0,0,0,0
8,0,0,1,1,0,0,0,0,4.648357187405422,5,0,0,0,0,0,0,0
8,3,0,1,1,0,0,0,0,5.653036764363177,1,0,1,1,167.67802461048333,0,6.737646848116466,0
11,1,0,1,1,0,0,0,0,2.0312084622600937,2,0,0,0,0,0,0,0
6,5,1,0,1,0,0,0,0,2.197081073756789,2,0,1,1,298.6754844986507,0,2.5773490758007718,0
2,2,0,0,1,0,0,0,0,3.9338490071223315,1,1,0,0,0,0,0,0
13,2,0,1,1,0,0,0,0,3.549985536922768,2,0,0,0,0,0,0,0
10,4,0,2,1,0,0,0,0,3.255882688449586,2,0,1,2,142.54615908314193,0,7.837445697932516,0
8,3,0,2,1,0,0,0,0,4.6822465576820935,5,0,0,0,0,0,0,0
15,3,0,0,1,0,0,0,0,3.476729477225066,1,0,1,1,70.2168848480677,0,8.957835783264574,0
10,2,0,0,1,0,0,0,0,2.044537782457569,4,0,1,1,386.11161304547494,0,13.247727209543749,0
10,4,0,0,1,0,0,0,0,2.379934772545142,2,0,1,2,79.60316938958758,0,1.8143149624768948,0
9,2,0,0,1,0,0,0,0,2.011468307235897,4,1,0,0,0,0,0,0
11,2,0,0,1,0,0,0,0,4.648816177744014,4,0,0,0,0,0,0,0
4,0,0,5.937779027349766,1,0,0,0,1,0.6023570558081266,20,10,0,0,0,0,0,1
20,4,0,1.3625006462952025,1,0,0,0,0,0.9646765777644175,30,20,1,1,23.65866037215062,1,209.0020413182807,1
9,1,0,0,1,0,0,0,0,5.7791676436614,1,0,0,0,0,0,0,0
8,1,0,0,1,0,0,0,0,3.034633273371646,2,0,1,1,269.2909368179553,0,6.3323736450883725,0
16,0,0,0,1,0,0,0,0,3.31851026954761,6,2,0,0,0,0,0,0
22,2,0,0,1,0,0,0,0,4.110154359105742,4,0,0,0,0,0,0,0
11,4,0,0,1,0,0,0,0,2.009005855802203,3,0,1,1,256.8615222039168,0,2.2290400952596046,0
10,3,0,0,1,0,0,0,0,5.391868337344386,1,0,1,2,308.05025386894505,0,13.44238957929597,0
8,3,0,1,1,0,0,0,0,5.638135806808201,2,0,0,0,0,0,0,0
22,1,0,3,1,0,0,0,0,5.754242006963489,5,0,0,0,0,0,0,0
11,6,1,0,1,0,0,0,0,2.877838349260943,2,0,0,0,0,0,0,0
9,2,0,1,1,0,0,0,0,4.83563305800182,3,1,1,2,239.246908568696,0,9.408385089121596,0
10,4,0,1,1,0,0,0,0,4.238711773924937,3,0,0,0,0,0,0,0
8,0,0,2,1,0,0,0,0,3.1171082098008753,2,0,0,0,0,0,0,0
8,3,0,1,1,0,0,0,0,2.6836054062327017,4,2,0,0,0,0,0,0
6,0,0,0,1,0,0,0,0,4.234789836677361,4,0,1,1,185.5679662589641,0,7.327382492534716,0
10,6,1,0,1,0,0,0,0,3.044170810479723,4,0,1,1,343.2401165359924,0,13.922054805387328,0
13,3,0,2.266378919073855,1,0,0,0,0,-1.809942507048724,20,10,0,0,0,0,0,1
18,1,0,0,1,0,0,0,0,2.8341620147144444,1,0,0,0,0,0,0,0
23,0,0,0,1,0,0,0,0,4.460671550203889,3,0,1,1,125.73896457395378,0,1.775972885814299,0
15,0,0,0,1,0,0,0,0,2.915608463446864,1,0,1,1,86.08088820955092,0,4.1175725648896035,0
22,1,0,5.542836773718841,1,0,0,1,1,5.208950350668015,1,0,0,0,0,0,0,1
10,0,0,0,1,0,0,0,0,5.119091767001622,5,1,1,2,371.8403635868614,0,13.81275229967057,0
8,4,0,1,1,0,0,0,0,2.3149892708267434,2,0,0,0,0,0,0,0
3,1,0,6.625490704380598,1,0,0,1,0,4.675500298483422,1,0,0,0,0,0,0,1
9,3,0,0,1,0,0,0,0,4.987946654904684,1,0,0,0,0,0,0,0
15,4,0,3,1,0,0,0,0,3.210575584192839,5,0,1,2,286.84718090899725,0,0.2555308185236038,0
10,0,0,1,1,0,0,0,0,4.421814068805722,4,0,0,0,0,0,0,0
12,5,1,0,1,0,0,0,0,4.72987784712741,1,0,0,0,0,0,0,0
8,4,0,1,1,0,0,0,0,4.750920467812838,2,0,0,0,0,0,0,0
16,4,0,1,1,0,0,0,0,2.400600174752015,2,0,1,2,183.83162058131387,0,5.0046695901281915,0
8,2,0,0,1,0,0,0,0,2.9085035447199785,4,0,1,1,396.5023522934474,0,10.077575888476622,0
15,4,0,0,1,0,0,0,0,3.31307819768378,5,1,0,0,0,0,0,0
3,3,0,4.977278150535559,1,0,0,0,0,0.6349850989635377,10,15,0,0,0,0,0,1
14,6,1,0,1,0,0,0,0,4.74265796522435,1,0,1,1,196.71840400936713,0,11.572643526666749,0
12,1,0,0,1,0,0,0,0,5.368764883694034,6,1,1,2,338.19217601996576,0,6.861309064413581,0
17,2,0,1,1,0,0,0,0,3.651478020006773,3,0,1,1,35.17295802291521,0,6.545347798434647,0
21,0,0,0,1,0,0,0,0,2.1041080963980154,3,0,0,0,0,0,0,0
12,4,0,0,1,0,0,0,0,4.258951111166054,3,2,0,0,0,0,0,0
15,4,0,3,1,0,0,0,0,4.501615930978879,2,0,0,0,0,0,0,0
16,3,0,1,1,0,0,0,0,2.909013881794498,3,0,1,1,239.92618682415767,0,3.286676601991735,0
1,1,0,8.70628279259049,1,0,0,1,1,2.104269070878848,1,0,0,0,0,0,0,1
9,2,0,2,1,0,0,0,0,3.3976910050395346,5,0,0,0,0,0,0,0
7,2,0,0,1,0,0,0,0,2.691872854092708,4,0,0,0,0,0,0,0
12,4,0,0,1,0,0,0,0,5.738755311548623,6,0,1,1,226.5219916814155,0,10.099046579044158,0
12,0,0,0,1,0,0,0,0,4.621764311251956,1,0,1,1,211.58990051139705,0,1.2790880223112921,0
11,2,0,0,1,0,0,0,0,2.6930762462427533,1,0,0,0,0,0,0,0
11,2,0,1,1,0,0,0,0,3.098211381931173,2,1,0,0,0,0,0,0
20,5,1,0,1,0,0,0,0,3.87664511023889,3,1,1,3,288.7662954961913,0,9.706275205475515,0
18,5,1,0,1,0,0,0,0,2.398895554041416,4,0,1,1,66.40408015709211,0,9.325010256718226,0
17,1,0,1,1,0,0,0,0,2.091862917362162,2,0,0,0,0,0,0,0
20,3,0,0,1,0,0,0,0,2.032839118067929,2,0,1,1,85.71390104854305,0,2.062995336136676,0
10,6,1,0,1,0,0,0,0,4.9871521528170675,1,2,1,1,287.3980784947289,0,10.40567865605639,0
0,2,0,0,1,0,0,0,0,3.3123669328704457,2,0,1,1,96.03139543795676,0,3.571454210729229,0
12,1,0,1,1,0,0,0,0,4.8261873246097045,1,0,0,0,0,0,0,0
11,5,1,1,1,0,0,0,0,2.866436491939333,2,0,1,1,79.14669220822093,0,4.5090620581784275,0
11,4,0,2,1,0,0,0,0,2.858395125354041,4,0,1,3,266.7050751667079,0,3.6348153811854385,0
20,0,0,3,1,0,0,0,0,4.465440233674505,1,0,0,0,0,0,0,0
21,0,0,1,1,0,0,0,0,5.6670409808330096,2,0,0,0,0,0,0,0
9,2,0,1,1,0,0,0,0,4.974440994091847,1,0,1,2,163.717877728586,0,3.8331182517837306,0
10,4,0,0,1,0,0,0,0,2.7191114981826794,2,0,1,2,132.24945394484627,0,13.307360813033776,0
14,1,0,2,1,0,0,0,0,5.193380990846373,4,0,1,1,301.9586980559013,0,7.051855331972408,0
3,4,0,1,1,0,0,0,0,4.71870748551728,2,0,1,2,173.34394445266167,0,5.77553206362657,0
4,6,1,7.89187307338544,1,0,0,1,0,2.2915483704363933,2,1,0,0,0,0,0,1
4,1,0,8.4877003376079,1,0,1,0,1,5.264489509736946,2,2,0,0,0,0,0,1
9,6,1,0,1,0,0,0,0,2.521907468346852,1,0,1,2,323.0846715197657,0,10.61906351022595,0
18,0,0,0,1,0,0,0,0,4.701852046349838,5,0,0,0,0,0,0,0
12,6,1,0,1,0,0,0,0,3.957737234921031,2,0,1,1,178.44127158608129,0,5.4677160893812955,0
14,0,0,0,1,0,0,0,0,2.078450688011956,4,0,0,0,0,0,0,0
8,1,0,2,1,0,0,0,0,3.2462921488216345,6,0,1,1,127.73846767585952,0,1.3258174351965257,0
18,1,0,0,1,0,0,0,0,4.049549069392152,1,0,0,0,0,0,0,0
14,3,0,2,1,0,0,0,0,5.400609395442119,3,0,1,1,162.22356118630188,1,11.480514995974323,0
7,2,0,0,1,0,0,0,0,5.09612324023526,4,1,0,0,0,0,0,0
10,0,0,0,1,0,0,0,0,2.3836686849638005,2,0,0,0,0,0,0,0
10,2,0,1,1,0,0,0,0,3.7601846434768684,4,0,1,1,101.71259729403539,0,9.251821979780136,0
15,3,0,0,1,0,0,0,0,5.208671430177622,2,0,1,1,212.0823330952464,0,3.354386927573019,0
17,3,0,2,1,0,0,0,0,2.180378046190616,1,0,0,0,0,0,0,0
16,2,0,1,1,0,0,0,0,5.622313918630068,3,2,0,0,0,0,0,0
11,0,0,0,1,0,0,0,0,4.548470928063232,1,0,1,1,102.67988324290782,0,7.434740788475545,0
10,2,0,1,1,0,0,0,0,5.259857158145985,1,0,1,1,162.8861790470953,0,11.198587357285302,0
14,5,1,0,1,0,0,0,0,4.479064913969923,1,0,0,0,0,0,0,0
11,2,0,0,1,0,0,0,0,4.446781322579052,6,2,1,2,197.75176817197502,0,11.487619745217469,0
15,5,1,0,1,0,0,0,0,3.7473235378786707,3,0,0,0,0,0,0,0
15,6,1,0,1,0,0,0,0,5.694644653650184,3,0,1,1,297.3580411593421,0,9.74022004990419,0
6,4,0,0,1,0,0,0,0,2.5191035638752557,4,0,1,1,76.83675579437246,0,4.6325051173842855,0
4,2,0,1,1,0,0,0,0,5.056176742841446,2,0,0,0,0,0,0,0
17,4,0,2,1,0,0,0,0,4.902591261541683,3,0,1,2,323.1937794199496,0,1.490585531347772,0
2,2,0,0,1,0,0,0,0,3.466825889340323,5,0,1,1,25.244444846980322,0,4.959717222063908,0
23,4,0,8.214637612603887,1,0,1,1,1,4.613832116089823,3,0,0,0,0,0,0,1
13,0,0,1,1,0,0,0,0,5.821368111726127,5,0,0,0,0,0,0,0
7,1,0,0,1,0,0,0,0,5.356716237078376,1,0,0,0,0,0,0,0
13,2,0,2,1,0,0,0,0,3.5423404114562906,5,0,1,1,174.70814142002226,0,9.713881753010309,0
23,1,0,2,1,0,0,0,0,3.921307749741995,3,0,1,2,175.80920266100694,0,0.7919450343237853,0
9,5,1,1,1,0,0,0,0,2.6029381840768524,1,0,0,0,0,0,0,0
21,0,0,0,1,0,0,0,0,2.632537515053993,2,0,1,1,294.3691383585637,0,10.110427131277651,0
9,3,0,0,1,0,0,1,1,3.950321763948121,2,1,0,0,0,0,0,0
18,4,0,0,1,0,1,0,0,2.879593518163419,2,0,0,0,0,0,0,0
22,4,0,1,1,0,0,0,0,5.18391356698155,3,0,0,0,0,0,0,0
18,4,0,0,1,0,0,0,0,5.284685846475547,3,0,0,0,0,0,0,0
10,0,0,3,1,0,0,0,0,4.576483629099463,2,0,0,0,0,0,0,0
18,1,0,0,1,0,0,0,0,5.241877137693747,5,0,1,2,226.91435617335836,0,11.56770158503269,0
13,0,0,0,1,0,0,0,0,4.572986187794308,1,0,1,1,258.8366280086965,0,10.50913992433749,0
11,0,0,0,1,0,0,0,0,3.1992805423400066,1,2,0,0,0,0,0,0
18,4,0,0,1,0,0,0,0,2.179222592187985,5,0,1,2,17.98125792373505,0,0.037357154573319784,0
9,5,1,0,1,0,0,0,0,4.685481910327656,3,0,0,0,0,0,0,0
3,4,0,0,1,0,0,0,0,5.029682657381668,1,0,0,0,0,0,0,0
9,1,0,0,1,0,0,0,0,5.848733409396621,1,2,0,0,0,0,0,0
18,1,0,1,1,0,0,1,0,5.412328357586568,6,0,1,2,45.84041218080192,0,7.766665145146934,0
7,0,0,0,1,0,0,0,0,3.9619220727245947,1,0,0,0,0,0,0,0
8,1,0,0,1,0,0,0,0,5.866366004144323,4,0,0,0,0,0,0,0
15,0,0,0,1,0,0,0,0,5.58105263536727,1,0,0,0,0,0,0,0
19,2,0,0,1,0,0,0,0,3.7958633677627627,3,0,0,0,0,0,0,0
11,0,0,0,1,0,0,0,0,5.662836951832006,3,0,0,0,0,0,0,0
17,5,1,0,1,0,0,0,0,5.974500392540339,3,0,1,1,384.234296539425,0,3.4549466649095213,0
10,3,0,0,1,0,0,0,0,3.8383270506942675,1,0,0,0,0,0,0,0
11,3,0,2,1,0,0,0,0,3.588952326350049,2,0,1,2,268.82843069313765,0,9.22647765743671,0
16,6,1,0,1,0,0,0,0,3.3463866838454885,2,0,0,0,0,0,0,0
10,0,0,0,1,0,0,0,0,2.2652864642863753,1,1,0,0,0,0,0,0
9,2,0,2,1,0,0,0,0,5.7777869333676914,2,2,1,1,182.4201740701648,0,13.824768645551071,0
20,2,0,2,1,0,0,0,0,2.051304884106316,2,0,1,2,15.43829614791304,0,3.307911072758465,0
14,1,0,2,1,0,0,0,0,2.8205765427848792,2,0,0,0,0,0,0,0
13,6,1,1,1,0,0,0,0,2.573836894972834,2,0,1,1,360.3168937992587,0,11.740283005205553,0
12,1,0,1,1,0,0,0,0,5.598290115517761,2,0,1,1,274.73561514220705,0,12.517415500644619,0
9,3,0,1,1,0,0,0,0,4.198664530347928,2,0,0,0,0,0,0,0
20,0,0,2,1,0,0,0,0,2.7915846103289907,1,0,0,0,0,0,0,0
14,4,0,1,1,0,0,0,0,4.129117542494558,2,0,1,2,386.8783765766095,0,13.17448227107113,0
15,6,1,0,1,0,0,0,0,4.752293864719659,1,0,0,0,0,0,0,0
16,2,0,0,1,0,0,0,0,2.764207457489232,4,0,1,2,150.88553246732184,0,3.7926809112606352,0
8,3,0,3,1,0,0,0,0,2.348026548625985,5,0,0,0,0,0,0,0
5,3,0,0,1,0,0,0,0,3.5890367911932426,4,0,0,0,0,0,0,0
18,1,0,1,1,0,0,0,0,5.144414242349685,1,0,1,1,22.28976491256317,0,2.7115017147431417,0
11,3,0,0,1,0,0,0,0,3.2943111069833395,4,0,0,0,0,0,0,0
15,4,0,0,1,0,0,1,0,4.326121595669587,4,0,0,0,0,0,0,0
16,0,0,0,1,0,0,0,0,5.269566304580377,6,0,1,2,67.55395103562415,0,13.752645588982968,0
20,3,0,0,1,0,0,0,0,4.462808538171437,3,0,0,0,0,0,0,0
10,2,0,1,1,0,0,0,0,4.730710912280488,1,0,1,1,361.87099206357175,0,12.662540068784237,0
13,1,0,2,1,0,0,0,0,5.937246797667402,1,0,0,0,0,0,0,0
8,2,0,1,1,0,0,0,0,5.39726265593135,5,0,1,2,181.6300949777826,0,1.6216023793525005,0
19,1,0,0,1,0,0,0,0,3.5814920753972963,1,0,1,1,189.29553976218614,0,2.770622110789328,0
11,0,0,1,1,0,0,0,0,4.9423931061953965,4,2,0,0,0,0,0,0
10,1,0,0,1,0,0,0,0,2.275324749852098,3,0,1,1,70.24467010943627,0,10.8811804041581,0
13,4,0,1,1,0,0,0,0,2.464650232878099,2,0,0,0,0,0,0,0
11,1,0,1,1,0,0,0,0,4.457072736983502,2,0,0,0,0,0,0,0
11,0,0,2,1,0,0,1,1,3.6232642773121024,1,0,0,0,0,0,0,0
12,0,0,0,1,0,0,0,0,2.524087847067201,2,0,0,0,0,0,0,0
2,4,0,2,1,0,0,0,0,5.433737776979905,5,0,1,1,337.89084706136424,0,10.900676390945756,0
9,6,1,2,1,0,1,0,0,3.9447539872132507,4,0,0,0,0,0,0,0
14,0,0,0,1,0,0,0,0,3.1968119714371177,2,0,1,1,75.33099388718789,0,3.53406591966976,0
12,2,0,0,1,0,0,0,0,4.165611322483206,4,0,0,0,0,0,0,0
1,0,0,8.861241792733907,1,0,1,1,1,4.485654166825873,1,0,0,0,0,0,0,1
13,6,1,0,1,0,0,1,0,5.6542273785883665,1,0,1,2,80.90516925593116,0,1.2002672788036222,0
13,2,0,1,1,0,0,0,0,3.898195634794451,3,0,1,1,76.63117566717455,0,6.2345106079476835,0
12,0,0,0,1,0,0,0,0,2.9624559966401263,2,0,0,0,0,0,0,0
16,0,0,1,1,0,0,0,0,3.9284259177050247,1,0,0,0,0,0,0,0
18,1,0,3,1,0,0,1,1,2.300164659952637,3,0,1,1,381.77670696392863,0,8.506020646491974,0
11,5,1,0,1,0,0,0,0,2.5432232827739947,3,0,0,0,0,0,0,0
10,6,1,3,1,0,0,0,0,4.126644205609891,1,0,0,0,0,0,0,0
9,2,0,1,1,0,0,0,0,3.307267548787917,5,0,0,0,0,0,0,0
18,6,1,6.006998270036479,1,0,1,1,1,0.036903084049299206,3,1,1,1,0.025022604071062562,1,0.0017797162799791932,1
13,0,0,1,1,0,0,0,0,2.6143083059826657,6,0,1,1,288.71182763641866,0,9.831229616047281,0
14,2,0,0,1,0,0,0,0,2.85983780778498,3,0,1,1,36.90938522490639,0,12.971958515425724,0
14,3,0,1,1,0,0,0,0,4.084770110099965,2,0,0,0,0,0,0,0
18,0,0,0,1,0,0,0,0,3.021406803504068,3,0,0,0,0,0,0,0
11,4,0,0,1,0,0,0,0,3.912516221468834,3,0,1,1,270.2232081489369,0,10.34579348462767,0
12,4,0,1,1,0,0,0,0,4.275851978229662,4,0,0,0,0,0,0,0
14,0,0,0,1,0,0,0,0,2.55849310016187,2,0,1,1,277.0198108186447,0,6.682578204790615,0
17,3,0,0,1,0,0,0,0,3.9046335959573524,2,0,1,1,271.73206854030485,0,9.767137849315796,0
16,1,0,0,1,0,0,0,0,2.590216719765775,5,0,1,1,64.1769627371666,0,2.4429596926195085,0
15,3,0,2,1,0,0,0,0,4.076221143454597,3,0,1,1,374.3137389841618,0,7.1107198156772,0
17,4,0,2,1,0,0,0,0,3.7033992308156796,1,0,1,2,198.74221416790377,0,2.730103432792248,0
14,2,0,1,1,0,0,1,0,2.826914900009871,3,0,1,1,115.02385689931624,0,12.835197561128666,0
8,3,0,0,1,0,0,0,0,3.7131250507112568,5,0,1,1,153.533985342999,0,2.4794501300508003,0
19,1,0,0,1,0,0,0,0,5.9628442836955795,1,0,0,0,0,0,0,0
3,2,0,8.28606582072991,1,0,0,1,1,4.719685974695877,2,0,1,1,23.66276397169147,1,44.05945512953066,1
9,1,0,0,1,0,0,0,0,5.745209065672107,2,0,0,0,0,0,0,0
21,3,0,0,1,0,0,0,0,4.161797613417912,5,0,0,0,0,0,0,0
11,1,0,0,1,0,0,0,0,2.263672262366744,1,0,0,0,0,0,0,0
20,1,0,0,1,0,0,0,0,5.995591074134806,4,0,1,2,186.64339889382128,0,2.596297222902087,0
9,4,0,2,1,0,0,0,0,4.137044335696596,3,0,0,0,0,0,0,0
9,2,0,0,1,0,0,0,0,4.503758783890567,4,0,1,3,378.8833532239809,0,13.72634480849516,0
2,1,0,1,1,0,0,0,0,4.450525041398068,2,1,0,0,0,0,0,0
13,0,0,0,1,0,0,0,0,4.014554800074933,1,0,1,2,239.42177992228648,0,8.36801232678792,0
9,6,1,3,1,0,0,0,0,3.1406882421997917,1,1,1,1,368.6987005145349,0,13.427460539940318,0
13,5,1,1,1,0,0,1,0,2.7002013713147015,1,0,1,1,147.92635787990625,0,7.5256182809482866,0
11,2,0,0,1,0,0,0,0,5.655989485895512,5,1,0,0,0,0,0,0
8,0,0,0,1,0,0,0,0,2.251215626894362,6,0,1,1,314.63500926688414,0,1.5287146505203228,0
11,0,0,3,1,0,0,0,0,5.361425821171396,2,0,0,0,0,0,0,0
9,0,0,0,1,0,0,0,0,4.322523927239226,4,0,1,1,326.61763020577416,0,3.2741243910921978,0
12,4,0,3,1,0,0,0,0,3.394479570240534,4,0,1,1,78.32093526942279,0,10.491041073118456,0
11,1,0,0,1,0,1,0,0,5.8439892339928265,2,0,1,2,81.48595148865331,0,0.46289893540184135,0
8,1,0,0,1,0,0,0,0,5.545994885614078,2,0,1,1,250.25174422517713,0,3.2953504377134406,0
0,0,0,0,1,0,0,0,0,4.103426019218309,5,0,0,0,0,0,0,0
12,1,0,0,1,0,0,1,0,2.8324747099959198,5,0,0,0,0,0,0,0
13,3,0,0,1,0,0,0,0,2.2097667825471103,1,0,0,0,0,0,0,0
1,5,1,9.81673232147331,1,0,0,1,0,4.22537394779662,1,0,0,0,0,0,0,1
13,6,1,2,1,0,0,0,0,2.1591661823687827,3,0,0,0,0,0,0,0
3,0,0,6.082872405639597,1,0,0,1,0,4.470012255021085,1,0,0,0,0,0,0,1
14,2,0,2,1,0,0,0,0,2.967359966629583,3,0,1,1,212.4225781623005,0,6.726601881482332,0
15,5,1,0,1,0,0,0,0,2.8796781208705235,3,0,1,1,85.98011417622175,0,5.82026385053087,0
13,2,0,0,1,0,0,0,0,5.995705638153728,3,1,0,0,0,0,0,0
17,6,1,3,1,0,0,0,0,4.635956125632999,5,2,1,1,398.397394700866,0,0.4714404527570819,0
17,3,0,0,1,0,0,0,0,3.298383686806498,3,2,1,1,137.7341419021098,0,0.6637357441644804,0
13,3,0,0,1,0,0,0,0,5.933049178688978,2,0,1,1,18.793484751598157,0,0.29083535079239864,0
17,4,0,0,1,0,0,0,0,5.028525115710533,2,0,1,1,255.8319846691811,0,3.0021927660016186,0
19,4,0,0,1,0,0,0,0,2.6113570741985392,4,0,1,1,14.220751905386193,0,0.2726743934016522,0
6,0,0,0,1,0,0,0,0,4.273278462961107,1,0,0,0,0,0,0,0
15,5,1,0,1,0,0,0,0,5.208246603048106,5,0,0,0,0,0,0,0
7,3,0,2,1,0,1,0,0,2.065663357651573,4,0,1,1,183.70489062614573,0,0.4290906948920423,0
15,2,0,0,1,0,0,0,0,4.186480135252189,6,0,0,0,0,0,0,0
0,4,0,1,1,0,0,0,0,4.459810626973478,3,1,1,1,74.07069161822703,0,8.787184865825855,0
6,2,0,0,1,0,0,0,0,3.8968133356920407,6,0,1,1,309.51335197769134,0,4.559212566123746,0
14,2,0,2,1,0,0,0,0,5.203249109094352,3,1,1,1,167.651085557755,0,7.974566066654684,0
21,1,0,0,1,0,1,0,0,4.797421901540153,5,0,0,0,0,0,0,0
14,4,0,1,1,0,0,0,0,5.488613753496949,3,0,0,0,0,0,0,0
7,0,0,1,1,0,0,0,0,3.299909933832697,2,0,0,0,0,0,0,0
0,1,0,3,1,0,0,0,0,5.784398853426554,3,0,0,0,0,0,0,0
15,3,0,0,1,0,0,0,0,2.42999751330234,4,0,0,0,0,0,0,0
9,2,0,0,1,0,0,0,0,2.5853596703626427,3,0,1,2,393.7728805670832,0,2.6449932408919663,0
19,5,1,0,1,0,0,0,0,4.79458818978032,1,0,0,0,0,0,0,0
15,5,1,0,1,0,0,0,0,4.724199239767991,4,0,1,1,241.5038623985153,0,4.7634922731300655,0
15,1,0,0,1,0,0,0,0,2.8619703304183126,4,0,1,1,380.15231433819343,0,13.024605720878558,0
10,0,0,0,1,0,0,0,0,3.146997938762991,1,0,0,0,0,0,0,0
14,1,0,0,1,0,0,0,0,5.520500325229294,1,0,0,0,0,0,0,0
14,1,0,0,1,0,0,0,0,4.2420650910222975,2,0,1,3,230.00470542509981,0,7.394986749888648,0
7,0,0,0,1,0,0,0,0,5.865107394054144,1,0,0,0,0,0,0,0
3,1,0,1,1,0,0,0,0,3.8695605969292406,1,0,0,0,0,0,0,0
11,6,1,1,1,0,0,0,0,4.070016526082133,4,0,1,2,60.49404951055791,0,9.590977199987233,0
21,3,0,0,1,0,0,0,0,3.258321168816415,5,0,0,0,0,0,0,0
17,6,1,2,1,0,0,1,0,4.230068765983097,5,2,1,1,128.49711314299253,0,5.595957514843506,0
19,3,0,3,1,0,0,0,0,5.243449320310248,3,0,1,1,58.88777006161058,0,10.839987995088993,0
8,0,0,3,1,0,0,0,0,2.2849559497583587,3,0,0,0,0,0,0,0
15,1,0,1,1,0,0,0,0,3.785082204463488,5,1,0,0,0,0,0,0
19,1,0,0,1,0,0,0,0,4.055465972239221,4,0,0,0,0,0,0,0
15,2,0,0,1,0,0,0,0,4.64090362019607,1,0,0,0,0,0,0,0
13,2,0,1,1,0,0,0,0,2.469185985349801,3,0,0,0,0,0,0,0
19,2,0,0,1,0,0,0,0,5.5383645384069276,3,0,1,2,182.2668324454052,0,10.946691565037451,0
14,1,0,0,1,0,0,0,0,2.579917442534044,1,0,0,0,0,0,0,0
17,2,0,1,1,0,0,0,0,4.755066235686229,1,0,0,0,0,0,0,0
16,3,0,0,1,0,0,0,0,2.403260702961923,2,1,0,0,0,0,0,0
10,1,0,0,1,0,1,0,0,4.052238044500064,3,0,0,0,0,0,0,0
14,4,0,1,1,0,0,0,0,3.4379479344954236,5,0,0,0,0,0,0,0
21,5,1,0,1,0,0,0,0,4.390905660720119,4,0,1,2,318.395259882876,0,8.718964274151388,0
8,3,0,0,1,0,0,0,0,4.00691521970184,2,0,0,0,0,0,0,0
17,4,0,1,1,0,0,0,0,4.8851327903704425,3,2,0,0,0,0,0,0
1,3,0,3,1,0,0,0,0,3.4791761606444283,1,0,0,0,0,0,0,0
10,3,0,0,1,0,0,0,0,4.3853993452251725,2,0,0,0,0,0,0,0
8,1,0,0,1,0,0,0,0,4.867613209479799,3,0,1,2,261.21192354413455,0,5.452625480975589,0
9,4,0,0,1,0,0,0,0,5.788332441194117,2,0,0,0,0,0,0,0
10,2,0,1,1,0,0,0,0,3.0396213629142594,2,0,0,0,0,0,0,0
19,4,0,0,1,0,0,0,0,5.292653936049096,4,0,0,0,0,0,0,0
17,2,0,0,1,0,0,0,0,5.924581154927919,5,0,0,0,0,0,0,0
14,1,0,1,1,0,0,0,0,4.173825058921798,2,0,1,1,22.004644884992267,0,12.642009979627389,0
15,4,0,1,1,0,0,0,0,3.380553188493329,6,0,0,0,0,0,0,0
19,1,0,2.397123011834348,1,0,0,0,0,-0.5637666996892907,200,10,0,0,0,0,0,1
4,1,0,1,1,0,0,0,0,4.949553623860878,3,0,0,0,0,0,0,0
7,0,0,0,1,0,0,0,0,3.363265754128802,2,0,0,0,0,0,0,0
10,2,0,0,1,0,0,0,0,4.83263118170524,4,0,0,0,0,0,0,0
17,3,0,2,1,0,0,0,0,5.590259931468761,3,0,0,0,0,0,0,0
17,4,0,1,1,0,0,0,0,4.402615518931477,5,0,1,1,49.86345562654813,0,10.536449959555544,0
15,1,0,0,1,0,0,0,0,3.8230441396618575,4,0,0,0,0,0,0,0
11,4,0,0,1,0,0,0,0,2.37398957561257,3,0,0,0,0,0,0,0
9,0,0,1,1,0,0,0,0,2.1808136673389993,2,0,0,0,0,0,0,0
9,5,1,0,1,0,0,0,0,3.1476429174924916,1,0,0,0,0,0,0,0
14,0,0,1,1,0,0,0,0,2.3405671328352677,4,0,1,1,85.22831828259416,0,2.760724007629527,0
10,4,0,1,1,0,0,0,0,2.4782891729022007,3,0,0,0,0,0,0,0
15,3,0,1,1,0,0,0,0,4.0930897867587515,3,0,0,0,0,0,0,0
9,1,0,1,1,0,0,0,0,4.4214395735768175,1,0,0,0,0,0,0,0
14,1,0,2,1,0,0,0,0,2.9326858302357035,1,1,0,0,0,0,0,0
9,2,0,1,1,0,0,0,0,2.537542083873762,6,0,1,1,174.87427289427774,0,2.6310996724965596,0
6,4,0,2,1,0,0,0,0,5.334061349576212,3,0,0,0,0,0,0,0
15,0,0,0,1,0,0,0,0,5.77442581531376,1,0,1,2,360.1958494914985,0,11.742774953270516,0
14,1,0,2,1,0,0,0,0,3.6285385044288065,1,0,0,0,0,0,0,0
19,0,0,0,1,0,0,0,0,3.8249620490679184,4,0,0,0,0,0,0,0
14,4,0,0,1,0,0,1,0,5.500994372485042,1,0,0,0,0,0,0,0
16,1,0,2,1,0,0,0,0,5.925819334483997,5,0,0,0,0,0,0,0
5,1,0,0,1,0,0,0,0,5.85531635765976,3,0,1,1,338.198235611072,0,1.1573887610105364,0
10,2,0,0,1,0,0,0,0,2.1274573106923986,1,0,1,1,62.97321164324309,0,11.104095716171146,0
12,4,0,1,1,0,0,0,0,2.986452494332966,3,0,1,2,14.374293559855408,0,2.5927789386054396,0
15,3,0,0,1,0,0,0,0,4.387417176102681,5,0,0,0,0,0,0,0
17,0,0,1,1,0,0,1,0,5.336843818072388,5,0,0,0,0,0,0,0
13,0,0,0,1,0,0,0,0,5.513813330669634,1,0,1,1,264.24495018429684,0,13.604191856272822,0
16,5,1,1,1,0,0,0,0,3.1379057185780814,2,0,0,0,0,0,0,0
0,5,1,5.571140515344376,0,1,4,1,1,-0.3359730337642408,2,1,0,0,0,0,0,1
17,0,0,0,1,0,0,0,0,5.0732545163715965,1,0,0,0,0,0,0,0
7,1,0,2,1,0,0,0,0,4.078795918177304,1,0,0,0,0,0,0,0
16,3,0,0,1,0,0,0,0,3.5197583454935506,4,0,1,1,89.85755123005251,0,12.13053556621266,0
17,0,0,0,1,0,0,0,0,5.104271402373358,1,0,1,1,152.00051573940985,0,9.769459205611437,0
9,4,0,0,1,0,0,1,1,2.426061350102113,5,0,0,0,0,0,0,0
13,6,1,3,1,0,0,0,0,3.5469161900437123,4,0,1,2,231.53164033021193,0,12.451184704928487,0
9,3,0,0,1,0,1,0,0,2.0330722237852425,2,0,1,1,124.29990893560814,0,6.458932709971887,0
8,4,0,1,1,0,0,0,0,4.153060720139009,2,0,0,0,0,0,0,0
18,4,0,1,1,0,0,0,0,4.860621537941306,2,0,0,0,0,0,0,0
22,3,0,0,1,0,1,0,0,2.5493176079270206,4,0,1,1,143.50443888011313,0,1.9773152366705318,0
12,3,0,0,1,0,0,0,0,4.585905582202187,4,0,1,1,351.3020071975863,0,3.690787635317456,0
12,1,0,1,1,0,0,0,0,2.5343312560457765,3,0,1,1,131.8014503033441,0,6.41547956149959,0
9,3,0,1,1,0,0,0,0,5.41754676158406,4,1,1,2,296.3786073212817,0,6.133540600976498,0
3,3,0,0,1,0,0,0,0,4.818942463838938,2,0,1,1,53.27629080867696,0,2.6174376988493075,0
17,5,1,0,1,0,0,0,0,4.228435851365203,5,2,1,2,311.3570093575004,0,11.762051235003703,0
18,3,0,0,1,0,0,0,0,3.945416128052902,3,0,1,1,366.538278481291,0,0.00934874591569157,0
12,4,0,0,1,0,0,0,0,2.9130836585186803,1,0,0,0,0,0,0,0
11,1,0,0,1,0,0,0,0,5.721977362984628,2,0,0,0,0,0,0,0
15,1,0,2,1,0,0,0,0,2.118088629790203,4,0,0,0,0,0,0,0
3,3,0,0,1,0,0,0,0,3.4666761796229513,6,0,0,0,0,0,0,0
7,5,1,3,1,0,0,0,0,5.71687031140989,1,0,0,0,0,0,0,0
11,2,0,2,1,0,0,1,0,2.338937082735504,2,0,0,0,0,0,0,0
11,0,0,0,1,0,0,0,0,4.406638394142558,1,0,1,1,70.03574780634207,0,0.12628837350643307,0
7,3,0,0,1,0,0,0,0,5.111956397512745,3,0,0,0,0,0,0,0
8,6,1,0,1,0,0,0,0,5.868732571791286,1,0,0,0,0,0,0,0
16,4,0,2,1,0,0,0,0,5.275197995902232,4,0,1,1,119.0823528719306,0,12.965789459530903,0
16,0,0,0,1,0,0,0,0,2.0798164780788233,3,0,1,1,84.18779485427362,0,13.584153897201555,0
14,0,0,1,1,0,0,0,0,4.587999391933617,1,2,1,1,304.53555220362784,0,6.026377614462552,0
21,4,0,0,1,0,0,0,0,4.769455134238639,4,0,0,0,0,0,0,0
13,6,1,0,1,0,0,0,0,3.299344299149791,1,0,0,0,0,0,0,0
15,1,0,0,1,0,0,0,0,3.5528868117314008,3,0,0,0,0,0,0,0
8,2,0,3,1,0,0,0,0,3.8108583760192674,2,0,1,1,141.91180426179454,0,10.465916456707038,0
19,1,0,0,1,0,0,0,0,2.6310685050847393,4,0,1,1,148.35108411406995,0,10.824399206527433,0
2,6,1,5.477202748774343,1,0,0,1,1,3.844090806629356,2,0,0,0,0,0,0,1
12,2,0,0,1,0,0,0,0,5.487495121435942,2,0,1,2,228.22835871228818,0,4.634850083117287,0
11,6,1,0,1,0,0,0,0,2.2270104878931867,6,0,0,0,0,0,0,0
17,4,0,0,1,0,0,0,0,4.598915831660165,1,0,1,1,34.58354274559065,0,9.120465541421341,0
14,4,0,0,1,0,0,0,0,4.86619797612867,4,0,0,0,0,0,0,0
15,6,1,1,1,0,0,0,0,4.157814197952167,2,0,1,1,75.39322884112391,0,11.762459681346613,0
18,4,0,0,1,0,0,0,0,5.833723952937185,5,0,0,0,0,0,0,0
10,4,0,0,1,0,0,0,0,2.3512112911147227,5,0,0,0,0,0,0,0
8,2,0,0,1,0,0,0,0,3.612509573996986,1,0,1,1,291.93451702916536,1,6.486766693284788,0
8,1,0,0,1,0,0,0,0,5.474416170091188,2,1,0,0,0,0,0,0
15,3,0,0,1,0,0,0,0,2.426812361652065,3,0,1,1,177.04452146254167,0,7.998007495554679,0
15,2,0,0,1,0,0,0,0,4.631621634575181,6,0,1,1,53.96265115418987,0,4.779189423095688,0
17,4,0,3,1,0,0,0,0,4.670510303271605,3,0,0,0,0,0,0,0
17,3,0,0,1,0,0,0,0,5.71238313716474,3,0,0,0,0,0,0,0
14,2,0,1,1,0,0,0,0,3.0793918559727977,3,0,0,0,0,0,0,0
10,6,1,3,1,0,0,0,0,2.726455174119102,4,0,0,0,0,0,0,0
3,4,0,0,1,0,0,0,0,5.040545316221195,1,0,0,0,0,0,0,0
11,2,0,0,1,0,0,0,0,2.2805773353193617,1,0,0,0,0,0,0,0
13,3,0,0,1,0,0,0,0,2.731022396909788,6,0,1,1,234.79254835376656,0,11.794182261230148,0
20,2,0,0,1,0,0,0,0,2.4670281400564247,4,0,0,0,0,0,0,0
0,3,0,1.0228995706564712,1,0,0,0,0,-0.646496282196104,100,5,1,1,61.90476169529828,0,79.33526382887854,1
11,4,0,0,1,0,0,0,0,5.669279267300524,4,0,0,0,0,0,0,0
11,2,0,0,1,0,0,0,0,4.957754733109866,3,0,1,3,117.5610195301927,0,0.945285388395176,0
11,2,0,0,1,0,0,0,0,4.306434906882052,2,1,0,0,0,0,0,0
20,1,0,0,1,0,0,0,0,4.716028106277518,3,0,0,0,0,0,0,0
7,2,0,0,1,0,0,0,0,3.1296896517736306,1,0,1,1,375.419578607107,0,12.028959509356257,0
8,0,0,0,1,0,0,0,0,4.642794162870819,2,0,1,2,280.5588585479077,0,11.781275752625474,0
12,1,0,2,1,0,0,0,0,4.354916936682499,2,0,1,1,257.81035263805177,0,12.587012634899395,0
18,4,0,2,1,0,1,0,0,2.6244896684798418,3,0,1,1,377.5602817153569,0,5.090632682604429,0
7,6,1,4.553613320796845,1,0,1,1,1,0.4455667486659003,2,1,1,1,0.09992217686287062,1,0.1939516182038755,1
13,4,0,1,1,0,0,0,0,3.7786153532789037,1,0,0,0,0,0,0,0
8,1,0,1,1,0,0,0,0,5.002139828116398,5,0,1,1,231.54661143559127,0,5.19495038904764,0
15,3,0,0,1,0,0,0,0,5.611964272943872,3,0,0,0,0,0,0,0
11,0,0,0,1,0,0,0,0,3.8276770374340265,3,0,1,1,246.33694210229282,0,3.9125454225753775,0
12,4,0,1,1,0,0,0,0,5.268652577624532,1,0,0,0,0,0,0,0
5,3,0,2,1,0,0,0,0,2.9777537924487074,4,0,1,2,158.99320560327828,0,3.583472656000721,0
9,4,0,0,1,0,0,0,0,3.6794829399691227,4,0,0,0,0,0,0,0
13,5,1,0,1,0,1,0,0,4.765445393512312,3,0,0,0,0,0,0,0
0,6,1,0,1,0,0,0,0,5.314851676927212,3,0,0,0,0,0,0,0
17,3,0,0,1,0,0,0,0,3.6286709547585074,2,0,1,1,335.36902700544215,0,12.140006458910515,0
14,5,1,0,1,0,0,0,0,4.337873540202471,2,0,0,0,0,0,0,0
20,0,0,1.1872702210225317,1,0,0,0,0,-0.9930090881787648,20,5,0,0,0,0,0,1
9,4,0,1,1,0,0,0,0,3.5840580882360817,3,2,0,0,0,0,0,0
7,1,0,0,1,0,0,0,0,3.466762435059808,2,1,0,0,0,0,0,0
10,0,0,0,1,0,0,0,0,3.0744795996772556,3,0,1,1,380.9097439845652,0,12.866910815777217,0
12,1,0,0,1,0,0,0,0,3.402375618726052,4,0,1,3,138.5852740865048,0,8.14585569759746,0
7,1,0,0,1,0,0,0,0,3.3192146543158616,3,0,1,2,226.3372910631082,0,4.403240200382351,0
10,6,1,0,1,0,0,0,0,4.683856837390459,1,0,1,2,51.27678945019033,0,11.686999552173424,0
15,2,0,0,1,0,1,0,0,3.939675661628182,1,0,1,1,330.1603624029928,0,3.674674968248514,0
16,0,0,0,1,0,0,0,0,3.8725284878158073,1,0,1,1,172.37047288449895,0,5.864773089462773,0
21,6,1,1,1,0,0,0,0,4.585490979315657,5,2,1,2,61.25030341417608,0,3.2974762936856634,0
7,2,0,0,1,0,0,0,0,5.117231504559211,4,0,0,0,0,0,0,0
17,4,0,3,1,0,0,0,0,3.325971118646098,2,1,0,0,0,0,0,0
18,3,0,0,1,0,0,0,0,3.557211105290616,1,0,1,2,197.55443872730353,0,1.0664152900719164,0
18,2,0,1,1,0,0,0,0,3.72981119637785,4,0,0,0,0,0,0,0
15,6,1,0,1,0,0,0,0,3.2401276007405655,2,0,0,0,0,0,0,0
9,2,0,1,1,0,0,0,0,2.683460255140238,1,0,1,1,120.77803815896625,0,6.330231579448128,0
14,4,0,1,1,0,0,0,0,4.919833509726166,4,0,0,0,0,0,0,0
13,1,0,1,1,0,0,0,0,4.381850108622494,3,0,0,0,0,0,0,0
18,4,0,0,1,0,0,1,0,3.257023024075528,5,0,0,0,0,0,0,0
17,1,0,1,1,0,1,0,0,4.364162191396959,1,0,1,3,158.01827105257098,0,11.123536398630858,0
7,3,0,0,1,0,0,0,0,2.846487190162113,6,0,0,0,0,0,0,0
5,1,0,0,1,0,0,0,0,3.524453288542478,5,0,0,0,0,0,0,0
13,2,0,3,1,0,0,0,0,5.3526056800813056,3,1,1,1,276.5635336591706,0,0.36165878263969553,0
9,2,0,0,1,0,0,0,0,3.0653915437625594,2,0,0,0,0,0,0,0
2,5,1,6.328481420119583,1,0,0,0,0,3.8155652629818233,1,0,0,0,0,0,0,1
10,3,0,0.07393797973548288,1,0,0,0,0,-0.5417645814437169,100,15,1,1,87.78100292178624,0,210.58894002257637,1
16,4,0,1,1,0,0,0,0,5.3062489930853864,4,0,0,0,0,0,0,0
9,0,0,0,1,0,0,0,0,4.453762402353243,2,0,1,1,284.21312324942,0,5.685304015764246,0
11,1,0,0,1,0,0,0,0,2.338075873015615,1,0,1,1,266.02246800556213,0,11.016745265344738,0
7,1,0,0,1,0,0,0,0,4.438832737793142,1,0,0,0,0,0,0,0
14,4,0,1,1,0,0,0,0,4.477554346013573,3,2,1,1,60.35835114495402,0,12.92781068234615,0
9,1,0,1,1,0,0,0,0,2.7873329298997245,3,0,0,0,0,0,0,0
13,3,0,0,1,0,1,0,0,5.115438351383758,4,0,1,2,148.26468518584883,0,4.465976663976779,0
16,0,0,1,1,0,0,0,0,2.429180879846494,4,0,1,1,304.48757749351716,0,7.9632658966133185,0
12,5,1,0,1,0,0,0,0,5.053208730424073,6,0,0,0,0,0,0,0
10,2,0,0,1,0,0,0,0,3.0730046546979453,4,0,1,2,153.150147149585,0,5.190063565227741,0
16,2,0,0,1,0,0,0,0,5.566601865799665,1,0,0,0,0,0,0,0
19,0,0,1,1,0,0,0,0,4.663912815561533,1,0,0,0,0,0,0,0
23,1,0,1,1,0,0,0,0,4.133317138516463,1,0,1,1,323.56922577206484,0,7.579618165628722,0
16,1,0,1,1,0,0,0,0,2.764344237667573,4,0,0,0,0,0,0,0
19,0,0,0,1,0,0,0,0,4.699027227541469,3,0,1,1,225.21003114832794,0,4.428091076291344,0
1,0,0,7.433038763551076,1,0,0,1,1,5.735906751714025,3,0,1,1,15.470404376856962,0,123.56927327663263,1
14,4,0,2,1,0,0,0,0,2.160049769119857,3,0,0,0,0,0,0,0
7,2,0,0,1,0,0,0,0,3.4857477173093834,5,0,0,0,0,0,0,0
14,2,0,0,1,0,0,0,0,3.943393628324996,3,0,1,1,291.27463137235117,0,3.097630423129062,0
12,0,0,1,1,0,0,0,0,5.992973498117255,4,0,1,2,76.70381416323241,0,6.065756555187099,0
2,4,0,0,1,0,0,0,0,5.212818903714608,6,0,1,1,298.42598159894317,0,0.09883051002962451,0
14,0,0,0,1,0,0,1,0,2.395900573392105,3,0,1,1,194.3749380318808,0,9.510327280216538,0
12,2,0,0,1,0,0,0,0,5.91268299461281,1,0,1,1,311.700192273308,0,0.09418589126081134,0
8,5,1,0,1,0,0,0,0,5.094932245384454,2,0,1,1,319.55894443209667,0,4.0595574050340435,0
10,1,0,0,1,0,0,0,0,2.1187422930932898,1,0,1,2,145.16955230495478,0,2.499580031214846,0
10,3,0,1,1,0,0,0,0,3.5836949827581766,4,0,1,1,280.3171841380002,0,7.848941877896839,0
9,0,0,2,1,0,0,0,0,5.558476641471739,3,0,0,0,0,0,0,0
20,1,0,0,1,0,0,0,0,4.997879508414927,3,0,1,1,194.60455271104766,0,3.0528807410513523,0
12,3,0,0,1,0,0,0,0,5.977331816274683,1,0,1,1,349.1815244224209,0,6.664569986161756,0
17,1,0,0,1,0,0,0,0,4.932871687907429,4,0,0,0,0,0,0,0
17,4,0,0,1,0,0,1,0,4.961824435416825,6,0,0,0,0,0,0,0
6,4,0,3,1,0,0,0,0,3.1836615788434166,3,0,0,0,0,0,0,0
20,4,0,0,1,0,0,0,0,4.597489758345095,2,0,1,1,65.08256059680048,0,9.57651507394397,0
15,5,1,0,1,0,0,0,0,3.4251126090753714,3,0,1,1,278.61775632435047,0,3.006062532690879,0
17,2,0,1,1,0,0,0,0,4.557327683000393,3,1,0,0,0,0,0,0
13,3,0,1,1,0,0,0,0,5.103059358763792,1,0,1,1,76.99959263614461,0,0.10139446978151856,0
20,0,0,2,1,0,0,0,0,5.39772033366396,2,0,0,0,0,0,0,0
12,1,0,1,1,0,1,0,0,3.9228735880692693,5,0,0,0,0,0,0,0
14,0,0,0,1,0,0,0,0,5.645484115341885,5,0,0,0,0,0,0,0
12,0,0,2,1,0,0,0,0,5.505661513327681,2,0,0,0,0,0,0,0
7,0,0,2,1,0,0,1,0,3.8260210552125216,6,2,0,0,0,0,0,0
14,1,0,7.564972475749012,1,1,0,1,0,1.1371029079198074,1,0,1,1,0.125310277503995,1,0.028740920677345683,1
20,2,0,3,1,0,0,0,0,2.032477009638868,6,0,0,0,0,0,0,0
3,2,0,0,1,0,0,0,0,5.028568706140537,1,0,1,1,159.23819747145637,0,7.406380827187483,0
14,6,1,0,1,0,0,0,0,5.9618521909908395,2,0,1,1,380.49059732980965,0,2.0958655957624432,0
9,4,0,1,1,0,0,0,0,4.027767089440836,2,1,1,1,77.91329330437924,0,10.39313033570145,0
15,2,0,2,1,0,0,0,0,4.409784794544237,4,0,0,0,0,0,0,0
7,2,0,0,1,0,0,0,0,4.785873929946577,3,1,0,0,0,0,0,0
19,0,0,1,1,0,0,0,0,5.747238521830954,3,0,0,0,0,0,0,0
11,3,0,0,1,0,0,0,0,2.0158640888390367,4,0,0,0,0,0,0,0
7,0,0,0,1,0,0,0,0,5.969828675493499,1,0,1,1,146.55922580966853,0,1.949768414527028,0
17,4,0,1,1,0,0,0,0,4.5705235416067485,4,0,1,1,135.8675906624224,0,3.6544991355836,0
19,2,0,0,1,0,0,0,0,4.3118465328929085,4,0,0,0,0,0,0,0
15,2,0,0,1,0,0,0,0,5.932558098659257,5,0,1,2,134.42315513327804,0,8.272428400581818,0
18,2,0,0,1,0,0,0,0,3.236477917910472,1,0,0,0,0,0,0,0
11,2,0,2,1,0,0,0,0,5.518937987413622,1,0,1,1,297.4079508943744,0,10.931321449391698,0
9,3,0,0,1,0,0,0,0,2.8464868851624234,2,0,0,0,0,0,0,0
17,2,0,0,1,0,0,0,0,2.327788653738755,1,0,0,0,0,0,0,0
13,2,0,1,1,0,0,0,0,3.73642369004149,2,0,0,0,0,0,0,0
17,2,0,1,1,0,0,1,1,4.124886847317796,2,0,1,2,207.81672140680942,0,9.29806450988418,0
15,4,0,1,1,0,0,0,0,3.4325892476242985,5,0,0,0,0,0,0,0
7,1,0,0,1,0,0,0,0,5.014579537998026,4,0,1,1,257.1642063479386,0,7.0923117454263584,0
16,4,0,0,1,0,0,0,0,2.4217446912493124,4,0,0,0,0,0,0,0
15,2,0,0,1,0,0,0,0,3.224944888985947,3,0,1,1,323.09375641504414,0,0.045139458911111596,0
20,4,0,2,1,0,0,0,0,3.3044118340896866,3,0,0,0,0,0,0,0
17,4,0,0,1,0,0,0,0,4.570666744074018,2,0,1,1,229.8703842263142,0,10.473534019342466,0
18,1,0,0,1,0,0,0,0,5.5898484597620435,2,0,0,0,0,0,0,0
21,5,1,0,1,0,0,0,0,4.104675208533354,3,0,1,2,234.57242662332274,0,10.84290234186024,0
3,3,0,1,1,0,0,0,0,5.984406275311123,1,0,0,0,0,0,0,0
10,1,0,1,1,0,0,0,0,4.601953538360431,1,0,1,1,298.6586795505566,0,3.39500918918396,0
14,4,0,0,1,0,0,0,0,4.947238592295367,3,0,0,0,0,0,0,0
20,2,0,1,1,0,0,0,0,3.414066256027982,3,1,0,0,0,0,0,0
6,4,0,1,1,0,0,0,0,3.951278417305811,2,0,0,0,0,0,0,0
12,0,0,0,1,0,0,0,0,3.183006367165694,2,1,1,2,172.5622790661128,0,4.422077570029431,0
4,1,0,0,1,0,0,1,0,4.999342617930136,3,0,1,1,109.36703492609855,0,10.505621599873303,0
14,3,0,0,1,0,1,0,0,2.3430387496223273,3,1,0,0,0,0,0,0
2,0,0,2,1,0,0,0,0,2.9049421564662095,2,0,1,1,124.35369172723455,0,12.894295597355022,0
16,5,1,1,1,0,0,1,1,5.375185806656386,2,0,1,1,107.37730943511492,0,6.461375141939655,0
16,0,0,1,1,0,0,1,0,3.052488888881856,1,0,0,0,0,0,0,0
14,0,0,3,1,0,0,0,0,4.577720158172904,5,0,0,0,0,0,0,0
19,2,0,1,1,0,0,0,0,2.539839614529146,3,0,0,0,0,0,0,0
17,0,0,1,1,0,0,0,0,3.750854606306801,2,0,0,0,0,0,0,0
17,3,0,0,1,0,0,0,0,4.0154932930321605,3,0,0,0,0,0,0,0
14,6,1,4.199719704276574,0,0,1,1,0,0.2022317557946196,1,1,1,1,0.13536610318695053,1,0.013150653265572167,1
10,2,0,0,1,0,0,0,0,3.2439117935386412,1,0,0,0,0,0,0,0
15,2,0,0,1,0,0,1,1,3.754159138994867,1,0,0,0,0,0,0,0
14,5,1,1,1,0,0,0,0,5.815771681586481,1,0,0,0,0,0,0,0
17,2,0,0,1,0,0,0,0,2.057758680555442,1,0,0,0,0,0,0,0
20,6,1,0,1,0,0,0,0,5.063999171113709,4,0,0,0,0,0,0,0
9,4,0,1,1,0,0,0,0,2.9121159064765187,4,0,0,0,0,0,0,0
7,0,0,0,1,0,0,0,0,2.5300280179767975,1,0,1,1,24.137094949132717,0,1.302899646438238,0
11,2,0,1,1,0,0,0,0,5.600811768569944,3,0,0,0,0,0,0,0
8,4,0,1,1,0,0,0,0,2.589416717180911,3,2,1,1,192.86797819205384,0,12.87787744737172,0
20,0,0,0,1,0,0,0,0,3.76407072236592,4,0,1,2,386.388679715288,0,7.281166970234931,0
15,1,0,2,1,0,1,0,0,4.623095787624577,5,0,0,0,0,0,0,0
17,3,0,0,1,0,0,0,0,2.2284483794643632,3,0,0,0,0,0,0,0
21,0,0,0,1,0,0,0,0,5.558611659828541,2,0,0,0,0,0,0,0
8,4,0,0,1,0,0,0,0,2.40365118761063,6,1,0,0,0,0,0,0
5,2,0,2.9352592243861206,0,1,4,1,1,2.496123978129426,1,0,0,0,0,0,0,1
23,3,0,0.2063531349407728,1,0,0,0,0,-1.6319881932887643,20,5,0,0,0,0,0,1
17,2,0,1,1,0,0,0,0,2.7946874058743845,4,2,0,0,0,0,0,0
8,5,1,0,1,0,0,0,0,2.7599370303535418,3,0,1,1,122.6679063498724,0,0.6948962025391381,0
6,3,0,0,1,0,0,0,0,4.52445430977855,2,0,1,1,165.19368958708395,0,8.509883053371878,0
10,6,1,0,1,0,0,0,0,5.745712522612774,2,0,1,1,30.899363225657645,0,6.178870511807704,0
8,4,0,2.1036531041496946,1,0,0,0,0,-1.5258495532267986,10,30,0,0,0,0,0,1
11,2,0,0,1,0,0,0,0,5.896208651137146,2,0,1,1,39.32772747406277,0,10.459771952925047,0
15,0,0,0,1,0,0,0,0,3.4258621681425256,1,0,0,0,0,0,0,0
14,2,0,0,1,0,0,0,0,5.178296611366717,3,0,1,1,368.86729949296074,0,4.627156522904909,0
4,1,0,0,1,0,1,0,0,2.0437088881847036,2,0,1,2,243.59301555239756,0,11.002801408203572,0
14,4,0,0,1,0,0,0,0,5.404664192339116,2,0,0,0,0,0,0,0
8,6,1,3.887901012481599,1,0,0,0,0,0.7970611739265845,30,15,0,0,0,0,0,1
17,0,0,0,1,0,0,0,0,2.0324594046319167,1,0,0,0,0,0,0,0
11,4,0,0,1,0,0,0,0,2.2886233965759772,3,0,0,0,0,0,0,0
8,2,0,3,1,0,0,0,0,4.4104548561076005,1,0,0,0,0,0,0,0
11,0,0,0,1,0,0,0,0,4.812583531126691,1,0,0,0,0,0,0,0
9,1,0,0,1,0,0,0,0,2.9124638932522893,1,0,1,1,355.80731889853064,0,5.632462212969405,0
15,4,0,2,1,0,0,0,0,4.081848143841636,5,0,0,0,0,0,0,0
21,2,0,0,1,0,0,0,0,3.0301911339188323,5,0,0,0,0,0,0,0
9,1,0,1,1,0,0,0,0,3.25143811285962,2,1,1,1,377.6870530224858,0,5.531268457385721,0
8,5,1,1,1,0,0,0,0,2.5050452074577594,5,0,1,2,118.20029197050596,0,5.270127630769881,0
1,4,0,3.840318313513404,1,0,0,0,0,-0.1197568663318671,200,10,0,0,0,0,0,1
12,6,1,1,1,0,0,0,0,2.3600582310502007,1,0,0,0,0,0,0,0
15,3,0,1,1,0,0,0,0,4.257346089023795,3,0,1,2,187.6517625918115,0,1.095991911771679,0
19,5,1,1,1,0,0,1,1,2.999935795360635,1,0,1,1,337.88391895712795,0,0.3558562784591637,0
20,3,0,0,1,0,0,0,0,4.032361211485755,2,0,0,0,0,0,0,0
15,6,1,0,1,0,0,0,0,2.6250777355234542,4,0,0,0,0,0,0,0
10,4,0,2,1,0,0,0,0,4.570785759953668,4,0,1,1,31.18078985289882,0,9.145927012260666,0
9,6,1,1,1,0,0,0,0,2.943120227134943,2,0,0,0,0,0,0,0
14,6,1,0,1,0,0,0,0,5.206815351440776,3,0,0,0,0,0,0,0
9,3,0,0,1,0,0,0,0,5.0493207891606176,4,0,0,0,0,0,0,0
8,1,0,0,1,0,0,0,0,4.647560843859756,3,0,0,0,0,0,0,0
15,3,0,1,1,0,0,0,0,2.714781117449642,4,0,1,1,41.52003418685254,0,6.124348746188182,0
10,0,0,0,1,0,1,0,0,2.4940482126488326,3,0,0,0,0,0,0,0
20,1,0,1,1,0,0,0,0,4.463290771838084,5,0,0,0,0,0,0,0
12,3,0,0,1,0,0,0,0,3.8623829307326676,1,0,1,1,77.84879596593953,0,2.759070189921723,0
4,2,0,0,1,0,0,0,0,4.858546423832369,3,0,0,0,0,0,0,0
6,0,0,1,1,0,0,0,0,4.148669978160399,3,0,0,0,0,0,0,0
4,3,0,3.3072261361340822,1,0,0,0,0,-1.0738390987697057,50,3,0,0,0,0,0,1
11,2,0,0,1,0,0,0,0,4.116055292822044,4,0,1,1,273.3232639127664,0,3.685447389171827,0
9,4,0,0,1,0,0,1,0,3.8391973662076198,3,0,1,1,14.79034020745519,0,12.620229915783558,0
16,3,0,0,1,0,0,0,0,2.5217889422688238,2,0,0,0,0,0,0,0
3,2,0,3,1,0,0,0,0,5.437741114153587,4,0,1,1,287.9443185533787,0,1.968455107105357,0
17,2,0,0,1,0,0,0,0,5.776576417173716,2,0,1,2,47.68552336568703,0,11.767729048445313,0
13,1,0,0,1,0,0,0,0,5.810571741881136,5,0,1,1,307.18803835069656,0,5.333794870179214,0
16,2,0,0,1,0,0,0,0,3.709311039273482,5,0,1,2,38.31932955365626,0,1.4883487715383859,0
9,2,0,1.5002767948910938,1,0,0,0,0,-0.8261441080363165,50,3,0,0,0,0,0,1
15,1,0,1,1,0,0,0,0,3.7618566316793696,3,0,0,0,0,0,0,0
0,3,0,8.016922392346217,1,0,1,1,1,4.817985764626494,1,0,1,1,45.64154936987204,0,44.084826266178226,1
7,4,0,0,1,0,0,0,0,4.40595834078008,2,0,1,2,111.0333930157467,0,0.9513394550546661,0
1,3,0,0,1,0,0,0,0,5.329032314762096,2,0,0,0,0,0,0,0
16,1,0,2,1,0,0,0,0,5.350853880454039,6,0,1,1,164.14004784503732,0,1.3950288516890657,0
20,2,0,3,1,0,0,0,0,3.4182330764078683,3,0,1,1,365.81126006551307,0,1.4656011368395314,0
10,2,0,0,1,0,0,0,0,4.71371579066322,5,0,0,0,0,0,0,0
14,4,0,0,1,0,0,0,0,5.1312847368898495,2,0,1,2,141.41666289284632,0,5.092741085816388,0
16,2,0,0,1,0,0,0,0,5.831893770841509,2,0,1,1,287.43939172403304,0,2.8217016936665535,0
15,6,1,0,1,0,0,0,0,5.918039451617582,1,0,1,1,211.71967308615837,0,1.4009716910780554,0
12,1,0,0,1,0,0,0,0,4.667679447148508,3,0,1,1,351.9065968265394,0,2.5312031090581026,0
9,4,0,1,1,0,0,0,0,3.826165732180587,3,0,0,0,0,0,0,0
9,5,1,2,1,0,0,0,0,3.8798519341856754,4,0,0,0,0,0,0,0
12,6,1,2.539720655566545,1,0,0,0,0,-0.47562918067840276,100,15,0,0,0,0,0,1
4,6,1,1,1,0,0,0,0,2.086579677323248,2,0,1,1,27.596664694824625,0,13.985898451656327,0
15,2,0,0,1,0,0,1,0,4.205060307521879,2,1,0,0,0,0,0,0
14,1,0,0,1,0,0,0,0,3.513564818120662,2,0,0,0,0,0,0,0
9,1,0,0,1,0,0,0,0,2.683237918831221,2,0,1,2,35.51011781259841,0,2.669540001539731,0
19,1,0,0,1,0,0,0,0,2.946384686712864,1,0,0,0,0,0,0,0
10,5,1,0,1,0,0,0,0,5.655873090896659,2,0,1,2,223.91932807502235,0,13.41303173896737,0
9,3,0,1,1,0,0,0,0,2.3761058127217107,2,0,1,1,173.4190337949473,0,6.13255158990963,0
17,6,1,2,1,0,0,0,0,2.1572408068689395,4,0,1,2,228.72598088195176,0,5.793727128928941,0
15,1,0,0,1,0,0,0,0,4.452587822097717,1,0,0,0,0,0,0,0
17,5,1,0,1,0,0,0,0,2.1503784323298287,1,0,0,0,0,0,0,0
15,4,0,0,1,0,1,0,0,2.0441969377688967,3,0,1,1,234.63859523438626,0,9.427002822618116,0
12,5,1,0,1,0,0,0,0,4.088843520660952,2,0,0,0,0,0,0,0
19,5,1,0,1,0,0,0,0,2.9980667606420752,6,0,1,1,79.8657608602198,0,6.538616356327973,0
11,3,0,0,1,0,0,0,0,2.252641028543667,5,0,1,1,142.86182702321622,0,1.517678827283262,0
14,0,0,1,1,0,0,0,0,3.6527181498584045,4,0,0,0,0,0,0,0
10,1,0,0,1,0,0,0,0,5.727238597525326,2,1,1,1,359.87394694072293,0,9.531985686590588,0
13,1,0,0,1,0,0,0,0,2.6567463969676965,3,0,1,1,114.853648018893,0,12.467563727880968,0
15,4,0,0,1,0,0,0,0,5.0705071868953855,3,0,0,0,0,0,0,0
17,1,0,3,1,0,0,0,0,4.353550418051424,4,2,0,0,0,0,0,0
9,4,0,5.999599305206845,0,1,4,1,1,0.9269112954604042,1,0,0,0,0,0,0,1
18,5,1,0,1,0,0,0,0,3.3919742948661487,3,0,0,0,0,0,0,0
14,1,0,0,1,0,0,0,0,4.25627585195191,3,0,0,0,0,0,0,0
12,0,0,1,1,0,0,0,0,2.1104302007114653,6,0,0,0,0,0,0,0
2,0,0,0,1,0,0,0,0,3.8901646770291602,3,0,0,0,0,0,0,0
8,4,0,0,1,0,0,0,0,2.8352492724474203,3,0,1,3,356.29670898928583,0,9.394206230782068,0
22,1,0,0,1,0,0,0,0,4.320477541420798,6,0,1,1,150.1467043653291,0,9.523174344904778,0
15,1,0,0,1,0,0,0,0,2.6306449955208375,4,0,1,1,36.89600672216583,0,1.2277298936555714,0
18,3,0,1,1,0,0,0,0,4.311549220590399,2,0,0,0,0,0,0,0
10,5,1,0,1,0,0,0,0,2.9111114520936816,1,0,0,0,0,0,0,0
8,3,0,0,1,0,0,0,0,3.604420016943506,1,0,0,0,0,0,0,0
17,1,0,0,1,0,0,0,0,3.9004465412701004,2,0,1,1,18.31452248348115,0,7.824465974120917,0
22,6,1,5.6980325299419405,1,0,0,1,1,3.24572118077322,2,1,0,0,0,0,0,1
10,3,0,1,1,0,0,0,0,5.763503548000166,1,0,0,0,0,0,0,0
22,0,0,8.110686988526275,1,0,1,1,1,0.5070111739725025,3,0,1,1,0.0636471202656803,1,0.0882318234939063,1
20,0,0,0,1,0,0,0,0,4.799025119575541,1,0,1,2,200.89048658504106,0,12.602323361977115,0
17,2,0,2,1,0,0,0,0,3.99029545328068,4,0,0,0,0,0,0,0
22,3,0,0,1,0,0,0,0,4.514930855135109,2,0,1,1,398.28056477007476,0,7.811920453703346,0
19,0,0,2,1,0,0,0,0,2.1635735364807087,1,0,0,0,0,0,0,0
20,3,0,0,1,0,0,0,0,4.3749694366399305,3,2,1,1,380.602200556904,0,6.472811224817917,0
16,2,0,6.259685900202252,0,1,1,1,1,3.24897533994613,2,1,1,1,0.14062375440613178,1,0.11810224196743085,1
8,4,0,1,1,0,0,0,0,4.692635912324581,5,0,1,2,45.54436880371648,0,6.150436650224093,0
5,6,1,0,1,0,0,0,0,2.4277746072429744,3,0,1,2,241.12865064291245,0,5.544805068940979,0
8,4,0,0,1,0,0,0,0,3.2792713601225576,1,0,0,0,0,0,0,0
5,2,0,1,1,0,0,0,0,5.457222561154062,1,0,1,1,67.01649011055588,1,4.639282314327526,0
9,4,0,0,1,0,0,0,0,4.462120376931182,4,0,0,0,0,0,0,0
22,5,1,3.086275486394725,1,0,0,0,0,-1.127757612478712,50,15,0,0,0,0,0,1
18,1,0,0,1,0,0,0,0,4.156084701407966,3,0,0,0,0,0,0,0
12,3,0,2,1,0,0,0,0,3.9073079620626516,2,1,1,1,155.4993494802653,0,11.729132597538545,0
14,4,0,1,1,0,0,0,0,4.0621752664908755,1,0,1,2,125.54634814251453,0,9.233393192229627,0
16,1,0,0,1,0,0,0,0,5.27482307004795,4,0,1,1,319.47315505640927,0,8.68099466023659,0
14,3,0,0,1,0,0,0,0,2.771381038609468,1,0,0,0,0,0,0,0
9,1,0,0,1,0,0,0,0,5.672205746844172,4,0,0,0,0,0,0,0
19,4,0,2,1,0,0,0,0,4.564172406951206,4,0,1,2,280.4217935246349,0,1.2558528068023032,0
17,0,0,0,1,0,0,0,0,2.5673401058080914,5,0,0,0,0,0,0,0
15,2,0,2,1,0,0,0,0,5.875517380160591,6,0,0,0,0,0,0,0
7,4,0,1,1,0,0,0,0,4.350444847234593,4,0,0,0,0,0,0,0
18,2,0,0,1,0,0,0,0,5.910094512867213,5,0,1,1,397.14250600654907,0,4.040876256622855,0
11,1,0,0,1,0,0,0,0,4.6768613258574,1,0,0,0,0,0,0,0
12,4,0,0,1,0,0,0,0,5.128625031065566,5,0,0,0,0,0,0,0
18,0,0,0,1,0,0,0,0,4.074633092032721,1,0,0,0,0,0,0,0
15,1,0,0,1,0,0,0,0,2.4946904413237214,5,0,1,1,233.20132821231513,0,8.839244598748781,0
8,4,0,0,1,0,1,0,0,3.77997375207233,2,0,1,1,317.65040777934854,0,1.2505696290379305,0
14,5,1,0,1,0,0,0,0,5.718119793257646,4,0,0,0,0,0,0,0
8,3,0,3,1,0,0,0,0,2.4363839643019287,1,0,1,1,19.024741750733913,0,1.4301893593865602,0
10,6,1,4.880757735295712,0,1,3,1,1,1.8297707046151244,2,0,0,0,0,0,0,1
9,5,1,0,1,0,0,0,0,4.981176275079615,1,0,0,0,0,0,0,0
19,2,0,0,1,0,0,0,0,3.2221949699297467,2,0,0,0,0,0,0,0
11,1,0,0,1,0,0,0,0,4.043039266723117,2,0,0,0,0,0,0,0
13,3,0,0,1,0,0,0,0,3.4757512047149484,2,0,0,0,0,0,0,0
10,1,0,0,1,0,0,0,0,5.673986071390899,3,0,1,1,103.74338556983696,0,2.0845348728039825,0
18,0,0,0,1,0,0,0,0,5.991956713692852,1,0,1,1,159.50536665133342,0,12.733994596156926,0
18,4,0,0,1,0,0,0,0,4.599302682066189,3,0,0,0,0,0,0,0
9,3,0,0,1,0,0,0,0,3.392115494636043,3,1,1,1,92.818768709368,0,12.027031213582584,0
14,1,0,3,1,0,0,0,0,2.7403495633071815,4,0,1,1,220.26913715090808,0,1.633495645122709,0
22,4,0,1,1,0,0,0,0,2.99951257188495,1,0,1,1,81.2951803704931,0,4.864285658117998,0
16,2,0,0,1,0,0,0,0,2.004004234452358,3,0,0,0,0,0,0,0
11,0,0,0,1,0,0,0,0,5.794774128105294,4,1,1,1,387.9347579846027,0,13.003832925795955,0
19,2,0,1,1,0,1,0,0,4.735423142863392,4,0,0,0,0,0,0,0
12,3,0,1,1,0,0,0,0,5.2705869870449185,1,0,0,0,0,0,0,0
9,2,0,0,1,0,0,0,0,2.8807457729727646,4,0,0,0,0,0,0,0
9,4,0,1,1,0,0,0,0,4.426507835174908,1,0,0,0,0,0,0,0
21,1,0,3,1,0,0,0,0,4.014273899793553,4,0,0,0,0,0,0,0
11,0,0,2,1,0,0,0,0,4.754206788623296,2,0,0,0,0,0,0,0
10,2,0,0,1,0,0,0,0,5.219773807841963,4,0,0,0,0,0,0,0
18,0,0,0,1,0,0,0,0,4.600377081190122,5,0,0,0,0,0,0,0
14,4,0,2,1,0,0,0,0,4.203316668409022,6,0,0,0,0,0,0,0
14,0,0,0,1,0,0,0,0,5.600832256856629,5,0,0,0,0,0,0,0
10,2,0,0,1,0,0,0,0,3.7127871749714396,1,0,0,0,0,0,0,0
15,5,1,0,1,0,0,0,0,5.241266865013374,1,0,1,1,188.12531983606164,0,6.0507376365080265,0
18,4,0,3,1,0,0,0,0,4.211567777985664,3,0,1,3,181.01006409309966,0,8.845795834146749,0
7,2,0,0,1,0,0,0,0,4.256836336536091,1,0,1,2,253.27231454528152,0,12.698818094776392,0
8,2,0,0,1,0,0,0,0,3.916249353576565,1,0,1,1,364.62330283018247,1,0.14113290876334283,0
22,0,0,0,1,0,0,0,0,2.9163200288973616,3,0,0,0,0,0,0,0
1,4,0,5.741701350725398,1,0,1,1,1,2.2504524110123567,2,0,0,0,0,0,0,1
10,4,0,1,1,0,0,0,0,3.7582523590434294,1,0,0,0,0,0,0,0
15,0,0,0,1,0,0,0,0,3.687598235546737,4,1,0,0,0,0,0,0
11,0,0,0,1,0,0,0,0,5.863890066186141,5,2,0,0,0,0,0,0
8,0,0,2,1,0,0,0,0,4.002205302453744,3,0,0,0,0,0,0,0
10,2,0,0,1,0,1,0,0,2.426116441850014,2,0,0,0,0,0,0,0
9,1,0,0,1,0,0,0,0,2.3045406255121974,2,1,0,0,0,0,0,0
0,2,0,0,1,0,0,0,0,3.650362755709128,2,0,1,1,181.50066510685568,0,10.964635659066095,0
12,4,0,1.6021287392461994,1,0,0,0,0,-1.7757147203801464,50,5,0,0,0,0,0,1
15,5,1,0,1,0,0,0,0,3.2001298167604832,1,2,1,2,374.3715099692723,0,8.218089156224725,0
13,1,0,0,1,0,0,0,0,4.156979532170438,5,0,0,0,0,0,0,0
21,0,0,0.3190004078922748,1,0,0,0,0,-0.9610173982839769,20,5,1,1,46.9505035977149,1,77.13954073662859,1
13,2,0,1,1,0,0,0,0,4.389741624185149,3,0,0,0,0,0,0,0
17,3,0,1,1,0,0,0,0,3.741707426486757,6,0,0,0,0,0,0,0
15,3,0,0,1,0,0,0,0,5.432085188765695,3,0,1,1,212.87486550175515,0,13.045167072436431,0
19,3,0,1,1,0,0,0,0,4.744793353162066,6,0,1,2,53.69003943070046,0,7.537622985275108,0
8,4,0,0,1,0,0,0,0,3.293606563565598,2,0,1,1,379.12370008126277,0,9.219858582910692,0
14,2,0,3,1,0,0,0,0,5.364615293746781,3,0,1,1,238.24529755752047,0,8.870468333659467,0
8,4,0,0,1,0,0,0,0,2.7736802566252745,6,0,0,0,0,0,0,0
11,4,0,0,1,0,0,0,0,3.8514884054506764,4,0,0,0,0,0,0,0
20,4,0,1,1,0,0,0,0,5.165385737980317,2,0,1,1,111.22252883904991,0,8.546778986607166,0
3,0,0,0.9378822796555055,1,0,0,0,0,-0.8246898652752233,20,15,1,1,22.570717332624525,1,129.62800389300133,1
9,4,0,0,1,0,0,0,0,5.2422297478465945,3,0,0,0,0,0,0,0
13,1,0,0,1,0,0,0,0,5.344156002942041,2,0,0,0,0,0,0,0
10,3,0,0,1,0,0,0,0,4.308729757161414,4,0,1,1,298.3085143069528,0,2.5221963403246215,0
10,1,0,0,1,0,0,0,0,3.807655454802729,1,0,0,0,0,0,0,0
18,1,0,0,1,0,0,0,0,5.7244634889664034,4,0,0,0,0,0,0,0
10,6,1,1,1,0,0,0,0,2.5976920463703683,4,0,0,0,0,0,0,0
15,5,1,0,1,0,1,0,0,5.680480152079922,2,0,0,0,0,0,0,0
17,4,0,0,1,0,0,0,0,3.3663408724242325,4,0,1,1,350.7960083901552,0,4.3964294380912445,0
17,2,0,4.466918064937816,1,0,0,0,0,-1.6522428361645107,30,10,0,0,0,0,0,1
17,1,0,3,1,0,0,0,0,2.5744267099633653,2,1,1,1,108.85976256228359,0,10.184982005013682,0
13,4,0,0,1,0,0,0,0,3.0411158143239003,2,0,0,0,0,0,0,0
17,6,1,1,1,0,0,0,0,4.0983484766365095,5,0,1,2,295.748881187159,0,6.707508037886184,0
17,3,0,0,1,0,0,0,0,2.665833893040008,1,0,1,2,319.56714901434515,0,13.219128920040783,0
20,2,0,0,1,0,0,1,0,4.378467913926277,4,0,0,0,0,0,0,0
6,4,0,0,1,0,0,0,0,3.3041975626138926,1,0,0,0,0,0,0,0
3,0,0,0,1,0,0,0,0,4.612582377190062,4,0,1,3,269.89419122657773,0,6.360085665871812,0
9,1,0,0,1,0,0,0,0,2.483135745845742,1,0,1,1,64.60435724509027,0,2.1465619205704396,0
7,1,0,0,1,0,0,0,0,2.266572729012924,3,0,0,0,0,0,0,0
17,4,0,0,1,0,0,0,0,5.166739420534993,5,0,0,0,0,0,0,0
1,2,0,2,1,0,0,0,0,3.602648509329936,1,0,1,1,249.0289007431979,0,11.993751119307474,0
20,3,0,1,1,0,0,0,0,4.307250351918114,4,0,0,0,0,0,0,0
19,1,0,3,1,0,0,0,0,2.212630625203247,3,0,0,0,0,0,0,0
15,4,0,1,1,0,0,0,0,5.7327797337465,5,0,0,0,0,0,0,0
14,0,0,0,1,0,0,0,0,4.207556261577032,3,0,0,0,0,0,0,0
10,4,0,1,1,0,0,0,0,2.601266589377531,1,0,0,0,0,0,0,0
11,1,0,1,1,0,0,0,0,4.002484027563666,3,1,1,1,167.90046999410683,0,3.317001886131028,0
18,5,1,0,1,0,0,0,0,4.854920006007433,2,0,1,1,234.19563971107442,0,1.2780555595072307,0
20,4,0,1,1,0,0,0,0,5.599125610869681,2,2,0,0,0,0,0,0
1,5,1,3,1,0,0,1,0,2.970372727382966,3,0,1,1,313.3483584766153,0,7.471101783827683,0
17,4,0,0,1,0,0,0,0,4.9377352319822485,3,1,1,1,322.2561170623536,0,1.2282235774021832,0
8,0,0,2,1,0,0,0,0,3.5245707082520985,2,0,0,0,0,0,0,0
15,2,0,0,1,0,0,0,0,3.534357953635446,2,0,1,2,103.33199953453914,0,7.660573214629054,0
9,2,0,1,1,0,0,0,0,3.644014849476197,3,0,1,1,163.71530426641326,0,4.818866073235576,0
9,2,0,0,1,0,0,0,0,3.1668829035565067,5,0,1,1,360.6555290684929,0,6.420203366309751,0
19,4,0,3,1,0,0,0,0,2.9381281580049707,1,0,1,1,125.06613118901987,0,3.182146633916222,0
13,3,0,0,1,0,0,0,0,5.7964205045260915,1,0,1,1,180.7483554589822,0,3.5154276943571845,0
9,0,0,0,1,0,0,0,0,2.3148386886308088,3,0,0,0,0,0,0,0
9,2,0,1,1,0,0,0,0,5.120122147190252,4,1,0,0,0,0,0,0
14,5,1,0,1,0,0,0,0,5.6409180195429744,2,0,1,1,20.285484579029188,0,2.554334965279578,0
10,2,0,2,1,0,0,0,0,2.735304290020779,2,0,1,1,262.2563304617398,0,3.145466177262697,0
17,4,0,0,1,0,0,0,0,5.603851646994924,3,0,0,0,0,0,0,0
17,2,0,0,1,0,0,0,0,3.5854414103044974,3,0,1,1,17.32842733858819,0,9.550516267555526,0
17,6,1,0,1,0,0,0,0,2.6110228002954496,1,0,0,0,0,0,0,0
10,1,0,0,1,0,0,0,0,5.204636035440058,6,0,0,0,0,0,0,0
8,5,1,0,1,0,0,0,0,5.7834558235631786,4,0,0,0,0,0,0,0
3,5,1,6.171492574584121,1,0,0,1,0,2.0609088110876255,1,1,0,0,0,0,0,1
17,4,0,0,1,0,0,0,0,2.541009975375661,6,1,0,0,0,0,0,0
13,0,0,2,1,0,0,0,0,2.4429757931571503,3,0,0,0,0,0,0,0
20,0,0,1,1,0,0,0,0,3.7938864053796437,6,0,0,0,0,0,0,0
17,1,0,0,1,0,0,0,0,4.005055258951014,3,0,1,2,304.3077760420833,0,0.41156373339912755,0
18,2,0,1,1,0,0,0,0,4.234795071581809,1,0,0,0,0,0,0,0
13,1,0,1,1,0,0,0,0,5.4700491046336595,5,0,0,0,0,0,0,0
16,0,0,1,1,0,0,0,0,2.1254977896696516,4,0,1,1,353.87582471986826,0,7.6226601870488375,0
13,2,0,1,1,0,0,0,0,4.347651148180621,3,0,0,0,0,0,0,0
13,4,0,1,1,0,0,0,0,2.4125265590125426,3,0,1,1,55.70377428625171,0,2.233241371944756,0
16,3,0,0,1,0,0,0,0,3.7518114184734985,5,2,0,0,0,0,0,0
11,0,0,0,1,0,0,1,0,2.9945760669992842,1,0,1,1,329.11588460029753,0,3.498958234046609,0
20,5,1,2.450094680991266,1,0,0,0,0,-0.6874400813614456,20,5,0,0,0,0,0,1
8,3,0,0,1,0,0,0,0,5.120557833839891,5,0,0,0,0,0,0,0
22,1,0,0,1,0,0,0,0,3.786887244902813,4,0,1,1,48.533661899930706,0,13.137017549461786,0
10,3,0,1,1,0,0,0,0,3.0267449828542183,2,0,1,1,110.35221280624235,0,12.705687160625017,0
11,0,0,1,1,0,0,0,0,3.1422566432901853,3,0,0,0,0,0,0,0
12,1,0,0,1,0,0,0,0,5.839263458544348,2,0,0,0,0,0,0,0
9,0,0,0,1,0,0,0,0,5.535596343197584,3,0,1,1,194.20762075500002,0,10.740721307366831,0
19,3,0,0,1,0,0,0,0,4.545603357090327,1,0,1,1,97.76759455972672,0,5.09858183986606,0
17,3,0,0,1,0,0,1,0,5.232796875227024,3,0,0,0,0,0,0,0
16,2,0,0,1,0,0,0,0,3.154324669288724,3,0,1,2,340.11617949921356,0,2.0448645579620486,0
10,0,0,0,1,0,0,0,0,4.602162904188965,1,0,0,0,0,0,0,0
17,1,0,3,1,0,0,0,0,4.683470820637293,3,0,1,1,375.7712684301244,0,6.1455598475808895,0
11,4,0,0,1,0,0,0,0,4.028365694157336,3,0,1,1,253.19015096725568,0,7.1643941180900335,0
2,4,0,3,1,0,0,0,0,4.704230426257251,3,0,1,1,256.54392562682546,0,6.334637255170187,0
0,1,0,0,1,0,0,0,0,2.9706759018679576,2,0,0,0,0,0,0,0
18,1,0,1,1,0,0,0,0,3.5954118938460558,3,0,0,0,0,0,0,0
12,5,1,1,1,0,0,0,0,4.577056527449658,2,0,1,1,391.4397733319225,0,1.884150308509938,0
19,0,0,0,1,0,0,0,0,3.8045119608828357,2,0,0,0,0,0,0,0
13,3,0,1,1,0,0,0,0,3.4128845313965233,2,0,1,1,269.0836079285133,0,13.90565375688401,0
11,3,0,1,1,0,0,0,0,2.161719327128576,5,0,0,0,0,0,0,0
17,2,0,2,1,0,0,0,0,4.406014963521578,5,0,1,1,398.2255311966856,0,6.61033393672848,0
16,2,0,0,1,0,0,0,0,2.23693796816854,4,0,1,1,334.7530061888169,0,6.720535368972453,0
10,1,0,0,1,0,0,0,0,5.606069302959488,2,0,0,0,0,0,0,0
11,3,0,0,1,0,0,0,0,5.129742197826347,1,0,1,2,316.4084754920058,0,3.9261976566305012,0
12,4,0,0,1,0,0,0,0,5.455431993031099,1,0,1,1,236.8007660213852,0,9.886010961559636,0
9,3,0,1,1,0,0,0,0,5.663963923966197,5,0,1,1,192.390200436149,0,9.49222143258227,0
16,5,1,1,1,0,0,0,0,3.752161686739223,3,0,1,2,140.8370582994241,0,4.879412699932397,0
16,4,0,0,1,0,0,0,0,4.374044656501008,4,0,0,0,0,0,0,0
14,3,0,4.485756239908142,0,1,3,1,1,2.191361020809165,1,0,0,0,0,0,0,1
6,1,0,0,1,0,0,0,0,4.585322470637746,1,0,0,0,0,0,0,0
11,0,0,0,1,0,0,0,0,5.338827561510192,6,0,0,0,0,0,0,0
6,1,0,3.2154136627421406,1,0,0,0,0,-1.451260948828833,20,20,0,0,0,0,0,1
9,1,0,0,1,0,0,0,0,2.019648296907047,1,0,1,2,342.5637142383707,0,3.686431388925885,0
15,4,0,1,1,0,0,0,0,4.2654206316876255,3,1,0,0,0,0,0,0
14,1,0,0,1,0,0,0,0,5.523009827225514,1,1,0,0,0,0,0,0
21,2,0,2,1,0,0,0,0,3.8807577530530333,2,0,1,2,306.60106213603234,0,6.688020190125388,0
11,2,0,2,1,0,0,0,0,3.338769614175738,2,0,0,0,0,0,0,0
17,0,0,1,1,0,0,0,0,2.059606033817637,1,0,1,2,211.4388236540476,0,6.836317685856727,0
23,1,0,0,1,0,0,0,0,4.287645159704162,2,0,1,1,385.53518796604385,0,7.146001834804936,0
15,3,0,1,1,0,0,0,0,5.938629826758674,5,0,1,1,212.63590412263727,0,1.371558526516111,0
17,1,0,0,1,0,1,0,0,3.4027683763352403,2,0,0,0,0,0,0,0
19,2,0,1,1,0,0,0,0,3.8440967184516275,3,0,0,0,0,0,0,0
20,3,0,0,1,0,0,0,0,3.2222882910305084,2,0,0,0,0,0,0,0
16,0,0,0,1,0,0,0,0,3.9569302019109585,1,0,0,0,0,0,0,0
17,3,0,1,1,0,0,0,0,4.368679899119591,2,0,1,1,196.73503944868136,0,10.96710882518913,0
14,1,0,0,1,0,0,0,0,3.9068333805845645,2,1,0,0,0,0,0,0
12,2,0,0,1,0,0,0,0,3.627652128088953,1,0,0,0,0,0,0,0
8,0,0,0,1,0,0,0,0,3.9621171840277203,4,0,1,1,386.4201242423535,0,4.69583406186455,0
8,0,0,0,1,0,1,0,0,4.811472379018859,1,0,0,0,0,0,0,0
10,1,0,0,1,0,0,0,0,5.271308497922707,1,0,1,1,73.41110598715133,0,6.5605639732867065,0
10,6,1,1,1,0,0,0,0,3.7747532581893912,5,0,1,1,321.6659053195935,0,10.204588708315718,0
22,4,0,1,1,0,0,0,0,5.683559141955911,4,0,1,1,274.64656776715134,0,8.54694075669867,0
16,4,0,1,1,0,0,0,0,2.9985433126695273,4,0,1,2,243.69440151965875,0,6.397659546541679,0
16,4,0,1,1,0,0,0,0,2.6090240632004984,3,0,0,0,0,0,0,0
14,6,1,0,1,0,0,0,0,2.380123301032191,1,0,0,0,0,0,0,0
10,4,0,0,1,0,0,0,0,2.037544985924559,2,2,0,0,0,0,0,0
8,2,0,0,1,0,0,1,0,4.948193022852525,1,0,1,1,270.9144490060705,0,10.230258231832092,0
8,1,0,0,1,0,0,0,0,3.981712624490651,5,0,0,0,0,0,0,0
14,1,0,0,1,0,0,0,0,3.268080194080908,3,0,1,2,351.8604698423959,0,6.367808494087132,0
14,5,1,0,1,0,0,0,0,5.554723074015987,2,0,1,1,213.63868664677324,0,8.930137654143024,0
15,1,0,1,1,0,0,0,0,3.87299333327464,2,0,1,2,270.37553207878267,0,3.3507899945352184,0
9,1,0,0,1,0,0,0,0,5.190722696249616,3,0,0,0,0,0,0,0
22,1,0,0,1,0,0,0,0,2.9171351023298477,4,0,1,1,268.1278424817415,0,4.284887626523552,0
8,0,0,1,1,0,0,0,0,4.601206960747572,5,0,1,2,249.36711062754068,0,6.187348306485439,0
10,3,0,3,1,0,0,0,0,2.7755298849155086,1,0,0,0,0,0,0,0
10,3,0,0,1,0,0,0,0,4.196041114027335,4,0,0,0,0,0,0,0
14,2,0,0,1,0,0,0,0,4.565690985926558,3,0,1,2,42.01952569240517,0,1.4858975861796155,0
4,6,1,11.915273471350808,1,0,0,1,1,3.3430642917282705,1,3,0,0,0,0,0,1
1,4,0,0,1,0,0,0,0,2.497062697588496,2,0,0,0,0,0,0,0
11,3,0,0,1,0,0,0,0,3.3680917277892886,3,0,0,0,0,0,0,0
7,0,0,1,1,0,0,1,0,3.9918688595529845,1,2,0,0,0,0,0,0
13,4,0,0,1,0,0,0,0,2.379796624267412,2,0,0,0,0,0,0,0
10,4,0,1,1,0,0,0,0,2.673717855924834,3,0,1,3,228.15430799191927,0,3.2253277242257115,0
16,1,0,1,1,0,0,0,0,4.465949185500163,2,0,1,1,185.00683630617164,0,8.91857800354663,0
7,4,0,1.3392171331099894,1,0,0,0,0,-1.8913985295889735,20,10,1,1,7.643553704667461,0,150.25643827009242,1
5,1,0,0,1,0,0,0,0,3.096340798615636,1,0,1,1,112.47198880017082,0,5.6989771109647105,0
8,6,1,0,1,0,0,0,0,5.538158405048472,1,0,0,0,0,0,0,0
15,2,0,1,1,0,1,0,0,4.800446184309987,2,1,0,0,0,0,0,0
8,1,0,0,1,0,0,0,0,5.643076549172998,3,0,1,1,259.9265171503934,0,1.8691724078451784,0
14,1,0,0,1,0,0,0,0,4.664760603927393,4,0,0,0,0,0,0,0
15,6,1,0,1,0,0,0,0,4.577615560370905,3,1,1,1,27.88978416238301,0,4.511075293963705,0
9,3,0,0,1,0,0,0,0,2.5427162120738003,2,1,0,0,0,0,0,0
12,1,0,2,1,0,0,0,0,4.948198452146034,3,0,0,0,0,0,0,0
11,4,0,0,1,0,0,0,0,3.538347860926479,1,0,0,0,0,0,0,0
22,1,0,0,1,0,0,0,0,4.628869392290509,4,0,1,1,179.63644091698413,0,8.310954344720608,0
12,1,0,0,1,0,0,0,0,4.4501027056660085,4,0,0,0,0,0,0,0
19,4,0,0,1,0,0,0,0,5.124725355279775,1,0,1,1,119.66201062654393,0,9.91237007235636,0
14,2,0,1,1,0,0,0,0,4.894868825436963,3,0,0,0,0,0,0,0
8,2,0,1,1,0,0,0,0,5.05862187013367,3,0,0,0,0,0,0,0
17,2,0,0,1,0,0,0,0,2.8711154524152396,1,0,0,0,0,0,0,0
11,4,0,0,1,0,0,0,0,4.2665149184127475,3,0,0,0,0,0,0,0
10,3,0,0,1,0,0,0,0,2.2401455108960664,4,0,1,1,143.17742386662124,0,7.844900487399703,0
6,6,1,0,1,0,0,0,0,4.368256499327383,2,0,0,0,0,0,0,0
18,1,0,0,1,0,0,1,0,4.6142704736030105,1,0,0,0,0,0,0,0
14,3,0,0,1,0,0,0,0,2.823554606722157,3,0,1,1,149.00912456592226,0,2.2554318642423707,0
13,0,0,1,1,0,0,1,0,3.383487795126138,1,0,1,1,55.636211688686174,0,6.727601672888764,0
20,0,0,0,1,0,0,0,0,3.0796482175190696,1,0,0,0,0,0,0,0
16,4,0,1,1,0,0,0,0,3.9423687407689694,3,0,0,0,0,0,0,0
14,1,0,0,1,0,0,0,0,2.33879806771409,5,0,1,1,79.45900842943765,0,1.9437608254318346,0
17,2,0,0,1,0,0,0,0,4.0429259527524,3,2,0,0,0,0,0,0
20,2,0,0,1,0,0,0,0,4.494503728240902,3,0,1,1,26.28131670102603,0,9.79712337674698,0
16,4,0,0,1,0,0,0,0,5.458652590428363,6,0,1,2,352.68623102254566,0,3.108099866396521,0
7,4,0,1,1,0,0,0,0,4.652182629331001,2,0,0,0,0,0,0,0
10,3,0,2,1,0,0,0,0,3.819363190643806,4,0,0,0,0,0,0,0
13,4,0,0,1,0,0,0,0,5.98703956240098,2,1,0,0,0,0,0,0
7,0,0,0,1,0,0,0,0,4.020567990550671,5,0,1,1,24.45983951755959,0,6.118398886724089,0
15,0,0,1,1,0,0,0,0,3.80258391285974,3,0,1,1,154.6944661719509,0,5.996303501434275,0
11,0,0,0,1,0,0,0,0,3.214088524275367,6,0,0,0,0,0,0,0
10,3,0,0,1,0,0,0,0,5.083693702230106,5,0,0,0,0,0,0,0
18,3,0,1,1,0,0,0,0,4.497592561799699,3,1,1,1,38.902604039272205,0,0.6578124239589302,0
4,3,0,0,1,0,0,1,0,3.577082030098833,2,0,0,0,0,0,0,0
4,2,0,2,1,0,0,0,0,3.291847711504407,4,0,0,0,0,0,0,0
7,2,0,0,1,0,0,0,0,2.215897356797226,3,0,0,0,0,0,0,0
16,5,1,0,1,0,0,0,0,3.759581738591843,3,0,1,2,253.70021226577092,0,10.197530696868945,0
16,3,0,0,1,0,0,0,0,2.9656374698861554,2,0,1,1,35.16957881613061,0,6.7304065546397736,0
15,6,1,0,1,0,0,0,0,3.650767769100615,5,0,0,0,0,0,0,0
7,5,1,5.428568579955984,0,0,0,1,0,1.8866577906606068,3,2,1,1,0.1285240216576142,1,0.042555388743722694,1
15,3,0,0,1,0,0,1,0,4.652908052251698,3,0,0,0,0,0,0,0
12,5,1,1,1,0,0,0,0,3.9973606258928127,4,0,1,1,142.50793156579618,0,6.832097521522887,0
17,3,0,0,1,0,0,0,0,4.08137665164613,1,0,1,3,148.86344080454975,0,11.906408710807115,0
13,1,0,0,1,0,0,0,0,4.401691630957949,4,0,0,0,0,0,0,0
10,0,0,0,1,0,0,0,0,4.559141661371787,3,0,0,0,0,0,0,0
15,2,0,1,1,0,0,0,0,4.114342990010105,1,0,0,0,0,0,0,0
17,4,0,0,1,0,0,0,0,3.7133340567906665,3,0,0,0,0,0,0,0
0,0,0,4.582933320448842,1,0,0,1,1,4.008700637042114,1,0,0,0,0,0,0,1
9,0,0,0,1,0,0,0,0,2.1419907844847668,4,0,0,0,0,0,0,0
10,3,0,1,1,0,0,0,0,4.058159353353398,3,0,1,2,47.80708559206523,0,1.4929367903672626,0
15,4,0,1,1,0,0,0,0,2.882556150086612,2,0,1,2,74.07761018110497,0,10.168005735238268,0
8,0,0,1,1,0,0,0,0,5.966416215785715,4,0,0,0,0,0,0,0
15,0,0,2,1,0,1,0,0,3.0444359373254186,3,0,1,2,302.22077707263736,0,12.204376533563453,0
10,3,0,1,1,0,0,0,0,5.53368164657847,2,0,1,2,218.73625572139542,0,7.580802175440992,0
15,0,0,1,1,0,0,0,0,4.944909440528537,4,0,0,0,0,0,0,0
12,1,0,2,1,0,0,0,0,4.003333901265032,4,0,1,1,74.19964187364872,0,9.64433210202392,0
18,0,0,1,1,0,0,0,0,3.2288946639251646,3,0,1,1,154.499026469567,0,1.0374399548355022,0
9,0,0,1,1,0,0,0,0,2.4741131517637966,6,0,0,0,0,0,0,0
12,4,0,0,1,0,0,0,0,2.100262414720671,5,0,1,1,271.42112340055854,0,13.008305937427396,0
14,3,0,0,1,0,0,0,0,4.593061738436695,6,0,0,0,0,0,0,0
12,3,0,0,1,0,0,0,0,5.7362967173107435,3,0,0,0,0,0,0,0
9,4,0,0,1,0,0,0,0,4.257567680782383,2,0,0,0,0,0,0,0
10,2,0,0,1,0,0,0,0,5.646367429881849,2,0,1,1,53.4716303932898,0,0.6291437956250856,0
3,5,1,0,1,0,0,0,0,3.8947270285463946,2,1,0,0,0,0,0,0
13,1,0,1,1,0,0,0,0,2.9562711849277625,2,0,1,1,335.4331379967389,0,12.119371662596137,0
8,1,0,0,1,0,0,0,0,4.7146883228306695,5,0,1,3,315.0580246192441,0,4.001494816906913,0
0,0,0,1,1,0,0,0,0,2.9843810754565054,2,0,1,1,178.5581102738579,0,0.5520020614331089,0
16,1,0,0,1,0,0,0,0,5.154946714950761,2,0,0,0,0,0,0,0
9,3,0,3,1,0,0,0,0,2.251073760121481,4,0,0,0,0,0,0,0
8,1,0,0,1,0,0,0,0,4.645945560376221,4,0,0,0,0,0,0,0
9,1,0,0,1,0,0,0,0,5.010622758218068,3,2,1,3,17.39822676988444,0,6.239341447985694,0
18,2,0,3,1,0,0,0,0,3.11668351335835,4,0,0,0,0,0,0,0
23,0,0,0,1,0,0,0,0,5.356404523690574,1,0,1,1,14.648301418791743,0,13.250814168491667,0
11,2,0,0,1,0,0,0,0,2.759660641645403,4,0,0,0,0,0,0,0
10,0,0,0,1,0,0,0,0,5.631115501378651,3,0,1,3,140.51355492073975,0,11.011534219521458,0
8,4,0,0,1,0,0,0,0,5.685753090226006,3,0,0,0,0,0,0,0
15,1,0,0,1,0,0,0,0,2.827588531199103,2,0,1,2,255.6496280572955,0,13.883816944103682,0
10,5,1,0,1,0,0,0,0,4.574795189368203,3,0,0,0,0,0,0,0
13,0,0,0,1,0,0,0,0,5.105384411654629,3,0,0,0,0,0,0,0
9,0,0,0,1,0,0,0,0,4.241672571156055,1,0,1,3,33.49849100190546,0,5.502475929893701,0
7,5,1,0,1,0,0,0,0,5.774012498262314,2,0,1,1,220.99639298443077,0,7.981516671635125,0
7,3,0,5.393306799438443,0,1,2,1,1,-0.8023928457321441,2,0,1,1,15.046464117779202,0,138.51711459832586,1
12,2,0,4.849822252599359,0,0,1,1,1,2.4426984411533894,1,1,1,1,0.014354561261737665,1,0.020867134144995594,1
20,6,1,1,1,0,0,0,0,5.885315858487541,4,0,0,0,0,0,0,0
16,1,0,0.5019172628329573,1,0,0,0,0,-1.242660473156127,50,15,0,0,0,0,0,1
13,2,0,3,1,0,0,0,0,4.83824768156268,2,0,1,2,129.0639187127035,0,7.418220893818271,0
17,2,0,0,1,0,0,0,0,5.74943639188211,2,0,1,2,216.75144606541204,0,13.195954585190018,0
8,4,0,0,1,0,0,0,0,3.085976755825418,1,0,0,0,0,0,0,0
11,0,0,2,1,0,0,0,0,4.376335391750359,2,0,0,0,0,0,0,0
20,2,0,0,1,0,0,0,0,2.1878292813056257,3,0,1,2,137.3685558743815,0,0.7892949761613242,0
14,1,0,0,1,0,0,0,0,5.367258060880507,2,0,0,0,0,0,0,0
20,3,0,1,1,0,0,0,0,2.6536099750477136,2,2,1,1,278.2611008820916,0,10.863998761647427,0
8,2,0,0,1,0,0,0,0,5.574344204912381,2,0,1,2,143.62123836052012,0,3.547858370955483,0
6,5,1,1,1,0,0,0,0,3.533323416695743,3,0,1,3,27.599801173738356,0,3.3860669935046777,0
14,0,0,0,1,0,0,0,0,2.4139801484883905,2,0,1,1,198.25263649959157,0,10.357639189145397,0
23,3,0,0,1,0,0,0,0,3.6635709819265303,3,0,0,0,0,0,0,0
21,1,0,3,1,0,0,0,0,4.8932752985684385,1,0,1,1,154.60470880805536,0,5.830562711912438,0
18,1,0,1,1,0,0,0,0,3.256904277305596,1,0,0,0,0,0,0,0
14,2,0,0,1,0,0,0,0,2.497140509344833,2,0,1,1,385.85020659423196,0,8.049879674307553,0
1,1,0,9.098411140714777,1,0,0,1,1,2.599819265490322,3,0,0,0,0,0,0,1
2,2,0,0,1,0,0,0,0,4.047150087190378,1,0,1,2,364.66052278408273,0,2.0712431372962348,0
8,3,0,0,1,0,0,0,0,5.610749481165284,5,0,1,1,161.6892731222918,0,12.29872118238559,0
10,6,1,0,1,0,0,0,0,2.2231116144022494,4,0,1,1,95.66014878622734,0,11.154575977694691,0
13,4,0,0,1,0,0,0,0,2.723716778273084,2,1,0,0,0,0,0,0
21,2,0,0,1,0,0,0,0,2.386393353372419,6,0,1,1,70.07323081054582,0,11.567047398531553,0
1,2,0,1,1,0,0,0,0,2.8529823775042873,2,0,1,1,363.56054257914184,0,2.5988216356817304,0
18,3,0,1,1,0,0,1,0,3.171135368856531,3,0,0,0,0,0,0,0
15,3,0,0,1,0,0,0,0,5.541558021409427,2,0,0,0,0,0,0,0
16,0,0,2,1,0,0,0,0,3.4725155089611475,1,0,1,1,268.16749338497505,1,8.668060610068421,0
20,2,0,0,1,0,0,0,0,5.92626170503078,2,0,1,2,344.1273142500959,0,11.811022313283237,0
15,6,1,0,1,0,0,0,0,5.10126901507539,4,0,0,0,0,0,0,0
6,3,0,1,1,0,0,0,0,5.054854018528568,4,1,0,0,0,0,0,0
10,1,0,0,1,0,0,1,0,3.1640391457944377,6,0,0,0,0,0,0,0
8,3,0,0,1,0,0,0,0,5.404702758751242,3,0,0,0,0,0,0,0
8,1,0,0,1,0,0,1,0,3.1560165496140997,2,0,0,0,0,0,0,0
18,4,0,0,1,0,0,0,0,3.2100146019494256,2,0,1,1,227.66836362260796,1,8.114380381468655,0
9,0,0,0,1,0,0,0,0,4.122776536759362,2,0,1,1,285.7689908733195,0,7.911836982453951,0
9,0,0,0,1,0,0,0,0,5.666394315144688,3,0,1,1,132.9855375912346,0,4.787166172427391,0
10,4,0,0,1,0,0,0,0,3.735890860236735,1,0,1,2,47.86378969053945,0,3.7237464466979757,0
2,2,0,1,1,0,0,0,0,4.603932248418871,3,0,1,1,222.6097986351397,0,10.977466793704153,0
16,4,0,1,1,0,0,0,0,4.399021852006028,3,0,0,0,0,0,0,0
18,1,0,1,1,0,0,0,0,4.233202907965934,5,0,1,1,155.38893910792757,0,4.94471059770438,0
10,0,0,0,1,0,0,0,0,3.769473677563004,2,0,0,0,0,0,0,0
9,1,0,0,1,0,0,0,0,4.999990492913028,4,0,0,0,0,0,0,0
18,3,0,0,1,0,0,0,0,3.1543530598224616,3,0,1,1,43.142988650763826,0,10.383081736759872,0
17,2,0,0,1,0,0,0,0,3.403806591624565,4,0,1,2,228.9064430072316,0,13.177003727691103,0
12,3,0,0,1,0,0,0,0,2.097131453409402,2,0,1,1,286.9977122128426,0,3.482242316769815,0
2,1,0,2,1,0,0,0,0,3.2411825242042718,4,1,1,1,33.36909737467529,0,11.969207414407116,0
8,4,0,0,1,0,0,0,0,2.0834751204351254,5,0,0,0,0,0,0,0
12,6,1,0,1,0,0,0,0,5.441852687317718,3,0,1,3,227.6105970614076,0,11.293764725795214,0
15,1,0,1,1,0,0,0,0,5.968065747157137,5,0,1,1,91.30615725730341,0,3.269722208781996,0
11,0,0,0,1,0,0,0,0,5.918204441510025,5,0,0,0,0,0,0,0
11,3,0,0,1,0,0,0,0,5.3167245799804554,5,0,0,0,0,0,0,0
8,0,0,0,1,0,0,0,0,3.5562271100265397,2,1,0,0,0,0,0,0
14,0,0,0,1,0,0,0,0,4.256383487990566,1,1,0,0,0,0,0,0
16,4,0,0,1,0,0,0,0,2.9058513869525138,3,0,0,0,0,0,0,0
3,2,0,6.918811297221869,1,0,0,1,0,2.531933476193939,1,0,0,0,0,0,0,1
22,4,0,0,1,0,0,0,0,3.2109345548325283,4,0,0,0,0,0,0,0
16,4,0,0,1,0,1,0,0,3.485910877580773,4,0,0,0,0,0,0,0
10,3,0,0,1,0,0,0,0,3.1056491077253177,2,0,1,1,288.159376788208,0,2.737906930251625,0
9,6,1,0,1,0,0,0,0,3.3970471385132486,6,1,1,1,78.76598839308213,0,7.705282810572116,0
4,4,0,0,1,0,0,0,0,5.505119007156791,4,0,1,1,23.34155024513229,0,7.787071988005749,0
11,4,0,0,1,0,1,0,0,5.376924885101614,1,0,1,1,276.96869697977104,0,12.724962129941042,0
1,2,0,7.67756865393504,1,0,0,1,1,3.9698394477487393,2,1,0,0,0,0,0,1
9,0,0,0,1,0,0,0,0,3.5832510314864554,4,0,1,1,213.79794885059576,0,5.1487052013543355,0
12,3,0,0,1,0,0,0,0,4.3270689740190225,2,0,0,0,0,0,0,0
15,3,0,0,1,0,0,1,0,4.004660802519242,2,0,0,0,0,0,0,0
20,2,0,1,1,0,0,0,0,4.771341117297371,4,0,0,0,0,0,0,0
10,1,0,0,1,0,0,0,0,2.1792062896077113,3,0,0,0,0,0,0,0
1,2,0,2,1,0,0,0,0,5.464800316704178,6,0,0,0,0,0,0,0
6,6,1,0,1,0,0,0,0,3.8539243389721203,4,0,0,0,0,0,0,0
12,3,0,0,1,0,0,0,0,4.682732424640561,1,0,0,0,0,0,0,0
11,3,0,0,1,0,0,0,0,5.757504456187595,3,0,1,3,375.38597505924923,0,11.208569576580267,0
15,4,0,1,1,0,0,0,0,5.394588797937791,1,0,0,0,0,0,0,0
17,1,0,0,1,0,0,0,0,4.131608641843826,2,0,0,0,0,0,0,0
10,3,0,1,1,0,0,0,0,4.412814258848576,1,1,1,2,290.42572291853435,0,8.761403821738229,0
5,3,0,0,1,0,0,0,0,3.846019271515256,2,0,1,1,46.1583072324231,0,11.719366179986547,0
19,0,0,1,1,0,0,0,0,3.958474400506632,3,0,1,1,248.48224049985058,0,2.3904638324078125,0
14,1,0,3,1,0,0,0,0,5.642393666781426,2,0,1,1,378.2061007498935,0,8.152918723918635,0
13,1,0,1,1,0,0,0,0,3.284409010009427,3,0,0,0,0,0,0,0
3,1,0,1.5976042946870586,1,0,0,0,0,-1.1874102757345852,20,15,0,0,0,0,0,1
15,1,0,0,1,0,0,0,0,5.456257309410168,2,0,0,0,0,0,0,0
0,4,0,0,1,0,0,0,0,5.782927134930542,4,0,1,1,399.88673374554946,0,9.010147372948913,0
10,0,0,0,1,0,0,0,0,4.538245190324531,3,0,0,0,0,0,0,0
16,4,0,1,1,0,0,0,0,5.6065209398983065,1,0,1,1,284.13816767403824,0,1.582585475040099,0
9,5,1,0,1,0,0,0,0,4.964118032618586,1,0,1,1,112.4979327051647,0,10.17803089529405,0
7,3,0,0,1,0,0,0,0,2.4587691709018866,3,0,0,0,0,0,0,0
11,3,0,0,1,0,0,0,0,3.399039606578618,1,0,1,1,124.03677930381811,0,2.2807036783806867,0
15,5,1,0,1,0,1,0,0,4.91736452159246,1,0,1,1,295.140055613633,0,7.863028178786907,0
5,1,0,0,1,0,0,0,0,3.1359044226180295,1,0,0,0,0,0,0,0
11,0,0,0,1,0,0,0,0,2.7901792446738436,4,0,1,1,352.8666930729688,0,9.059408402473236,0
9,2,0,0,1,0,0,0,0,4.585108476784987,2,0,0,0,0,0,0,0
6,4,0,0,1,0,0,0,0,3.759953186551531,1,1,1,1,151.38567390283325,0,7.523920055582947,0
21,4,0,5.324995280301792,0,1,4,1,1,2.8901881118815376,1,1,0,0,0,0,0,1
21,0,0,0,1,0,0,0,0,3.948773507471841,4,0,0,0,0,0,0,0
14,1,0,0,1,0,0,0,0,2.3691938708509337,2,0,0,0,0,0,0,0
8,0,0,0,1,0,0,0,0,5.575187549410819,6,0,1,1,42.78194585895827,0,8.687129352435388,0
17,4,0,0,1,0,0,0,0,5.686622259690903,2,0,1,1,361.08960701397945,0,1.3761918423608515,0
19,1,0,1,1,0,0,0,0,5.1013860456006945,5,0,1,1,165.08889720213182,0,11.222935982302225,0
12,2,0,0,1,0,0,0,0,5.517535916210394,1,0,0,0,0,0,0,0
15,2,0,0,1,0,0,0,0,4.484294031117635,4,0,0,0,0,0,0,0
18,4,0,1,1,0,0,0,0,5.26602804231972,2,0,1,1,287.54503783391607,1,13.409191819445006,0
7,1,0,0,1,0,0,0,0,4.21608574903838,2,0,1,1,47.27917591764603,0,13.994330615081417,0
15,4,0,3,1,0,0,0,0,5.839114344972499,2,0,0,0,0,0,0,0
19,3,0,0,1,0,0,0,0,2.45088979425571,1,1,1,2,201.92547092362167,0,1.1294934218416444,0
12,3,0,0,1,0,0,0,0,3.5211392957687453,5,0,0,0,0,0,0,0
12,0,0,0,1,0,0,0,0,5.816675175906869,4,1,1,1,259.1186403927387,0,11.798619621399078,0
12,0,0,0,1,0,0,0,0,4.963775695230716,6,0,0,0,0,0,0,0
17,4,0,1,1,0,0,0,0,3.4136540007566696,2,1,0,0,0,0,0,0
13,2,0,0,1,0,0,0,0,2.924950251647139,4,0,0,0,0,0,0,0
19,3,0,1,1,0,0,0,0,5.366126742094885,1,0,0,0,0,0,0,0
16,1,0,2,1,0,0,0,0,3.581383735808455,1,0,1,1,41.62564382180672,0,8.144455205851445,0
4,0,0,2.799738102149724,1,0,0,0,0,-0.7922929185281282,20,10,0,0,0,0,0,1
21,2,0,0,1,0,0,0,0,5.46995394712846,1,0,1,2,165.79400060346842,1,3.04796904313356,0
6,1,0,0,1,0,0,1,0,4.39382704895983,1,0,0,0,0,0,0,0
7,2,0,0,1,0,0,0,0,4.693458189173207,6,0,0,0,0,0,0,0
11,1,0,1,1,0,0,0,0,3.426436968073762,2,0,1,1,348.65026808444173,0,9.266194179802222,0
12,4,0,2,1,0,0,0,0,2.600466722713432,1,0,0,0,0,0,0,0
8,1,0,0.1333370591780798,1,0,0,0,0,-0.8513576822269788,20,10,0,0,0,0,0,1
20,4,0,0,1,0,0,0,0,3.4589630334804014,4,0,1,1,251.458666803356,0,7.389562755726909,0
1,2,0,6.512379209782904,1,0,0,0,0,4.3649641740341245,1,1,0,0,0,0,0,1
19,0,0,1,1,0,0,0,0,2.9066801624500447,1,0,1,1,359.50050357617636,0,8.843818149528897,0
18,1,0,0,1,0,0,0,0,3.5528919957327507,3,0,0,0,0,0,0,0
10,0,0,0,1,0,0,0,0,4.01570222778812,6,0,0,0,0,0,0,0
15,2,0,0,1,0,0,0,0,5.592942205347724,4,0,0,0,0,0,0,0
16,3,0,1,1,0,0,0,0,3.7160590166122023,3,0,0,0,0,0,0,0
7,3,0,1,1,0,0,0,0,3.0608497622515047,2,0,0,0,0,0,0,0
17,0,0,1,1,0,0,0,0,2.5912888832342635,2,0,1,1,307.4138834344683,0,9.538745134088082,0
15,4,0,1,1,0,0,0,0,4.330075492846918,5,0,1,2,370.09524766367446,0,7.400638080614247,0
7,2,0,0,1,0,0,0,0,3.981128677520206,2,0,1,1,293.54895646926315,0,13.547558698118738,0
15,5,1,0,1,0,0,0,0,2.1227938014426067,5,0,0,0,0,0,0,0
1,3,0,0,1,0,0,0,0,2.336034412802019,5,0,0,0,0,0,0,0
9,4,0,1,1,0,0,0,0,4.450546027771513,2,2,1,1,83.63313453885614,0,3.1056942413504913,0
7,2,0,1,1,0,0,0,0,2.2915787341444833,5,0,1,1,31.136502706460867,0,10.379620356641592,0
9,1,0,2,1,0,0,0,0,3.055612789997007,3,0,0,0,0,0,0,0
15,2,0,0,1,0,0,1,1,3.1012726444903134,5,0,0,0,0,0,0,0
5,0,0,0,1,0,0,0,0,3.4367147973068257,1,0,1,1,35.154263737455366,0,2.222701354068134,0
8,0,0,0,1,0,0,0,0,2.074992741976664,3,1,0,0,0,0,0,0
20,5,1,0,1,0,1,0,0,3.1083666536545276,3,0,0,0,0,0,0,0
12,2,0,0,1,0,0,0,0,5.248416806796378,1,0,0,0,0,0,0,0
15,3,0,0,1,0,0,0,0,4.0798936280344105,4,0,0,0,0,0,0,0
8,0,0,1,1,0,0,0,0,4.622259675023773,3,1,0,0,0,0,0,0
11,3,0,0,1,0,0,0,0,5.723648963214828,2,0,0,0,0,0,0,0
14,1,0,2,1,0,0,0,0,4.370159644667135,1,1,0,0,0,0,0,0
15,1,0,0,1,0,0,0,0,3.988009159551187,2,0,0,0,0,0,0,0
22,1,0,1,1,0,0,0,0,5.46741494150261,4,0,1,2,305.4046143510123,0,5.2084232264778,0
20,1,0,0,1,0,0,0,0,5.112057439349943,4,0,0,0,0,0,0,0
9,5,1,0,1,0,0,0,0,4.582824370678964,3,0,0,0,0,0,0,0
16,3,0,2,1,0,0,1,0,4.577443055772068,2,0,1,1,21.0577468171093,0,10.5272166238328,0
13,3,0,2,1,0,0,0,0,3.810417072797711,1,0,0,0,0,0,0,0
11,4,0,2,1,0,0,0,0,5.198355695086679,6,0,0,0,0,0,0,0
7,2,0,1,1,0,0,0,0,2.4695135330359186,4,0,0,0,0,0,0,0
21,2,0,0,1,0,0,0,0,3.4746346216585646,1,0,1,1,388.81037899617087,0,13.216790908601585,0
10,3,0,0,1,0,0,0,0,4.7387452349880785,2,0,0,0,0,0,0,0
17,0,0,0,1,0,0,0,0,5.759091248872036,4,0,0,0,0,0,0,0
8,4,0,0,1,0,1,0,0,3.366481698965836,4,0,1,3,36.96506615426661,0,8.65328497153957,0
14,1,0,0,1,0,0,0,0,4.433117821105777,1,0,0,0,0,0,0,0
10,4,0,0,1,0,0,0,0,4.983462806785017,4,0,1,2,184.5748998329463,0,10.018784501790762,0
10,6,1,1,1,0,1,0,0,5.77487978648108,4,0,1,3,96.26046413863945,0,11.67345117284287,0
20,2,0,0,1,0,0,0,0,4.275934916906248,3,0,1,1,43.628526424768445,0,13.183269455816946,0
22,4,0,0,1,0,0,0,0,3.038717448353805,4,0,0,0,0,0,0,0
16,5,1,0,1,0,0,1,0,3.3023983190605275,4,0,0,0,0,0,0,0
12,6,1,0,1,0,0,0,0,5.728300977658378,5,0,0,0,0,0,0,0
1,0,0,0,1,0,0,0,0,4.783514206089606,2,0,1,1,342.2877838397168,0,12.26134727481973,0
8,1,0,0,1,0,0,0,0,2.1417876887803002,1,0,1,1,144.4555874452236,0,2.282517326751176,0
21,1,0,0,1,0,0,0,0,2.1801448748284007,5,0,0,0,0,0,0,0
21,2,0,1,1,0,0,0,0,3.136841838200278,3,0,1,1,329.27133873993887,0,9.254526143687817,0
12,4,0,0,1,0,0,0,0,4.011159014174574,6,0,0,0,0,0,0,0
20,2,0,0,1,0,0,0,0,3.104443887820805,6,0,0,0,0,0,0,0
16,2,0,0,1,0,0,0,0,3.6928223564977474,3,0,1,2,393.4211829270003,0,5.045632672460508,0
8,2,0,2,1,0,0,0,0,2.6057324255856025,4,0,0,0,0,0,0,0
15,6,1,1,1,0,0,0,0,2.4218049741771104,4,0,1,1,129.43790853695913,0,1.962236759448601,0
1,0,0,0,1,0,0,0,0,4.407507161915168,6,0,1,1,375.3758077530005,0,11.895268336764785,0
17,4,0,0,1,0,0,0,0,2.0290879497674528,1,0,0,0,0,0,0,0
21,4,0,0,1,0,0,0,0,3.558049927234953,3,0,1,1,121.65612026281686,0,4.8304562545608505,0
17,4,0,1,1,0,0,0,0,2.648809437478654,3,0,0,0,0,0,0,0
8,1,0,2,1,0,0,0,0,4.671440555921944,3,2,1,1,237.26654906953428,0,8.625443921944813,0
13,2,0,1,1,0,0,0,0,3.9700960288875176,1,0,0,0,0,0,0,0
15,2,0,1,1,0,0,0,0,2.0933575295343734,4,0,0,0,0,0,0,0
9,0,0,0,1,0,0,1,0,3.2133884387271556,4,0,0,0,0,0,0,0
8,2,0,0,1,0,0,1,0,4.977460476436436,1,1,1,3,352.57759785637404,0,12.589099353354172,0
1,4,0,9.814810396297414,1,0,0,0,1,3.109998796715282,1,1,0,0,0,0,0,1
17,2,0,0,1,0,0,0,0,5.152185490424285,3,0,1,2,338.224754076324,0,13.78703483211239,0
18,5,1,0,1,0,0,0,0,2.240523892038805,1,0,0,0,0,0,0,0
8,0,0,1,1,0,0,0,0,4.595500241026109,2,0,0,0,0,0,0,0
14,1,0,0,1,0,0,0,0,3.3193991538612218,4,0,1,1,135.47054943548383,0,11.85983907714927,0
14,1,0,0,1,0,0,0,0,2.665871938355188,3,0,0,0,0,0,0,0
8,0,0,0,1,0,0,0,0,5.016356991206152,3,0,0,0,0,0,0,0
17,0,0,0,1,0,0,0,0,3.881304209970851,1,0,1,1,214.43626256121956,0,3.7331882237239196,0
14,2,0,0,1,0,0,0,0,4.3205764827503295,2,0,1,1,305.4030046886376,0,13.72033814859674,0
9,4,0,0,1,0,0,0,0,2.0427333286445295,3,0,0,0,0,0,0,0
10,3,0,1,1,0,0,0,0,3.1602237515536844,2,0,1,1,361.1781564957717,0,3.4717011468030394,0
12,6,1,0,1,0,0,0,0,3.8787484608216896,3,0,0,0,0,0,0,0
17,1,0,1,1,0,0,1,0,4.6743931798857865,1,0,0,0,0,0,0,0
15,1,0,1,1,0,0,0,0,4.257879713130965,2,0,0,0,0,0,0,0
8,0,0,3,1,0,0,0,0,4.588127693277075,5,0,0,0,0,0,0,0
15,3,0,0,1,0,0,0,0,2.6333414658247607,3,0,0,0,0,0,0,0
21,3,0,0,1,0,0,0,0,4.044341332970906,3,0,1,1,285.5523005493937,0,10.869306729749027,0
15,1,0,0,1,0,0,0,0,4.22423514394915,3,0,1,2,114.35798677730965,0,1.1113108563110865,0
8,0,0,0,1,0,0,0,0,2.8903520174118555,3,0,0,0,0,0,0,0
16,1,0,3,1,0,0,0,0,2.8949336973863518,3,1,0,0,0,0,0,0
21,1,0,3,1,0,0,0,0,5.17590008309166,5,0,0,0,0,0,0,0
7,2,0,2,1,0,0,0,0,3.740634941260794,5,0,1,1,289.4355928183653,0,12.067114140002234,0
16,2,0,0,1,0,0,0,0,3.452760685582779,4,0,1,1,36.03488875388208,0,4.291776420577701,0
11,5,1,1,1,0,0,0,0,3.868144400495203,5,0,0,0,0,0,0,0
14,0,0,0,1,0,0,0,0,5.6697709160827285,5,0,1,1,81.04835478089316,0,10.689439192524159,0
19,1,0,1,1,0,0,0,0,3.676404311705388,3,0,0,0,0,0,0,0
12,1,0,0,1,0,0,0,0,3.684784953544521,3,0,0,0,0,0,0,0
18,1,0,1,1,0,0,0,0,5.4566074631323485,2,0,0,0,0,0,0,0
9,2,0,0,1,0,0,0,0,3.4562079750544057,1,0,1,2,307.96646287272705,0,0.6839503616009626,0
11,1,0,2,1,0,0,1,0,4.413380185751289,2,0,1,2,322.3655594969846,0,0.5767901776535262,0
11,3,0,0,1,0,0,0,0,3.1633111672379464,4,0,0,0,0,0,0,0
0,2,0,2,1,0,0,0,0,5.308738295119259,2,0,0,0,0,0,0,0
12,0,0,0,1,0,0,0,0,2.2791994923388237,1,1,0,0,0,0,0,0
8,1,0,1,1,0,0,0,0,4.129405072418331,1,1,0,0,0,0,0,0
16,5,1,0,1,0,0,0,0,5.56437404485478,1,0,1,1,27.288929624565068,0,11.042276044059184,0
14,1,0,0,1,0,0,0,0,4.4661485909473,4,0,0,0,0,0,0,0
7,2,0,1,1,0,0,0,0,5.346680227751876,4,0,0,0,0,0,0,0
13,3,0,3,1,0,0,0,0,2.7662160732419485,1,1,0,0,0,0,0,0
2,6,1,5.976587786497907,0,1,2,1,1,1.3838129056473574,1,1,1,1,12.351545853273361,1,248.35571340840156,1
9,0,0,0,1,0,0,0,0,2.490837737028713,4,0,0,0,0,0,0,0
14,4,0,3.118562750871231,0,1,2,1,1,1.8390770944551385,2,0,0,0,0,0,0,1
19,0,0,1,1,0,0,0,0,2.9454028804475803,3,0,1,1,275.26638363670446,0,2.7711853166536535,0
10,4,0,0,1,0,0,0,0,4.478491398798365,3,0,1,1,22.38381025568063,0,9.51411819903196,0
17,4,0,1,1,0,0,0,0,5.669162204704645,1,0,0,0,0,0,0,0
15,0,0,0,1,0,0,0,0,5.9253056655587315,5,0,1,1,267.12103678694524,0,5.684129081357599,0
7,0,0,0,1,0,0,0,0,2.0446230742968052,5,0,1,1,38.065938209499286,0,11.0021049683821,0
9,0,0,9.314249075381529,1,1,0,1,1,3.911966769336005,2,5,1,1,0.008437161704954633,1,0.12581658627295642,1
13,0,0,1,1,0,0,0,0,5.138254172844508,6,0,0,0,0,0,0,0
19,2,0,3,1,0,0,0,0,3.8334880346066225,5,0,0,0,0,0,0,0
9,4,0,0,1,0,0,0,0,5.821899484248258,4,0,0,0,0,0,0,0
6,1,0,2,1,0,0,0,0,2.784980692131101,5,2,0,0,0,0,0,0
12,2,0,0,1,0,0,0,0,2.1591691256172516,3,0,0,0,0,0,0,0
7,4,0,0,1,0,0,0,0,5.318666574433629,2,0,0,0,0,0,0,0
9,4,0,2,1,0,0,0,0,5.509887514809426,1,0,1,2,359.33456047700366,0,5.437532670928499,0
15,2,0,1,1,0,0,0,0,4.666357160469451,3,0,0,0,0,0,0,0
12,4,0,1,1,0,0,0,0,4.454380228199412,6,0,0,0,0,0,0,0
23,1,0,1,1,0,0,0,0,2.8030279264424154,4,0,0,0,0,0,0,0
8,5,1,0,1,0,0,0,0,2.552027835751894,4,0,0,0,0,0,0,0
4,4,0,7.230396849576043,1,0,0,1,1,0.7187692852012453,1,1,1,1,0.01869136803633307,1,0.024405032005268,1
9,6,1,0,1,0,0,0,0,3.0563675598935016,4,0,0,0,0,0,0,0
15,1,0,1,1,0,0,0,0,4.39076368063802,3,0,0,0,0,0,0,0
20,3,0,0,1,0,0,1,0,3.0937538416710724,1,0,0,0,0,0,0,0
7,0,0,0,1,0,0,0,0,5.861182174739306,1,0,0,0,0,0,0,0
2,6,1,6.291178548341412,1,0,1,1,0,2.2421499276909866,1,0,0,0,0,0,0,1
8,6,1,1,1,0,0,0,0,3.45871098000417,2,0,1,1,15.687189456884758,0,5.176035557193966,0
10,4,0,0,1,0,0,0,0,2.252213502695905,1,0,1,2,241.59611612581944,0,3.195770089661008,0
8,0,0,0,1,0,0,0,0,4.364433098715832,3,0,0,0,0,0,0,0
16,3,0,1,1,0,0,0,0,3.252758641621469,3,0,0,0,0,0,0,0
13,0,0,0,1,0,0,0,0,4.561423606579661,2,0,0,0,0,0,0,0
17,4,0,2,1,0,0,0,0,4.282882176721394,2,0,1,1,146.69905018080053,0,1.9737446648141839,0
20,1,0,1,1,0,0,0,0,5.92128206427182,5,0,0,0,0,0,0,0
12,2,0,0,1,0,0,0,0,3.2010563327277612,4,0,1,1,275.37578249588125,0,13.77460658823589,0
17,2,0,0,1,0,0,0,0,5.9080214257756465,2,0,0,0,0,0,0,0
11,0,0,0,1,0,0,0,0,2.4354765111403673,2,0,0,0,0,0,0,0
11,4,0,0,1,0,0,0,0,2.6808991022965336,3,0,0,0,0,0,0,0
0,5,1,2.5530497053813885,1,0,0,0,0,0.6477728547807571,10,10,0,0,0,0,0,1
14,5,1,3,1,0,0,0,0,2.4185388383978492,3,0,0,0,0,0,0,0
16,1,0,1,1,0,0,0,0,3.3982047649978946,3,0,1,1,388.9314667459756,0,5.876025188679648,0
11,1,0,1,1,0,0,0,0,4.678577598722976,2,0,0,0,0,0,0,0
10,2,0,1,1,0,0,0,0,4.142806177120823,5,0,0,0,0,0,0,0
3,4,0,0,1,0,0,0,0,3.1832472098397377,1,0,0,0,0,0,0,0
20,0,0,0,1,0,0,0,0,3.303663677959479,4,0,1,2,205.07908231321926,0,4.02372727020012,0
8,3,0,1,1,0,1,0,0,2.5088470587758596,3,0,0,0,0,0,0,0
15,0,0,1,1,0,0,0,0,5.221807848725945,6,0,0,0,0,0,0,0
9,3,0,2,1,0,0,0,0,5.570656080432835,2,0,0,0,0,0,0,0
5,5,1,1,1,0,0,0,0,4.258522690447146,6,0,0,0,0,0,0,0
10,0,0,0,1,0,0,0,0,2.6604525022303074,1,0,1,1,351.5002432773124,0,5.9357707312588595,0
16,3,0,0,1,0,0,1,1,5.674605059907645,3,0,0,0,0,0,0,0
23,4,0,0,1,0,0,0,0,4.580075339638176,1,0,1,2,208.32988889754196,0,7.520589473176467,0
18,1,0,0,1,0,0,0,0,2.5542242428623614,2,0,1,1,118.00193264499173,0,1.0931180107292449,0
5,4,0,0,1,0,0,0,0,2.9711346273943793,2,0,0,0,0,0,0,0
2,6,1,9.83078239473561,1,0,0,1,1,5.735042785125994,2,0,0,0,0,0,0,1
20,1,0,2,1,0,0,0,0,5.553620838822537,3,0,0,0,0,0,0,0
15,0,0,1,1,0,0,0,0,4.4380269556868095,3,0,1,1,139.2258612202193,0,6.236450302863523,0
14,2,0,3,1,0,0,0,0,4.111326189946968,1,0,1,1,60.387849246325715,0,0.742410222538652,0
10,2,0,0,1,0,0,0,0,3.180441806516621,4,0,0,0,0,0,0,0
11,1,0,0,1,0,0,0,0,2.827497695202137,3,0,1,1,144.56732045399312,0,13.536531857340455,0
8,0,0,0,1,0,0,0,0,3.874044053546954,3,0,0,0,0,0,0,0
0,1,0,0,1,0,0,0,0,4.979360618439033,4,0,1,1,128.22210485476782,0,6.422798196762345,0
11,4,0,1,1,0,0,0,0,5.322096914838163,1,0,0,0,0,0,0,0
14,1,0,0,1,0,0,0,0,3.7674412223061378,2,0,0,0,0,0,0,0
15,2,0,0,1,0,0,0,0,2.1068485072368506,5,0,0,0,0,0,0,0
8,1,0,2,1,0,0,0,0,2.609645640736573,2,0,1,1,266.67867492271444,0,3.602574606888359,0
11,2,0,1,1,0,0,0,0,5.561959764858122,5,0,0,0,0,0,0,0
17,1,0,1,1,0,0,1,0,2.3162943083720213,4,0,0,0,0,0,0,0
8,2,0,0,1,0,0,0,0,2.172817266826471,2,0,1,1,61.1465183643656,0,6.221089100621596,0
17,2,0,2,1,0,0,0,0,3.2384358725080453,3,0,1,1,148.59033014405247,0,6.319000987079004,0
14,0,0,1,1,0,0,0,0,3.876904956384432,5,0,1,2,181.86055416723963,0,13.942890306854967,0
8,4,0,0,1,0,0,0,0,2.647337202426028,2,0,0,0,0,0,0,0
16,5,1,0,1,0,0,0,0,3.233873047656325,3,0,1,2,365.3688630466525,0,12.69122996052082,0
13,0,0,0,1,0,0,1,0,5.252628883655639,3,0,1,1,51.17716163704367,0,2.6870487978825848,0
5,1,0,0,1,0,0,0,0,2.008909105727217,4,0,1,3,267.74425070315675,0,12.006614160125567,0
15,0,0,0,1,0,0,0,0,3.2775958384803987,3,0,0,0,0,0,0,0
14,0,0,1,1,0,0,0,0,3.5434949379644003,2,0,0,0,0,0,0,0
22,0,0,1,1,0,0,0,0,5.498456358916965,2,0,0,0,0,0,0,0
11,4,0,0,1,0,0,0,0,2.80420616201096,3,0,1,1,246.06994175418185,1,0.432126862231206,0
8,4,0,0,1,0,0,0,0,2.8790444458556994,4,1,0,0,0,0,0,0
17,0,0,2,1,0,0,0,0,4.132467329496933,3,0,1,2,261.87104285242214,0,11.021247547085258,0
7,4,0,0,1,0,0,0,0,5.616347329560174,1,0,0,0,0,0,0,0
21,3,0,0,1,0,0,0,0,4.939022312673723,2,0,1,3,230.7908630976994,0,8.635703261367802,0
5,4,0,0,1,0,0,0,0,5.8527169296141714,2,0,0,0,0,0,0,0
9,5,1,0,1,0,0,0,0,4.0879289434735355,4,0,0,0,0,0,0,0
3,3,0,2,1,0,0,0,0,4.671893703293395,1,0,1,2,197.5933313533767,0,11.824872291610731,0
13,4,0,0,1,0,0,0,0,2.444037994501016,1,0,0,0,0,0,0,0
9,3,0,0,1,0,0,0,0,3.8261967755943562,2,0,0,0,0,0,0,0
17,2,0,0,1,0,0,0,0,2.121760228105948,2,0,1,1,178.44202226660934,0,7.8632010504361105,0
14,2,0,2,1,0,0,0,0,5.093872577960371,4,0,1,1,187.08149112916456,0,12.341179187068073,0
14,0,0,1,1,0,0,0,0,3.3575587842656685,3,0,0,0,0,0,0,0
8,1,0,1,1,0,0,0,0,5.029879294404173,6,0,1,2,373.4866312502121,0,12.442418509492231,0
15,3,0,0,1,0,0,0,0,4.320131886068238,1,0,0,0,0,0,0,0
12,3,0,0,1,0,0,0,0,4.902357029336561,3,0,0,0,0,0,0,0
19,2,0,2,1,0,0,0,0,2.2071799728749677,5,0,0,0,0,0,0,0
18,1,0,1,1,0,0,0,0,3.623015126018105,3,0,0,0,0,0,0,0
10,6,1,1,1,0,0,1,0,3.7419505221961606,3,2,0,0,0,0,0,0
15,2,0,2,1,0,0,0,0,2.978297297374792,1,0,1,3,280.16121156854126,0,8.789963954013583,0
13,2,0,3,1,0,0,0,0,5.90449890832187,3,0,0,0,0,0,0,0
11,2,0,0,1,0,0,0,0,2.513473544533,1,0,1,1,251.86539865509314,0,0.9521951658156915,0
5,3,0,0,1,0,0,0,0,2.5796622085848298,4,0,0,0,0,0,0,0
16,1,0,0,1,0,0,0,0,2.911299694828461,1,0,0,0,0,0,0,0
10,0,0,0,1,0,0,0,0,3.6610485957157843,3,0,1,1,102.56338072729326,0,12.253446509051205,0
6,0,0,0,1,0,0,0,0,5.647643076461686,2,0,1,1,217.18361137760246,0,1.6761606972922942,0
19,4,0,1,1,0,0,0,0,5.21991151961263,1,0,0,0,0,0,0,0
9,0,0,0,1,0,0,0,0,2.0565934690242553,3,0,1,1,283.20311366333505,0,12.158456761681217,0
11,4,0,0,1,0,0,0,0,3.797823702006572,5,0,0,0,0,0,0,0
19,0,0,1,1,0,0,0,0,4.975585355504914,1,0,0,0,0,0,0,0
20,2,0,0,1,0,0,1,0,4.209379526762453,4,0,1,2,57.892308594968284,0,13.353454017374634,0
10,3,0,0,1,0,1,0,0,2.0529220058671864,2,0,0,0,0,0,0,0
13,0,0,1,1,0,0,0,0,3.598142617365284,2,0,1,1,115.02571727707345,0,2.104006000909589,0
20,2,0,0,1,0,0,0,0,3.7683222699460797,3,0,0,0,0,0,0,0
12,1,0,0,1,0,0,0,0,3.3579313319462076,3,0,0,0,0,0,0,0
19,4,0,0,1,0,0,0,0,4.224240655227388,3,0,0,0,0,0,0,0
19,4,0,0,1,0,0,0,0,5.90464789539268,2,0,1,1,207.85049370287715,0,7.120044010796281,0
9,1,0,0,1,0,0,0,0,5.1349175367356885,1,0,1,1,96.74285073769312,0,10.458576102882594,0
6,6,1,0,1,0,0,1,0,4.932784714381885,4,0,1,1,243.8853550604494,0,5.292762646877822,0
23,1,0,1,1,0,0,0,0,4.018413567996082,2,0,0,0,0,0,0,0
11,3,0,2,1,0,0,0,0,3.8083449797597226,2,0,0,0,0,0,0,0
18,0,0,0,1,0,0,0,0,2.548241553644673,4,0,0,0,0,0,0,0
16,5,1,0,1,0,0,0,0,4.000217233719759,1,1,1,1,313.35581875110006,0,12.20518579613806,0
14,6,1,0,1,0,0,0,0,5.056704744474275,3,0,0,0,0,0,0,0
23,2,0,1,1,0,0,0,0,4.323720411983369,2,0,1,1,226.81413116555032,0,7.158049926696825,0
12,4,0,0,1,0,0,0,0,2.231801957203316,2,0,0,0,0,0,0,0
21,1,0,0,1,0,0,0,0,4.057393287887839,3,0,0,0,0,0,0,0
16,0,0,0,1,0,0,0,0,3.9465310134570033,3,0,0,0,0,0,0,0
15,2,0,2,1,0,0,0,0,5.276059436800337,3,0,0,0,0,0,0,0
14,1,0,0,1,0,0,0,0,5.278977392695728,4,0,0,0,0,0,0,0
16,1,0,0,1,0,0,0,0,2.9096580148875573,3,0,1,2,79.89290951215919,0,7.038171793130326,0
9,6,1,3,1,0,0,0,0,2.020603920511188,5,0,1,1,180.8737188651196,0,5.713076348362,0
8,0,0,2,1,0,0,0,0,2.632111409907114,6,0,0,0,0,0,0,0
13,1,0,0,1,0,0,0,0,2.0530414089330042,4,0,0,0,0,0,0,0
15,0,0,7.907445378333421,1,1,0,1,1,0.9463632875209727,1,1,1,1,0.1039518044283837,1,0.05452882706998779,1
8,0,0,0,1,0,0,0,0,3.3396753862111344,2,0,0,0,0,0,0,0
15,0,0,0,1,0,0,0,0,3.2946174049974797,2,0,0,0,0,0,0,0
18,3,0,1,1,0,0,0,0,5.761175894180896,3,0,1,1,171.62235896104153,0,5.343282407452268,0
14,1,0,3,1,0,0,0,0,5.460256143937345,1,0,1,1,239.57935857660576,0,0.5435477683581302,0
17,2,0,0,1,0,0,0,0,5.941138276880034,3,0,1,1,383.68211853915255,0,1.6850738535722634,0
5,6,1,1,1,0,1,0,0,3.484471082030398,4,1,1,1,148.8787915755611,0,7.915139267079468,0
7,4,0,0,1,0,0,1,0,5.142550843304944,3,0,0,0,0,0,0,0
9,6,1,3,1,0,0,0,0,4.432317609326322,2,0,1,1,241.46277818132543,0,0.2669548662772163,0
19,2,0,1,1,0,0,0,0,2.320433019147014,4,0,0,0,0,0,0,0
12,3,0,1,1,0,0,0,0,2.033256497311127,4,0,0,0,0,0,0,0
7,4,0,2,1,0,0,1,1,4.716836128843542,2,0,0,0,0,0,0,0
8,2,0,3,1,0,1,0,0,4.452069305636508,3,0,1,2,102.53446574337065,0,5.851193243453203,0
19,1,0,1,1,0,0,0,0,3.170733656554548,3,0,0,0,0,0,0,0
13,0,0,0,1,0,0,0,0,3.6436371455864656,3,0,1,3,273.1667611662432,0,6.86877194778284,0
7,2,0,0,1,0,0,0,0,4.6422368754342624,1,0,0,0,0,0,0,0
9,5,1,1,1,0,0,0,0,5.284493882609489,2,0,1,1,226.98908232745018,0,7.919898669499588,0
14,3,0,0,1,0,0,0,0,2.9626508275084813,3,0,1,1,115.25050262401635,0,3.211313297339479,0
18,4,0,0,1,0,0,0,0,3.6939909253026504,1,0,1,1,273.0200756816957,0,11.162753091146048,0
11,3,0,0,1,0,0,0,0,2.361037871937649,1,0,1,1,394.0166921945242,0,11.076497311122157,0
10,2,0,0,1,0,0,0,0,4.763692465262915,4,0,1,1,216.23414866050237,0,8.944912646730614,0
10,1,0,1,1,0,0,0,0,5.6701230874621995,3,0,1,1,86.51017696446999,1,10.907062372911282,0
10,4,0,0,1,0,0,0,0,2.0641417244399136,1,0,0,0,0,0,0,0
9,3,0,1,1,0,0,0,0,3.5890045844215956,3,0,0,0,0,0,0,0
18,3,0,1,1,0,0,0,0,2.039743885766955,3,0,0,0,0,0,0,0
15,4,0,2,1,0,0,1,0,2.124692658756745,6,0,1,1,164.37258172279786,0,12.104311667031162,0
15,5,1,1,1,0,0,0,0,5.249873275261264,3,0,1,2,52.76608570560864,0,7.646003623799164,0
21,4,0,1,1,0,0,0,0,3.0536183539633064,6,0,0,0,0,0,0,0
0,1,0,0,1,0,0,0,0,2.056142658995327,5,0,1,3,154.60859895428956,0,9.748365422431068,0
13,3,0,2,1,0,0,0,0,2.835865038454562,4,0,0,0,0,0,0,0
12,1,0,2,1,0,0,0,0,3.6620941943420973,2,0,0,0,0,0,0,0
16,2,0,1,1,0,0,0,0,5.135083139414028,4,0,0,0,0,0,0,0
15,4,0,1,1,0,0,0,0,2.958203161419013,4,0,0,0,0,0,0,0
10,6,1,0,1,0,0,0,0,5.237539054769671,3,0,1,1,324.757877797915,1,12.79190993513674,0
11,6,1,1,1,0,0,0,0,5.977772385055281,1,0,0,0,0,0,0,0
15,6,1,0,1,0,0,0,0,2.199986477780629,5,1,0,0,0,0,0,0
16,2,0,0,1,0,0,0,0,5.244565751680971,1,0,0,0,0,0,0,0
15,4,0,0,1,0,0,0,0,4.708074791893331,1,0,1,2,326.15612683984176,0,4.18625554861633,0
14,4,0,1,1,0,0,0,0,5.248969892375744,1,0,1,1,380.6141631744138,0,10.448424798950883,0
6,3,0,3,1,0,0,0,0,5.979086730704777,1,0,0,0,0,0,0,0
12,4,0,0,1,0,0,0,0,4.784456567359182,1,0,0,0,0,0,0,0
15,2,0,0,1,0,0,0,0,3.582941175551001,5,0,1,1,285.00773208909476,0,0.8679658449686591,0
14,6,1,1,1,0,1,0,0,2.4446291865017105,3,0,1,1,192.41392180852483,0,0.09636639416605264,0
18,4,0,0,1,0,0,0,0,2.1143449984860543,3,0,0,0,0,0,0,0
5,1,0,1,1,0,0,0,0,5.293782671060253,5,0,0,0,0,0,0,0
13,3,0,1,1,0,0,0,0,3.097390662314615,2,0,0,0,0,0,0,0
0,0,0,0,1,0,0,0,0,4.889966979702853,1,0,1,1,163.1577918403363,0,5.8464621090790665,0
8,4,0,0,1,0,0,0,0,2.2229723278304694,4,0,1,1,67.58957347891459,0,10.704884882847853,0
10,3,0,0,1,0,0,0,0,5.9967714913276335,1,0,0,0,0,0,0,0
2,0,0,9.528770055829895,0,1,0,1,0,1.3448232948817678,1,0,1,1,0.13169077138951793,1,0.08586431010233445,1
3,4,0,1,1,0,0,0,0,5.557207849327309,3,0,0,0,0,0,0,0
12,6,1,0,1,0,0,0,0,4.505427645272662,2,0,0,0,0,0,0,0
6,2,0,0,1,0,0,0,0,3.9812788676538897,4,0,0,0,0,0,0,0
8,1,0,0,1,0,0,0,0,2.8992313966637404,3,0,1,1,320.8178015994647,0,3.8174873212148044,0
13,3,0,0,1,0,0,0,0,5.772390308017105,2,0,1,2,72.41585694258745,0,1.5357187824239424,0
13,4,0,0,1,0,0,0,0,3.228587119325834,5,0,0,0,0,0,0,0
4,4,0,2,1,0,0,0,0,3.1466103002631653,4,0,0,0,0,0,0,0
12,2,0,1,1,0,0,0,0,2.391875794175131,1,0,0,0,0,0,0,0
11,2,0,0,1,0,0,0,0,5.745726847507603,2,0,1,2,201.1562933642541,0,1.5931493877825762,0
17,3,0,0,1,0,0,0,0,5.283831801928262,2,0,1,1,151.11698295886393,0,12.101674751727833,0
18,2,0,1,1,0,0,0,0,5.420052031916185,1,0,0,0,0,0,0,0
9,6,1,1,1,0,0,0,0,4.2686772328007105,1,0,1,1,221.9430815379078,0,6.25531946159144,0
8,2,0,0,1,0,0,0,0,2.3365256540297477,1,0,0,0,0,0,0,0
9,2,0,2.4344291113688135,1,0,0,0,0,-0.25099101667336865,200,10,0,0,0,0,0,1
8,1,0,0,1,0,0,0,0,5.221442619901441,2,1,0,0,0,0,0,0
15,0,0,2,1,0,0,1,0,3.3219280670777436,2,0,0,0,0,0,0,0
13,0,0,0,1,0,0,0,0,2.152242814948232,6,0,1,3,263.1356564634677,0,1.0957249920291732,0
9,1,0,0,1,0,0,0,0,2.888138001946929,1,2,1,1,283.4504121097469,0,10.057997961759359,0
12,4,0,0,1,0,0,0,0,5.133365142598608,3,0,0,0,0,0,0,0
17,4,0,3,1,0,0,0,0,3.2164563100070938,1,0,0,0,0,0,0,0
12,3,0,3,1,0,0,0,0,4.90660885631415,5,0,1,1,350.2816538489033,0,1.3858213930393737,0
23,2,0,0.4646264732539849,1,0,0,0,0,-1.2682727429235867,50,5,0,0,0,0,0,1
17,3,0,0,1,0,0,0,0,4.015113206738775,2,0,0,0,0,0,0,0
15,4,0,0,1,0,0,0,0,3.652436609735211,5,0,1,1,128.52091649879435,0,2.8097442288738255,0
11,6,1,1,1,0,0,0,0,2.974903355976973,6,0,0,0,0,0,0,0
12,2,0,1,1,0,0,0,0,2.4589783960398885,3,0,1,1,322.0707964530821,0,1.7407385942011087,0
9,5,1,0,1,0,0,0,0,5.716756616661494,2,0,0,0,0,0,0,0
13,4,0,0,1,0,0,0,0,2.7430684052292165,1,0,1,2,283.99635192657666,0,7.22822058477573,0
17,0,0,1,1,0,0,0,0,5.5561303878131305,6,0,1,1,32.87291004462427,0,5.681274229754824,0
16,5,1,0,1,0,0,0,0,2.3604377149036257,1,0,0,0,0,0,0,0
4,1,0,3.795984595028388,1,0,0,0,0,-0.8851917184472908,50,20,0,0,0,0,0,1
16,1,0,1,1,0,0,0,0,3.176204486601371,5,0,1,1,378.5001798240297,0,12.451964860585429,0
16,1,0,2,1,0,0,0,0,3.528702683207107,1,0,0,0,0,0,0,0
17,0,0,0,1,0,0,0,0,2.2693481543284406,5,0,1,1,183.54849152016374,0,9.337758296913986,0
16,4,0,0,1,0,0,0,0,2.589946344478299,5,0,1,1,214.98699550928478,0,6.307825544525178,0
16,3,0,1,1,0,0,0,0,2.5655425994883143,2,0,0,0,0,0,0,0
14,3,0,0,1,0,0,0,0,4.653023844477058,3,0,0,0,0,0,0,0
20,0,0,0,1,0,0,0,0,2.716745010335893,4,0,0,0,0,0,0,0
8,0,0,0,1,0,0,0,0,5.684204773943482,2,0,0,0,0,0,0,0
15,2,0,0,1,0,0,0,0,4.701424298412245,2,0,0,0,0,0,0,0
13,2,0,0,1,0,0,0,0,3.038129808804935,3,0,1,1,398.9091137235208,0,11.663583457825279,0
11,4,0,0,1,0,0,0,0,3.6999462933636296,2,0,1,2,330.91634675292585,0,4.251382898429133,0
3,4,0,1,1,0,0,0,0,5.251124989282383,4,0,0,0,0,0,0,0
16,0,0,0,1,0,0,0,0,5.964855203614119,2,1,0,0,0,0,0,0
8,5,1,1,1,0,0,0,0,5.040340603993503,2,1,1,2,207.78717066307058,0,3.821888953328399,0
13,2,0,0,1,0,0,0,0,3.852743579930103,4,0,0,0,0,0,0,0
10,2,0,2,1,0,0,0,0,4.100947483839168,1,0,0,0,0,0,0,0
8,4,0,0,1,0,0,0,0,4.348248200692726,4,0,0,0,0,0,0,0
8,3,0,0,1,0,0,0,0,2.842823728950938,3,0,1,2,275.85496363363524,0,3.9485493605320148,0
9,2,0,0,1,0,0,0,0,3.785820214070189,2,0,0,0,0,0,0,0
11,6,1,5.431492695377368,1,0,0,0,0,0.600221057588294,30,10,0,0,0,0,0,1
7,4,0,0,1,0,0,0,0,5.915551669647275,5,0,0,0,0,0,0,0
14,2,0,0,1,0,0,0,0,2.16571276729864,2,0,0,0,0,0,0,0
16,3,0,2,1,0,0,0,0,4.290410212255126,3,0,0,0,0,0,0,0
12,1,0,0,1,0,0,0,0,2.927962799766233,3,0,0,0,0,0,0,0
8,0,0,0,1,0,0,0,0,4.950888001202113,2,0,0,0,0,0,0,0
15,0,0,0,1,0,0,0,0,3.5592119134345555,5,0,1,1,247.70107826905408,0,2.259560541154042,0
15,6,1,2,1,0,0,0,0,3.483594282390226,1,0,1,2,28.454477727095945,0,8.483799043880875,0
10,1,0,0,1,0,0,0,0,2.77727669631742,3,0,0,0,0,0,0,0
2,3,0,3,1,0,0,0,0,5.9656512752879856,1,0,1,1,396.8205419530183,0,6.771169399001472,0
8,5,1,0,1,0,0,0,0,5.060608539329603,2,0,1,2,261.589131538175,0,5.138258642427058,0
9,2,0,0,1,0,0,0,0,3.9423391691453227,3,0,0,0,0,0,0,0
7,4,0,0,1,0,0,0,0,4.6155471820799665,4,0,1,1,96.53591477464379,0,13.362447702484605,0
14,0,0,3,1,0,0,0,0,5.408696097722245,4,0,0,0,0,0,0,0
16,1,0,0,1,0,0,0,0,5.879693903760533,2,0,1,1,158.63612404504744,0,4.430859250131476,0
19,3,0,0,1,0,0,0,0,5.171104178273028,1,0,0,0,0,0,0,0
9,4,0,0,1,0,0,0,0,3.3285536871853596,6,0,0,0,0,0,0,0
8,4,0,0,1,0,0,0,0,3.584948547455531,1,0,0,0,0,0,0,0
10,4,0,0,1,0,0,0,0,3.0090861271295224,1,0,0,0,0,0,0,0
18,2,0,0,1,0,0,0,0,2.6583575640709376,3,0,1,1,196.66990241704738,0,0.36988878801756764,0
9,0,0,0,1,0,0,0,0,2.6347462659462715,3,0,1,1,193.5378033826469,0,9.148837313098058,0
18,4,0,1,1,0,0,0,0,4.312488446570568,2,0,0,0,0,0,0,0
13,4,0,0,1,0,0,0,0,4.064802048427267,3,0,0,0,0,0,0,0
15,2,0,0,1,0,0,0,0,5.001300533152779,1,0,1,1,73.81974184093747,0,9.534838818521973,0
18,4,0,0,1,0,0,0,0,4.787259636101797,1,0,1,1,166.98274355410967,0,2.7605737806995316,0
19,2,0,0,1,0,0,0,0,3.985062488236669,2,0,1,1,120.16877423561259,0,0.44961910875154487,0
15,2,0,0,1,0,0,0,0,5.964131829899205,6,0,0,0,0,0,0,0
7,4,0,0,1,0,0,0,0,4.002240316262349,3,0,0,0,0,0,0,0
20,5,1,0,1,0,0,0,0,3.6015313705766308,3,0,0,0,0,0,0,0
17,1,0,1,1,0,0,0,0,5.301938911890196,2,0,0,0,0,0,0,0
19,3,0,3,1,0,0,0,0,3.5748708728725624,1,0,0,0,0,0,0,0
12,1,0,0,1,0,0,0,0,3.4324645712880377,1,0,0,0,0,0,0,0
18,5,1,1,1,0,0,0,0,3.983090434552223,1,0,0,0,0,0,0,0
12,5,1,0,1,0,0,0,0,4.9051397163418375,4,0,0,0,0,0,0,0
8,1,0,0,1,0,0,0,0,3.7065045961173517,3,0,1,1,363.61721215762407,0,12.815231763777854,0
19,1,0,2,1,0,0,0,0,5.226748982471536,2,0,0,0,0,0,0,0
13,4,0,0,1,0,0,0,0,3.210859467830243,1,0,1,2,252.41377276728795,0,7.141893778551899,0
21,4,0,0,1,0,0,0,0,2.4166216223094956,3,0,1,1,358.2812091670235,0,9.435745824316275,0
16,2,0,0,1,0,0,0,0,5.46538221025062,2,0,1,1,103.8694013766523,0,7.573922311078577,0
11,4,0,2,1,0,0,0,0,3.2373200776776083,5,0,1,2,27.459514658219096,0,10.823325573833227,0
8,4,0,1,1,0,0,0,0,2.5980035415213383,3,0,1,1,269.40847851504583,0,4.053990611019451,0
12,2,0,0,1,0,0,0,0,3.0342506417963646,1,2,0,0,0,0,0,0
13,6,1,0,1,0,0,0,0,2.8910880557607763,2,0,0,0,0,0,0,0
17,3,0,0,1,0,0,0,0,2.217443441808914,4,0,0,0,0,0,0,0
4,2,0,1,1,0,0,1,1,2.4750355471727485,3,0,1,3,92.70160534900639,0,9.119718203485872,0
16,2,0,0,1,0,0,0,0,2.2541106383208356,5,0,0,0,0,0,0,0
19,1,0,2,1,0,0,0,0,5.19495213760859,1,0,0,0,0,0,0,0
15,4,0,1,1,0,0,0,0,2.523864397979728,5,0,0,0,0,0,0,0
15,1,0,0,1,0,0,0,0,4.911432563624512,2,0,0,0,0,0,0,0
9,2,0,0,1,0,0,0,0,4.959881536936196,4,0,1,2,181.21592109623668,0,2.075192232936994,0
16,1,0,0,1,0,0,0,0,5.449894104077519,1,0,1,1,221.01859600109793,0,5.660833743749767,0
13,0,0,3,1,0,0,0,0,2.1006565679946005,5,0,1,1,230.86929194862358,0,12.35792242210039,0
8,1,0,0,1,0,1,0,0,2.1892757459979753,2,0,0,0,0,0,0,0
16,0,0,0,1,0,0,0,0,5.8605289690784055,1,1,0,0,0,0,0,0
9,2,0,3,1,0,0,0,0,2.458013803065177,2,0,1,2,279.0252138174919,0,0.8662741456642051,0
1,0,0,0,1,0,0,0,0,2.227688311359366,2,0,1,1,263.41371630783556,0,0.9184337257496737,0
9,4,0,0,1,0,0,0,0,4.974339476407062,3,0,1,1,289.0162574578167,0,5.837883446715221,0
11,4,0,1,1,0,0,0,0,4.050867826943636,1,0,0,0,0,0,0,0
13,2,0,0,1,0,0,0,0,2.5241209375084175,3,0,0,0,0,0,0,0
14,2,0,0,1,0,1,0,0,2.976402816735957,4,0,1,1,190.94995368784234,0,5.219134602964097,0
14,1,0,0,1,0,0,0,0,5.525089579053559,3,0,1,1,111.95179345850752,1,13.861640002285988,0
14,0,0,1,1,0,0,0,0,5.795991063809446,3,0,1,2,219.7808011968489,0,4.7407349543916855,0
17,0,0,0,1,0,0,0,0,3.9384131931764985,3,0,0,0,0,0,0,0
11,3,0,0,1,0,0,0,0,3.3800331935172623,3,0,1,1,328.3249042271289,0,2.729387797577211,0
9,0,0,0,1,0,0,0,0,3.7015145166875394,3,0,0,0,0,0,0,0
10,3,0,0,1,0,0,0,0,5.641556074857451,1,0,0,0,0,0,0,0
9,2,0,1,1,0,0,0,0,5.978268275908212,2,0,0,0,0,0,0,0
7,2,0,0,1,0,0,0,0,5.140364604341906,2,0,0,0,0,0,0,0
23,2,0,2,1,0,0,1,0,3.114009350595663,5,0,0,0,0,0,0,0
16,6,1,5.110531872058108,1,0,0,0,0,0.9698578603631383,10,5,0,0,0,0,0,1
3,2,0,0,1,0,0,0,0,2.506829463614231,1,1,1,2,387.38388374211064,0,6.076264494517485,0
16,3,0,1,1,0,0,0,0,5.463996487409776,2,0,0,0,0,0,0,0
12,3,0,3,1,0,0,0,0,4.821859524454414,3,0,1,1,37.97634208967815,0,8.921861702382623,0
13,0,0,1,1,0,0,0,0,4.915420026096263,5,0,0,0,0,0,0,0
19,4,0,0,1,0,0,0,0,5.789964080161883,4,0,0,0,0,0,0,0
14,0,0,2,1,0,0,0,0,3.45062460122875,2,1,0,0,0,0,0,0
16,5,1,0,1,0,0,0,0,4.619455841316265,2,0,0,0,0,0,0,0
15,0,0,1,1,0,0,0,0,3.4747236684522633,3,0,1,2,305.6489192386462,0,10.187640403759094,0
10,1,0,1,1,0,0,0,0,2.8310619912841486,1,0,1,1,163.32804636991247,0,8.16594049406752,0
20,5,1,0,1,0,0,1,0,3.8881933305062515,1,0,0,0,0,0,0,0
16,0,0,2,1,0,0,0,0,2.769214262528459,2,1,0,0,0,0,0,0
16,3,0,0,1,0,0,0,0,2.7262839036361823,3,0,1,1,91.68118846885,0,9.620210484146432,0
20,4,0,3,1,0,0,0,0,4.299575515095636,3,1,1,2,306.38468802801555,0,6.423878010677735,0
16,1,0,1,1,0,0,0,0,4.44286962918345,2,0,1,1,127.38906013862596,0,0.6229840264182818,0
3,0,0,0,1,0,0,0,0,3.7031430196884876,3,0,1,1,48.37202852575893,0,8.193753809129776,0
14,3,0,0,1,0,0,0,0,3.3564668328876492,3,0,1,1,133.0672953738774,0,3.1635150843725635,0
19,1,0,0,1,0,0,0,0,4.918542427148005,3,0,1,1,380.76259815781145,0,4.052741576255357,0
15,2,0,0,1,0,0,0,0,2.996960027977875,5,0,1,1,74.0717539099351,0,2.9175299042144047,0
15,1,0,0,1,0,0,0,0,5.205752987391428,5,0,0,0,0,0,0,0
19,2,0,0,1,0,0,0,0,3.353006387198359,4,0,0,0,0,0,0,0
6,4,0,1,1,0,1,0,0,2.807980776349813,2,0,1,1,328.46367288417395,0,8.033932451086326,0
10,0,0,3,1,0,0,0,0,3.260619984569589,6,0,0,0,0,0,0,0
7,1,0,0,1,0,0,0,0,3.8233181839188206,3,0,0,0,0,0,0,0
18,3,0,0,1,0,0,0,0,5.334389981547428,1,0,1,1,153.7894767130126,0,13.173080181342986,0
15,4,0,1,1,0,0,0,0,5.098474354844315,3,0,0,0,0,0,0,0
19,1,0,0,1,0,0,0,0,4.226172000520216,2,1,0,0,0,0,0,0
17,3,0,0,1,0,0,0,0,3.9258716014204293,2,0,1,1,299.3942810352387,0,2.8709022941268705,0
18,4,0,0,1,0,0,0,0,2.5935554915599104,2,0,0,0,0,0,0,0
9,3,0,0,1,0,0,0,0,5.008921232471394,5,0,1,1,25.635497118051497,0,13.184834091391131,0
17,0,0,1,1,0,0,0,0,3.109684278800141,1,0,1,1,226.68518994168613,0,5.889892763945406,0
22,3,0,0,1,0,1,0,0,2.1145948829430044,4,0,0,0,0,0,0,0
8,6,1,0,1,0,1,0,0,2.8474569738031152,3,0,0,0,0,0,0,0
15,2,0,1,1,0,0,0,0,3.0068224954849887,1,0,0,0,0,0,0,0
0,0,0,0,1,0,0,0,0,4.2634265118041395,5,0,0,0,0,0,0,0
19,4,0,0,1,0,0,0,0,4.113310399888613,3,0,0,0,0,0,0,0
13,2,0,0,1,0,0,0,0,5.160365728218124,3,0,0,0,0,0,0,0
16,2,0,0,1,0,0,0,0,5.463148970533473,3,0,0,0,0,0,0,0
20,3,0,2,1,0,1,0,0,2.2755599670778355,1,0,0,0,0,0,0,0
21,2,0,3,1,0,0,0,0,5.3052032015179265,4,1,0,0,0,0,0,0
6,2,0,1,1,0,0,1,1,4.876060905716285,3,0,0,0,0,0,0,0
5,3,0,0,1,0,0,0,0,4.279380408032013,3,0,1,1,397.81224806766875,0,9.598577723324532,0
12,1,0,0,1,0,0,0,0,3.5214966750204835,2,0,1,1,216.73898523731538,0,11.016878072464223,0
19,4,0,1,1,0,0,0,0,4.021143995058859,1,0,0,0,0,0,0,0
15,1,0,1,1,0,0,0,0,4.152649902713991,2,0,1,1,74.86855513502731,0,7.114354650189365,0
8,1,0,0,1,0,0,0,0,2.8263095182934017,2,0,0,0,0,0,0,0
14,1,0,2,1,0,0,0,0,4.603183015605776,2,0,0,0,0,0,0,0
11,2,0,0,1,0,0,0,0,5.758599939948439,5,0,0,0,0,0,0,0
5,1,0,0,1,0,0,0,0,3.8925347243743555,3,0,0,0,0,0,0,0
9,2,0,0,1,0,0,0,0,2.371646232997108,2,0,1,1,202.3968753472479,0,3.732015897702105,0
13,2,0,2,1,0,0,0,0,2.719263494791477,2,0,1,2,36.61621488735375,1,7.4120520875160425,0
17,0,0,0,1,0,0,0,0,4.944784676340451,5,0,0,0,0,0,0,0
9,0,0,0,1,0,0,0,0,4.694454253853504,4,0,0,0,0,0,0,0
10,3,0,0,1,0,0,0,0,4.966073971934215,3,0,0,0,0,0,0,0
8,1,0,1,1,0,0,0,0,4.040552719900584,1,0,1,1,130.80237677205994,0,2.4496360188862174,0
15,0,0,0,1,0,0,1,1,2.8400976463938825,1,0,1,2,39.93780489847744,0,9.945658597825034,0
17,5,1,0,1,0,1,0,0,4.564170469961754,1,0,1,1,287.5753735823085,0,1.1708414812578731,0
10,3,0,2,1,0,0,0,0,4.294803139515274,1,2,0,0,0,0,0,0
8,2,0,1,1,0,0,0,0,2.722403403547304,1,0,1,1,96.19978273712991,0,10.390912153821006,0
17,3,0,0,1,0,0,0,0,2.6114262805950244,2,0,0,0,0,0,0,0
18,4,0,0,1,0,0,0,0,5.920582630801409,4,0,1,1,327.60347164068594,0,7.71991796013796,0
16,0,0,0,1,0,0,0,0,2.2789125562375525,4,0,1,2,19.724393138160508,0,11.334183038197697,0
7,1,0,2,1,0,0,0,0,3.2803872204213462,6,0,0,0,0,0,0,0
12,4,0,0,1,0,0,0,0,3.689832837104162,5,0,1,1,56.19145473118641,0,3.983414223149916,0
17,6,1,0,1,0,0,0,0,4.348720270333758,1,0,0,0,0,0,0,0
20,4,0,0,1,0,0,0,0,5.375971419792684,2,0,1,1,386.65834210954034,0,6.929281146427895,0
21,5,1,0,1,0,0,0,0,4.890174079990526,2,0,1,1,162.18136075469323,0,0.586483095706908,0
17,4,0,0,1,0,0,1,1,2.9673244522732367,6,0,1,2,323.31401544607417,0,1.8041865017375636,0
13,4,0,1,1,0,0,0,0,4.953265554345229,4,0,0,0,0,0,0,0
3,4,0,0,1,0,0,0,0,5.37961554136703,3,0,0,0,0,0,0,0
11,0,0,0,1,0,0,0,0,2.6799345962723895,1,0,1,1,366.35200018509215,0,6.4560987869699655,0
15,2,0,0,1,0,0,0,0,5.809073053615958,2,0,1,1,228.63662544495432,0,4.320070557513426,0
1,1,0,0,1,0,0,0,0,5.518099264120208,1,0,0,0,0,0,0,0
8,2,0,0,1,0,0,0,0,4.7758784355656285,2,0,0,0,0,0,0,0
6,0,0,0,1,0,0,0,0,3.2777981456146006,3,1,1,1,43.39506027252493,0,12.247925747095035,0
16,5,1,0,1,0,0,0,0,5.9878277003704685,4,0,0,0,0,0,0,0
13,2,0,0,1,0,0,1,0,2.0649689244357905,4,0,1,1,311.7995304064056,0,4.655260517207788,0
9,2,0,0,1,0,0,0,0,5.358628466510613,3,0,1,1,165.97132410162277,0,3.6937288514891735,0
14,2,0,0,1,0,0,0,0,2.417250484322933,3,0,1,1,361.8833255456031,0,5.652710157971971,0
12,1,0,2,1,0,0,1,0,2.9515897164169287,3,0,0,0,0,0,0,0
3,3,0,0,1,0,0,0,0,3.442845345531294,3,0,0,0,0,0,0,0
21,6,1,0,1,0,0,0,0,3.3290625836206753,2,0,0,0,0,0,0,0
17,0,0,0,1,0,0,0,0,4.50557570928412,3,0,0,0,0,0,0,0
21,0,0,2,1,0,0,0,0,2.5222651398092037,1,0,0,0,0,0,0,0
13,1,0,0,1,0,0,0,0,2.9570907829327493,1,0,0,0,0,0,0,0
11,2,0,0,1,0,0,0,0,4.998627412118617,2,0,1,1,237.91794936821728,0,3.772101658221617,0
14,5,1,0,1,0,0,0,0,2.8390037984521164,3,0,0,0,0,0,0,0
11,2,0,0,1,0,1,0,0,3.2342750992704605,3,0,1,1,72.82037260664009,0,9.074472212090367,0
12,2,0,2,1,0,0,0,0,2.512805039615192,1,0,1,2,176.56871020483393,0,0.6938653671102493,0
12,0,0,0,1,0,0,0,0,4.8425911771829995,3,0,0,0,0,0,0,0
8,1,0,2,1,0,0,0,0,4.797592556538479,5,0,0,0,0,0,0,0
18,3,0,0,1,0,0,0,0,3.0553726144791025,3,0,0,0,0,0,0,0
1,2,0,0,1,0,0,0,0,4.181373525475943,5,0,0,0,0,0,0,0
8,2,0,0,1,0,0,0,0,4.693313682625311,5,1,1,1,16.189379368173043,0,5.723479184904871,0
13,0,0,0,1,0,0,0,0,3.0411530565987808,5,0,0,0,0,0,0,0
10,1,0,0,1,0,0,0,0,3.167844288232083,2,0,0,0,0,0,0,0
10,4,0,2,1,0,0,0,0,4.60118229957505,2,0,1,1,285.89323223078384,0,7.887720638136643,0
13,0,0,2,1,0,0,0,0,5.423307042584247,3,0,0,0,0,0,0,0
13,0,0,0,1,0,0,0,0,5.132907983921518,5,0,0,0,0,0,0,0
8,2,0,0,1,0,0,0,0,5.177137007090685,2,0,0,0,0,0,0,0
0,2,0,0,1,0,0,0,0,2.8827732958615195,3,0,0,0,0,0,0,0
5,6,1,2.5085374666025766,1,0,0,0,0,-0.07373930882030733,50,10,0,0,0,0,0,1
9,2,0,0,1,0,0,0,0,4.1360445987930445,2,0,0,0,0,0,0,0
11,5,1,1,1,0,0,0,0,4.868515295959482,3,0,1,1,198.8870454085483,0,9.523053107815157,0
14,1,0,0,1,0,0,0,0,3.191844450605967,4,0,1,2,395.75403045486814,0,12.520744570535062,0
8,0,0,2,1,0,0,1,0,5.103648269973775,2,0,0,0,0,0,0,0
9,3,0,1,1,0,0,0,0,3.5255687503107755,3,0,1,1,84.5251724986992,0,5.258807345563992,0
15,2,0,1,1,0,0,0,0,3.466896195104313,2,0,0,0,0,0,0,0
21,2,0,1,1,0,0,0,0,5.5638648458992614,2,0,0,0,0,0,0,0
9,0,0,0,1,0,0,0,0,4.560970922100951,3,0,0,0,0,0,0,0
15,6,1,0,1,0,0,0,0,2.6114342319695325,6,0,0,0,0,0,0,0
21,1,0,1,1,0,0,0,0,5.265518837807776,1,1,1,1,189.15251237061142,0,6.984704864833898,0
14,4,0,0,1,0,1,0,0,5.323773932953015,1,0,1,1,232.9134679429711,0,4.82624388691264,0
14,3,0,1,1,0,0,0,0,2.2492458393189003,5,2,1,3,258.1241760124933,0,2.603970281027176,0
15,4,0,0,1,0,0,0,0,5.705351250489963,3,2,0,0,0,0,0,0
2,6,1,10.81019563396216,1,0,0,1,1,4.391101698972593,1,0,0,0,0,0,0,1
14,0,0,1,1,0,0,0,0,4.531944628169561,1,0,0,0,0,0,0,0
13,0,0,0,1,0,0,0,0,3.05530314380077,3,0,0,0,0,0,0,0
13,1,0,1,1,0,0,0,0,4.905719472478367,3,0,0,0,0,0,0,0
13,0,0,1,1,0,0,0,0,3.3815604767796943,4,0,1,2,120.34581581546101,0,6.27262541625794,0
6,4,0,1,1,0,0,0,0,2.525682153305091,1,0,1,1,124.5122741848093,0,8.522522379468272,0
12,0,0,1,1,0,0,0,0,4.0971279826483995,2,0,0,0,0,0,0,0
19,3,0,0,1,0,0,0,0,4.7734926564616895,1,0,0,0,0,0,0,0
10,0,0,1,1,0,0,0,0,5.0638443197530485,2,0,1,1,141.43233950349043,0,5.968744761546487,0
10,1,0,2,1,0,0,0,0,3.508623927220261,6,0,0,0,0,0,0,0
10,3,0,0,1,0,0,0,0,5.452759415784705,1,0,0,0,0,0,0,0
15,1,0,1,1,0,0,0,0,2.311424495686244,2,0,0,0,0,0,0,0
13,0,0,0,1,0,0,0,0,5.806058639691177,6,0,0,0,0,0,0,0
10,1,0,0,1,0,0,0,0,5.019022308622398,1,0,0,0,0,0,0,0
7,2,0,1,1,0,0,0,0,5.913348359727605,2,0,0,0,0,0,0,0
13,1,0,0,1,0,0,0,0,2.918085702990158,3,1,1,2,278.12981984649224,0,12.91958282688292,0
0,1,0,10.00411925404434,1,0,0,1,0,2.8281545294847956,1,1,0,0,0,0,0,1
13,4,0,0,1,0,0,0,0,4.532568550739997,1,0,0,0,0,0,0,0
8,3,0,0,1,0,0,0,0,5.580861919972074,5,0,0,0,0,0,0,0
14,0,0,0,1,0,0,0,0,3.490476633383787,4,0,1,1,228.59276012669363,0,11.988328561260186,0
21,0,0,0,1,0,0,0,0,3.961075416576901,5,0,0,0,0,0,0,0
10,0,0,2,1,0,0,0,0,3.2548655658836143,1,0,0,0,0,0,0,0
19,2,0,0,1,0,0,0,0,5.857944641028659,4,0,1,1,30.267396806499974,0,3.9229627815308445,0
8,5,1,0,1,0,0,0,0,2.813287926809456,1,0,1,2,158.46351483396202,0,4.825966085484538,0
17,2,0,0,1,0,0,0,0,4.881749091137227,6,0,0,0,0,0,0,0
23,5,1,0,1,0,0,0,0,4.24861652219764,1,0,1,1,96.29458338233421,0,4.941890516927959,0
9,4,0,1,1,0,0,0,0,4.829396531064054,2,0,1,1,330.8325746427877,0,5.213802001019086,0
11,1,0,1,1,0,0,1,0,2.6717006947821265,2,0,1,2,34.027897507610156,0,8.634956331934129,0
4,1,0,4.90569848710358,0,1,4,1,1,-0.11193497091036209,1,2,0,0,0,0,0,1
19,2,0,1,1,0,0,0,0,2.557693173825989,3,0,0,0,0,0,0,0
21,1,0,0,1,0,0,0,0,5.243548254454923,6,0,1,1,133.970021867896,0,3.422347763447378,0
16,2,0,0,1,0,0,0,0,5.56800060755838,1,0,1,1,299.6311290902355,0,6.058657155328541,0
8,1,0,0,1,0,1,1,0,2.5658708175604428,1,0,1,1,26.017368546364327,0,7.0073370748447505,0
7,6,1,0,1,0,0,0,0,4.132815614539191,2,0,0,0,0,0,0,0
19,0,0,0,1,0,0,0,0,4.343269695628818,5,0,0,0,0,0,0,0
12,1,0,0,1,0,1,0,0,3.122294001413225,1,0,1,1,382.26330792792714,0,0.7286872325692213,0
13,1,0,2,1,0,0,0,0,3.362834902679641,4,0,1,2,158.79480029863922,0,2.2543492660699647,0
9,5,1,1,1,0,0,0,0,4.787771924359815,2,0,0,0,0,0,0,0
11,2,0,0,1,0,0,0,0,5.752435790818016,3,1,0,0,0,0,0,0
13,0,0,0,1,0,0,0,0,4.02132690662023,3,0,1,2,42.50108759559964,0,8.219418708497809,0
18,4,0,1,1,0,0,0,0,5.274588790369959,3,0,0,0,0,0,0,0
19,1,0,1,1,0,0,0,0,4.573600174861885,3,0,1,2,80.55296461453695,0,5.1601296304974,0
12,4,0,1,1,0,0,0,0,4.388406180819173,1,0,0,0,0,0,0,0
17,3,0,0,1,0,0,0,0,3.068308357231713,3,0,1,1,299.19357091269,0,5.889308354651797,0
22,5,1,0,1,0,0,0,0,4.877319621799645,1,0,0,0,0,0,0,0
20,2,0,0,1,0,0,0,0,5.964032285616776,3,0,1,1,27.973489616134362,0,6.929094627232443,0
17,2,0,0,1,0,0,0,0,2.6602502630105276,4,0,1,1,48.31537249322807,0,3.998312224965476,0
7,0,0,0,1,0,0,0,0,3.23368016415041,4,0,0,0,0,0,0,0
8,3,0,1,1,0,0,0,0,2.923236487355909,4,0,0,0,0,0,0,0
14,3,0,0,1,0,0,0,0,2.087200730954451,1,0,0,0,0,0,0,0
16,4,0,0,1,0,0,0,0,4.239766113731076,1,0,0,0,0,0,0,0
0,0,0,3,1,0,0,0,0,4.100149888074627,3,0,0,0,0,0,0,0
7,2,0,3,1,0,0,0,0,2.566700707326193,2,0,0,0,0,0,0,0
23,3,0,8.799153204543916,1,0,1,1,1,2.3318850344061297,2,2,1,1,25.943475538914907,0,211.57725358063254,1
16,1,0,0,1,0,0,0,0,3.5804530329144706,3,0,0,0,0,0,0,0
13,3,0,0,1,0,0,0,0,4.101968992419749,5,0,0,0,0,0,0,0
16,3,0,1,1,0,0,0,0,5.299476171968694,5,0,0,0,0,0,0,0
12,5,1,0,1,0,0,0,0,4.6491711805997795,2,0,1,1,289.660503683689,0,3.223547344096418,0
15,0,0,0,1,0,0,0,0,2.4068886262605234,5,1,0,0,0,0,0,0
18,2,0,0,1,0,1,0,0,3.564761794902954,1,1,1,1,74.02267247142083,0,2.7903363866313216,0
17,4,0,0,1,0,0,0,0,4.476317969522331,4,0,1,1,241.75640781223484,0,8.957084043958103,0
10,3,0,0,1,0,1,0,0,3.061966812934099,4,0,1,1,51.521327925599515,0,10.63427394128596,0
8,2,0,0,1,0,0,0,0,5.7730933126503405,3,0,1,1,113.51895519541475,0,7.397946238635486,0
16,1,0,3,1,0,0,0,0,4.136631627250212,3,0,1,2,369.02448310305704,0,1.6834615402788782,0
17,2,0,0,1,0,0,0,0,2.5967903378946207,3,0,1,1,309.07516989591096,0,11.070371617807872,0
12,4,0,0,1,0,0,0,0,5.87639965611068,1,1,0,0,0,0,0,0
12,4,0,2,1,0,0,0,0,2.149913723554832,1,0,1,3,316.1148433271495,0,6.808077382065413,0
9,6,1,0,1,0,0,0,0,2.3991937636373746,4,0,1,1,171.05350962982442,0,5.629639495209674,0
15,5,1,0,1,0,0,0,0,5.161230088189777,5,0,0,0,0,0,0,0
17,1,0,0,1,0,0,0,0,2.5651492075030418,3,0,0,0,0,0,0,0
12,2,0,0,1,0,0,0,0,2.1717115056414613,4,0,1,1,84.7791115553764,0,4.930513366179359,0
18,1,0,0,1,0,0,0,0,2.860677809151253,2,0,0,0,0,0,0,0
14,4,0,0,1,0,0,0,0,4.091215761627367,3,0,0,0,0,0,0,0
9,0,0,0,1,0,0,0,0,4.40303914305092,1,0,1,1,389.8710662775294,0,11.951185514480834,0
18,2,0,0,1,0,0,0,0,4.032713130584668,5,0,0,0,0,0,0,0
13,2,0,0,1,0,0,0,0,4.98255043945835,1,2,0,0,0,0,0,0
4,1,0,0,1,0,0,0,0,3.8454672760860658,1,0,0,0,0,0,0,0
13,3,0,0,1,0,0,0,0,5.257456606842713,2,0,1,1,106.35643485050254,0,7.807584094547873,0
10,0,0,0,1,0,0,0,0,5.578549979820213,2,1,0,0,0,0,0,0
8,4,0,2,1,0,0,0,0,4.31244510748814,6,0,0,0,0,0,0,0
14,3,0,0,1,0,0,0,0,2.516805753822019,3,0,1,2,224.3701142168327,0,0.7832428334435377,0
19,5,1,1,1,0,0,0,0,3.028652720985597,4,0,0,0,0,0,0,0
11,2,0,1,1,0,0,0,0,4.854889230579058,5,0,1,1,385.2899671645106,0,4.620690065692624,0
2,3,0,1,1,0,0,0,0,4.264699073457521,4,0,1,1,278.2919917816919,0,13.601537846399824,0
18,4,0,1,1,0,1,0,0,2.1133435569755266,6,0,1,1,276.7886850369343,0,9.033456934849928,0
13,4,0,0,1,0,0,0,0,5.676229046244337,6,0,1,2,242.34492870437288,0,2.2043900931740277,0
13,0,0,1,1,0,0,0,0,4.206705231925227,2,0,0,0,0,0,0,0
18,3,0,0,1,0,0,0,0,5.256908192973885,3,0,0,0,0,0,0,0
12,0,0,1,1,0,0,0,0,4.899427924919911,1,0,1,2,44.66885854375436,0,4.763449663406334,0
19,1,0,5.651712686251063,1,0,0,0,1,-0.37818358380494477,10,10,0,0,0,0,0,1
14,4,0,0,1,0,0,0,0,4.547096485112794,1,0,1,1,358.86648123412317,0,11.653937908429112,0
16,2,0,2,1,0,0,0,0,2.6374407261205577,4,0,0,0,0,0,0,0
0,4,0,0,1,0,0,0,0,5.631182159492217,3,0,0,0,0,0,0,0
10,3,0,1,1,0,0,0,0,2.7364983330438997,2,0,0,0,0,0,0,0
19,3,0,1,1,0,0,0,0,3.3927781628535985,1,0,1,2,281.2117713262298,0,12.314201550778211,0
12,0,0,2,1,0,0,0,0,3.7952824944855,3,1,1,1,368.2368864497485,0,13.38657118245475,0
12,4,0,0,1,0,0,0,0,5.3956360657293025,4,0,1,1,194.8177055884826,0,13.452096659584226,0
14,0,0,1,1,0,0,0,0,2.1110718661302563,1,0,1,1,92.70648800108295,0,5.046731816202444,0
15,4,0,2,1,0,0,0,0,3.4501286480836324,1,0,0,0,0,0,0,0
9,4,0,0,1,0,0,0,0,2.834001152126248,4,0,0,0,0,0,0,0
11,1,0,1,1,0,0,0,0,2.4576197452996893,5,0,0,0,0,0,0,0
13,3,0,0,1,0,0,0,0,4.349487513043114,2,0,0,0,0,0,0,0
17,1,0,1,1,0,0,0,0,5.068008582045268,2,0,1,1,19.17117490713185,0,7.107640559471106,0
9,1,0,0,1,0,0,0,0,3.231897234887839,1,0,0,0,0,0,0,0
9,1,0,1,1,0,0,0,0,4.375451609784639,2,0,1,3,321.976976558885,0,9.533094701090997,0
17,6,1,1,1,0,0,0,0,5.1799020574145365,1,0,0,0,0,0,0,0
10,2,0,0,1,0,0,0,0,5.660944848840309,3,0,0,0,0,0,0,0
14,0,0,0,1,0,0,0,0,2.3020640548123787,2,0,0,0,0,0,0,0
11,0,0,0,1,0,0,0,0,3.1544816798364614,1,0,1,1,245.38658198655435,0,5.299994340900805,0
15,1,0,0,1,0,0,0,0,2.808272028802386,3,1,1,1,251.65133528399403,0,3.394412537744015,0
7,5,1,0,1,0,0,0,0,5.9103869583729605,2,0,1,2,280.08514440265895,0,1.356563040177999,0
15,4,0,0,1,0,1,0,0,4.195044758944551,5,0,1,1,291.07912513479545,0,5.871199432963261,0
23,0,0,0,1,0,0,1,0,3.1773501141982132,1,0,0,0,0,0,0,0
8,4,0,0,1,0,0,0,0,5.409022782885298,2,0,1,1,201.19268562446737,0,1.6059240917860624,0
21,5,1,5.935297586068193,0,0,1,1,1,2.603408341552927,2,0,1,1,0.09152248953797167,1,0.010947485017309489,1
14,0,0,2,1,0,0,0,0,2.520242858447003,2,0,0,0,0,0,0,0
9,3,0,1,1,0,0,0,0,2.1951256768141114,6,0,0,0,0,0,0,0
14,1,0,2,1,0,0,0,0,2.45171383726495,3,0,0,0,0,0,0,0
13,3,0,0,1,0,0,0,0,2.658365628358494,3,0,0,0,0,0,0,0
8,0,0,1,1,0,0,0,0,2.7936781347124784,4,0,0,0,0,0,0,0
19,2,0,0,1,0,0,0,0,5.3412823236876275,6,0,0,0,0,0,0,0
8,5,1,1,1,0,0,0,0,5.916592647397264,5,0,0,0,0,0,0,0
3,2,0,0,1,0,0,0,0,2.2932881265333944,1,0,0,0,0,0,0,0
10,1,0,0,1,0,0,0,0,4.152078820901467,1,0,0,0,0,0,0,0
22,3,0,0,1,0,0,0,0,2.3348768426672706,3,0,0,0,0,0,0,0
20,4,0,1,1,0,0,0,0,5.508962824628762,3,0,0,0,0,0,0,0
14,2,0,2,1,0,0,0,0,2.2820441811266643,5,0,0,0,0,0,0,0
13,1,0,0,1,0,0,0,0,2.1689056842613943,5,0,0,0,0,0,0,0
6,5,1,1,1,0,0,0,0,2.0109876170793424,1,0,1,2,395.6581907153669,0,12.029115625132803,0
6,2,0,0,1,0,0,0,0,5.6322652970480656,2,0,0,0,0,0,0,0
12,1,0,0,1,0,0,0,0,3.318862565240583,1,2,0,0,0,0,0,0
3,4,0,5.605583090844875,1,0,0,0,0,-1.1155482905468108,50,10,0,0,0,0,0,1
11,4,0,0,1,0,0,0,0,4.663729062984659,3,0,0,0,0,0,0,0
9,2,0,0,1,0,0,0,0,5.298228672403317,4,0,0,0,0,0,0,0
17,1,0,1,1,0,0,0,0,5.932986643766227,4,0,0,0,0,0,0,0
18,4,0,2,1,0,0,0,0,2.1452680583292367,4,0,1,1,153.2809352145778,0,0.48029719800076753,0
11,3,0,0,1,0,1,0,0,5.621111652930859,1,0,0,0,0,0,0,0
17,2,0,0,1,0,0,0,0,2.6372879087442347,4,0,0,0,0,0,0,0
12,0,0,1,1,0,0,0,0,2.367486731866019,4,0,0,0,0,0,0,0
20,1,0,2,1,0,1,0,0,3.8720165885067366,1,1,0,0,0,0,0,0
12,0,0,0,1,0,0,0,0,2.4698845770496023,2,0,0,0,0,0,0,0
17,1,0,0,1,0,0,0,0,4.654331538611808,6,0,1,1,25.55679908403264,0,10.977064714293132,0
17,5,1,0,1,0,0,0,0,4.956780840976802,2,0,0,0,0,0,0,0
12,1,0,0,1,0,0,0,0,2.2877802239887686,2,0,0,0,0,0,0,0
14,0,0,1,1,0,0,0,0,5.075850920418954,4,0,0,0,0,0,0,0
11,4,0,2,1,0,0,0,0,4.181024767049163,4,0,1,1,373.66355395558804,0,8.269810665582549,0
11,0,0,2,1,0,0,0,0,3.327140874740834,2,0,1,1,25.348230479860582,0,6.725604419490188,0
17,5,1,0,1,0,0,0,0,2.3193499244429314,4,0,1,1,205.26778522713752,0,1.8932422619884637,0
13,0,0,0,1,0,0,1,1,4.1345870462326415,4,0,1,1,336.9932351992836,0,11.1898174915005,0
15,1,0,0,1,0,0,0,0,4.078666999708739,3,0,0,0,0,0,0,0
18,3,0,1,1,0,0,0,0,5.482618352505392,1,0,1,1,351.57997132262295,0,9.186457858027698,0
0,0,0,0,1,0,1,0,0,5.804869933811234,2,0,1,1,306.495542922819,0,11.899103837644338,0
8,3,0,0,1,0,0,0,0,3.5605434705921533,1,0,0,0,0,0,0,0
15,3,0,1,1,0,0,0,0,4.832488695614815,1,0,0,0,0,0,0,0
10,3,0,0,1,0,0,0,0,3.0188900245543278,4,0,1,1,291.69997966991036,0,9.388799062061993,0
22,3,0,0,1,0,0,0,0,4.5346659262355455,3,0,0,0,0,0,0,0
8,4,0,0,1,0,0,0,0,4.741677651186886,3,0,1,1,297.53948088500096,0,9.824870967818764,0
13,0,0,1,1,0,0,0,0,4.779717183290373,1,0,1,1,42.542799095315615,0,13.462055365646279,0
18,6,1,0,1,0,0,0,0,4.142412161524822,4,1,0,0,0,0,0,0
12,3,0,0,1,0,0,0,0,2.2729146927039294,3,1,0,0,0,0,0,0
19,1,0,1,1,0,0,0,0,5.8486912109663916,4,0,1,1,290.2328117099082,0,12.084317625719512,0
3,4,0,0,1,0,0,0,0,5.500676720916538,5,0,1,1,80.40386813010079,0,13.408792822545674,0
9,1,0,0,1,0,0,0,0,4.098322163885581,3,0,0,0,0,0,0,0
11,4,0,0,1,0,0,0,0,2.5723179288117466,2,0,0,0,0,0,0,0
3,0,0,1,1,0,0,0,0,3.8861214128474395,1,0,0,0,0,0,0,0
10,4,0,0,1,0,0,0,0,3.848193100600562,2,0,0,0,0,0,0,0
15,1,0,0,1,0,0,0,0,4.261620865755174,5,0,1,1,323.54613474324947,0,0.5624977950369325,0
18,3,0,1,1,0,0,0,0,2.9728272848408306,5,0,0,0,0,0,0,0
17,1,0,0,1,0,0,0,0,4.552009226433729,3,0,1,1,51.54252447682924,0,11.888507945766728,0
23,2,0,3.577973322450534,1,0,0,0,0,-0.7091757267337049,20,10,0,0,0,0,0,1
12,3,0,1,1,0,0,0,0,2.4418565361576166,3,0,1,1,351.1682121461009,0,6.795184021313734,0
15,3,0,0,1,0,1,0,0,4.199124283787697,6,0,0,0,0,0,0,0
19,6,1,4.444638519927378,1,0,0,0,0,-0.7048795318986034,30,30,0,0,0,0,0,1
6,3,0,0,1,0,0,0,0,2.3850330723718853,1,0,0,0,0,0,0,0
4,4,0,0,1,0,0,0,0,3.600660763359208,3,0,0,0,0,0,0,0
23,6,1,0,1,0,0,0,0,3.854370850453347,4,1,0,0,0,0,0,0
12,0,0,0,1,0,0,0,0,2.9578054237481073,4,0,0,0,0,0,0,0
17,1,0,1,1,0,0,0,0,5.252391699523345,3,0,0,0,0,0,0,0
16,0,0,0,1,0,0,0,0,2.761734401968941,4,1,0,0,0,0,0,0
9,0,0,0,1,0,0,0,0,5.044512956940595,3,0,1,1,120.70066139463066,0,11.152581602998405,0
10,0,0,1,1,0,0,1,0,2.2168465772791426,1,0,0,0,0,0,0,0
8,4,0,0,1,0,0,0,0,2.1559568535193745,1,0,0,0,0,0,0,0
17,5,1,0,1,0,0,0,0,2.536371004236312,2,0,1,2,340.99348696497015,0,10.144185972300827,0
11,1,0,0,1,0,0,0,0,5.520287304175781,1,0,0,0,0,0,0,0
8,3,0,0,1,0,0,0,0,2.929719032613425,4,0,0,0,0,0,0,0
14,1,0,0,1,0,0,0,0,2.449237498901494,2,0,1,1,114.15709684717653,0,12.280896474557052,0
10,0,0,1,1,0,0,0,0,5.693571191768113,6,0,0,0,0,0,0,0
22,3,0,1,1,0,0,0,0,3.125626596738966,3,0,0,0,0,0,0,0
10,4,0,0,1,0,0,0,0,2.607838624367927,6,0,0,0,0,0,0,0
17,0,0,1,1,0,0,0,0,3.9968823408835674,4,0,0,0,0,0,0,0
15,4,0,1,1,0,0,0,0,5.844124364780233,2,0,1,1,33.18408392413991,0,12.645053631821687,0
13,4,0,0,1,0,0,0,0,3.884230126091444,4,0,0,0,0,0,0,0
14,4,0,1,1,0,0,0,0,2.4545724220320864,1,0,0,0,0,0,0,0
12,2,0,1,1,0,0,0,0,4.14333609384537,2,0,1,1,101.19198713514879,0,1.287409693359551,0
9,5,1,1,1,0,0,0,0,3.2738056762052135,4,0,1,1,268.35075787085066,0,0.16713628255797297,0
13,4,0,0,1,0,0,0,0,2.4153974972249626,3,0,1,1,281.67097486929316,0,9.84128869132058,0
15,0,0,0,1,0,0,0,0,4.198210985061598,1,0,0,0,0,0,0,0
8,0,0,1,1,0,0,0,0,4.797859884984604,4,0,1,2,58.2096883522545,0,13.506090822477226,0
20,3,0,0,1,0,0,0,0,3.0780641601812753,3,0,1,1,336.93873551438463,0,5.323442164960294,0
16,6,1,0,1,0,0,0,0,2.1815890225266275,4,0,0,0,0,0,0,0
19,6,1,2,1,0,0,0,0,5.728443158215892,3,0,0,0,0,0,0,0
15,3,0,0,1,0,0,0,0,5.71826134155636,4,0,0,0,0,0,0,0
9,2,0,0,1,0,0,0,0,5.8954029717897445,4,0,0,0,0,0,0,0
8,2,0,1,1,0,0,0,0,5.781973642572813,1,0,1,1,251.60981191257324,0,2.1648021475739676,0
16,2,0,0,1,0,0,0,0,2.2257761400978437,3,0,1,2,137.09682679850812,0,9.415446620116791,0
16,0,0,0,1,0,0,0,0,4.276325215621961,3,1,1,1,208.2864457615735,0,7.06607407115171,0
12,3,0,0,1,0,0,0,0,2.1012602952570014,3,0,1,2,99.90985783417368,0,6.341528876489373,0
7,4,0,1,1,0,0,0,0,3.3646550375384394,3,0,0,0,0,0,0,0
10,3,0,0,1,0,0,0,0,2.918804047708092,2,0,0,0,0,0,0,0
13,6,1,1,1,0,0,0,0,2.0547645572108393,6,0,0,0,0,0,0,0
14,2,0,0,1,0,0,0,0,2.4459004783230225,5,0,0,0,0,0,0,0
14,2,0,0,1,0,0,0,0,3.693302143195682,3,0,1,1,335.69434239017386,0,12.585060773973169,0
9,3,0,3,1,0,0,0,0,4.210997601007486,2,0,1,1,149.66763768288234,0,1.8319748742334563,0
9,2,0,0,1,0,0,0,0,2.0591285671557555,4,0,0,0,0,0,0,0
8,0,0,0,1,0,0,0,0,4.967080980004761,2,0,0,0,0,0,0,0
13,3,0,0,1,0,0,0,0,4.068230788005877,3,0,0,0,0,0,0,0
8,1,0,0,1,0,0,0,0,5.890122689272506,4,0,1,2,158.49004319019863,1,11.055269769338764,0
9,3,0,0,1,0,0,0,0,5.079711312697075,3,0,1,2,72.90544604431899,0,2.8860183977987117,0
15,4,0,0,1,0,0,0,0,2.3727346084283547,3,0,1,2,324.1105116249642,0,5.798268952472924,0
9,2,0,0,1,0,0,0,0,4.443753666384401,3,0,0,0,0,0,0,0
10,0,0,1,1,0,0,0,0,3.4617208388331258,4,0,1,1,283.621767335833,0,3.918852422878383,0
10,3,0,1,1,0,0,0,0,5.865069584193855,2,1,0,0,0,0,0,0
1,2,0,3.752847081543731,1,0,0,0,0,-0.31561823952361046,50,10,0,0,0,0,0,1
11,2,0,1,1,0,0,0,0,5.258944940971489,2,1,1,1,98.21766490297685,0,9.149406000463093,0
12,1,0,0,1,0,0,0,0,2.558922014415896,2,0,1,1,146.99648646647123,0,1.2889732751405394,0
15,3,0,3,1,0,0,0,0,4.953027696367755,3,0,1,1,359.0158263288442,0,10.35708390979822,0
10,2,0,1,1,0,0,0,0,4.662387168495185,3,0,0,0,0,0,0,0
14,3,0,0,1,0,0,0,0,2.370054505985873,4,0,1,1,196.27682931700562,0,5.831239492413687,0
11,3,0,3,1,0,0,0,0,3.4519920490748217,4,0,0,0,0,0,0,0
17,1,0,0,1,0,0,0,0,4.411069620237979,2,0,1,1,278.88879814186413,0,11.20634280267639,0
9,2,0,0,1,0,0,0,0,2.6506702297425933,4,0,1,1,285.91687379029315,0,3.879511066016147,0
19,4,0,1,1,0,0,0,0,2.941863305517052,3,0,1,3,268.5789579017935,0,5.486560395950887,0
3,1,0,1,1,0,0,0,0,3.2082814136635904,4,0,0,0,0,0,0,0
21,2,0,0,1,0,0,0,0,2.0656044604952037,4,0,1,1,350.66247753225326,0,6.065223784591175,0
6,1,0,0,1,0,0,0,0,5.511289135623581,4,0,0,0,0,0,0,0
15,4,0,0,1,0,0,0,0,4.771841458365121,2,0,1,2,256.49250129119145,0,13.441889335944792,0
11,1,0,0,1,0,1,0,0,4.456326076089766,5,0,1,1,143.46408836637053,0,12.916445418772858,0
11,5,1,3,1,0,0,0,0,2.9676217803717737,2,0,1,1,149.36646839109858,0,8.026783983957268,0
17,0,0,0,1,0,0,0,0,3.6715624842334367,3,0,0,0,0,0,0,0
12,5,1,1,1,0,0,0,0,3.5951930532559726,3,0,1,1,250.24942670238937,0,0.7430778826992317,0
12,1,0,3,1,0,0,0,0,5.429621636325946,2,0,0,0,0,0,0,0
21,3,0,0,1,0,0,0,0,4.336710377835885,3,0,0,0,0,0,0,0
19,3,0,2,1,0,0,0,0,3.769053446223227,4,1,1,1,29.113384413109724,0,12.33252829101095,0
8,5,1,0,1,0,0,1,1,2.951789756437161,2,0,0,0,0,0,0,0
13,3,0,2,1,0,0,0,0,2.251346082536381,5,0,1,1,377.52087798604964,0,13.808341216707017,0
12,5,1,0,1,0,0,0,0,5.860204318795843,4,0,0,0,0,0,0,0
16,1,0,0,1,0,0,0,0,2.960550507230613,4,0,1,1,45.58055087377601,0,2.0746631532696744,0
14,3,0,1,1,0,0,0,0,4.696887636898056,2,0,1,1,332.21512966225765,0,6.991857797636888,0
12,3,0,2,1,0,0,0,0,4.855735139545281,1,0,0,0,0,0,0,0
18,1,0,0,1,0,0,0,0,2.7277895476488534,2,0,0,0,0,0,0,0
14,1,0,0,1,0,0,1,0,3.8204853238479193,2,0,1,1,140.97111959170067,0,2.9681148880132455,0
7,0,0,0,1,0,0,0,0,5.506209350096897,2,0,0,0,0,0,0,0
16,4,0,0,1,0,0,0,0,2.8716744031907186,5,0,0,0,0,0,0,0
10,2,0,0,1,0,0,0,0,2.7698617891105073,3,0,0,0,0,0,0,0
19,5,1,2,1,0,0,0,0,4.73738463824442,4,0,1,2,315.0952186562061,0,2.052482504876372,0
22,2,0,0,1,0,0,0,0,3.5097431863252506,3,0,0,0,0,0,0,0
1,2,0,0,1,0,0,0,0,2.0175878561055414,2,2,0,0,0,0,0,0
16,4,0,0,1,0,0,0,0,2.8120141785517574,1,0,0,0,0,0,0,0
9,1,0,0,1,0,0,0,0,5.768932844205077,5,0,0,0,0,0,0,0
8,5,1,0,1,0,0,0,0,5.384430671467415,1,0,0,0,0,0,0,0
15,3,0,3,1,0,0,0,0,2.14275183007808,2,0,0,0,0,0,0,0
9,0,0,3,1,0,0,1,0,2.6675497550469274,5,0,0,0,0,0,0,0
20,2,0,0,1,0,0,0,0,3.030711515054384,5,1,0,0,0,0,0,0
19,1,0,0,1,0,0,0,0,4.0877390603687385,3,0,1,3,35.79591419794683,0,1.5155892285642867,0
13,6,1,2,1,0,0,0,0,2.781540024359057,4,0,0,0,0,0,0,0
12,1,0,0,1,0,0,0,0,3.818985915411671,1,0,1,1,147.27998120808584,0,3.5798643855190226,0
18,2,0,0,1,0,0,0,0,5.101709210915855,4,0,0,0,0,0,0,0
19,3,0,1,1,0,0,0,0,4.141860983942873,2,0,1,1,115.45458773364712,0,1.8029539513033084,0
16,5,1,1,1,0,0,1,1,3.0742836990804236,1,0,0,0,0,0,0,0
14,2,0,0,1,0,0,0,0,5.0806465471153395,3,0,1,1,273.6836275424495,0,0.2717868301966768,0
15,2,0,0,1,0,0,0,0,5.7083183749545885,4,0,0,0,0,0,0,0
17,3,0,0,1,0,0,0,0,2.3164628514936996,4,0,0,0,0,0,0,0
8,5,1,1,1,0,0,0,0,5.761645514083828,5,0,0,0,0,0,0,0
9,4,0,1,1,0,0,0,0,2.888463540452835,4,0,1,1,196.29680060917156,0,2.4716225637756093,0
12,3,0,0,1,0,0,0,0,5.199280341915383,4,0,1,2,207.71741286094408,0,11.802880790523815,0
10,0,0,2,1,0,0,0,0,4.771963277339303,5,0,0,0,0,0,0,0
9,1,0,0,1,0,0,0,0,5.472126362595809,3,0,1,1,343.724453338443,0,9.685748607168367,0
11,3,0,0,1,0,0,0,0,2.1405916521488884,3,0,0,0,0,0,0,0
18,1,0,1,1,0,0,0,0,2.07641943010423,1,0,1,3,152.70930635482875,0,0.07780343046653493,0
10,5,1,0,1,0,0,0,0,3.8351245135680125,1,0,0,0,0,0,0,0
20,1,0,0,1,0,1,0,0,5.452731890203147,2,0,1,1,230.79273842825884,0,5.773815475034134,0
10,3,0,1,1,0,0,0,0,3.4740248520191574,3,0,0,0,0,0,0,0
10,6,1,2.063689955152796,1,0,0,0,1,-0.2029085525553873,10,10,0,0,0,0,0,1
15,3,0,1,1,0,0,0,0,3.923315426508937,1,0,0,0,0,0,0,0
17,4,0,0,1,0,0,0,0,3.1671062212191385,3,0,1,2,108.8049570553244,0,2.1291740296105024,0
11,0,0,0,1,0,0,0,0,3.7830047738641612,2,0,0,0,0,0,0,0
23,1,0,2,1,0,0,0,0,3.1147855989064666,1,0,1,1,106.96553715462268,0,3.1669973031452914,0
13,0,0,2,1,0,0,0,0,5.228332593089661,4,0,1,1,294.73773039439794,0,1.924616480160639,0
12,1,0,1,1,0,0,0,0,3.5601038502289453,2,0,0,0,0,0,0,0
15,4,0,1,1,0,0,0,0,2.3740020217084377,2,0,0,0,0,0,0,0
7,5,1,0,1,0,0,0,0,5.67345609007762,3,0,1,1,223.75357504446686,0,2.522417557244647,0
16,2,0,0,1,0,0,0,0,2.0481260859718144,5,0,0,0,0,0,0,0
10,2,0,0,1,0,0,0,0,2.808158916905337,2,0,1,1,252.15772371542488,0,13.068764373495176,0
17,2,0,0,1,0,0,0,0,3.6654875745303146,1,0,0,0,0,0,0,0
14,1,0,1,1,0,0,0,0,5.327995052670265,1,0,1,1,99.86873660189677,0,2.202787444673977,0
0,3,0,0,1,0,0,0,0,3.5036994985061094,3,0,1,1,51.496753523849904,0,8.286861492501863,0
12,2,0,2,1,0,0,0,0,3.3593662272771057,4,0,0,0,0,0,0,0
6,2,0,1,1,0,1,0,0,3.7006804300399216,1,0,0,0,0,0,0,0
11,3,0,0,1,0,0,0,0,5.761020687264735,1,0,0,0,0,0,0,0
12,4,0,0,1,0,0,0,0,2.9126312217763024,4,0,0,0,0,0,0,0
17,1,0,1,1,0,0,0,0,2.3798050724973487,3,2,0,0,0,0,0,0
8,1,0,2,1,0,0,0,0,4.04799399575576,2,0,0,0,0,0,0,0
6,3,0,0,1,0,0,0,0,3.5160843225282217,2,0,0,0,0,0,0,0
8,3,0,1,1,0,0,0,0,4.744262478729208,1,0,1,1,137.1439504004527,0,5.375863996209063,0
14,4,0,4.9893698947769956,1,0,0,0,0,-1.9935966382565211,10,10,0,0,0,0,0,1
7,5,1,0,1,0,0,0,0,2.2743590794868993,6,0,1,1,106.46684735617902,0,11.12197129889034,0
6,2,0,0,1,0,0,0,0,2.4255903357105164,2,0,0,0,0,0,0,0
11,1,0,0,1,0,0,0,0,5.3109655946344585,1,0,1,1,204.29006418830014,0,5.390681514821937,0
8,0,0,0,1,0,0,0,0,2.3729660264081853,1,0,0,0,0,0,0,0
6,2,0,1,1,0,0,0,0,4.692766589423838,2,0,0,0,0,0,0,0
17,0,0,3,1,0,0,0,0,3.0744955046127656,1,0,0,0,0,0,0,0
15,2,0,0,1,0,0,0,0,5.678331060201254,2,0,1,1,226.35307389654733,0,11.783505463416152,0
13,3,0,0,1,0,0,0,0,3.742097073783493,3,0,0,0,0,0,0,0
20,1,0,1,1,0,0,0,0,3.008589264379315,2,0,0,0,0,0,0,0
10,1,0,0,1,0,0,0,0,3.5886101598884808,1,0,1,2,158.4526885801736,0,8.526701464932234,0
12,3,0,1,1,0,0,0,0,2.1702949753616,6,0,1,3,292.94477725045243,0,9.086111543610935,0
9,2,0,0,1,0,0,0,0,2.124551290106183,1,0,1,2,365.3179310701684,0,3.1249745501523307,0
15,2,0,0,1,0,0,0,0,2.5270741797810046,3,0,1,1,353.7678130840126,0,6.145129258498597,0
4,3,0,6.856552205190116,1,0,0,0,1,4.760524806904876,1,0,0,0,0,0,0,1
5,1,0,0,1,0,0,0,0,3.513695883946884,4,0,1,1,241.2991918458535,1,5.261100605318797,0
18,0,0,1,1,0,0,0,0,2.8871759974301106,1,0,0,0,0,0,0,0
2,3,0,0,1,0,0,0,0,5.177374857451886,1,0,1,1,234.5693163599168,0,0.8889762162622359,0
21,3,0,0,1,0,0,0,0,3.7906374307956203,2,0,1,1,201.5950804501286,0,4.487707064077415,0
15,0,0,0,1,0,0,0,0,4.220199145147216,1,0,0,0,0,0,0,0
14,2,0,1,1,0,0,0,0,4.397138109535505,2,0,1,1,23.64107652628942,0,5.960774055963842,0
16,5,1,0,1,0,0,0,0,3.452749596895018,3,0,0,0,0,0,0,0
14,1,0,0,1,0,0,1,0,2.9727870853119045,3,0,1,1,151.88075759070125,0,5.787221768639562,0
21,0,0,0,1,0,0,0,0,2.726815110516088,2,0,0,0,0,0,0,0
19,0,0,1,1,0,0,0,0,5.577064926047171,3,0,0,0,0,0,0,0
9,1,0,0,1,0,0,0,0,5.412845290455676,6,0,0,0,0,0,0,0
13,4,0,1,1,0,0,0,0,5.138335733318751,1,0,0,0,0,0,0,0
12,0,0,1,1,0,0,0,0,3.010049694580704,1,0,0,0,0,0,0,0
1,4,0,1,1,0,0,0,0,4.63315766951928,3,0,0,0,0,0,0,0
14,4,0,1,1,0,0,0,0,4.953899324938569,4,0,0,0,0,0,0,0
10,2,0,1,1,0,0,0,0,4.931193320679919,5,0,0,0,0,0,0,0
17,3,0,2,1,0,0,0,0,3.708976346897577,4,0,0,0,0,0,0,0
21,0,0,0,1,0,0,0,0,2.4836700916581793,5,0,0,0,0,0,0,0
16,1,0,0,1,0,0,0,0,5.504517035138358,3,0,1,1,265.0802279691808,0,5.174088547369129,0
6,0,0,1,1,0,0,0,0,3.785634742311443,1,0,0,0,0,0,0,0
12,0,0,0,1,0,0,0,0,2.5458577101188244,3,0,1,1,273.7085916635091,0,8.37243534923142,0
8,2,0,0,1,0,0,0,0,3.2246595563665665,1,0,0,0,0,0,0,0
7,6,1,0,1,0,0,1,0,2.8762020850108767,6,0,0,0,0,0,0,0
16,4,0,0,1,0,0,0,0,5.944285988385678,3,0,0,0,0,0,0,0
11,2,0,3,1,0,0,0,0,3.293083728711888,1,0,1,1,74.12270954344464,0,10.672029767527217,0
7,1,0,0,1,0,0,0,0,3.3188641742418006,3,0,0,0,0,0,0,0
12,2,0,0,1,0,0,0,0,4.183927833135989,3,0,1,1,44.50574588076878,0,0.7786177900490368,0
0,1,0,1,1,0,0,0,0,3.1670103669927707,2,0,1,2,25.946526358662556,0,3.576458597633084,0
18,2,0,0,1,0,0,0,0,4.177499754409855,1,0,1,1,194.19666175620787,0,2.9885578863400424,0
16,1,0,0,1,0,0,0,0,3.44538394772775,1,0,1,1,236.9570865410314,0,5.568968474840382,0
19,2,0,0,1,0,0,0,0,4.156322678947449,5,0,0,0,0,0,0,0
19,2,0,0,1,0,0,0,0,5.030924356402952,3,0,0,0,0,0,0,0
12,0,0,0,1,0,0,0,0,2.2375501327295186,2,0,1,1,18.125570708327718,0,0.12044322996916335,0
20,4,0,0,1,0,0,0,0,4.873577291059292,1,0,0,0,0,0,0,0
10,5,1,2,1,0,0,0,0,4.0540316433288375,1,0,1,2,292.3688466155711,0,10.1934098132043,0
13,4,0,0,1,0,0,0,0,4.862277294649379,4,0,0,0,0,0,0,0
14,4,0,1,1,0,0,0,0,3.884724925373385,3,0,1,2,365.5969622363783,0,10.552957117682821,0
8,3,0,0,1,0,0,0,0,3.4124889765920123,1,1,0,0,0,0,0,0
4,0,0,6.812305440153234,1,0,0,1,1,5.8428564252693285,1,2,1,1,59.55501996996663,0,227.11893982216063,1
3,1,0,0,1,0,0,0,0,5.163756812385414,2,0,1,2,282.15560624527234,0,12.670839694635731,0
22,2,0,2,1,0,0,0,0,4.0026109263176135,2,0,0,0,0,0,0,0
9,4,0,1,1,0,0,1,0,2.0177251348117053,3,0,0,0,0,0,0,0
8,3,0,3,1,0,0,0,0,4.006132411497912,2,0,1,1,156.97534064080818,0,1.4877353821300985,0
13,3,0,0,1,0,0,0,0,5.466206224080227,2,0,1,1,276.8508502695932,0,6.177936450079333,0
17,1,0,0,1,0,0,0,0,4.89516641805719,3,0,1,1,206.51594120089416,0,12.26394559266764,0
9,3,0,1,1,0,0,0,0,2.6695719504236384,2,0,1,1,112.05935031365644,0,0.6904059005442749,0
16,5,1,0,1,0,0,0,0,2.134305103017123,3,0,0,0,0,0,0,0
14,1,0,1,1,0,0,0,0,2.3962251163810073,3,0,1,1,72.25335663390698,0,8.460714427176965,0
14,4,0,0,1,0,0,0,0,4.209344422470898,3,0,1,2,44.34856506895318,0,10.780040343444002,0
11,3,0,0,1,0,0,0,0,3.846793776206047,1,0,0,0,0,0,0,0
16,4,0,1,1,0,0,0,0,3.936522191053152,2,0,0,0,0,0,0,0
23,4,0,3,1,0,0,0,0,2.665244442415656,3,0,0,0,0,0,0,0
15,2,0,1,1,0,0,0,0,2.0156919244009077,6,0,1,1,314.13001294499315,0,0.2977189823344002,0
20,6,1,0,1,0,0,0,0,3.701837029921117,6,0,1,1,117.11207183954947,0,7.095597259426004,0
9,2,0,0,1,0,0,0,0,5.407980837606964,2,0,0,0,0,0,0,0
17,0,0,3,1,0,0,0,0,2.493885687767832,4,1,0,0,0,0,0,0
11,4,0,1,1,0,0,0,0,4.8241078664414,2,1,0,0,0,0,0,0
4,1,0,0,1,0,0,0,0,5.382160281301047,6,0,0,0,0,0,0,0
14,4,0,2,1,0,0,0,0,2.5036237526024,4,0,1,2,205.77988765074232,0,10.992202925708492,0
11,1,0,0,1,0,0,0,0,2.700387135347823,5,0,0,0,0,0,0,0
14,3,0,0,1,0,0,0,0,4.3809790587018895,1,2,1,2,151.8847485435647,0,3.0440282651365926,0
17,6,1,0,1,0,0,0,0,5.916290119072796,3,0,1,2,108.78496271400647,0,7.783594093398694,0
7,2,0,1,1,0,0,0,0,4.117158524349517,1,0,0,0,0,0,0,0
18,3,0,0,1,0,0,0,0,2.1284417975665133,6,0,1,2,191.90827039341397,0,12.488494400937517,0
19,4,0,1,1,0,0,0,0,4.910511972318659,2,0,0,0,0,0,0,0
13,2,0,0,1,0,0,0,0,5.086226311757164,2,0,1,2,145.0956273950839,0,3.624489842960726,0
21,5,1,0,1,0,1,0,0,3.4941556332614025,5,0,0,0,0,0,0,0
13,1,0,2,1,0,0,0,0,3.9882972453853918,3,0,1,2,331.0137832024026,0,5.0499708326865616,0
7,4,0,1,1,0,0,0,0,3.1156865827868403,4,0,1,1,225.36024305412687,0,11.76220319457326,0
18,0,0,0,1,0,1,0,0,4.589610034424702,5,0,0,0,0,0,0,0
16,4,0,1,1,0,0,0,0,5.321557055037381,1,0,0,0,0,0,0,0
8,4,0,0,1,0,0,0,0,2.5418277900092603,2,0,0,0,0,0,0,0
21,0,0,6.9557327191029,0,1,2,1,1,2.7621596449820305,1,0,1,1,0.10212857417329449,1,0.01644029516313945,1
16,1,0,1,1,0,0,0,0,4.248646366524861,2,0,0,0,0,0,0,0
12,3,0,0,1,0,0,0,0,4.159546458527467,2,0,0,0,0,0,0,0
7,0,0,0,1,0,0,0,0,3.688639867198736,1,0,1,1,388.8362537588566,0,0.1607343071994749,0
15,1,0,0,1,0,0,0,0,4.007310151853892,6,0,0,0,0,0,0,0
15,3,0,3,1,0,0,0,0,4.814392497806855,3,0,1,1,386.7573127337297,0,7.365180694190213,0
8,0,0,0,1,0,0,0,0,2.7460424639444785,4,0,0,0,0,0,0,0
23,2,0,0,1,0,0,0,0,3.6638290793802866,2,0,0,0,0,0,0,0
9,3,0,1,1,0,0,0,0,5.90171095352814,6,0,0,0,0,0,0,0
16,4,0,0,1,0,0,0,0,2.2157770023019063,1,0,1,1,197.66277527348143,0,12.213154036552597,0
19,1,0,1,1,0,0,1,0,5.849363695752844,1,0,1,1,293.9561155558042,0,4.176740098399069,0
17,2,0,0,1,0,0,0,0,5.921103073287346,5,0,0,0,0,0,0,0
18,2,0,4.8471308537102225,1,0,0,1,0,0.3159025791835566,10,20,0,0,0,0,0,1
21,0,0,0,1,0,0,0,0,2.0199884389514935,3,0,1,1,299.22850282119464,0,2.890911723738971,0
18,6,1,4.365841965699614,0,1,2,1,1,1.62328621065525,2,0,0,0,0,0,0,1
11,2,0,0,1,0,0,0,0,4.548352173750184,1,0,1,2,117.65427600075985,0,0.6348637174372069,0
22,4,0,7.020487935327777,0,1,1,1,1,2.440887805186035,1,0,1,1,0.007011297559176954,1,0.07361905241875376,1
14,0,0,0,1,0,0,0,0,2.1723558090749826,4,0,0,0,0,0,0,0
18,2,0,1,1,0,0,0,0,4.187138625069952,4,0,0,0,0,0,0,0
9,0,0,0,1,0,0,0,0,4.990343313521196,5,0,1,3,399.29767236858277,0,5.427857832848332,0
11,0,0,0,1,0,0,0,0,2.8784220819372766,1,0,0,0,0,0,0,0
15,2,0,0,1,0,0,1,1,4.784602024485007,2,0,1,1,181.96466913941953,0,5.816371361139076,0
8,1,0,2,1,0,0,0,0,3.5715495335018272,3,0,0,0,0,0,0,0
7,2,0,0,1,0,0,0,0,5.939469421513907,3,0,0,0,0,0,0,0
16,3,0,0,1,0,0,0,0,4.861306047970567,3,0,1,1,124.20719191386904,0,8.991928151405059,0
20,4,0,0,1,0,0,0,0,2.3825099848535354,2,0,0,0,0,0,0,0
11,3,0,0,1,0,1,0,0,2.764659754836131,2,0,0,0,0,0,0,0
10,3,0,0,1,0,0,0,0,3.616816042383433,2,0,1,2,43.98628584974818,0,1.785630038252257,0
17,3,0,0,1,0,0,0,0,2.839868797648604,1,0,0,0,0,0,0,0
11,0,0,0,1,0,0,0,0,5.05155558028504,2,0,1,1,126.37102981292323,0,3.1113761654237546,0
14,0,0,1,1,0,0,0,0,4.554497199552168,2,0,1,2,78.38839709676931,0,5.621800430608532,0
6,0,0,0,1,0,0,0,0,3.0698895634825516,3,0,0,0,0,0,0,0
18,0,0,2,1,0,0,0,0,3.0751501873844105,2,0,0,0,0,0,0,0
6,4,0,1,1,0,0,0,0,2.565260124486454,2,0,0,0,0,0,0,0
14,2,0,0,1,0,0,0,0,4.228174786846563,6,0,0,0,0,0,0,0
4,0,0,0,1,0,0,0,0,3.2136734062892742,4,1,0,0,0,0,0,0
8,0,0,1,1,0,0,0,0,2.7684572138387447,1,0,0,0,0,0,0,0
9,1,0,0,1,0,1,0,0,5.6267364477903365,2,2,0,0,0,0,0,0
11,3,0,0,1,0,0,0,0,3.085509647605721,3,0,0,0,0,0,0,0
21,0,0,1,1,0,0,0,0,4.342816183606269,1,0,1,1,306.31371125188963,0,5.038272058342517,0
0,1,0,7.741817650817363,1,0,0,1,1,3.7269375499287354,1,1,0,0,0,0,0,1
15,2,0,1,1,0,0,0,0,3.9632853403143447,4,0,0,0,0,0,0,0
9,3,0,0,1,0,0,0,0,2.9708058589462634,3,0,1,1,114.29327522141945,0,11.913750894675088,0
12,2,0,1,1,0,0,0,0,5.2813526748913215,5,0,0,0,0,0,0,0
19,5,1,2,1,0,0,0,0,5.94148669750904,5,0,1,1,348.6955649442205,0,8.702842855261835,0
7,2,0,1,1,0,0,0,0,2.3713385196932215,2,0,0,0,0,0,0,0
9,5,1,2,1,0,0,0,0,4.233489787941576,1,0,1,1,124.6944233532439,0,13.651850905219234,0
21,2,0,0,1,0,0,0,0,4.052831486156739,3,0,0,0,0,0,0,0
13,5,1,1,1,0,0,0,0,5.505860191561979,4,0,0,0,0,0,0,0
9,3,0,1,1,0,0,0,0,3.4236149613704505,3,0,1,1,260.49587888904387,0,2.912474782769367,0
14,2,0,0,1,0,1,0,0,2.220366336059416,2,0,0,0,0,0,0,0
8,4,0,0,1,0,0,1,0,5.166370918917686,2,0,0,0,0,0,0,0
15,2,0,0,1,0,0,0,0,2.491041331279039,2,0,1,3,53.56355568517379,1,4.880296547170939,0
18,4,0,2,1,0,0,0,0,2.950381890264818,4,0,0,0,0,0,0,0
12,4,0,3,1,0,0,0,0,4.024866838279211,5,0,0,0,0,0,0,0
13,1,0,0,1,0,0,0,0,4.225916326010861,2,0,1,3,136.86532154081465,0,4.796893588396745,0
12,4,0,0,1,0,0,0,0,5.8400064368928515,2,0,1,2,258.7758831485307,0,1.7622321013934055,0
17,3,0,2,1,0,0,0,0,2.9969737208659564,2,0,0,0,0,0,0,0
15,0,0,0,1,0,0,0,0,5.059772630822563,1,0,0,0,0,0,0,0
20,3,0,0,1,0,0,0,0,2.312769838032356,3,0,0,0,0,0,0,0
13,4,0,0,1,0,0,0,0,2.1456506006504945,1,0,1,1,22.713107860185136,0,4.820940248430566,0
15,4,0,1,1,0,0,0,0,3.359087704190438,1,0,0,0,0,0,0,0
17,3,0,3,1,0,0,0,0,4.369425939684065,2,0,0,0,0,0,0,0
8,4,0,1,1,0,0,0,0,3.0996001774206245,4,1,0,0,0,0,0,0
10,2,0,0,1,0,0,0,0,2.218276524061012,5,1,0,0,0,0,0,0
10,1,0,0,1,0,0,0,0,5.876312655041087,3,0,1,1,38.797639509455614,0,1.0498024444240646,0
12,2,0,1,1,0,0,0,0,3.9828498857710604,4,0,1,1,254.37347114412543,1,8.639319520420598,0
11,6,1,2,1,0,0,0,0,2.77330671806452,1,0,0,0,0,0,0,0
21,4,0,0,1,0,0,0,0,5.329615320560884,2,0,0,0,0,0,0,0
8,2,0,1,1,0,0,1,0,5.758594076818979,3,0,1,2,376.847829263363,0,3.407425801206341,0
17,0,0,3,1,0,0,0,0,2.262315401559776,2,0,1,1,161.78497420260373,0,6.717473626689003,0
16,0,0,0,1,0,0,0,0,4.615433638299802,2,0,0,0,0,0,0,0
11,0,0,0,1,0,0,0,0,3.8526544728480725,5,0,0,0,0,0,0,0
13,0,0,1,1,0,0,1,1,4.9560656559949035,4,0,1,1,280.74478295438246,0,11.467786609100074,0
14,0,0,0,1,0,0,0,0,2.3953383943978577,5,0,0,0,0,0,0,0
10,2,0,0,1,0,0,0,0,4.357869791390156,2,0,0,0,0,0,0,0
17,2,0,0,1,0,0,0,0,3.784264105635639,1,0,1,1,266.4978473556124,0,10.961980783865249,0
14,4,0,0,1,0,0,0,0,2.8269454651072854,2,0,0,0,0,0,0,0
21,3,0,0,1,0,0,0,0,5.7661480976169095,5,0,0,0,0,0,0,0
9,1,0,0,1,0,0,0,0,5.847233243887141,2,0,0,0,0,0,0,0
22,1,0,0,1,0,0,0,0,4.481295388807586,2,0,0,0,0,0,0,0
10,3,0,1,1,0,0,0,0,3.8699636070762216,3,0,0,0,0,0,0,0
14,0,0,0,1,0,0,0,0,5.25859290591159,2,0,0,0,0,0,0,0
17,5,1,0,1,0,0,0,0,4.453424527657512,1,0,1,1,293.4907987168646,0,4.719362519623198,0
16,4,0,0,1,0,0,0,0,3.4899114417969352,3,0,0,0,0,0,0,0
10,1,0,1,1,0,0,0,0,3.799887742189888,3,0,1,1,378.1346444546636,0,11.34561938959266,0
15,4,0,0,1,0,0,0,0,5.397276168468,3,0,1,1,141.80141590314994,0,1.2742714576577296,0
10,6,1,0,1,0,0,0,0,5.2971849391574946,2,0,1,1,33.57643399213405,0,11.320168481497287,0
7,3,0,0,1,0,0,0,0,4.280498745190451,5,0,0,0,0,0,0,0
10,1,0,0,1,0,0,1,0,5.849646437388449,4,0,1,1,193.1899567995414,0,6.241549115694735,0
23,0,0,0,1,0,0,1,1,3.46421081275179,5,0,1,1,259.7013965097108,0,0.07840100984841625,0
12,4,0,0,1,0,0,0,0,4.429022628349065,4,0,1,1,314.6857724240534,0,8.609905704763522,0
10,2,0,1,1,0,0,0,0,3.664261419742172,3,0,0,0,0,0,0,0
9,3,0,1,1,0,0,0,0,3.7197016944419956,3,0,0,0,0,0,0,0
17,2,0,2,1,0,0,0,0,4.547570838193387,3,0,1,1,21.48662333734059,0,7.489590542836728,0
13,4,0,0,1,0,0,0,0,2.3139678621561433,1,0,0,0,0,0,0,0
9,3,0,0,1,0,0,0,0,2.37414820247676,2,0,0,0,0,0,0,0
13,3,0,1,1,0,0,1,0,2.824039529611266,2,1,0,0,0,0,0,0
2,6,1,2,1,0,0,0,0,5.960399999673737,5,0,0,0,0,0,0,0
5,0,0,4.297047209441926,0,0,0,1,1,2.7036802010341012,3,5,1,1,0.12257882743291156,1,0.1374285781248402,1
12,1,0,0,1,0,0,0,0,5.858666060504573,3,0,0,0,0,0,0,0
8,0,0,0,1,0,0,0,0,4.759131435107778,1,0,1,2,164.4938775155441,0,5.857624665214205,0
8,3,0,0,1,0,0,0,0,5.554602967432293,1,0,0,0,0,0,0,0
19,4,0,0,1,0,0,0,0,2.610281636282225,2,0,1,1,102.78114998235404,0,12.235658692347101,0
8,1,0,1,1,0,0,0,0,3.799519070260913,4,0,1,1,365.13209291246295,0,0.8803200614407338,0
10,2,0,2,1,0,0,0,0,3.8265528715937593,3,0,0,0,0,0,0,0
7,3,0,0,1,0,0,0,0,3.948505677234388,4,0,0,0,0,0,0,0
11,2,0,0,1,0,0,0,0,3.1746833745325764,1,0,1,1,371.5799420168208,0,0.007052903751901596,0
12,5,1,0,1,0,0,1,0,4.053506024020734,5,0,0,0,0,0,0,0
2,2,0,0,1,0,0,0,0,3.302338908827136,2,0,0,0,0,0,0,0
13,3,0,0,1,0,0,0,0,2.9821320396148963,2,0,1,1,132.21502634982906,0,6.7499982608752065,0
13,3,0,0,1,0,0,0,0,2.464960088738657,2,0,0,0,0,0,0,0
10,0,0,3.940552061170727,0,1,5,1,1,0.951456250966352,1,1,0,0,0,0,0,1
10,0,0,3,1,0,0,0,0,5.060924913534579,2,0,0,0,0,0,0,0
7,1,0,0,1,0,0,0,0,2.3908975740174028,3,0,1,1,15.72565170282466,1,8.990254004060892,0
20,3,0,2,1,0,0,0,0,3.628991721292368,4,0,1,2,144.27183946767732,0,5.536951705823639,0
1,0,0,2,1,0,0,0,0,2.135644136410951,3,0,1,1,390.35360330050383,0,9.679690029552566,0
18,2,0,0,1,0,0,0,0,5.211475353834661,1,1,1,1,297.02122025398467,0,1.4520435874665354,0
7,2,0,2,1,0,0,0,0,3.131425570412686,4,0,1,2,110.99995548806314,0,13.180637086181909,0
8,4,0,0,1,0,0,1,0,5.701171460175811,3,0,0,0,0,0,0,0
11,0,0,0,1,0,0,0,0,2.0011524917073547,1,0,0,0,0,0,0,0
9,1,0,2,1,0,0,0,0,2.038030247077325,3,0,1,1,143.29786147317557,0,11.040324666761567,0
9,1,0,0,1,0,0,0,0,4.102308139086553,1,0,0,0,0,0,0,0
11,6,1,0,1,0,0,0,0,4.580035791312747,3,0,1,3,154.72473021238827,0,1.2596150182147583,0
18,2,0,2,1,0,0,0,0,2.5175424523421723,4,2,1,2,27.203524677900596,0,7.6822630716700555,0
20,4,0,0,1,0,0,0,0,4.668052981840738,2,0,1,1,68.56616741702521,0,0.09279526136125904,0
11,5,1,0,1,0,0,1,0,4.626348629010355,4,0,0,0,0,0,0,0
9,0,0,0,1,0,0,0,0,5.4807034814777005,3,0,0,0,0,0,0,0
14,4,0,0,1,0,0,0,0,4.4899475418514365,3,0,0,0,0,0,0,0
11,4,0,0,1,0,0,0,0,3.482466755610341,2,0,0,0,0,0,0,0
17,1,0,0,1,0,0,0,0,2.2218739419036693,1,0,1,1,319.0155960786036,0,8.384478559884963,0
9,3,0,0,1,0,0,0,0,5.792524456471777,2,0,0,0,0,0,0,0
12,2,0,0,1,0,0,0,0,5.315498435531836,1,0,1,1,120.64849193467829,0,10.655953090496538,0
18,4,0,0,1,0,0,0,0,4.149421476724097,2,0,0,0,0,0,0,0
2,6,1,1,1,0,0,0,0,5.419763669239805,3,0,0,0,0,0,0,0
9,3,0,0,1,0,0,0,0,4.492160739758704,2,0,0,0,0,0,0,0
15,0,0,0,1,0,0,0,0,4.309757769613322,3,0,1,2,77.19817089100978,0,7.564236106889796,0
15,0,0,0,1,0,1,0,0,4.007185108639858,1,0,1,1,298.3208728044742,0,2.3777802986412224,0
13,1,0,3,1,0,0,0,0,5.723303618999813,4,0,1,1,124.73544736292152,0,9.74500784006377,0
15,0,0,3,1,0,0,0,0,2.6636157985380517,4,0,1,2,354.4970505397421,0,0.4560420506663587,0
9,3,0,0,1,0,0,0,0,4.5695876614534265,1,0,0,0,0,0,0,0
8,3,0,0.8338437021494283,1,0,0,0,0,-1.9732557048227777,20,20,0,0,0,0,0,1
6,6,1,0,1,0,0,0,0,4.365800740211645,5,0,0,0,0,0,0,0
14,0,0,0,1,0,0,0,0,5.442171649780548,2,1,0,0,0,0,0,0
16,6,1,0,1,0,0,0,0,5.043923749771604,2,0,0,0,0,0,0,0
16,0,0,0,1,0,0,0,0,2.2007823926426626,1,0,0,0,0,0,0,0
10,0,0,1,1,0,0,0,0,5.432032039654029,6,0,1,1,156.22182922779896,0,12.094734445646724,0
8,1,0,3.1826833781587034,0,1,2,1,1,0.8068258001995412,2,1,0,0,0,0,0,1
7,3,0,0,1,0,0,0,0,4.046142143367665,3,0,1,3,275.93517199418596,0,2.87295646984266,0
9,5,1,3.165510651884869,1,0,0,0,0,-1.481898792357034,50,10,0,0,0,0,0,1
12,4,0,0,1,0,0,0,0,2.356844308041556,1,0,0,0,0,0,0,0
14,1,0,0,1,0,0,0,0,5.90427604565676,2,0,0,0,0,0,0,0
18,2,0,3,1,0,0,0,0,4.746302263946738,2,2,1,1,163.123099713494,0,3.1740179302948635,0
3,0,0,3,1,0,0,0,0,4.5384239820135726,2,0,1,2,172.10357086136113,0,13.654380583958845,0
9,2,0,0,1,0,0,0,0,3.40154538629877,6,0,1,1,368.39192983333913,0,7.555275089291691,0
10,2,0,0,1,0,0,0,0,2.0514667619866658,2,1,0,0,0,0,0,0
12,2,0,1,1,0,0,0,0,2.7788649334772306,3,0,0,0,0,0,0,0
16,1,0,0,1,0,0,0,0,2.0727128765948177,4,0,1,2,223.88087731917585,0,6.9414129022324715,0
13,4,0,2,1,0,0,0,0,3.3640675207250776,3,0,1,1,219.11424080254832,0,7.615783005160133,0
16,1,0,0,1,0,0,1,0,4.087940346416543,4,0,0,0,0,0,0,0
11,4,0,0,1,0,0,0,0,4.282593716529739,3,0,0,0,0,0,0,0
20,2,0,0,1,0,0,0,0,2.9054516466442473,2,0,1,1,265.0761100072952,0,10.289653986050006,0
7,3,0,1,1,0,0,0,0,2.8274049953995934,3,1,0,0,0,0,0,0
12,4,0,0,1,0,0,0,0,3.9638901682547005,2,0,1,1,164.38219595339334,0,5.9965775619982695,0
1,5,1,0,1,0,0,0,0,4.28919320394192,2,0,1,1,231.95851476640257,0,11.029792317754245,0
8,5,1,0,1,0,0,0,0,5.621847530191145,2,0,0,0,0,0,0,0
22,3,0,7.117486449405168,1,0,0,1,1,2.7146402964718845,1,0,0,0,0,0,0,1
10,2,0,1,1,0,0,0,0,2.7872373117658475,5,0,1,1,289.1891398735645,0,10.77651297689778,0
2,5,1,2,1,0,0,0,0,2.233480693195143,2,0,1,1,74.46546321457629,0,1.6478274922724467,0
13,4,0,2,1,0,0,0,0,5.592300540347765,2,0,0,0,0,0,0,0
7,3,0,6.482205684833688,0,1,1,1,0,0.913947887597875,1,0,1,1,0.04133039382389048,1,0.10651855464354931,1
10,3,0,0,1,0,0,0,0,3.4623618898248885,1,0,1,1,99.9615525939739,0,1.83720642680153,0
2,2,0,1,1,0,1,0,0,5.3068308791666965,1,0,1,2,128.9260754339963,0,2.7501981459877625,0
13,4,0,2,1,0,0,0,0,3.6362865322290836,1,1,1,2,369.3760450298696,0,12.281016062662133,0
17,0,0,0,1,0,0,0,0,5.162963353603455,4,0,1,2,21.055724894263214,0,1.9331973521259904,0
15,0,0,1,1,0,0,0,0,2.9552684189271887,5,0,1,1,333.8108726972195,0,4.411033335095072,0
13,3,0,0,1,0,0,0,0,3.6357581220575828,2,0,0,0,0,0,0,0
10,3,0,0,1,0,0,0,0,3.9003078679939023,3,0,0,0,0,0,0,0
16,2,0,2.0094052080968225,0,1,2,1,1,-0.9610493236041031,1,0,0,0,0,0,0,1
14,2,0,2,1,0,0,0,0,4.924604218462786,2,0,0,0,0,0,0,0
8,3,0,0,1,0,0,0,0,3.023695713748179,4,0,1,1,56.91812808515603,0,4.21611672420708,0
14,2,0,0,1,0,0,0,0,5.583479861056978,1,0,1,2,347.5724888829141,0,0.9883748757276083,0
15,1,0,0,1,0,0,0,0,4.353217035651488,1,0,0,0,0,0,0,0
12,3,0,0,1,0,0,0,0,3.982885300399343,1,0,1,1,227.17929461078234,0,6.056216783516638,0
23,3,0,4.5460967660963245,1,0,0,1,1,5.969828736669134,1,1,0,0,0,0,0,1
13,4,0,0,1,0,0,0,0,3.331372624708241,3,0,0,0,0,0,0,0
17,4,0,0,1,0,0,0,0,5.280135966488713,3,0,1,2,61.34302536353909,0,5.849391711640325,0
10,4,0,1,1,0,1,0,0,2.664398987956567,4,0,0,0,0,0,0,0
9,1,0,1,1,0,0,0,0,5.630571560152621,3,1,0,0,0,0,0,0
7,2,0,0,1,0,0,0,0,2.472976061527687,4,1,1,1,96.89445968171263,0,10.500854281704743,0
16,3,0,1,1,0,0,0,0,5.19545838937519,3,1,0,0,0,0,0,0
12,0,0,0,1,0,0,0,0,4.474000137600734,3,0,0,0,0,0,0,0
8,1,0,1,1,0,0,0,0,5.421644225676126,3,0,1,1,241.30085829314336,0,5.742119119958989,0
17,0,0,0,1,0,0,0,0,2.081551256412431,4,0,0,0,0,0,0,0
10,2,0,1,1,0,0,0,0,2.234288540310957,4,0,0,0,0,0,0,0
11,0,0,2,1,0,0,0,0,4.509159109261542,6,0,0,0,0,0,0,0
15,2,0,0,1,0,0,0,0,5.491646696918062,1,0,1,2,340.05204067493196,0,8.580247259298213,0
11,4,0,0,1,0,0,0,0,5.196773615223804,2,0,1,1,18.31177350993451,0,8.360610281613747,0
18,1,0,0,1,0,0,0,0,5.729709957070819,1,0,0,0,0,0,0,0
17,0,0,2,1,0,0,0,0,3.9530783829123264,3,0,1,1,387.24744696582525,0,0.30557818716439833,0
16,0,0,1,1,0,0,0,0,2.171274151439447,5,0,1,2,346.4205604559361,0,2.7560019719745474,0
10,1,0,0,1,0,0,0,0,3.729240967107519,2,0,0,0,0,0,0,0
10,0,0,0,1,0,0,0,0,2.3120114360467334,2,0,1,1,351.09680533955657,0,4.557584763452105,0
17,1,0,1,1,0,0,0,0,2.1927381291078154,2,0,1,1,267.0155721850752,0,0.28811203854152834,0
8,1,0,1,1,0,0,0,0,4.477539009092737,6,0,0,0,0,0,0,0
8,2,0,0,1,0,0,0,0,2.8852879424427424,2,0,1,2,68.13977361496806,0,13.831625359845145,0
16,4,0,0,1,0,0,0,0,3.409705669588219,5,0,0,0,0,0,0,0
6,0,0,0,1,0,0,0,0,2.002879314896998,3,0,0,0,0,0,0,0
15,5,1,0,1,0,0,0,0,2.916113653730391,5,0,0,0,0,0,0,0
16,0,0,3,1,0,0,0,0,3.1827862808949976,5,0,0,0,0,0,0,0
16,4,0,0,1,0,0,0,0,4.343923772798538,3,0,1,2,203.91004514477194,0,1.4687544469215414,0
7,1,0,2,1,0,0,0,0,2.065368111741255,1,1,1,1,240.1500063182962,0,8.914491119871133,0
10,3,0,1,1,0,0,0,0,3.535436882250281,1,0,0,0,0,0,0,0
0,3,0,0,1,0,0,0,0,2.147671948068112,4,0,1,1,30.617729161758255,0,2.6154631454490085,0
16,0,0,0,1,0,0,0,0,4.332262197113952,4,0,0,0,0,0,0,0
13,1,0,0,1,0,0,0,0,4.2571620643300285,4,0,1,1,98.743426024238,0,6.479644359304768,0
15,6,1,1,1,0,0,0,0,2.994938396930804,5,0,0,0,0,0,0,0
13,5,1,1,1,0,0,0,0,5.127652953306086,2,0,0,0,0,0,0,0
9,4,0,0,1,0,0,0,0,4.269535790750178,4,0,1,1,271.28174570866565,0,4.2058388263581215,0
13,4,0,2,1,0,0,0,0,2.0420800290867316,6,0,1,1,81.88101634174939,0,9.134420576210466,0
13,1,0,0,1,0,0,0,0,3.3145226656915106,4,0,1,1,280.9980079997036,0,5.437580470806272,0
15,2,0,1,1,0,0,0,0,5.710316309580596,1,0,1,2,229.7623047865808,0,12.193219413950793,0
16,2,0,3,1,0,0,0,0,2.9555983607377807,1,0,0,0,0,0,0,0
16,3,0,0,1,0,0,0,0,5.961007310990458,1,0,1,2,94.41928523626686,0,2.960828226299271,0
11,1,0,0,1,0,0,0,0,5.309680214934761,3,0,0,0,0,0,0,0
11,6,1,0,1,0,0,0,0,4.108551984467676,3,0,0,0,0,0,0,0
15,3,0,0,1,0,0,0,0,5.577985045528834,3,0,1,1,333.65278394591235,0,1.669351547182689,0
1,3,0,0,1,0,0,0,0,2.8723359623948683,3,0,0,0,0,0,0,0
10,1,0,1,1,0,0,0,0,2.289431328615908,1,0,1,2,372.62453822742197,0,12.65163190497736,0
19,0,0,0,1,0,0,0,0,4.3542850891351,1,0,0,0,0,0,0,0
15,3,0,1,1,0,0,1,0,5.303618628886806,5,1,0,0,0,0,0,0
15,2,0,2,1,0,0,0,0,3.8540774655546786,1,0,0,0,0,0,0,0
17,0,0,0,1,0,0,0,0,4.750169079943969,2,0,0,0,0,0,0,0
16,3,0,0,1,0,0,0,0,2.6451754421853755,5,0,0,0,0,0,0,0
9,2,0,0,1,0,0,0,0,3.3350273535047963,3,0,0,0,0,0,0,0
10,4,0,0,1,0,0,0,0,5.93589187535404,3,0,1,1,87.66201616310858,0,2.1072815709535915,0
11,3,0,2,1,0,0,0,0,3.8953044269966535,3,0,1,1,80.38606351508624,0,5.363032812032534,0
9,2,0,0,1,0,0,0,0,5.875524809552049,5,0,1,2,344.8487285097762,0,1.2819090888559728,0
8,0,0,0,1,0,0,0,0,4.706084937252596,1,0,1,2,239.345156728067,0,6.022245404372089,0
1,1,0,2,1,0,0,1,1,3.945350524583371,1,0,0,0,0,0,0,0
23,1,0,0,1,0,0,0,0,5.384316064071173,2,0,1,1,235.24150347053978,0,5.866665192012643,0
20,2,0,0,1,0,0,0,0,3.108042059239094,2,0,1,2,102.33687212370418,0,8.112248436521345,0
17,2,0,2,1,0,0,0,0,3.222866421865015,3,0,0,0,0,0,0,0
13,1,0,0,1,0,0,0,0,5.944830972989068,2,0,1,1,48.636305549995825,0,2.4538977425236075,0
16,0,0,0,1,0,0,0,0,4.457115194180596,5,0,1,3,179.17256397090728,0,5.9921553936581216,0
0,3,0,3.1501616573471614,1,0,0,0,0,-1.0222985055069316,20,10,0,0,0,0,0,1
11,3,0,0,1,0,0,0,0,5.093546345763025,1,0,0,0,0,0,0,0
20,4,0,0,1,0,0,0,0,2.2624079724338175,2,0,0,0,0,0,0,0
9,2,0,0,1,0,1,0,0,2.453965147589488,1,0,0,0,0,0,0,0
23,3,0,1,1,0,0,0,0,3.0383263945105905,3,0,1,1,151.611821380177,0,9.661309567522395,0
15,2,0,0,1,0,1,0,0,2.572300692354309,3,0,1,1,345.72635393418204,0,12.707814783119398,0
6,2,0,3,1,0,0,1,0,2.5742061528843427,5,0,1,1,374.176645804359,0,1.466716087882155,0
11,6,1,0,1,0,0,0,0,3.070044293639817,4,0,0,0,0,0,0,0
1,4,0,10.895341969409635,1,0,0,0,0,2.0091787073762126,1,1,0,0,0,0,0,1
2,2,0,0,1,0,0,0,0,4.096151982932627,5,0,0,0,0,0,0,0
9,0,0,0,1,0,0,0,0,2.8946818872927684,5,0,0,0,0,0,0,0
12,3,0,0,1,0,0,1,0,3.964139444902902,1,0,0,0,0,0,0,0
13,2,0,0,1,0,0,0,0,2.8948290998502118,1,0,0,0,0,0,0,0
14,3,0,3,1,0,0,0,0,3.541501103433016,3,0,0,0,0,0,0,0
14,0,0,1,1,0,0,0,0,2.299460969907939,3,0,1,1,99.96471794315642,0,5.64587790846412,0
19,1,0,1,1,0,0,0,0,2.4291380353014356,3,0,1,1,235.62279326060317,0,7.060862479286584,0
16,3,0,1,1,0,0,0,0,2.524785371165244,2,0,0,0,0,0,0,0
14,0,0,0,1,0,0,0,0,3.7172959964294883,1,0,1,1,315.13514102770944,0,9.198895466289704,0
16,0,0,0,1,0,0,0,0,4.16837490581759,1,0,0,0,0,0,0,0
9,4,0,0,1,0,0,0,0,3.865537131206744,2,0,0,0,0,0,0,0
9,4,0,0,1,0,0,0,0,2.6759389675605885,2,0,0,0,0,0,0,0
0,2,0,0,1,0,0,0,0,2.8769969953569836,4,0,1,2,133.40416225582237,0,6.280397077805736,0
18,4,0,0,1,0,0,0,0,4.681016715067767,1,0,0,0,0,0,0,0
15,2,0,0,1,0,0,0,0,4.806279633991213,4,0,0,0,0,0,0,0
13,1,0,1,1,0,0,0,0,5.533822572229033,3,0,0,0,0,0,0,0
23,1,0,0,1,0,0,0,0,4.415495540442469,2,0,0,0,0,0,0,0
14,4,0,1,1,0,1,0,0,4.620551928001128,1,0,0,0,0,0,0,0
9,0,0,0,1,0,0,0,0,4.31573586729473,2,0,0,0,0,0,0,0
14,2,0,0,1,0,0,1,0,2.2071955007521926,3,0,0,0,0,0,0,0
15,3,0,3,1,0,0,0,0,2.5332116369209694,3,0,0,0,0,0,0,0
15,0,0,0,1,0,0,0,0,5.545659038962624,4,0,1,1,38.65458780153516,0,8.073123445998576,0
9,1,0,0,1,0,0,0,0,4.9818289539287255,6,0,1,1,146.86642747019744,0,11.936546616370483,0
6,0,0,0,1,0,0,0,0,4.643421015748679,3,0,0,0,0,0,0,0
11,0,0,0,1,0,0,0,0,5.007816485622088,2,0,0,0,0,0,0,0
6,2,0,0,1,0,0,0,0,4.579113824163198,2,2,1,1,196.44648555025228,0,12.248132217647692,0
7,1,0,0,1,0,0,0,0,4.537008729084958,3,1,1,1,104.4269471917988,0,8.735115282208875,0
10,0,0,0,1,0,0,0,0,3.0579554670120728,3,1,1,1,37.05209815485526,0,12.475692347949925,0
15,6,1,0,1,0,0,0,0,5.498456077310924,4,0,0,0,0,0,0,0
14,5,1,0,1,0,0,0,0,3.3560071312525963,2,0,0,0,0,0,0,0
19,6,1,1,1,0,1,0,0,3.7654403009752833,4,1,0,0,0,0,0,0
9,5,1,0,1,0,0,0,0,2.06847804234536,2,0,0,0,0,0,0,0
10,0,0,3,1,0,0,0,0,4.247364914463343,4,0,0,0,0,0,0,0
16,1,0,0,1,0,0,0,0,2.9052584851036967,1,0,1,2,113.89503910768796,0,13.954666054934638,0
8,4,0,3,1,0,0,0,0,2.012790841886961,1,0,0,0,0,0,0,0
10,2,0,0,1,0,0,0,0,4.089920411181037,3,0,1,1,215.97497886731637,0,8.59599749243211,0
11,3,0,0,1,0,0,0,0,4.521245360651747,2,0,1,1,247.7748540526656,0,11.629138086592457,0
10,1,0,2,1,0,0,0,0,2.587581209188316,4,1,0,0,0,0,0,0
16,0,0,3,1,0,0,0,0,3.7927155731710664,6,0,1,1,109.11319786503773,0,11.683704011621584,0
15,0,0,0,1,0,0,0,0,4.907758535671978,1,0,0,0,0,0,0,0
12,0,0,0,1,0,0,0,0,4.859436062877237,2,0,0,0,0,0,0,0
19,1,0,1,1,0,0,0,0,3.8847396376949326,1,0,0,0,0,0,0,0
14,4,0,0,1,0,0,0,0,3.301153195790074,3,0,0,0,0,0,0,0
6,2,0,1,1,0,0,0,0,2.3149139678280344,2,0,1,1,97.92002567756857,0,13.602227988691741,0
13,1,0,0,1,0,0,0,0,3.1506510159182617,2,0,0,0,0,0,0,0
3,3,0,9.617598251830232,1,0,0,1,1,4.375139296969252,2,0,0,0,0,0,0,1
18,5,1,1,1,0,0,0,0,2.8478429983182982,3,0,0,0,0,0,0,0
8,2,0,3,1,0,0,0,0,3.641285912269663,5,0,0,0,0,0,0,0
16,4,0,0,1,0,0,0,0,2.7507433408615767,1,0,1,1,284.3824992241451,0,6.231062348222463,0
20,2,0,0,1,0,0,0,0,4.073165036670488,4,0,0,0,0,0,0,0
13,2,0,2,1,0,0,0,0,2.564969249343346,3,0,1,2,326.5435587560766,0,6.8274451318155265,0
14,3,0,0,1,0,0,0,0,3.875789074606961,3,0,1,1,138.42993462232744,0,0.7521113661723267,0
3,0,0,1,1,0,0,0,0,3.2618395152826203,3,0,0,0,0,0,0,0
13,0,0,0,1,0,0,0,0,3.328931994696625,1,0,1,2,129.4371516723058,0,10.608405832072243,0
12,5,1,1,1,0,0,0,0,3.70793359554474,5,0,0,0,0,0,0,0
17,2,0,0,1,0,0,0,0,3.3212254263327594,1,0,0,0,0,0,0,0
17,6,1,0,1,0,0,0,0,2.447166415584355,2,1,1,1,26.620093056758407,0,10.898925131669511,0
13,3,0,1,1,0,0,0,0,4.274439517660854,3,0,0,0,0,0,0,0
14,0,0,0,1,0,0,0,0,2.3891689079677505,1,2,0,0,0,0,0,0
17,4,0,1,1,0,0,0,0,5.9395604994105256,4,0,1,1,360.3548118465801,0,5.465760756109532,0
8,5,1,0,1,0,0,0,0,5.251610994093952,1,0,0,0,0,0,0,0
17,3,0,0,1,0,0,0,0,4.23980268891918,4,0,1,1,81.43053523257443,0,1.9069803766247166,0
10,6,1,3,1,0,0,0,0,4.190452677764219,3,0,0,0,0,0,0,0
10,0,0,1,1,0,0,0,0,3.7044642915321817,3,0,0,0,0,0,0,0
8,1,0,0,1,0,0,0,0,5.7835059894241745,4,0,0,0,0,0,0,0
9,3,0,0,1,0,0,0,0,5.914392489399864,1,0,1,1,225.517014411141,0,0.06223786001619147,0
18,2,0,1,1,0,0,0,0,3.3446061638318247,3,0,1,2,78.6419610855263,0,3.455457365340505,0
18,1,0,0,1,0,0,0,0,5.545108546837875,3,0,1,1,399.5135640089461,0,9.1279704861574,0
10,1,0,0,1,0,0,0,0,4.492424562054152,2,0,0,0,0,0,0,0
13,0,0,0,1,0,0,0,0,4.117720071813397,5,0,0,0,0,0,0,0
10,1,0,0,1,0,0,0,0,5.8739647893030025,2,0,0,0,0,0,0,0
17,0,0,0,1,0,0,0,0,2.934971211561655,1,0,0,0,0,0,0,0
18,4,0,1,1,0,0,0,0,5.968104983176104,2,0,0,0,0,0,0,0
17,3,0,1,1,0,0,0,0,4.105573358936696,3,0,0,0,0,0,0,0
9,4,0,1,1,0,1,0,0,4.087695066799488,2,0,0,0,0,0,0,0
3,0,0,11.37750990938496,1,0,0,0,0,4.765950892432228,1,3,1,1,46.390853991796575,1,255.86113265296524,1
16,4,0,0,1,0,0,0,0,2.747740812463276,3,0,0,0,0,0,0,0
9,3,0,0,1,0,0,0,0,3.354104638391832,5,0,0,0,0,0,0,0
15,4,0,0,1,0,0,0,0,3.13285658693887,2,0,1,1,309.6287603862739,0,4.07666717437788,0
8,1,0,0,1,0,0,0,0,4.1148507200534405,5,0,0,0,0,0,0,0
10,6,1,0,1,0,0,1,1,5.660794288299243,1,0,1,2,307.27210427840436,0,8.290434229675407,0
21,5,1,0,1,0,1,0,0,4.000766047325125,5,0,0,0,0,0,0,0
15,1,0,0,1,0,0,0,0,2.124554004136379,2,0,1,1,130.64066266638469,0,1.488204409575325,0
14,6,1,0,1,0,0,0,0,3.9996157086430593,3,0,1,1,71.57152325328988,0,12.291432507176475,0
18,0,0,0,1,0,0,0,0,4.627963796938683,6,0,0,0,0,0,0,0
9,3,0,1,1,0,0,0,0,3.6999279757130865,2,0,1,1,119.0570488477148,0,8.742186081925318,0
17,6,1,5.357142426777988,1,0,0,1,0,-1.9733438933496052,20,10,1,1,51.729254784207455,1,78.52202580281306,1
20,5,1,1.9612984948246504,1,0,0,0,0,-0.01111386782328716,20,15,0,0,0,0,0,1
15,1,0,2,1,0,0,0,0,4.040231856548203,6,0,0,0,0,0,0,0
9,1,0,1,1,0,0,0,0,3.146223477306012,3,0,0,0,0,0,0,0
13,3,0,0,1,0,0,0,0,5.492540233950933,1,0,1,1,231.76912679756128,0,7.66708948195304,0
17,0,0,0,1,0,0,0,0,4.953570747702294,6,2,1,1,33.55155405046128,0,12.928194135476486,0
9,3,0,0,1,0,1,0,0,2.6949503883603536,1,0,0,0,0,0,0,0
11,3,0,0,1,0,0,0,0,4.065620165107333,2,0,0,0,0,0,0,0
0,1,0,1,1,0,0,0,0,3.610319410460724,4,0,0,0,0,0,0,0
17,3,0,0,1,0,0,0,0,3.512955047927463,6,0,1,2,278.9049851462129,0,3.2829512082366112,0
9,0,0,0,1,0,0,0,0,5.276390716007526,3,0,0,0,0,0,0,0
9,0,0,0,1,0,0,0,0,3.4784636989081776,3,0,1,1,146.15847678080135,0,9.275157664790822,0
9,3,0,0,1,0,0,0,0,3.94226731863625,2,0,1,2,266.13564758606447,0,0.18972875504717757,0
19,4,0,1,1,0,0,0,0,5.123719810551208,4,0,0,0,0,0,0,0
18,5,1,0,1,0,0,1,1,3.8928238042096606,1,0,1,1,299.12914316868313,0,3.604489316053487,0
18,0,0,1,1,0,0,0,0,2.2012196715167955,5,0,1,2,320.76629863765817,0,11.883463129882472,0
17,3,0,1,1,0,0,0,0,4.389989257307966,4,0,1,1,155.69358199306407,0,0.9801322490249567,0
18,0,0,1,1,0,0,0,0,5.148237905226459,2,0,0,0,0,0,0,0
13,3,0,2,1,0,0,0,0,5.7639705630750075,1,0,1,2,396.45133202334716,0,0.920158479952103,0
15,2,0,0,1,0,0,0,0,3.42681594834559,2,0,1,1,50.79046942157789,0,2.852880760245303,0
13,4,0,2,1,0,0,0,0,5.356231632782336,3,0,1,2,34.5274377777251,0,0.6389878529534434,0
10,0,0,1,1,0,0,0,0,3.947265701008517,5,0,1,1,37.47426450051803,0,12.78893916450709,0
1,5,1,8.19287138636728,1,0,0,1,1,4.168304186442326,2,0,1,1,89.38491427595943,0,235.1784601801366,1
10,2,0,1,1,0,0,0,0,5.9978988647115,2,0,0,0,0,0,0,0
8,1,0,0,1,0,0,0,0,2.4202522413353864,2,0,0,0,0,0,0,0
13,0,0,3,1,0,0,0,0,2.0768486351582545,2,0,0,0,0,0,0,0
14,4,0,0,1,0,0,0,0,2.987349163232693,5,0,1,1,43.879896915504744,0,9.091494507976968,0
13,4,0,0,1,0,0,1,1,4.7915278114286535,2,0,1,2,289.6657881739874,0,10.495351335636144,0
9,2,0,0,1,0,0,0,0,2.9454410086830576,3,0,0,0,0,0,0,0
9,4,0,1,1,0,0,0,0,4.96557616912898,4,0,0,0,0,0,0,0
16,1,0,2,1,0,0,0,0,5.654307735194394,1,0,1,1,75.05461524907113,0,12.560641729219224,0
9,3,0,0,1,0,1,0,0,5.6005279205204666,6,0,0,0,0,0,0,0
7,1,0,1,1,0,0,0,0,3.440990448940724,1,0,0,0,0,0,0,0
14,4,0,1,1,0,0,1,0,4.809398393190032,3,0,0,0,0,0,0,0
13,0,0,0,1,0,0,0,0,3.7648763129234153,3,0,0,0,0,0,0,0
14,0,0,1,1,0,0,0,0,4.61853846784914,5,0,0,0,0,0,0,0
21,4,0,2,1,0,1,0,0,2.507552674455241,5,0,1,2,307.9288047672248,0,6.852422162818929,0
14,0,0,0,1,0,0,0,0,3.7635786655729873,1,0,0,0,0,0,0,0
19,3,0,0,1,0,0,0,0,5.983830577972842,2,0,1,1,279.83807036342523,0,5.737890258089363,0
14,2,0,0,1,0,0,0,0,4.779927968762387,3,0,0,0,0,0,0,0
9,2,0,0,1,0,0,0,0,4.322321191221052,1,0,1,3,365.5638403210236,1,1.9326563054957175,0
23,1,0,0,1,0,0,0,0,5.138239333848804,2,0,1,1,295.15962507648027,0,4.985047324439075,0
11,1,0,0,1,0,0,0,0,5.784358716258021,3,0,1,2,384.279715472657,0,10.592609261242831,0
8,1,0,1,1,0,0,0,0,5.369421588354927,3,0,1,1,95.3358357748498,0,8.301354572593533,0
23,1,0,7.742540622898682,1,0,0,1,1,4.53292505950307,1,0,1,1,82.9956367028563,1,54.52681407282908,1
3,2,0,5.84779384260422,0,1,2,1,1,0.8282313037131646,1,2,0,0,0,0,0,1
16,5,1,2,1,0,0,0,0,2.2531823478711734,5,0,0,0,0,0,0,0
12,2,0,3,1,0,0,0,0,5.348517987568409,3,2,0,0,0,0,0,0
19,1,0,2,1,0,0,0,0,2.617441556593618,1,0,1,1,156.83224865545327,1,0.5286700117330196,0
11,3,0,0,1,0,0,0,0,3.8648560257766063,2,0,1,1,389.5891071272766,0,1.635863606082612,0
12,0,0,0,1,0,0,0,0,2.2473535052961013,1,0,0,0,0,0,0,0
8,5,1,1,1,0,0,0,0,4.977704018224168,1,0,1,1,360.6664220533128,0,10.338098266854853,0
8,0,0,0,1,0,0,0,0,5.359128473175664,4,0,0,0,0,0,0,0
17,0,0,1,1,0,0,1,1,2.4203571409353564,3,0,0,0,0,0,0,0
9,0,0,0,1,0,0,0,0,2.446197617167876,1,0,0,0,0,0,0,0
3,3,0,0,1,0,0,0,0,2.720100239820348,2,1,1,1,81.42712689081948,0,13.941353216420579,0
8,5,1,0,1,0,0,1,0,5.691325145309855,3,0,0,0,0,0,0,0
12,4,0,1,1,0,0,0,0,2.965860834237012,2,0,1,1,14.504691567015394,0,4.339842869373697,0
9,2,0,0,1,0,0,0,0,3.0799489137627476,3,0,1,1,309.46501272385933,0,13.172081061720363,0
3,4,0,0,1,0,1,0,0,5.617316512515412,4,0,1,2,122.88255352602263,0,1.4725255637315424,0
14,0,0,3,1,0,0,0,0,5.383182499823998,4,0,1,1,392.15620415962655,0,9.960796661871683,0
8,0,0,1,1,0,0,1,0,4.016723249074522,1,0,0,0,0,0,0,0
16,6,1,0,1,0,0,0,0,2.3533461132725897,1,0,0,0,0,0,0,0
10,2,0,1,1,0,0,0,0,3.40687358473711,5,0,1,1,252.89574342121279,0,10.263020359136517,0
7,2,0,0,1,0,0,0,0,5.0641892953075285,2,0,1,2,303.64772070261927,0,2.543009566807946,0
10,4,0,2,1,0,0,0,0,2.2269435105267226,2,0,0,0,0,0,0,0
3,6,1,7.515164837540815,1,0,1,1,0,4.009999936012619,1,1,0,0,0,0,0,1
12,1,0,0,1,0,0,0,0,2.954299667561746,3,0,0,0,0,0,0,0
9,1,0,2,1,0,0,0,0,3.2809568780043237,1,1,0,0,0,0,0,0
14,5,1,0,1,0,0,0,0,3.9140979992305285,3,0,1,1,320.3886391306509,0,1.0318901331420711,0
18,1,0,0,1,0,1,0,0,3.063640622723468,4,0,0,0,0,0,0,0
19,2,0,1,1,0,0,0,0,4.9757695154603745,4,0,0,0,0,0,0,0
9,0,0,1,1,0,0,0,0,2.9766434360503693,4,0,0,0,0,0,0,0
7,6,1,2,1,0,0,0,0,4.815339827079629,4,0,0,0,0,0,0,0
16,1,0,0,1,0,0,0,0,2.2121475785686675,1,0,1,1,93.56381464767749,0,2.403993582731066,0
16,6,1,0,1,0,0,0,0,4.614733468280795,3,0,0,0,0,0,0,0
10,3,0,3,1,0,0,0,0,4.024011653315803,5,0,1,1,150.8109698049528,0,9.272903788047104,0
11,2,0,1,1,0,0,0,0,3.6229868790012563,1,0,0,0,0,0,0,0
10,1,0,3,1,0,0,0,0,3.9048778746821413,2,0,0,0,0,0,0,0
15,1,0,0,1,0,0,0,0,4.485338765271819,1,0,1,1,291.37860937817817,0,4.890769102724572,0
13,1,0,2,1,0,0,0,0,3.7113739023400463,1,0,0,0,0,0,0,0
16,1,0,0,1,0,0,0,0,5.982508876501077,3,0,1,3,147.50260555790072,0,13.886216227707767,0
18,0,0,0,1,0,0,0,0,4.418927548525437,2,1,0,0,0,0,0,0
8,6,1,0,1,0,0,0,0,4.388406802068964,2,1,0,0,0,0,0,0
7,3,0,0,1,0,0,0,0,5.674951579286132,2,0,1,2,101.7115990183646,0,0.49971535812598167,0
18,1,0,0,1,0,0,0,0,3.040559594260622,4,0,1,1,257.46528670820123,0,11.276864251781115,0
13,2,0,0,1,0,0,0,0,2.9340069087363183,2,0,1,1,347.50403022794734,0,10.13621915062383,0
15,6,1,5.853990285213861,0,1,2,1,1,0.9432550116372758,1,2,0,0,0,0,0,1
17,1,0,0,1,0,0,1,0,3.971682113507896,5,0,0,0,0,0,0,0
6,4,0,0,1,0,1,0,0,4.915375666017305,2,0,0,0,0,0,0,0
16,0,0,0,1,0,0,0,0,4.623677645387899,3,0,1,1,257.7751754483288,0,5.662809673020513,0
14,2,0,0,1,0,0,0,0,3.503346515328275,1,0,1,1,284.08008216969904,0,1.0325073594726395,0
16,3,0,1,1,0,0,0,0,4.8364038028125895,4,0,1,1,181.98207088144665,0,9.119330835745535,0
9,3,0,1,1,0,0,0,0,4.429887768689398,3,0,1,1,203.46030204423369,0,8.59856800580561,0
18,1,0,0,1,0,0,0,0,5.4461008703129625,1,0,1,2,51.864153447286604,0,8.205806068670794,0
15,3,0,1,1,0,0,0,0,2.556213825696552,1,0,1,1,93.63843927253951,0,9.045931571759787,0
0,3,0,10.550656952443045,1,0,0,0,0,3.076558275285244,3,0,0,0,0,0,0,1
17,2,0,0.8913368661954513,1,0,0,0,0,-0.7922789200545566,20,10,0,0,0,0,0,1
11,0,0,0,1,0,0,0,0,5.372955171187188,4,0,1,1,345.3019457761027,0,13.426794704556832,0
11,1,0,0,1,0,0,0,0,4.360241398709498,4,0,1,1,183.3270756200984,0,11.39907416078085,0
11,5,1,1,1,0,0,0,0,5.375808495340894,3,1,1,2,149.06841958448058,0,12.316664037005955,0
8,0,0,1,1,0,0,0,0,3.7398739078925507,2,0,0,0,0,0,0,0
10,2,0,1,1,0,0,0,0,3.2542184302049586,2,0,0,0,0,0,0,0
9,0,0,0,1,0,0,0,0,5.832531651125803,3,0,0,0,0,0,0,0
15,3,0,1,1,0,0,0,0,5.815915442872431,2,0,0,0,0,0,0,0
17,0,0,0,1,0,0,0,0,4.205407787926337,6,0,1,1,271.02562825465515,0,5.715202480126353,0
14,4,0,0,1,0,0,0,0,5.022464900612455,5,0,1,1,328.4599571265069,0,0.408147034216894,0
12,2,0,0,1,0,0,0,0,3.1004577607840016,3,0,1,1,59.39613744179814,0,9.521473146902215,0
19,3,0,1,1,0,0,1,1,5.722070725010765,4,0,0,0,0,0,0,0
11,6,1,0,1,0,0,0,0,5.993110499817787,3,0,0,0,0,0,0,0
10,6,1,1,1,0,0,0,0,2.7730570272119017,2,0,1,1,315.7885394771681,0,4.9850864348329145,0
19,5,1,3,1,0,0,0,0,4.550377676576663,2,0,0,0,0,0,0,0
13,1,0,0,1,0,0,0,0,4.01385075820383,5,0,1,3,32.199543834731806,0,6.0093215820379955,0
9,4,0,0,1,0,0,0,0,5.887355535252722,3,0,1,1,221.32458527495604,0,10.030320080521896,0
0,0,0,1,1,0,0,0,0,4.63099873490942,2,0,0,0,0,0,0,0
13,4,0,0,1,0,0,0,0,4.3027617043436015,3,0,1,1,75.33452447072513,0,10.078718410524736,0
19,2,0,1,1,0,0,0,0,2.421040526694944,1,0,1,1,312.1539397481365,0,13.91121664683971,0
7,0,0,1,1,0,0,0,0,5.6090912789551615,2,0,1,1,279.2662567422225,0,2.428098108138245,0
14,2,0,0,1,0,0,0,0,5.801804084074066,2,0,0,0,0,0,0,0
8,4,0,0,1,0,0,0,0,3.3979501827405314,1,0,1,1,329.10714657813344,0,11.690458002481805,0
11,5,1,0,1,0,0,0,0,4.037070446657012,2,0,1,1,306.55330846075486,0,6.807107492191681,0
14,2,0,1,1,0,0,0,0,2.8618154401713376,3,0,0,0,0,0,0,0
13,4,0,0,1,0,0,0,0,3.579610756632793,4,0,0,0,0,0,0,0
10,3,0,1,1,0,0,0,0,5.628969705787279,3,0,1,1,200.09449462926662,0,7.025717782590385,0
21,1,0,0,1,0,0,0,0,4.955377303244652,2,0,1,1,277.3160053488609,0,1.6666773996429225,0
14,5,1,0,1,0,0,0,0,4.29424967824202,3,0,0,0,0,0,0,0
23,5,1,2.603672026120758,1,0,0,1,0,0.039037689319515234,20,10,0,0,0,0,0,1
6,0,0,0,1,0,1,1,0,2.0370734742855876,2,0,1,1,299.2118749512519,0,10.030409456862278,0
10,1,0,0,1,0,0,0,0,2.1597179768114554,4,0,1,2,120.3394423059715,0,11.210292367470219,0
17,4,0,1,1,0,0,0,0,5.503370990000683,6,0,0,0,0,0,0,0
6,0,0,0,1,0,0,1,0,4.582422514249371,4,0,0,0,0,0,0,0
17,0,0,0,1,0,0,0,0,2.67400211668533,3,0,0,0,0,0,0,0
9,4,0,0,1,0,0,0,0,3.170680960284387,3,0,1,1,116.83707749151074,0,12.468767855696965,0
15,6,1,3,1,0,0,0,0,3.0845200714837793,6,1,0,0,0,0,0,0
8,1,0,0,1,0,0,0,0,3.150821719059473,5,0,0,0,0,0,0,0
13,0,0,0,1,0,0,0,0,4.658035799632828,2,0,1,1,275.84362069456745,0,10.551704408089991,0
9,4,0,2,1,0,0,0,0,3.340612732532134,2,0,1,2,299.70100920504404,0,9.916478084870402,0
18,3,0,1,1,0,0,0,0,5.5706872393186035,2,2,1,1,343.27099324927616,0,11.175082565544951,0
16,0,0,1,1,0,0,0,0,2.134501686967093,2,0,0,0,0,0,0,0
7,6,1,0,1,0,0,0,0,4.3937378642076865,2,0,1,1,393.87539081423614,0,4.160614989795882,0
14,6,1,1,1,0,0,0,0,3.2475464595658337,3,0,1,1,319.7154658876472,0,13.775782524126642,0
12,0,0,0,1,0,0,0,0,3.0650355963030647,3,0,0,0,0,0,0,0
9,6,1,0,1,0,0,0,0,3.7920472632614586,5,0,1,2,49.80777862285949,0,1.0738903231608203,0
17,4,0,2,1,0,0,0,0,5.6174961249029,2,0,1,2,204.70063980245422,0,13.249499872012926,0
15,1,0,1,1,0,0,0,0,5.906163021650866,2,0,0,0,0,0,0,0
16,2,0,1,1,0,1,0,0,3.945973254845644,2,0,0,0,0,0,0,0
14,1,0,1,1,0,0,0,0,4.05774125240353,3,0,1,1,122.83847083591687,0,9.771647801910126,0
11,1,0,0,1,0,0,0,0,5.8734892318458956,2,0,0,0,0,0,0,0
13,6,1,0,1,0,0,0,0,2.100088792788524,3,0,0,0,0,0,0,0
15,1,0,0,1,0,0,0,0,3.702015250820859,4,0,1,1,111.04181901356343,0,2.6961801083212436,0
17,0,0,0,1,0,0,0,0,3.3756070789023713,3,0,1,1,96.9267697403783,0,7.642311976537719,0
15,0,0,1,1,0,0,0,0,5.763075185212498,2,0,0,0,0,0,0,0
12,2,0,1,1,0,0,0,0,4.030294199695499,2,0,1,1,188.06994286044713,0,12.595775367985507,0
10,6,1,1,1,0,0,0,0,2.7622240679445347,3,0,0,0,0,0,0,0
17,0,0,0,1,0,0,0,0,3.3544400505265486,2,0,0,0,0,0,0,0
11,2,0,1,1,0,0,0,0,3.2842857583905047,5,0,0,0,0,0,0,0
7,2,0,0,1,0,0,0,0,2.1941079086890576,1,0,0,0,0,0,0,0
7,0,0,0,1,0,0,0,0,4.913481594982038,6,0,0,0,0,0,0,0
8,2,0,0,1,0,0,0,0,2.2705686491217443,1,0,1,1,270.622127981554,0,11.252766191589293,0
7,2,0,1,1,0,0,0,0,3.637997291523615,3,0,0,0,0,0,0,0
12,0,0,0,1,0,0,0,0,2.127364949755081,3,0,1,2,130.04747478360258,0,7.245846272389441,0
11,1,0,1,1,0,0,1,0,4.8648027710096535,2,0,1,1,114.31171786896569,0,12.452505157463676,0
9,3,0,0,1,0,0,0,0,5.622224239075376,3,0,0,0,0,0,0,0
9,3,0,0,1,0,0,0,0,2.4169551019274884,3,0,1,1,364.6209067201562,0,10.408758346408021,0
8,4,0,0,1,0,0,0,0,2.0779367392754664,6,0,0,0,0,0,0,0
20,0,0,0,1,0,0,0,0,3.6054084234258728,4,0,0,0,0,0,0,0
8,2,0,0,1,0,0,0,0,4.588234050225173,4,0,1,1,344.56878184792043,0,9.958750891169409,0
13,2,0,1,1,0,0,0,0,3.5247623625018316,5,0,0,0,0,0,0,0
16,3,0,0,1,0,0,0,0,5.83282904837947,5,0,1,1,210.47827084655174,0,9.520913146130829,0
15,4,0,1,1,0,0,0,0,2.06289667205215,2,0,1,1,177.4226250214605,0,12.162010995069712,0
12,1,0,0,1,0,0,0,0,4.685167417917636,4,0,0,0,0,0,0,0
19,5,1,1,1,0,0,0,0,3.662793703598861,1,0,1,1,357.95189956142946,0,5.096811167869214,0
10,0,0,2,1,0,0,0,0,5.908921963137656,3,0,1,1,23.030440395477513,0,7.079316929193396,0
20,0,0,1,1,0,0,0,0,5.669949218919799,2,0,0,0,0,0,0,0
10,4,0,0,1,0,0,0,0,4.875968131990046,3,0,0,0,0,0,0,0
20,5,1,1,1,0,0,0,0,2.2092534022328656,5,0,0,0,0,0,0,0
13,0,0,1,1,0,0,0,0,3.046959180170841,3,0,1,1,249.8485636634773,0,6.143583696115366,0
7,3,0,0,1,0,0,1,0,5.888813846103879,4,0,1,1,227.4054416067161,0,8.04579130761302,0
14,3,0,1,1,0,0,0,0,2.469893454513836,4,0,1,2,176.82612005397263,0,10.420336861596322,0
15,1,0,1,1,0,0,0,0,2.716823420129083,4,0,0,0,0,0,0,0
3,3,0,0,1,0,0,0,0,4.873649384074353,4,0,1,2,218.83226927310832,0,0.16353327341418278,0
8,1,0,1,1,0,0,0,0,2.422698949157923,2,0,0,0,0,0,0,0
10,1,0,1,1,0,0,0,0,4.609837257569455,3,0,1,1,93.83240068430139,0,5.408312205559406,0
15,1,0,1,1,0,0,0,0,2.236945767207611,2,0,0,0,0,0,0,0
13,2,0,0,1,0,0,0,0,2.7262780149456587,4,2,1,1,36.419428351942315,0,8.386449378643285,0
8,0,0,0,1,0,0,0,0,5.339216151267309,4,1,0,0,0,0,0,0
17,1,0,0,1,0,0,0,0,4.474584851697536,1,0,1,1,306.04350432562984,0,11.686449539770457,0
17,1,0,0,1,0,0,0,0,3.694362725769829,2,0,0,0,0,0,0,0
15,3,0,1,1,0,0,0,0,4.009662758868128,3,0,1,1,341.995612394941,0,5.538386590188882,0
15,2,0,0,1,0,0,0,0,2.777530583881882,2,0,1,1,337.90723482756175,0,5.130129658325343,0
20,4,0,0,1,0,0,0,0,4.320644287037757,3,2,1,1,186.09870013042215,0,4.814744217019575,0
7,1,0,0,1,0,0,0,0,5.952820651991347,2,0,0,0,0,0,0,0
12,0,0,1,1,0,0,0,0,4.824928797086905,5,0,0,0,0,0,0,0
12,2,0,0,1,0,1,0,0,4.814945011390489,3,0,1,1,224.11912396611137,0,9.15145438387438,0
13,0,0,0,1,0,0,0,0,5.519880280255826,2,0,0,0,0,0,0,0
12,1,0,2,1,0,0,0,0,2.6285264969275675,1,0,0,0,0,0,0,0
12,4,0,1,1,0,0,0,0,2.91037674868444,2,0,1,1,124.30845467001583,0,12.92176783319582,0
8,4,0,0,1,0,0,0,0,4.43878526012605,5,0,0,0,0,0,0,0
17,4,0,1,1,0,0,0,0,5.133698640117425,4,0,1,1,346.3049595458745,0,9.491214809002262,0
13,2,0,1,1,0,0,0,0,5.201568709074783,1,0,1,1,163.25888646772268,0,3.9909286693535546,0
14,6,1,0,1,0,0,0,0,5.159169765224586,2,0,0,0,0,0,0,0
15,1,0,0,1,0,0,0,0,2.1638123755849987,2,0,0,0,0,0,0,0
15,0,0,0,1,0,0,0,0,2.4103595452004902,4,0,0,0,0,0,0,0
10,3,0,0,1,0,0,0,0,4.486269049325935,2,0,0,0,0,0,0,0
10,2,0,2.558314679590093,1,0,0,0,0,0.5196754823547893,10,5,0,0,0,0,0,1
14,4,0,0,1,0,0,0,0,3.1665478287550552,2,0,0,0,0,0,0,0
14,0,0,2,1,0,0,0,0,4.350695921652745,2,0,0,0,0,0,0,0
17,0,0,1,1,0,0,0,0,5.638328740898306,2,0,0,0,0,0,0,0
4,5,1,4.800254531903066,1,0,0,0,0,-0.14215678307581414,10,30,1,1,92.94873518045077,0,109.01389869167738,1
13,1,0,0,1,0,0,0,0,4.222028591212597,3,0,1,2,109.65043298940557,0,11.149781214269078,0
11,4,0,0,1,0,0,0,0,3.6544955150872247,3,0,1,3,274.34330164359653,0,6.490525553458694,0
23,0,0,3.7225892459653718,1,0,0,0,0,0.6091153038931441,30,15,0,0,0,0,0,1
17,4,0,1,1,0,0,0,0,5.145251398069949,3,0,0,0,0,0,0,0
14,0,0,0,1,0,0,0,0,3.2788751230318427,3,0,1,1,369.95931729435864,0,4.448656181544545,0
10,2,0,1,1,0,0,0,0,4.333469856769241,2,0,0,0,0,0,0,0
12,0,0,0,1,0,0,1,0,3.3208278999397396,5,0,1,1,111.67517585745907,0,6.392635744936548,0
12,0,0,0,1,0,0,0,0,2.0027339855353232,5,0,0,0,0,0,0,0
10,3,0,3,1,0,0,0,0,3.873325477745729,2,1,1,1,392.91034147043973,0,8.936961966049052,0
15,3,0,1,1,0,0,0,0,3.118929006709233,2,0,0,0,0,0,0,0
18,0,0,1,1,0,0,0,0,4.367083074433152,4,1,0,0,0,0,0,0
10,3,0,1,1,0,0,0,0,4.768034609465176,4,0,1,1,303.7256661793494,0,13.810582289567094,0
14,2,0,2,1,0,0,0,0,2.455209813096403,2,0,0,0,0,0,0,0
16,0,0,2.7757019478821867,1,0,0,0,0,-0.7983816696604555,20,10,0,0,0,0,0,1
6,3,0,0,1,0,0,0,0,4.110470988138252,3,0,0,0,0,0,0,0
15,4,0,0,1,0,0,1,0,4.437651520288162,2,0,0,0,0,0,0,0
20,0,0,0,1,0,0,0,0,5.465791597368344,4,0,0,0,0,0,0,0
6,2,0,0,1,0,0,0,0,5.036831506585132,4,0,1,2,34.87270764992623,0,13.01510281675415,0
21,3,0,0,1,0,0,0,0,3.1527875936280325,4,0,0,0,0,0,0,0
0,4,0,3.1852413329262146,1,0,0,0,0,-1.0046037525550078,50,3,0,0,0,0,0,1
15,4,0,0,1,0,0,0,0,3.1395426827383464,1,0,0,0,0,0,0,0
12,5,1,1,1,0,0,0,0,4.5936073308603405,4,0,0,0,0,0,0,0
16,4,0,0,1,0,0,0,0,5.067368202388672,3,0,0,0,0,0,0,0
19,4,0,3,1,0,0,0,0,5.980233949559685,1,0,1,1,154.5551082047449,0,1.2171546639603417,0
10,3,0,0,1,0,0,0,0,3.202399910872169,5,0,1,1,185.73923100519215,0,9.731420922138575,0
19,3,0,2,1,0,0,0,0,3.2645478586266297,4,0,0,0,0,0,0,0
10,1,0,0,1,0,0,1,1,2.020962363674014,2,0,0,0,0,0,0,0
17,1,0,2,1,0,0,0,0,4.453647722970866,3,0,1,1,339.50392534704395,0,2.8858384224259686,0
1,1,0,4.997941995980752,1,0,0,0,1,-0.24690680389253794,20,15,1,1,70.80685002612974,1,110.90036523828303,1
12,4,0,0,1,0,0,0,0,4.099554384278022,3,0,1,1,30.161533181585433,0,13.72845992956685,0
1,3,0,0,1,0,0,0,0,5.170168786960602,1,0,0,0,0,0,0,0
12,3,0,1,1,0,0,0,0,3.539751124180673,2,0,1,1,81.62212560882897,0,3.4476861522876887,0
12,0,0,0,1,0,0,0,0,3.127436665570447,2,0,1,2,76.65874940967399,0,12.228505140874416,0
12,6,1,1,1,0,0,0,0,4.609013884518696,5,0,0,0,0,0,0,0
13,3,0,0,1,0,0,0,0,4.289291694268357,3,1,0,0,0,0,0,0
10,0,0,0,1,0,0,0,0,3.6446068130498355,3,0,1,1,390.37035115540175,0,9.872275809217443,0
0,6,1,8.251712027734168,1,0,0,1,1,5.829670610272753,2,0,0,0,0,0,0,1
16,4,0,3,1,0,0,0,0,5.322313349217265,6,0,0,0,0,0,0,0
16,1,0,0,1,0,0,0,0,5.335239103759534,3,0,0,0,0,0,0,0
15,0,0,0,1,0,0,0,0,3.6652317840311954,3,0,1,1,142.72726039363062,1,3.1604676367797153,0
17,0,0,0,1,0,0,0,0,4.8255656362503885,4,0,1,1,207.491124552072,0,12.421901170175248,0
1,0,0,0,1,0,0,0,0,5.955168568214288,1,0,0,0,0,0,0,0
8,4,0,2,1,0,0,0,0,2.7449541490381533,4,0,0,0,0,0,0,0
13,3,0,0,1,0,0,0,0,5.160782011384846,2,0,0,0,0,0,0,0
2,2,0,0,1,0,0,0,0,5.408290133617905,3,0,1,1,67.9588854158099,0,12.986810580219574,0
12,6,1,0,1,0,0,0,0,2.0971391088033076,5,0,0,0,0,0,0,0
11,1,0,0,1,0,0,1,0,2.676812514580572,3,0,1,1,283.515533265652,0,7.000222840860734,0
14,0,0,3,1,0,0,0,0,5.184971316682349,2,0,0,0,0,0,0,0
8,6,1,0,1,0,0,0,0,3.4340267614886795,4,0,1,2,86.09398016880604,0,13.688890063026772,0
7,2,0,3,1,0,0,0,0,4.717114107928229,3,0,1,1,282.74718398952103,0,9.025708581699721,0
8,4,0,0,1,0,0,0,0,5.308949336658909,3,0,1,3,168.9166937102549,0,4.183186824711995,0
23,6,1,2,1,0,0,0,0,5.306903399176116,3,0,0,0,0,0,0,0
14,4,0,0,1,0,0,0,0,3.2573840869084614,2,0,0,0,0,0,0,0
20,1,0,0,1,0,0,0,0,2.600448454037145,4,1,0,0,0,0,0,0
9,1,0,2.6507736247290974,0,1,2,1,1,-0.7530546824173245,2,0,0,0,0,0,0,1
12,4,0,1,1,0,0,0,0,3.750397853104559,2,0,0,0,0,0,0,0
8,5,1,0,1,0,0,0,0,5.010961791660096,2,1,1,1,114.34588227472838,0,11.5557016598201,0
14,1,0,0,1,0,0,0,0,2.6187452056526634,3,0,0,0,0,0,0,0
19,4,0,0,1,0,0,0,0,4.290691591593665,5,0,0,0,0,0,0,0
6,3,0,2,1,0,0,0,0,2.185210448777685,3,0,1,2,205.5722198842617,0,10.187150588554386,0
10,3,0,0,1,0,0,0,0,3.8195322512233987,3,0,1,1,207.94580848733415,0,6.050473632860719,0
15,0,0,0,1,0,0,0,0,2.1204143434623535,4,0,0,0,0,0,0,0
6,2,0,3,1,0,0,0,0,2.22635768806113,4,0,0,0,0,0,0,0
15,3,0,1,1,0,0,0,0,5.211403000097331,2,0,1,1,360.1617828871538,0,8.32582236315657,0
16,4,0,1,1,0,0,0,0,4.7320293338617345,1,0,1,1,287.0148553303648,1,8.221238746494375,0
12,1,0,0,1,0,0,0,0,4.716811769016408,5,0,1,1,202.4866336216208,0,1.5314039635097316,0
15,0,0,0,1,0,0,0,0,3.0662726664253284,2,0,0,0,0,0,0,0
12,3,0,0,1,0,0,0,0,3.715480816992889,3,0,0,0,0,0,0,0
10,6,1,0,1,0,0,0,0,3.8069999030910524,2,0,1,1,128.34454690715592,0,2.8291008465325334,0
18,2,0,0,1,0,0,0,0,2.735544796413536,1,0,1,2,284.4690143719281,0,2.3367465105551344,0
17,2,0,0,1,0,0,0,0,4.876382101479365,4,0,1,1,110.35043681874369,0,9.048504764821615,0
17,4,0,1,1,0,0,0,0,2.550243837889544,3,0,0,0,0,0,0,0
13,6,1,0,1,0,0,0,0,3.5612123329794443,5,0,1,1,198.85231503006892,0,6.767215891833237,0
9,1,0,0,1,0,0,1,1,4.6396915530956235,3,0,0,0,0,0,0,0
7,2,0,0,1,0,0,1,1,5.7356976066968635,1,0,1,1,277.6156309149365,0,13.36234177517241,0
7,3,0,1,1,0,0,0,0,3.9813560075941865,3,0,0,0,0,0,0,0
7,5,1,0,1,0,0,0,0,5.000539353591513,1,0,0,0,0,0,0,0
13,6,1,0,1,0,0,0,0,4.648590824546618,4,0,0,0,0,0,0,0
19,3,0,1,1,0,0,0,0,5.386789532730889,5,0,1,1,339.2222606945845,0,9.900373891848439,0
10,3,0,0,1,0,0,0,0,5.285100057144524,1,1,0,0,0,0,0,0
9,2,0,3,1,0,0,0,0,4.490190064451335,5,0,1,1,251.95671218620853,0,11.266728884070613,0
8,4,0,3,1,0,0,0,0,5.460308318117007,5,0,0,0,0,0,0,0
16,0,0,0,1,0,0,0,0,2.1885851061113417,3,1,0,0,0,0,0,0
18,4,0,1,1,0,0,0,0,4.462779821113869,1,0,0,0,0,0,0,0
16,2,0,0,1,0,0,0,0,4.303990553213001,2,0,0,0,0,0,0,0
13,3,0,0,1,0,0,0,0,2.541973618654089,5,0,0,0,0,0,0,0
16,5,1,0,1,0,0,0,0,5.381587397415538,3,0,0,0,0,0,0,0
6,1,0,0,1,0,0,0,0,3.8636994652267864,3,0,1,1,239.94920157205516,0,3.4456092164846313,0
18,0,0,0,1,0,0,1,0,4.5347506564616324,4,0,0,0,0,0,0,0
19,4,0,1,1,0,0,0,0,3.83902234593843,3,0,0,0,0,0,0,0
9,4,0,1,1,0,0,0,0,4.385009230623222,1,0,0,0,0,0,0,0
10,2,0,0,1,0,0,0,0,4.6405484894524465,4,0,1,1,78.00797825838372,0,0.11702297808862894,0
6,3,0,0,1,0,0,0,0,2.8354631097461933,3,0,1,2,276.2449778838487,0,11.740999963757158,0
14,4,0,0,1,0,0,0,0,4.80126615889786,4,0,1,2,81.59874695696207,0,12.599504684271746,0
16,3,0,0,1,0,0,1,1,5.449178736282393,2,0,0,0,0,0,0,0
14,3,0,0,1,0,0,0,0,2.1676004250724867,3,0,0,0,0,0,0,0
21,2,0,0,1,0,0,0,0,3.820015214587978,6,0,1,1,118.98998001658029,0,0.25159128825077826,0
10,2,0,1,1,0,0,0,0,3.400872942171159,2,0,1,2,73.8442879179307,0,3.789364531614031,0
15,0,0,0,1,0,0,0,0,5.434853474072831,1,0,0,0,0,0,0,0
18,6,1,0,1,0,0,0,0,2.5395425258318407,3,0,0,0,0,0,0,0
8,0,0,0,1,0,0,0,0,5.177030145901133,1,0,1,1,118.73153340709437,0,6.313134634091178,0
20,1,0,0,1,0,0,0,0,4.835400033957133,2,0,0,0,0,0,0,0
14,0,0,0,1,0,0,0,0,5.0462497069762104,4,0,0,0,0,0,0,0
18,4,0,0,1,0,0,0,0,2.5240965230807246,2,1,0,0,0,0,0,0
10,5,1,1,1,0,0,0,0,4.706488983130183,2,2,1,3,324.5817119072361,0,4.026824782597959,0
9,1,0,0,1,0,0,0,0,4.565851059503183,2,0,1,1,243.46923186704296,0,13.935534059783926,0
14,3,0,0,1,0,0,0,0,2.2562140289213644,5,0,0,0,0,0,0,0
14,2,0,0,1,0,0,0,0,5.86768859192507,1,0,0,0,0,0,0,0
10,6,1,3.399675678078259,0,1,2,1,1,-0.007205966546558695,1,0,0,0,0,0,0,1
10,2,0,0,1,0,0,0,0,4.202929894573691,3,0,0,0,0,0,0,0
16,1,0,1,1,0,0,0,0,2.3335448347340764,1,0,0,0,0,0,0,0
13,0,0,0,1,0,0,0,0,4.195629719977973,4,0,0,0,0,0,0,0
17,4,0,2,1,0,0,0,0,5.642855969217745,1,0,1,2,180.62626585910152,0,1.0935496292851976,0
17,4,0,0,1,0,0,0,0,4.964590936833185,5,0,0,0,0,0,0,0
16,1,0,0,1,0,0,0,0,4.753993758395829,1,0,1,2,165.15815092915435,1,13.512575164025714,0
11,3,0,1,1,0,0,0,0,4.022718951137193,2,0,0,0,0,0,0,0
12,1,0,3,1,0,0,0,0,3.6934824490925338,4,0,1,1,166.82648652361004,0,2.5863229259945903,0
8,4,0,0,1,0,0,0,0,2.8857893253235902,4,0,1,1,192.02485667978726,0,11.575615529734083,0
7,1,0,0,1,0,0,0,0,4.760524860276098,4,0,0,0,0,0,0,0
17,2,0,0,1,0,0,0,0,2.1831686799543126,6,0,1,1,262.31844858616336,0,13.305415069882804,0
8,1,0,3,1,0,0,0,0,2.4358278536789104,3,0,1,2,207.6520006622009,0,2.6100885144669603,0
8,2,0,0,1,0,0,1,0,5.377301322120679,2,0,1,1,249.58680947764873,0,0.8966088307362281,0
15,1,0,0,1,0,0,0,0,4.065220987808583,1,0,0,0,0,0,0,0
17,0,0,0,1,0,0,0,0,4.829608202782561,2,0,1,1,66.61005280155102,0,3.3133355875263044,0
13,2,0,3,1,0,0,0,0,2.540827442554264,3,0,1,1,69.73538410658276,0,11.833212036595572,0
14,1,0,0,1,0,0,0,0,3.827631644636473,6,0,0,0,0,0,0,0
14,2,0,0,1,0,0,0,0,3.7328825449839846,2,0,1,2,107.14292010705051,0,10.967896879892795,0
17,3,0,1,1,0,0,0,0,3.635598069925905,2,0,0,0,0,0,0,0
17,2,0,0,1,0,0,0,0,4.433485109126437,3,0,1,1,317.16307465179415,0,4.492347692418078,0
14,3,0,1,1,0,0,0,0,3.2604208587366004,5,0,0,0,0,0,0,0
15,0,0,0,1,0,0,0,0,5.04211859938221,6,0,0,0,0,0,0,0
12,3,0,1,1,0,0,0,0,2.8951778156674406,5,0,1,1,284.0512437378173,0,11.042901888870315,0
13,4,0,0,1,0,0,0,0,3.478530233447772,5,0,0,0,0,0,0,0
13,0,0,2,1,0,0,0,0,2.556800840519225,1,0,0,0,0,0,0,0
10,2,0,1,1,0,0,0,0,3.542363532889314,3,0,0,0,0,0,0,0
16,3,0,1,1,0,0,0,0,2.7126392072267858,5,0,1,2,370.440875242047,0,7.019074277605864,0
8,2,0,3,1,0,0,0,0,3.86907389911952,3,0,0,0,0,0,0,0
10,2,0,0,1,0,0,0,0,2.993180490124586,5,0,1,1,52.25045897902321,0,11.371039095080768,0
0,3,0,8.184792705068517,1,0,0,1,1,2.3086308756076783,2,0,0,0,0,0,0,1
7,1,0,1,1,0,0,0,0,2.7691490394070932,5,0,1,2,84.83034741213166,0,6.531190821544483,0
7,1,0,1,1,0,0,0,0,5.141050486314265,5,0,0,0,0,0,0,0
16,5,1,1,1,0,0,0,0,5.3625547783856,5,0,0,0,0,0,0,0
13,0,0,1,1,0,0,0,0,2.465320085448463,4,0,0,0,0,0,0,0
13,2,0,0,1,0,0,0,0,5.346729858755728,5,0,1,1,112.02811830557057,0,6.8436932094450675,0
14,2,0,1,1,0,0,0,0,5.894811654657154,3,0,0,0,0,0,0,0
23,6,1,0,1,0,0,0,0,4.254261142952396,6,0,0,0,0,0,0,0
12,2,0,0,1,0,0,0,0,5.768486912006233,2,0,1,1,249.77337181827997,0,4.5352687926884165,0
21,4,0,1,1,0,0,0,0,3.1636638437405584,3,0,1,1,256.9732034730914,0,10.455855947805638,0
8,4,0,0,1,0,0,0,0,4.522505080448678,2,0,1,1,50.73369295598267,0,9.461286891802963,0
9,3,0,0,1,0,0,0,0,3.4056362624029752,2,0,0,0,0,0,0,0
12,0,0,0,1,0,0,0,0,3.0401469053332026,4,0,1,1,85.9890288772153,0,8.608610375245215,0
8,4,0,0,1,0,0,0,0,2.7166404268371775,4,2,0,0,0,0,0,0
12,5,1,0,1,0,0,0,0,4.152247493684953,1,0,1,2,246.57051268569455,0,7.63738182246139,0
17,0,0,1,1,0,0,0,0,5.375336353449251,3,0,1,2,198.8563724261457,0,1.3090257582702332,0
16,3,0,3,1,0,0,0,0,5.299667304199209,1,0,0,0,0,0,0,0
2,1,0,9.795812038274317,1,0,1,1,0,2.0994797285955658,1,1,0,0,0,0,0,1
4,6,1,1.3325704725554628,1,0,0,0,0,-0.18043834721757168,20,20,0,0,0,0,0,1
13,0,0,3,1,0,0,0,0,3.902950839262006,2,0,1,2,290.97991085818234,0,7.7570195607474846,0
19,3,0,0,1,0,0,0,0,3.6876434207529005,3,0,1,1,192.80443905695262,0,10.060635536017486,0
16,2,0,1,1,0,0,0,0,5.613053435834676,3,0,1,2,320.544275199456,0,11.112656703142541,0
14,0,0,0,1,0,0,0,0,2.643764341065855,3,0,0,0,0,0,0,0
12,2,0,0,1,0,0,1,0,3.7997852502434974,2,0,0,0,0,0,0,0
17,1,0,0,1,0,0,0,0,5.758393414493247,1,0,1,1,208.18954698168167,0,9.58138385155721,0
11,2,0,0,1,0,1,0,0,3.2318401545160698,2,0,0,0,0,0,0,0
8,6,1,0,1,0,0,0,0,2.2359282597874324,1,0,0,0,0,0,0,0
10,2,0,0,1,0,0,0,0,4.430735763204321,5,0,1,2,358.21518002601107,0,2.287727041545423,0
14,3,0,0,1,0,0,0,0,3.296427984310757,2,0,1,1,258.0764476943311,0,12.628210760024482,0
7,2,0,0,1,0,0,0,0,4.158488393481816,3,0,0,0,0,0,0,0
17,0,0,0,1,0,0,0,0,5.205828226713697,4,0,0,0,0,0,0,0
4,0,0,3.8371650454195443,0,1,1,1,1,0.25471350723907316,1,0,1,1,0.07619337095121644,1,0.10882497565143133,1
10,1,0,2,1,0,0,0,0,5.126886223521476,1,0,0,0,0,0,0,0
15,0,0,1,1,0,0,0,0,2.7669799392918324,3,0,0,0,0,0,0,0
14,4,0,0,1,0,0,0,0,4.380377980465829,5,0,0,0,0,0,0,0
7,3,0,0,1,0,0,0,0,4.898363278852834,1,0,0,0,0,0,0,0
13,6,1,0,1,0,0,0,0,2.7237247710209047,3,0,0,0,0,0,0,0
10,0,0,0,1,0,0,0,0,5.581632646016579,1,0,0,0,0,0,0,0
14,2,0,0,1,0,0,0,0,5.162015493570096,4,0,0,0,0,0,0,0
4,4,0,9.143724245742549,1,0,0,1,0,2.5431159944031543,1,1,0,0,0,0,0,1
15,6,1,0,1,0,0,0,0,4.837279633333918,3,0,0,0,0,0,0,0
8,4,0,3,1,0,0,0,0,2.696928862127113,2,0,1,1,210.87700871990094,0,3.868821704399487,0
16,2,0,0,1,0,0,0,0,2.531943212432894,4,1,1,1,36.320952164009576,0,4.245351381465399,0
14,4,0,0,1,0,1,0,0,3.8033502815147666,3,0,0,0,0,0,0,0
10,2,0,0,1,0,0,0,0,5.404263337623242,5,0,1,2,173.82189989439368,0,12.382145053712861,0
12,1,0,3,1,0,0,0,0,3.031899468882431,2,0,1,1,237.93594353847757,0,9.354325781006633,0
20,1,0,1,1,0,0,0,0,3.974487012716067,2,0,1,1,48.89455427891968,0,11.379304816661781,0
8,1,0,0,1,0,0,1,0,3.499129848448532,1,0,1,1,127.94859569168086,0,8.097577494554972,0
22,2,0,0,1,0,0,0,0,4.76984565238838,2,0,0,0,0,0,0,0
15,5,1,0,1,0,0,0,0,5.6841143440680755,3,0,0,0,0,0,0,0
15,5,1,0,1,0,0,0,0,3.441265422805272,5,0,1,2,163.6268288664274,0,8.545421261312653,0
15,1,0,0,1,0,0,0,0,4.083019524993074,3,0,1,1,215.5862525440133,0,7.429884469360953,0
8,3,0,1,1,0,0,0,0,4.280497301035055,6,0,0,0,0,0,0,0
12,3,0,0,1,0,0,0,0,4.705011117392621,4,0,0,0,0,0,0,0
6,1,0,1,1,0,0,0,0,4.539090651131593,2,0,1,1,145.4700474693039,0,6.2213628897436015,0
11,3,0,0,1,0,0,0,0,4.5459765745977645,6,0,0,0,0,0,0,0
13,4,0,0,1,0,0,0,0,2.5033972018534776,3,0,1,1,173.7806213081778,1,7.222551786689034,0
20,1,0,0,1,0,0,0,0,3.024407175015386,3,0,0,0,0,0,0,0
11,4,0,0,1,0,0,0,0,4.704401540032466,5,0,0,0,0,0,0,0
19,3,0,0,1,0,0,0,0,3.587329927785466,5,0,0,0,0,0,0,0
11,1,0,0,1,0,0,0,0,5.636752141241367,1,0,0,0,0,0,0,0
19,3,0,1,1,0,0,0,0,2.1988704889128425,4,0,1,1,176.75502156613842,0,13.036289800778842,0
7,1,0,0,1,0,0,0,0,5.477787928035793,5,0,1,1,50.55193088547933,0,1.5367392882382809,0
9,0,0,0,1,0,0,0,0,5.028832016449361,5,0,0,0,0,0,0,0
20,0,0,0,1,0,0,0,0,5.787410367289533,1,0,1,1,371.68820498941926,0,2.3013580498495445,0
16,5,1,0,1,0,1,1,1,5.352721895952011,4,0,0,0,0,0,0,0
11,6,1,1,1,0,0,0,0,3.14778752111433,3,0,0,0,0,0,0,0
12,2,0,0,1,0,0,0,0,4.606889512242818,3,0,0,0,0,0,0,0
10,4,0,0,1,0,0,0,0,4.863428798049424,1,0,0,0,0,0,0,0
20,0,0,0,1,0,0,0,0,4.618620878787712,6,0,1,1,61.517245223801055,0,10.723405900028744,0
11,3,0,0,1,0,0,0,0,2.158149408551019,3,0,1,2,341.16830670633817,0,3.0672507414090724,0
21,1,0,0,1,0,0,0,0,4.620348088381364,1,0,0,0,0,0,0,0
14,1,0,0,1,0,0,0,0,3.3907700349081855,3,0,0,0,0,0,0,0
16,6,1,0,1,0,0,0,0,4.746474546750572,5,0,1,3,147.53730556280817,0,9.317820788382633,0
23,3,0,2,1,0,0,0,0,3.354558567098272,3,0,0,0,0,0,0,0
16,1,0,0,1,0,0,0,0,5.694969826813189,5,0,0,0,0,0,0,0
8,3,0,3,1,0,0,0,0,4.340905077535798,2,0,1,1,17.039472457976025,0,9.983299404718213,0
14,2,0,0,1,0,0,0,0,5.390125883267646,2,0,1,1,141.24282995395055,0,12.831715796746865,0
10,2,0,0,1,0,0,0,0,3.057079820908975,3,0,0,0,0,0,0,0
22,6,1,0,1,0,0,0,0,3.9188997929683413,1,0,1,1,379.2814508369035,0,1.9678237830175265,0
23,0,0,0,1,0,0,0,0,2.2383095595646476,2,0,1,2,127.75315321765775,0,11.946370882697444,0
16,3,0,1,1,0,0,0,0,2.997054910787863,3,0,0,0,0,0,0,0
5,3,0,0,1,0,0,0,0,5.148425995830178,1,0,1,1,84.54691778485704,0,8.955974023541021,0
12,0,0,2,1,0,0,0,0,3.0793924406788133,3,0,0,0,0,0,0,0
22,2,0,0,1,0,0,0,0,3.167484602141951,2,0,1,1,46.664002025378984,0,10.628061038752124,0
9,5,1,0,1,0,0,0,0,4.52561851265832,1,0,0,0,0,0,0,0
23,2,0,2,1,0,0,0,0,2.2058574692909168,3,0,1,1,237.77245906884926,0,11.238447879869238,0
10,0,0,0,1,0,0,0,0,4.268877339851584,2,0,1,1,365.8598701767935,0,10.813598165072657,0
9,6,1,1,1,0,0,0,0,4.9138931066943945,2,0,0,0,0,0,0,0
18,0,0,3,1,0,0,0,0,3.18068723919196,3,0,1,1,128.62864093690035,0,5.026187127014062,0
14,5,1,1,1,0,0,0,0,3.521674693812329,4,0,1,1,295.0751476374606,0,9.920059663463487,0
21,4,0,0,1,0,0,0,0,3.769444423368027,2,0,0,0,0,0,0,0
9,3,0,0,1,0,0,0,0,4.630337562523326,2,2,0,0,0,0,0,0
15,3,0,0,1,0,0,0,0,3.4310108067051632,1,0,0,0,0,0,0,0
9,3,0,1,1,0,0,0,0,5.600785623950525,3,0,0,0,0,0,0,0
17,0,0,0,1,0,0,0,0,2.7616948734622793,1,0,0,0,0,0,0,0
6,0,0,1,1,0,0,0,0,2.1168861925814975,2,0,0,0,0,0,0,0
13,1,0,0,1,0,0,1,0,5.777413712676834,1,0,0,0,0,0,0,0
12,2,0,0,1,0,0,0,0,2.3040613166273056,1,0,1,1,161.86560493040855,0,8.38359612849751,0
12,5,1,0,1,0,0,0,0,5.65992306229308,2,0,1,2,52.04277341068154,0,5.559843616253458,0
9,1,0,0,1,0,0,0,0,2.7784325580211227,1,0,0,0,0,0,0,0
10,0,0,0,1,0,0,0,0,2.631300212946572,3,0,1,1,152.93634371952783,0,10.127505464270119,0
10,1,0,1,1,0,0,0,0,4.380485364470061,3,0,1,1,19.658944561036662,0,12.754991767537534,0
9,4,0,0,1,0,0,0,0,3.663153330183523,3,0,1,1,98.58911166018301,0,3.7308497734678987,0
14,3,0,0,1,0,0,0,0,5.708613918682554,1,0,0,0,0,0,0,0
16,3,0,0,1,0,0,0,0,4.18183744276546,4,0,1,1,395.74387839817916,0,1.9337780603678707,0
3,0,0,0,1,0,0,0,0,4.459687871197303,3,0,0,0,0,0,0,0
18,1,0,2,1,0,0,0,0,3.758317874146124,1,0,0,0,0,0,0,0
11,0,0,0,1,0,0,0,0,4.6729852771524225,2,0,0,0,0,0,0,0
15,6,1,1,1,0,0,0,0,2.2451320101997205,3,0,0,0,0,0,0,0
14,2,0,0,1,0,0,0,0,4.275679161394816,6,0,1,2,270.4661696651571,0,0.5714936317199208,0
11,0,0,0,1,0,0,0,0,2.1039684090034365,3,0,1,2,326.7540630607373,0,10.601531031599878,0
15,2,0,0,1,0,0,0,0,2.625812085472703,2,0,0,0,0,0,0,0
13,3,0,1,1,0,0,0,0,4.515914396314222,6,0,1,2,394.703478744827,0,8.523824497082616,0
16,1,0,2,1,0,0,0,0,5.078471233562039,3,0,1,1,288.2330394782403,0,13.999844030309976,0
16,3,0,0,1,0,0,0,0,2.1438565915424386,2,0,1,3,161.21810425621783,0,11.145508128771896,0
21,6,1,1,1,0,0,0,0,2.5812272492941672,2,0,0,0,0,0,0,0
17,0,0,0,1,0,0,0,0,2.5437359958766144,3,0,0,0,0,0,0,0
0,4,0,1,1,0,1,0,0,2.618901854285748,4,0,1,2,366.6538299882148,0,6.544151831687016,0
8,3,0,5.36913531206011,1,0,0,0,0,0.250449445260839,20,10,0,0,0,0,0,1
10,1,0,0,1,0,0,0,0,4.5558460260035325,5,0,1,2,334.0363358557464,0,10.895714101695146,0
13,2,0,0,1,0,0,0,0,2.383871755305106,5,0,1,2,215.41676075492686,0,10.213618213436202,0
9,2,0,1,1,0,0,0,0,5.980597426643579,3,0,0,0,0,0,0,0
10,4,0,1,1,0,0,0,0,5.633118251283106,5,0,0,0,0,0,0,0
8,0,0,1,1,0,0,0,0,5.507795155201796,1,0,1,1,245.40895310619374,0,13.835856449663211,0
14,2,0,3,1,0,0,0,0,3.939735954875937,1,1,0,0,0,0,0,0
15,0,0,0,1,0,0,0,0,3.928697976790792,3,0,0,0,0,0,0,0
9,1,0,0,1,0,0,0,0,3.9332059028583934,2,0,1,2,29.547560748896302,0,1.2132236539672925,0
13,1,0,1,1,0,0,0,0,3.010665936225085,2,0,1,1,286.5614609952852,0,11.033576877088782,0
21,4,0,0,1,0,0,0,0,3.935789015815404,1,0,0,0,0,0,0,0
8,4,0,1,1,0,0,0,0,2.542873303569347,1,0,0,0,0,0,0,0
15,0,0,0,1,0,0,0,0,5.991742628394937,2,0,0,0,0,0,0,0
11,3,0,1,1,0,0,0,0,2.0216039970265203,2,0,0,0,0,0,0,0
7,1,0,0,1,0,0,0,0,5.172900696261827,1,0,1,3,324.2157309727526,0,11.292848047105883,0
13,1,0,0,1,0,0,0,0,5.137051816935178,6,1,0,0,0,0,0,0
10,0,0,0,1,0,0,0,0,2.822272600796438,3,0,0,0,0,0,0,0
14,4,0,2,1,0,0,0,0,5.555428192522907,4,0,0,0,0,0,0,0
21,0,0,0,1,0,0,0,0,3.506629359498497,3,2,0,0,0,0,0,0
4,1,0,0,1,0,0,0,0,4.876523269907294,2,0,0,0,0,0,0,0
11,1,0,0,1,0,0,0,0,4.968409397087736,2,0,0,0,0,0,0,0
15,5,1,0,1,0,0,0,0,2.929196960097419,1,0,1,1,170.76134806214483,0,12.315840298701781,0
19,2,0,0,1,0,0,0,0,4.265454483569502,3,0,0,0,0,0,0,0
2,0,0,10.039985942450961,1,0,0,0,0,2.559009556038647,1,2,0,0,0,0,0,1
5,2,0,1,1,0,0,1,0,3.280116951302256,5,0,1,3,374.1901211994093,0,5.961968347121852,0
13,0,0,2,1,0,0,0,0,2.58105791305034,2,0,0,0,0,0,0,0
2,0,0,11.300827297820101,1,0,1,1,0,5.307107471833021,1,0,0,0,0,0,0,1
15,2,0,0,1,0,0,0,0,2.1252455131285,1,0,0,0,0,0,0,0
21,3,0,3,1,0,0,0,0,3.006861018078191,1,0,1,3,86.76085589039641,0,5.797132783002477,0
17,3,0,2,1,0,0,1,0,2.638731552948968,5,0,0,0,0,0,0,0
12,5,1,2,1,0,0,0,0,5.286660267258372,4,0,1,1,52.598561853850086,0,10.152436951263994,0
22,5,1,5.785912256048789,0,1,5,1,1,1.4069722081072427,3,1,1,1,4.609690042616455,0,56.84013163871245,1
11,2,0,0,1,0,0,1,0,3.014542517679832,3,1,0,0,0,0,0,0
17,1,0,1,1,0,0,0,0,3.155707672261905,1,0,0,0,0,0,0,0
8,5,1,1,1,0,0,0,0,3.578443004599162,1,0,0,0,0,0,0,0
7,2,0,0,1,0,0,0,0,2.4997894419391216,3,0,0,0,0,0,0,0
19,4,0,0,1,0,1,0,0,3.2196621918486557,1,0,1,1,336.67502465305193,0,10.411584691146931,0
15,3,0,0,1,0,0,0,0,3.889393661637452,3,0,0,0,0,0,0,0
16,1,0,0,1,0,0,0,0,5.8740474316904745,4,0,0,0,0,0,0,0
6,0,0,1,1,0,0,0,0,2.977728125969693,1,0,0,0,0,0,0,0
16,4,0,0,1,0,0,0,0,4.090490536018599,2,0,0,0,0,0,0,0
11,1,0,1,1,0,0,0,0,4.762401451496597,3,2,0,0,0,0,0,0
14,1,0,0,1,0,0,0,0,3.4497030720405957,4,0,0,0,0,0,0,0
7,5,1,3,1,0,0,0,0,2.5444125743285118,1,1,1,1,377.5708398759106,0,9.20123220879136,0
10,2,0,0,1,0,0,0,0,5.757102433505554,1,0,0,0,0,0,0,0
9,0,0,0,1,0,0,0,0,4.487632372678416,3,0,1,3,174.01318668356916,0,10.38566249355937,0
4,5,1,0,1,0,0,0,0,2.100439494244159,2,0,1,2,311.78358756405134,0,5.28736548206958,0
17,3,0,0,1,0,0,0,0,5.973676339170856,4,0,1,1,381.6917887467345,0,9.813985631966695,0
14,5,1,3,1,0,0,0,0,2.6750238254601646,2,0,0,0,0,0,0,0
7,1,0,0,1,0,0,0,0,5.434611059231814,4,0,1,1,200.93343832106325,0,10.482267600535366,0
10,6,1,0,1,0,0,0,0,2.0003417068639613,2,0,0,0,0,0,0,0
11,1,0,0,1,0,0,0,0,2.2117246324649327,5,0,1,3,328.08452849078606,1,0.1821633539626577,0
10,0,0,0,1,0,0,0,0,3.4783755394794866,6,0,1,1,333.13485229218185,0,3.690043626032147,0
19,0,0,2,1,0,0,0,0,5.52680085352746,5,1,0,0,0,0,0,0
10,4,0,1,1,0,1,0,0,2.436342662321685,3,0,0,0,0,0,0,0
11,6,1,3,1,0,0,0,0,3.937527980040578,1,0,0,0,0,0,0,0
9,3,0,0,1,0,0,0,0,5.3411957047490795,3,0,0,0,0,0,0,0
12,3,0,0,1,0,0,0,0,5.3206231459030136,3,0,0,0,0,0,0,0
19,0,0,0,1,0,0,0,0,5.983999636635115,3,0,0,0,0,0,0,0
15,3,0,0,1,0,0,0,0,3.508757191006608,4,0,0,0,0,0,0,0
21,6,1,0.3163029923989771,1,0,0,1,0,-0.5390443965337863,50,10,1,1,29.03656158328286,1,130.20990878216583,1
11,3,0,0,1,0,0,0,0,2.092585567647197,4,0,1,1,126.30303778670468,0,9.762194232542303,0
19,2,0,1,1,0,0,0,0,4.110991369980189,1,0,1,1,326.27484314366865,0,3.3208607269564503,0
16,1,0,0,1,0,0,0,0,5.828107640264412,1,0,0,0,0,0,0,0
12,3,0,0,1,0,0,0,0,4.534647190232754,6,0,0,0,0,0,0,0
14,6,1,0,1,0,0,0,0,3.9862571085491783,5,1,0,0,0,0,0,0
10,5,1,0,1,0,0,0,0,4.951572200940435,4,0,1,3,308.6201989380427,0,6.539393081213939,0
9,2,0,0,1,0,0,0,0,3.1438013987894173,2,0,0,0,0,0,0,0
5,1,0,1,1,0,0,0,0,4.478266222433135,4,0,1,1,37.42516088375261,0,4.385912079074772,0
20,3,0,2,1,0,0,0,0,2.1991579123276277,2,0,0,0,0,0,0,0
7,2,0,2,1,0,0,1,1,4.1484284792966655,2,0,1,1,370.1771546719592,0,3.8162049034559313,0
11,1,0,1,1,0,0,0,0,5.294611412757904,3,0,0,0,0,0,0,0
10,3,0,1,1,0,0,0,0,3.2761508908982266,2,0,1,1,263.89877729757586,0,7.914809627014414,0
17,1,0,0,1,0,0,1,0,3.7619197895560714,3,0,1,2,288.6542247211532,0,13.207386896136404,0
8,2,0,0,1,0,0,0,0,2.4467337327246925,2,0,1,2,201.4853644783484,1,13.893257681720366,0
7,1,0,1,1,0,0,0,0,4.637947116643203,2,0,1,1,265.8460096118268,0,1.050458494267129,0
5,5,1,1,1,0,1,0,0,4.737187690112533,2,0,0,0,0,0,0,0
9,2,0,0,1,0,0,0,0,5.096785498594517,5,0,1,2,96.43365964416465,0,1.3935541756433578,0
4,3,0,1,1,0,0,0,0,2.1611603297729727,2,0,1,3,370.63321111691164,0,9.593191156313038,0
14,4,0,1,1,0,0,0,0,4.692518609964836,4,0,1,1,210.6655590446491,0,7.347369820519486,0
6,4,0,1,1,0,0,0,0,2.9416426834702363,1,0,0,0,0,0,0,0
7,6,1,1,1,0,0,0,0,3.4822835048722247,3,0,1,2,54.73800406858345,0,8.898191485420243,0
10,1,0,0,1,0,0,0,0,3.201306202844399,1,0,0,0,0,0,0,0
18,2,0,0,1,0,0,0,0,5.058155416512939,1,0,0,0,0,0,0,0
9,2,0,1,1,0,0,0,0,4.292537586556211,1,0,0,0,0,0,0,0
18,2,0,1,1,0,0,0,0,2.1654962495435077,4,0,0,0,0,0,0,0
8,2,0,0,1,0,1,0,0,3.8544631891778933,1,0,0,0,0,0,0,0
6,3,0,0,1,0,0,0,0,3.2136541823357816,4,0,0,0,0,0,0,0
15,4,0,0,1,0,0,0,0,2.2006805450617875,4,0,1,2,246.893787500402,0,7.463876679815372,0
7,2,0,0,1,0,0,0,0,4.1724658057023145,2,0,1,3,371.3068894244564,0,8.971275270082701,0
11,1,0,0,1,0,0,0,0,3.9624500766939876,5,0,1,1,172.42157420683048,0,8.776552506676722,0
12,0,0,0,1,0,0,0,0,5.921182834347274,2,0,0,0,0,0,0,0
18,6,1,0,1,0,0,0,0,4.252009309626736,5,0,1,1,152.3212088254361,0,5.282750212305582,0
10,4,0,0,1,0,1,0,0,2.455880116317856,3,0,1,1,153.2273683951727,0,8.320556100951624,0
16,0,0,2,1,0,0,0,0,4.628532509943362,5,0,0,0,0,0,0,0
7,3,0,0,1,0,0,0,0,4.737342175321325,3,0,1,3,77.12303659177921,0,13.23173312781497,0
14,4,0,1,1,0,0,0,0,5.976076495867639,2,0,1,1,21.87914978293025,0,5.290046725003586,0
15,1,0,0,1,0,0,0,0,2.905519901730809,4,0,1,1,139.74595152171628,0,7.199333734377521,0
8,0,0,1,1,0,0,0,0,2.5020186153524713,6,0,1,1,41.85274467207673,0,7.560757326339102,0
17,5,1,1,1,0,0,0,0,2.475849599565666,2,1,1,1,143.01583962167453,0,3.2183524500062997,0
15,1,0,0,1,0,0,0,0,5.138180324042552,3,0,1,1,155.03475580394937,0,10.22696599271807,0
3,3,0,3,1,0,0,0,0,5.231357140531716,1,0,0,0,0,0,0,0
2,2,0,9.713408447034036,1,0,1,1,1,5.681575642970753,2,0,0,0,0,0,0,1
8,5,1,2,1,0,0,0,0,4.354913670170973,3,0,0,0,0,0,0,0
15,3,0,2,1,0,0,0,0,3.5200375900906202,2,0,1,2,27.857052537347016,0,8.836254235964967,0
15,1,0,1,1,0,0,0,0,2.0909801450942243,3,1,1,1,83.5432135628639,0,5.874912682548886,0
9,4,0,0,1,0,0,0,0,5.372349214860844,1,0,0,0,0,0,0,0
17,6,1,1,1,0,0,0,0,4.808273042393241,2,0,0,0,0,0,0,0
23,3,0,1,1,0,0,0,0,5.20111778495983,3,0,0,0,0,0,0,0
10,2,0,0,1,0,0,0,0,5.5990670186808735,1,0,1,1,84.46663147667876,0,6.449601429032748,0
12,2,0,0,1,0,0,0,0,4.006372772799363,3,0,0,0,0,0,0,0
12,6,1,0,1,0,0,0,0,5.314686141664307,2,0,1,1,325.12373230856326,0,9.6081565713147,0
15,1,0,1,1,0,0,0,0,5.47340613816538,3,0,1,2,325.2022438730879,0,12.933912640186056,0
12,4,0,0,1,0,0,0,0,5.197488025647069,5,0,0,0,0,0,0,0
11,2,0,1,1,0,0,0,0,4.335226922363255,3,0,0,0,0,0,0,0
11,1,0,1,1,0,0,0,0,5.03510389207253,1,0,1,1,104.23642424939007,0,1.88218868242686,0
14,1,0,0,1,0,0,0,0,5.758620984894764,5,0,0,0,0,0,0,0
1,1,0,4.409142807209481,1,0,0,1,1,3.207643822877107,2,0,0,0,0,0,0,1
9,3,0,0,1,0,0,0,0,2.365918169978826,3,0,0,0,0,0,0,0
8,1,0,1,1,0,0,0,0,2.318492062691445,5,0,0,0,0,0,0,0
9,3,0,1,1,0,0,0,0,3.7092878258809896,4,2,0,0,0,0,0,0
5,3,0,2,1,0,0,0,0,2.097773973337229,2,0,1,1,23.282726393768876,0,6.552802002273728,0
10,0,0,3,1,0,0,0,0,2.992699105148121,1,0,1,3,310.1880195347819,0,9.60612571440839,0
18,1,0,2,1,0,0,1,0,5.829113355354016,2,0,0,0,0,0,0,0
19,4,0,0,1,0,0,0,0,4.763495777641445,4,0,0,0,0,0,0,0
10,0,0,0,1,0,0,0,0,3.5195726902550133,1,0,1,2,270.18796543258287,0,1.9883058947481904,0
13,6,1,0,1,0,0,0,0,3.96640216169412,4,0,1,1,52.196089378128356,0,1.2124550969411243,0
1,2,0,4.174623691753462,1,0,0,1,1,3.098679041039169,1,0,0,0,0,0,0,1
11,1,0,3,1,0,0,0,0,3.110668611811983,2,0,0,0,0,0,0,0
10,1,0,0,1,0,0,0,0,2.8624007170221613,2,0,0,0,0,0,0,0
21,0,0,1,1,0,1,0,0,5.549290328704124,5,0,0,0,0,0,0,0
7,6,1,0,1,0,0,0,0,5.274045776875622,1,0,0,0,0,0,0,0
9,2,0,2,1,0,0,0,0,5.308580672507812,5,0,0,0,0,0,0,0
10,0,0,0,1,0,0,0,0,4.4840412476594995,3,0,0,0,0,0,0,0
19,2,0,3,1,0,0,0,0,4.016781087258362,4,0,1,1,383.6906260507349,0,4.967512829141435,0
16,0,0,0,1,0,0,1,0,5.6138777343212265,5,0,1,1,132.95528605967309,0,6.878022553957048,0
15,4,0,1,1,0,0,0,0,2.9626119042993517,3,0,0,0,0,0,0,0
12,3,0,0,1,0,1,0,0,2.2572873295471854,3,0,0,0,0,0,0,0
12,4,0,0,1,0,0,0,0,4.2139414492046825,5,0,0,0,0,0,0,0
6,2,0,0,1,0,0,0,0,3.944662111912999,4,0,0,0,0,0,0,0
19,0,0,2,1,0,0,0,0,2.257479609904487,3,0,1,1,308.65385264522087,0,11.769510972592474,0
9,1,0,0,1,0,0,0,0,5.467202128386553,1,0,0,0,0,0,0,0
18,1,0,0,1,0,0,0,0,3.0306877124978286,5,0,0,0,0,0,0,0
9,0,0,0,1,0,0,0,0,2.4662399915018427,3,0,1,1,281.490865860719,0,7.4792497717141675,0
9,6,1,0,1,0,0,0,0,3.8783896088370033,2,0,1,2,48.26868044795519,0,4.236310972743792,0
14,4,0,0,1,0,0,0,0,4.585242626370726,2,0,0,0,0,0,0,0
22,3,0,1,1,0,0,0,0,4.857404333491021,4,0,0,0,0,0,0,0
10,2,0,0,1,0,0,0,0,5.631939833429858,1,0,0,0,0,0,0,0
11,1,0,0,1,0,0,1,0,3.477461275594497,1,0,1,1,102.91180693227788,0,3.924560404190606,0
8,6,1,2,1,0,0,0,0,4.528325682160872,4,0,1,1,213.39178040715368,0,8.013559741451143,0
9,1,0,1,1,0,0,0,0,2.9275513248693983,1,0,1,1,200.33997625335664,0,13.286813306944707,0
23,3,0,4.233629725150511,0,1,4,1,1,-0.15690416689003506,3,0,1,1,42.68145551865988,0,205.38557266223424,1
15,4,0,0,1,0,0,0,0,2.7834334301148265,2,0,1,3,41.797574458272145,0,11.276544457843722,0
5,2,0,0,1,0,0,0,0,2.9374243281265353,3,0,0,0,0,0,0,0
13,0,0,3,1,0,0,0,0,5.760372668359188,1,0,0,0,0,0,0,0
9,0,0,0,1,0,1,0,0,3.412510653426112,2,0,0,0,0,0,0,0
12,0,0,0,1,0,0,0,0,4.494427988578526,1,0,1,2,383.89327982769277,0,6.292788948521544,0
11,6,1,0,1,0,0,0,0,5.599489873049131,5,0,0,0,0,0,0,0
11,6,1,3.4151313301876662,1,0,0,1,0,-0.3262329619474973,20,5,0,0,0,0,0,1
17,4,0,0,1,0,0,0,0,2.028901918797532,3,0,1,2,397.3968055226443,0,9.402736718476868,0
11,4,0,0,1,0,0,0,0,4.547170446436732,4,0,0,0,0,0,0,0
17,3,0,1,1,0,0,0,0,4.234768051782936,4,0,1,1,43.46890071641582,0,11.414515225084621,0
10,0,0,0,1,0,0,0,0,5.914213636706646,5,0,0,0,0,0,0,0
13,2,0,0,1,0,0,0,0,4.97763521640821,6,0,1,1,82.49804255405816,0,6.944124831167956,0
14,3,0,1,1,0,0,0,0,5.379842906117428,6,0,0,0,0,0,0,0
9,5,1,3,1,0,0,0,0,3.455893366130452,3,0,0,0,0,0,0,0
20,2,0,3,1,0,0,0,0,5.172424795277365,3,0,0,0,0,0,0,0
10,0,0,0,1,0,0,0,0,3.2273170321407836,4,0,1,1,74.25354488234686,0,5.091044674304781,0
7,0,0,0,1,0,0,0,0,5.447837218473358,2,0,1,1,299.04067600265535,0,13.158860661767612,0
13,0,0,0,1,0,0,0,0,3.335564930112897,3,0,0,0,0,0,0,0
2,3,0,0,1,0,0,0,0,5.002150578226156,3,0,1,2,119.73888722560275,0,11.465540624621596,0
21,3,0,0,1,0,0,0,0,2.5941594668006207,2,0,1,1,161.60044886306153,0,0.05606437068557524,0
11,3,0,1,1,0,0,0,0,4.645560289407102,1,0,0,0,0,0,0,0
18,4,0,0,1,0,0,0,0,3.40912711333594,5,0,0,0,0,0,0,0
21,0,0,0,1,0,0,0,0,5.11928755125197,2,0,1,1,24.599945295765398,0,8.947291091310536,0
12,4,0,2,1,0,0,0,0,4.678195010373176,1,0,1,1,373.577071238732,0,12.298776624581706,0
8,3,0,3.647171132217049,1,0,0,0,0,-0.7206022608367713,10,5,0,0,0,0,0,1
8,4,0,1,1,0,0,0,0,5.898757414714683,1,0,0,0,0,0,0,0
8,0,0,0,1,0,0,0,0,2.6318071610362255,3,2,1,1,260.41366796541735,0,6.561580712204394,0
14,6,1,2,1,0,0,0,0,3.0763343170758284,2,0,1,2,17.43462262303767,0,9.063201758450338,0
16,1,0,1,1,0,0,0,0,3.857244747281805,5,0,1,1,147.43785062593489,0,11.537071830948804,0
11,0,0,1,1,0,0,0,0,4.697856795187648,3,0,1,1,383.4745566852332,0,11.729040050770408,0
23,6,1,0,1,0,0,0,0,4.352324109990164,3,0,0,0,0,0,0,0
10,4,0,1,1,0,0,0,0,4.720129778515225,3,0,1,1,49.57368602868277,0,11.322644554193797,0
19,1,0,2,1,0,0,0,0,3.9006020258693663,1,0,0,0,0,0,0,0
17,0,0,0,1,0,0,0,0,2.3708201702116187,2,0,0,0,0,0,0,0
14,6,1,3,1,0,0,0,0,2.45471625208099,3,0,0,0,0,0,0,0
14,2,0,0,1,0,0,0,0,3.1536341342386773,6,0,1,1,71.98791217766598,0,8.733131869241385,0
15,1,0,0,1,0,0,0,0,3.116189687218875,1,0,0,0,0,0,0,0
14,3,0,0,1,0,0,0,0,2.277345522263559,1,0,0,0,0,0,0,0
16,2,0,0,1,0,0,0,0,2.271847920058043,6,0,0,0,0,0,0,0
11,6,1,0,1,0,0,0,0,5.174591953836037,5,0,0,0,0,0,0,0
14,4,0,1,1,0,0,0,0,4.846708619114467,3,0,0,0,0,0,0,0
13,5,1,0,1,0,0,0,0,5.430381759059435,4,1,1,1,243.48240474759504,0,12.992724673783792,0
12,5,1,0,1,0,0,0,0,4.22603445764108,2,0,0,0,0,0,0,0
15,0,0,0,1,0,0,0,0,5.0299220084362,2,0,0,0,0,0,0,0
14,2,0,0,1,0,0,0,0,2.0243181466317117,2,0,1,1,178.31171324541805,0,1.2151091998358314,0
16,3,0,1,1,0,0,0,0,2.9345971285215593,3,0,1,1,91.9861870422376,0,2.329945712214661,0
20,0,0,0,1,0,1,0,0,5.752276256168312,4,0,1,2,133.46651997801112,0,13.477708972213073,0
2,3,0,5.670907219944901,1,0,0,0,0,-1.3813253769473417,10,10,1,1,30.2993797707239,0,255.582484211086,1
15,0,0,0,1,0,0,0,0,5.080085317354985,2,0,0,0,0,0,0,0
3,1,0,1,1,0,0,0,0,2.8527790449799615,6,1,0,0,0,0,0,0
18,0,0,1,1,0,0,0,0,5.261943119268789,4,0,1,1,343.44287868831714,0,4.870340532033459,0
15,2,0,0,1,0,0,0,0,2.2511577504263394,2,0,1,2,229.19428663474721,0,3.0203279659607114,0
5,2,0,0,1,0,0,0,0,5.807197275628782,2,0,0,0,0,0,0,0
17,4,0,0,1,0,0,0,0,3.1518166914126096,3,0,1,2,384.34692246935856,0,2.6064539776470896,0
15,1,0,1,1,0,0,0,0,2.509169953283087,2,0,1,1,63.67463039578961,0,2.730501253854565,0
0,2,0,0,1,0,0,0,0,2.3626082314171954,2,0,1,2,393.37172212626365,0,9.086026122256147,0
21,1,0,0,1,0,0,0,0,3.47321801483341,2,0,1,1,330.3778562437003,0,1.6732517903945294,0
10,2,0,0,1,0,0,1,0,3.633862223913648,1,1,0,0,0,0,0,0
15,6,1,1,1,0,0,0,0,2.1698024990733513,3,0,0,0,0,0,0,0
13,2,0,0,1,0,0,0,0,3.3055672427858456,5,0,1,2,168.44454724362336,0,9.494642590082844,0
18,4,0,1,1,0,0,0,0,4.87717070318204,2,0,0,0,0,0,0,0
13,6,1,2,1,0,0,0,0,2.7948942450231873,6,0,0,0,0,0,0,0
15,6,1,0,1,0,0,0,0,4.79230874904658,4,0,0,0,0,0,0,0
20,2,0,0,1,0,0,0,0,3.8800108132326443,1,0,1,1,292.3521269395562,0,0.07079612327926377,0
7,4,0,0,1,0,0,0,0,4.970353589561118,5,0,0,0,0,0,0,0
10,6,1,1,1,0,0,0,0,5.292515533925295,1,0,0,0,0,0,0,0
17,4,0,2,1,0,0,0,0,4.223240017680628,5,0,0,0,0,0,0,0
19,4,0,0,1,0,0,0,0,5.009596181131673,6,0,0,0,0,0,0,0
16,0,0,1,1,0,0,0,0,4.4553677447050575,1,0,0,0,0,0,0,0
18,3,0,1,1,0,0,0,0,2.793180261786159,1,2,0,0,0,0,0,0
23,0,0,2,1,0,0,0,0,3.954323467707783,1,0,1,2,271.1812396896923,0,9.974874125778532,0
16,6,1,0,1,0,0,0,0,2.382343280304447,1,0,1,2,96.70426285165647,0,0.9021253513834295,0
14,3,0,1,1,0,0,0,0,4.142057647915719,5,0,1,1,44.47664921279611,0,10.000279787825038,0
13,2,0,0,1,0,0,0,0,2.115814005556488,4,0,1,2,305.4498623804496,0,4.386773785298883,0
1,1,0,2,1,0,0,0,0,3.6376234095498186,4,0,1,1,337.9364520850783,0,7.407352346886151,0
20,3,0,1,1,0,0,0,0,3.168813768026846,4,0,1,2,352.00777588794534,0,9.985670620029689,0
0,6,1,0,1,0,0,0,0,4.14136904722036,5,0,1,2,398.11671843064516,0,7.853220902178778,0
11,1,0,0,1,0,0,0,0,4.526087219344169,4,0,0,0,0,0,0,0
23,6,1,7.45485240889315,1,0,1,1,1,5.158510127893134,2,1,1,1,37.36881700074852,0,298.12712405918126,1
8,3,0,2,1,0,0,0,0,4.4239808236871845,2,0,1,1,78.5481529627548,0,3.508979944572716,0
10,0,0,0,1,0,0,0,0,5.326201186406394,2,0,1,1,45.71194209065662,0,6.770990381920522,0
20,3,0,0,1,0,0,0,0,4.646980250516632,2,0,0,0,0,0,0,0
13,1,0,0,1,0,0,0,0,5.738619308379283,4,0,0,0,0,0,0,0
13,4,0,0,1,0,0,0,0,5.650693016147775,1,0,0,0,0,0,0,0
12,2,0,0,1,0,0,0,0,5.060324559683401,1,0,0,0,0,0,0,0
10,2,0,3,1,0,0,0,0,4.41916541176256,2,0,1,1,255.0876997634241,0,12.630199612482963,0
10,2,0,0,1,0,0,0,0,5.0511364767773514,1,0,1,1,102.83542289324177,0,3.615379820516016,0
12,5,1,0,1,0,0,0,0,3.094029112467265,2,0,0,0,0,0,0,0
17,6,1,3,1,0,0,0,0,4.389472947882238,4,0,0,0,0,0,0,0
18,3,0,0,1,0,0,0,0,4.3317566378156265,3,0,1,1,32.31162209398518,0,11.385329307986959,0
13,6,1,0,1,0,0,0,0,3.3594676358945192,3,0,1,1,61.13802687997431,0,4.202894053656561,0
14,2,0,0,1,0,0,0,0,4.8602997481268755,3,0,1,2,86.62350608335359,0,4.018423146405659,0
18,2,0,0,1,0,0,0,0,5.3606917008094594,4,0,0,0,0,0,0,0
16,3,0,0,1,0,0,0,0,4.7545224091705425,1,0,0,0,0,0,0,0
17,5,1,0,1,0,0,0,0,3.05138047541928,1,0,0,0,0,0,0,0
3,3,0,1,1,0,0,0,0,5.41450664382139,4,0,0,0,0,0,0,0
12,4,0,2,1,0,0,0,0,5.472692438486709,1,0,0,0,0,0,0,0
9,0,0,1,1,0,0,1,0,2.1073076994586994,5,0,1,1,394.1844126169104,0,5.042921262738137,0
16,1,0,0,1,0,0,0,0,5.660596933999876,1,0,1,1,287.1372780321247,0,5.606037420444961,0
14,3,0,0,1,0,0,0,0,2.150901273899752,1,0,0,0,0,0,0,0
18,2,0,0,1,0,0,0,0,3.201596499525707,1,1,1,2,267.2106628289853,0,1.643883338840822,0
14,3,0,2,1,0,0,0,0,5.787258478957836,3,0,1,1,385.1641373278482,0,0.25205434711212127,0
7,1,0,1,1,0,0,0,0,4.803851205328254,1,1,1,1,228.01836011544262,0,6.301275225655101,0
4,1,0,2,1,0,0,0,0,5.448229298199444,5,0,0,0,0,0,0,0
9,1,0,0,1,0,0,0,0,3.0099302436283564,6,0,0,0,0,0,0,0
7,3,0,0,1,0,0,0,0,5.444927382681456,5,0,0,0,0,0,0,0
4,3,0,0,1,0,0,0,0,3.0266174685401035,4,0,0,0,0,0,0,0
4,0,0,0,1,0,0,0,0,5.122173310826841,6,0,0,0,0,0,0,0
9,3,0,0,1,0,0,0,0,2.8297878307754147,3,0,1,2,49.03239518495772,0,3.614993893024092,0
18,5,1,0,1,0,0,0,0,2.527561399496668,4,0,0,0,0,0,0,0
11,1,0,1,1,0,0,0,0,2.735774139264665,3,0,1,3,258.27417559531955,0,9.835437820490661,0
13,4,0,1,1,0,0,0,0,4.818287344859694,1,0,0,0,0,0,0,0
10,3,0,0,1,0,0,0,0,4.50847395053505,5,0,1,1,394.17701639680655,0,9.675912617447114,0
10,3,0,1,1,0,0,0,0,4.458804990593702,6,0,0,0,0,0,0,0
9,5,1,0,1,0,0,0,0,3.4309643319989096,1,0,1,1,100.82923064640362,0,2.623526502597347,0
8,5,1,0,1,0,0,0,0,5.250919785949379,2,0,1,1,316.5936172209511,0,8.685643608050245,0
8,1,0,0,1,0,0,0,0,2.090610611417423,1,1,1,1,393.8128630857679,0,8.657124918786948,0
10,4,0,0,1,0,0,1,0,3.7286402614369716,3,0,0,0,0,0,0,0
10,0,0,0,1,0,0,0,0,2.5964197638464053,2,0,0,0,0,0,0,0
4,4,0,0,1,0,0,0,0,2.2461464288310586,3,1,0,0,0,0,0,0
9,1,0,1,1,0,0,0,0,3.219695260642179,4,0,1,1,359.04033050867105,0,9.428884324126743,0
9,4,0,0,1,0,0,0,0,2.7572699293180145,3,0,0,0,0,0,0,0
10,3,0,3,1,0,0,0,0,4.154322310815495,2,0,0,0,0,0,0,0
9,6,1,9.442872025499378,1,1,1,1,0,3.270014467129807,1,2,1,1,0.117171526997815,1,0.16098834931076395,1
8,0,0,0,1,0,0,0,0,5.831137131489052,3,0,0,0,0,0,0,0
8,1,0,0,1,0,0,0,0,5.136228412469286,2,0,0,0,0,0,0,0
9,0,0,0,1,0,0,0,0,5.014044039549649,2,0,0,0,0,0,0,0
9,4,0,1,1,0,0,0,0,5.073917913259319,4,0,0,0,0,0,0,0
18,3,0,0,1,0,0,0,0,4.411016225452496,5,0,1,1,160.62736497168063,0,1.265499143313402,0
13,4,0,1,1,0,0,0,0,3.456054764572482,2,0,1,2,180.33735199604985,0,10.279325806180292,0
20,2,0,1,1,0,0,0,0,3.9478720404705405,1,0,0,0,0,0,0,0
17,1,0,1,1,0,0,0,0,4.426635134542895,3,0,0,0,0,0,0,0
9,3,0,1,1,0,0,0,0,4.437058823324454,3,0,1,2,42.27788498231571,0,11.956952575747504,0
11,3,0,0,1,0,0,0,0,3.5991929939110556,5,0,1,2,80.74036147054052,0,9.65433141469859,0
9,1,0,0,1,0,0,0,0,4.750724902938698,1,0,0,0,0,0,0,0
15,3,0,0,1,0,0,0,0,4.552352003145119,4,0,1,1,149.39805678307343,0,6.500449662387292,0
11,0,0,0,1,0,0,0,0,4.214785642141498,2,0,1,1,189.3598039013002,0,4.2103191112787615,0
13,2,0,0,1,0,0,0,0,2.509986383229837,2,0,0,0,0,0,0,0
15,2,0,0,1,0,0,0,0,5.215887266032654,6,0,1,1,72.62778984600803,0,11.449475240849539,0
21,4,0,5.322006621812341,1,0,0,0,0,-1.1140144648450387,10,10,0,0,0,0,0,1
9,1,0,0,1,0,0,0,0,3.9668650261447587,6,0,1,1,192.58336766528552,0,4.402396353827118,0
3,3,0,2,1,0,0,0,0,4.763172591612435,2,0,0,0,0,0,0,0
6,1,0,1,1,0,0,0,0,4.934732644837427,3,0,0,0,0,0,0,0
12,4,0,0,1,0,0,0,0,2.5151457913671726,4,0,0,0,0,0,0,0
11,2,0,0,1,0,0,1,0,2.29143184237061,3,0,0,0,0,0,0,0
10,2,0,0,1,0,0,0,0,2.954808716541376,4,0,1,1,112.87005962633182,0,3.953366347512582,0
8,3,0,0,1,0,0,0,0,3.8162817051119147,6,0,0,0,0,0,0,0
12,5,1,0,1,0,0,0,0,4.507667481122193,3,1,0,0,0,0,0,0
9,2,0,1,1,0,0,0,0,3.788272479655192,1,0,1,1,173.16267940276208,0,0.0023760166967101704,0
0,3,0,9.959769435358185,1,0,0,0,0,5.049783715096366,1,0,0,0,0,0,0,1
10,1,0,0,1,0,0,0,0,2.1104849946868436,4,0,0,0,0,0,0,0
8,1,0,1,1,0,0,0,0,2.7526531757310213,4,0,1,1,349.61690668847166,0,13.398276647373423,0
16,3,0,0,1,0,0,0,0,3.7022375891673436,2,0,0,0,0,0,0,0
15,3,0,1,1,0,0,0,0,3.3622878555024234,3,0,0,0,0,0,0,0
13,3,0,0,1,0,0,0,0,5.0934985526646095,2,0,1,2,331.76403452067854,0,3.068801915000858,0
8,0,0,0,1,0,0,0,0,2.1258018945815302,6,2,0,0,0,0,0,0
11,4,0,2,1,0,0,0,0,3.160168786116179,2,0,1,1,101.33162788643706,0,10.923979462040286,0
11,4,0,0,1,0,0,0,0,4.2121300783563544,5,0,1,1,210.9892137607576,0,6.7562298466942465,0
6,4,0,2,1,0,0,0,0,2.0555806189794104,1,1,1,2,258.0087530104412,0,10.479096985792518,0
21,2,0,0,1,0,0,0,0,5.6205801835083555,3,0,1,1,253.65674522746892,0,3.0572340016129695,0
16,1,0,0,1,0,0,0,0,5.97184816846482,1,0,1,1,238.3184992467407,0,12.467626171903227,0
12,5,1,1,1,0,0,0,0,5.328457214486629,5,0,0,0,0,0,0,0
9,0,0,0,1,0,0,0,0,5.925813647971834,3,0,1,2,190.17456578699125,0,12.138828405097223,0
14,1,0,1,1,0,0,0,0,4.960325550315136,2,0,1,1,42.46022655177302,0,1.6126500963689945,0
4,0,0,1,1,0,0,0,0,4.949728233538785,3,0,1,1,119.39431616803567,0,12.677765957118707,0
14,4,0,0,1,0,0,0,0,3.844850094892538,1,0,1,1,17.436374944459242,0,6.936683804788211,0
14,4,0,0,1,0,0,0,0,4.266601408016713,3,0,0,0,0,0,0,0
8,4,0,0,1,0,0,0,0,2.7611780889302184,5,0,1,1,234.0979270884293,0,3.7829548607153844,0
11,1,0,0,1,0,0,0,0,5.260339566423226,3,0,0,0,0,0,0,0
20,0,0,1,1,0,0,0,0,2.5629762769080027,2,0,0,0,0,0,0,0
9,3,0,1,1,0,0,0,0,4.8341772977042945,4,0,0,0,0,0,0,0
6,0,0,1,1,0,0,0,0,4.97311184007507,1,0,0,0,0,0,0,0
19,3,0,0,1,0,0,0,0,3.2899505190180784,1,0,0,0,0,0,0,0
20,6,1,3,1,0,0,0,0,2.2615100776700174,1,1,1,1,159.98347434416863,0,8.39368827651115,0
6,0,0,2,1,0,0,0,0,4.466179743880325,2,0,1,1,147.57797709506656,0,0.4260387105306189,0
20,5,1,2.2350469009990834,1,0,0,0,0,-0.13138072444807136,100,5,0,0,0,0,0,1
8,3,0,0,1,0,0,0,0,2.8436635214690758,5,0,0,0,0,0,0,0
15,4,0,0,1,0,0,0,0,5.52367011516211,5,0,0,0,0,0,0,0
13,1,0,0,1,0,0,0,0,2.659124532713246,5,0,1,1,323.43600223612236,0,9.462229368797786,0
23,3,0,0,1,0,0,0,0,4.65964244289791,4,1,0,0,0,0,0,0
7,3,0,0,1,0,0,0,0,2.6209403550538606,4,0,1,1,286.9623181075128,0,5.236048809934902,0
5,2,0,0,1,0,0,0,0,4.88624146097569,2,0,0,0,0,0,0,0
10,3,0,2,1,0,0,0,0,3.8297498944617083,6,0,1,2,138.31053548666176,0,10.668984477174458,0
14,0,0,1,1,0,0,0,0,5.917461768131345,5,0,0,0,0,0,0,0
17,0,0,0,1,0,0,0,0,5.143065580178028,3,0,1,1,246.01677188065796,0,5.136862474359872,0
23,6,1,0,1,0,0,0,0,5.438559352485172,6,0,1,1,167.1985419435905,0,0.5886052638410644,0
16,4,0,1,1,0,0,0,0,4.550188889558083,1,0,0,0,0,0,0,0
10,4,0,0,1,0,0,0,0,4.585052280341806,3,0,1,2,363.4361886276904,0,5.693353966676556,0
14,4,0,0,1,0,0,0,0,5.621885423392287,1,0,0,0,0,0,0,0
16,4,0,1,1,0,0,0,0,3.179326008516224,1,0,1,1,269.7135693807404,0,4.389852936879754,0
14,5,1,0,1,0,0,0,0,4.535054598396289,1,0,1,2,311.89569550703226,0,11.204700777611363,0
0,3,0,0,1,0,0,0,0,3.442845553473033,5,0,1,2,314.5562565039384,0,4.683434342867825,0
14,3,0,0,1,0,0,0,0,4.899381887067182,1,0,1,1,180.675373174389,0,11.119972176512972,0
11,4,0,1,1,0,0,0,0,2.087737594432376,3,0,0,0,0,0,0,0
12,0,0,0,1,0,0,0,0,4.317081220127763,4,0,0,0,0,0,0,0
10,1,0,1,1,0,1,0,0,4.777265642915628,2,0,0,0,0,0,0,0
7,0,0,0,1,0,0,1,0,4.860058820197874,1,0,1,1,312.17762159117245,0,8.405762607435818,0
15,0,0,2.4588659666351225,1,0,0,0,0,-1.808194704614769,20,3,0,0,0,0,0,1
10,2,0,1,1,0,0,0,0,5.247237724139076,2,0,1,2,302.62545649095557,0,13.902311447449904,0
13,3,0,1,1,0,0,0,0,4.6427578026965515,4,0,1,2,231.24305961061708,0,9.5991268051614,0
6,6,1,0,1,0,0,0,0,4.951759343446949,5,0,1,1,378.67777109108664,0,1.5798781747213815,0
19,3,0,3,1,0,0,0,0,3.723786914877765,2,0,1,2,265.07126740772844,0,9.06975808779249,0
20,2,0,0,1,0,0,0,0,3.543244339156204,1,0,1,2,178.18704669886696,0,6.42337939284052,0
12,2,0,0,1,0,0,0,0,3.445096837687604,2,0,1,2,336.8061842876764,0,11.7963839245048,0
15,0,0,0,1,0,0,0,0,2.119912118681512,2,0,0,0,0,0,0,0
14,1,0,0,1,0,0,0,0,3.913496779021333,3,0,1,2,140.54749324332215,0,6.794857971784657,0
14,1,0,1,1,0,0,0,0,2.049548462243166,3,0,0,0,0,0,0,0
10,1,0,3,1,0,0,0,0,5.755730181708548,3,0,1,1,337.4632223700315,0,7.67033390759167,0
20,3,0,1,1,0,0,0,0,3.964426112875918,3,0,0,0,0,0,0,0
17,4,0,3,1,0,0,0,0,5.290264914670119,3,0,1,2,169.30488938965044,0,0.8890203026305703,0
8,5,1,0,1,0,0,0,0,3.872665268213083,3,0,0,0,0,0,0,0
8,0,0,0,1,0,0,0,0,5.7027642850822255,5,1,0,0,0,0,0,0
8,0,0,3,1,0,0,0,0,4.465869432677135,1,0,0,0,0,0,0,0
14,2,0,3,1,0,0,0,0,2.48477795387916,1,1,0,0,0,0,0,0
11,2,0,0,1,0,0,0,0,5.017371196159885,5,2,0,0,0,0,0,0
18,4,0,1,1,0,0,0,0,5.079868239738692,2,0,1,1,256.15615038311955,0,13.155612778123276,0
7,5,1,4.67529917774738,1,0,0,0,1,0.33039952281923846,50,5,1,1,68.69772150544071,0,133.0345252795883,1
14,1,0,2,1,0,0,0,0,5.460505699611446,4,0,0,0,0,0,0,0
15,3,0,0,1,0,0,0,0,4.409150640079215,2,0,1,1,268.464888108669,0,2.2635324101755527,0
9,1,0,0,1,0,0,0,0,4.856569424439756,1,0,0,0,0,0,0,0
7,1,0,0,1,0,0,0,0,3.717097695979877,1,0,0,0,0,0,0,0
8,3,0,0,1,0,0,1,0,2.5143626096099925,5,0,0,0,0,0,0,0
13,0,0,0,1,0,0,0,0,4.083931654366819,1,0,1,1,173.970229325401,0,13.7263975345378,0
8,5,1,0,1,0,0,0,0,3.3194275066071426,5,0,0,0,0,0,0,0
7,1,0,0,1,0,0,0,0,2.5686615286568673,4,0,1,2,295.39677690405733,0,3.5678904455198186,0
16,3,0,0,1,0,0,0,0,2.803946942863191,2,0,0,0,0,0,0,0
17,0,0,0,1,0,0,0,0,2.8744910879644014,6,0,0,0,0,0,0,0
12,0,0,1,1,0,0,0,0,5.77938507061353,1,0,1,1,374.22748845574984,0,10.259454143429682,0
15,1,0,0,1,0,0,0,0,3.650339583439236,2,1,1,2,75.55953724145299,0,4.799940038174007,0
11,2,0,0,1,0,0,0,0,2.2138832354023714,3,0,0,0,0,0,0,0
11,1,0,1,1,0,0,0,0,4.766174301731251,1,0,1,1,46.82114974049513,0,5.384287436871049,0
12,4,0,0,1,0,0,0,0,2.502156515995184,2,0,0,0,0,0,0,0
16,5,1,1,1,0,0,0,0,2.544921179247113,2,0,0,0,0,0,0,0
9,3,0,1,1,0,1,0,0,3.33884085574758,1,1,0,0,0,0,0,0
16,5,1,0,1,0,0,0,0,2.29338762588869,4,0,0,0,0,0,0,0
13,4,0,0,1,0,0,0,0,3.828156627470253,4,0,0,0,0,0,0,0
9,3,0,0,1,0,0,0,0,4.748301001960667,2,0,0,0,0,0,0,0
15,2,0,0,1,0,0,0,0,3.6305470972698086,1,0,0,0,0,0,0,0
14,1,0,0,1,0,0,0,0,4.330140933424255,1,0,1,1,394.3502003673427,0,1.2585039521699692,0
10,1,0,0,1,0,0,0,0,4.176771692302722,1,0,0,0,0,0,0,0
7,6,1,2,1,0,0,0,0,5.0512362984691315,2,0,1,1,374.946298547432,0,0.1949458946240188,0
17,2,0,0,1,0,0,0,0,3.911523192283177,2,0,0,0,0,0,0,0
10,0,0,0,1,0,0,0,0,3.675901722827434,1,0,0,0,0,0,0,0
12,1,0,1,1,0,0,0,0,4.263440110954658,1,0,1,1,336.00623843297734,0,5.357074991532356,0
15,3,0,0,1,0,0,0,0,3.548099486896878,2,0,0,0,0,0,0,0
10,2,0,5.417300751790519,0,1,0,1,0,3.248259682577367,1,1,1,1,0.006824538561065708,1,0.01985532318349086,1
14,2,0,1,1,0,0,0,0,2.759537660531174,4,0,1,2,33.88070412120953,0,8.408377234562252,0
23,1,0,0,1,0,0,0,0,5.728553713112799,3,0,0,0,0,0,0,0
6,1,0,0,1,0,0,0,0,2.438935456297367,4,1,0,0,0,0,0,0
22,4,0,1.3917545483732563,1,0,0,1,0,0.3810627650883882,10,30,1,1,69.26554345949006,0,90.13194522532592,1
15,5,1,1,1,0,0,0,0,4.623063914408407,1,0,0,0,0,0,0,0
10,3,0,3,1,0,0,0,0,4.850704605626355,3,0,0,0,0,0,0,0
5,2,0,0,1,0,0,0,0,3.206677938384948,4,0,0,0,0,0,0,0
11,0,0,0,1,0,0,0,0,5.100273127408028,5,0,0,0,0,0,0,0
11,5,1,1,1,0,0,0,0,5.90246583330412,5,0,0,0,0,0,0,0
8,0,0,0,1,0,0,0,0,5.2240785265748375,2,0,0,0,0,0,0,0
11,4,0,0,1,0,0,0,0,4.5491134031593425,1,0,1,2,124.13457858710152,0,8.373538138262633,0
8,2,0,0,1,0,0,0,0,3.2842400004255388,1,0,1,1,100.10406751121617,0,12.420336847358659,0
11,0,0,0,1,0,0,0,0,3.7600655341577776,4,0,1,2,128.62413214150013,0,6.685167656225801,0
8,3,0,2,1,0,0,0,0,5.984476428122209,6,0,0,0,0,0,0,0
13,2,0,1,1,0,0,0,0,5.550193672510856,3,0,1,1,69.8743974116126,0,2.513509597718979,0
10,4,0,0,1,0,0,0,0,2.9952924915035277,3,0,0,0,0,0,0,0
16,3,0,0,1,0,0,0,0,2.7912389978970067,2,0,1,1,373.4634527553648,0,13.062283044215267,0
18,4,0,1,1,0,0,0,0,5.927929823427553,3,1,0,0,0,0,0,0
16,3,0,0,1,0,0,0,0,5.34986494994586,3,0,0,0,0,0,0,0
17,2,0,0,1,0,0,0,0,4.7273429424413465,2,0,1,1,220.3657504721734,0,1.126394985441432,0
13,0,0,2,1,0,0,0,0,3.479394258834934,4,0,1,1,108.45233661785643,0,0.19288205595282504,0
10,4,0,1,1,0,1,0,0,3.5139486989055917,3,0,1,1,295.5484440340995,0,11.830057303147758,0
10,0,0,2,1,0,0,0,0,4.603154610568284,3,0,1,3,143.80561436502242,0,7.030313128445922,0
4,3,0,1,1,0,0,0,0,5.904386966328994,2,0,0,0,0,0,0,0
13,6,1,1,1,0,0,0,0,4.400979896286553,1,2,0,0,0,0,0,0
15,2,0,0,1,0,0,0,0,3.200764134083754,1,0,0,0,0,0,0,0
17,3,0,0,1,0,0,0,0,4.344985381522498,5,0,0,0,0,0,0,0
10,0,0,0,1,0,0,0,0,2.0783593262161224,2,0,1,1,66.25811991167049,0,1.339804579042124,0
10,0,0,0,1,0,0,0,0,2.8259122375626324,3,0,0,0,0,0,0,0
14,0,0,0,1,0,0,0,0,3.8348614242070855,2,0,0,0,0,0,0,0
14,4,0,0,1,0,0,0,0,4.032525906085313,4,0,1,1,356.4008473218314,0,1.661091119926539,0
13,2,0,0,1,0,0,0,0,3.4700496840635395,1,0,1,1,154.55936788559396,0,3.980586782269788,0
14,4,0,1,1,0,1,0,0,4.844257749313613,5,0,0,0,0,0,0,0
11,3,0,1,1,0,0,0,0,4.196742145944958,4,0,0,0,0,0,0,0
21,1,0,0,1,0,0,0,0,3.802267947549171,5,0,0,0,0,0,0,0
11,4,0,0,1,0,0,0,0,2.2287636752120368,4,0,0,0,0,0,0,0
11,3,0,0,1,0,0,0,0,2.1627955774477385,1,0,1,2,20.03330593955513,0,0.08889409975063733,0
18,4,0,0,1,0,0,0,0,4.669418733787025,2,0,1,1,30.48827081956289,0,5.189556492605252,0
20,5,1,1,1,0,0,0,0,4.780763471171964,1,0,0,0,0,0,0,0
9,2,0,0,1,0,0,0,0,5.2768043912449825,2,0,1,1,237.8616751153137,0,10.286586185426511,0
15,5,1,0,1,0,0,0,0,5.128558459114193,4,0,0,0,0,0,0,0
19,3,0,2,1,0,0,0,0,2.5834981871848393,1,1,0,0,0,0,0,0
7,1,0,1,1,0,0,0,0,5.350289680280774,1,0,1,1,267.9301223958654,0,13.514580255150916,0
10,4,0,2,1,0,0,0,0,3.44814271600528,5,0,0,0,0,0,0,0
19,0,0,1,1,0,0,0,0,2.5373508502670066,4,0,1,1,107.62101922717068,0,7.092763487658167,0
13,4,0,0,1,0,0,0,0,2.925490205270096,3,0,0,0,0,0,0,0
9,1,0,0,1,0,0,0,0,5.87451667380972,4,0,0,0,0,0,0,0
9,2,0,1,1,0,0,0,0,5.079588551453515,4,0,1,1,87.65358499032207,0,5.2254940425276315,0
17,1,0,1,1,0,0,0,0,2.183556348373661,5,0,0,0,0,0,0,0
12,4,0,0,1,0,0,0,0,2.348638385253119,2,0,1,1,358.6307501641339,0,12.249843506703636,0
18,4,0,0,1,0,0,0,0,3.6396493694006864,1,0,1,2,95.22978923276436,0,4.332169401321326,0
1,1,0,0,1,0,0,0,0,4.933085958131963,1,1,0,0,0,0,0,0
13,4,0,0,1,0,0,0,0,2.8161733506822886,1,0,1,1,279.8090904237779,0,6.455674233553446,0
16,1,0,0,1,0,0,0,0,2.0661135943353943,3,0,0,0,0,0,0,0
18,3,0,0,1,0,0,0,0,3.6516350434133655,2,1,1,1,367.9875450572615,0,0.4289039928027929,0
7,3,0,1,1,0,0,0,0,5.006907034630348,5,0,0,0,0,0,0,0
3,2,0,5.291506544757146,1,0,1,1,1,5.3863959565410795,1,0,0,0,0,0,0,1
19,5,1,2,1,0,0,0,0,5.566214348847415,4,0,0,0,0,0,0,0
11,2,0,0,1,0,0,1,0,4.935945352462193,2,0,0,0,0,0,0,0
11,5,1,0,1,0,0,0,0,3.5358004512458705,3,0,0,0,0,0,0,0
19,1,0,1,1,0,0,0,0,4.255010012827699,2,0,1,1,225.8615856028221,0,8.77254199213933,0
10,4,0,1,1,0,0,0,0,4.356915936318786,2,0,0,0,0,0,0,0
10,4,0,1,1,0,0,0,0,3.4325191284879297,5,0,1,1,399.7159782051142,0,13.439235485383762,0
16,2,0,0,1,0,0,0,0,4.221774481923376,3,0,1,1,280.5910057884296,0,6.3532169921554935,0
11,1,0,1,1,0,0,0,0,3.081154462760225,3,0,0,0,0,0,0,0
12,5,1,2,1,0,0,0,0,5.116431539891171,1,0,1,1,117.0089686197291,0,3.232758882262182,0
23,3,0,1,1,0,0,0,0,3.7821385864710235,5,0,0,0,0,0,0,0
14,4,0,1.7017068011225356,1,0,0,0,0,-1.7844050897777706,200,5,1,1,5.029863424983983,0,129.38530780053748,1
9,1,0,2,1,0,0,0,0,4.999867721994706,2,0,0,0,0,0,0,0
18,1,0,0,1,0,0,0,0,2.482234535618713,3,0,0,0,0,0,0,0
9,1,0,1,1,0,0,1,0,4.629215400703991,4,0,0,0,0,0,0,0
12,6,1,0,1,0,0,0,0,5.233709053195058,1,0,1,1,116.37534411211374,0,11.092693347252846,0
18,0,0,0,1,0,0,0,0,2.1733153408764445,6,2,1,1,393.9309245858613,0,2.6826410132633915,0
12,0,0,0,1,0,0,0,0,4.265369513110894,3,0,1,1,315.94391755573594,0,7.063962830797437,0
13,4,0,0,1,0,0,0,0,4.262105215804068,4,0,0,0,0,0,0,0
11,6,1,2,1,0,0,0,0,5.877390716433658,2,0,0,0,0,0,0,0
14,1,0,1,1,0,0,0,0,5.962167098480531,3,0,0,0,0,0,0,0
7,0,0,0,1,0,0,0,0,2.270734236349934,2,0,1,1,62.579123437036905,0,8.923614960489179,0
18,4,0,0,1,0,0,0,0,5.842974026442544,5,0,0,0,0,0,0,0
11,0,0,0,1,0,0,0,0,4.252662840955037,4,0,1,1,381.41499381852947,0,2.2148184570518294,0
15,4,0,1,1,0,0,0,0,4.921175385052001,3,0,1,1,179.42861372325027,0,2.6509100150181593,0
17,3,0,1,1,0,0,0,0,3.1106218290392227,2,0,0,0,0,0,0,0
15,0,0,1,1,0,0,0,0,2.234352315807893,3,0,0,0,0,0,0,0
10,1,0,0,1,0,0,0,0,5.015952218268879,2,0,0,0,0,0,0,0
16,4,0,0,1,0,0,0,0,3.8228435996938743,2,0,1,2,153.2743228433507,0,5.985411896998837,0
13,1,0,1,1,0,0,0,0,3.8228884452703444,1,0,1,1,240.82146339364974,0,2.4360828086868325,0
8,5,1,1.4573212845333552,1,0,0,0,0,0.5281947045683939,10,20,0,0,0,0,0,1
12,0,0,3,1,0,0,0,0,2.0228834750309166,1,0,0,0,0,0,0,0
19,4,0,3,1,0,0,0,0,5.641228274398751,3,0,1,1,203.27015013181096,0,7.717616390083847,0
11,0,0,0,1,0,0,1,0,5.979659994308564,4,0,0,0,0,0,0,0
18,4,0,0,1,0,0,0,0,2.573568594058309,1,0,1,1,384.2211308504829,0,5.382268135105382,0
21,3,0,1,1,0,0,0,0,2.3186729453569415,3,0,1,1,51.1194228511554,0,5.033616729820984,0
18,3,0,0,1,0,0,0,0,5.222727326820467,6,0,0,0,0,0,0,0
19,2,0,0,1,0,0,0,0,5.072522517645687,1,0,1,1,373.45655492346754,0,8.140762920446834,0
14,6,1,0,1,0,0,0,0,4.291893606258112,3,0,1,1,389.9167515944614,0,13.920729481535542,0
22,2,0,3.866432630091155,0,1,3,1,1,1.8319959228537641,1,0,0,0,0,0,0,1
9,0,0,0,1,0,0,0,0,2.3630450641742904,1,0,0,0,0,0,0,0
18,2,0,1,1,0,0,0,0,4.545871556503355,5,0,1,3,143.08416616198653,0,12.563047308325656,0
11,3,0,0,1,0,0,0,0,4.629322209688267,3,0,1,1,106.77160124667111,0,5.360054515847501,0
16,3,0,0,1,0,0,0,0,2.144789287103643,1,0,0,0,0,0,0,0
18,1,0,0,1,0,0,0,0,4.710675208909471,4,0,1,1,60.00750864971226,0,5.548311734832132,0
8,2,0,3,1,0,0,0,0,5.574345634439965,3,0,1,2,180.9535887964703,0,11.354113118448085,0
20,1,0,0,1,0,0,0,0,3.4790281385156336,2,0,1,1,190.05082793922563,0,10.674764407752008,0
15,4,0,0,1,0,0,0,0,5.716284996820338,2,0,0,0,0,0,0,0
8,5,1,1,1,0,0,0,0,5.842422773778287,3,0,0,0,0,0,0,0
14,6,1,1,1,0,0,0,0,3.537883302780395,4,0,1,1,188.6340767401186,0,10.447568411273917,0
14,0,0,1,1,0,0,0,0,2.9162145409992632,3,0,1,3,291.70753454855975,0,5.153852337374437,0
11,3,0,0,1,0,0,0,0,5.514983096265695,6,0,1,2,370.904538724913,0,1.1372371895859423,0
16,0,0,3,1,0,0,0,0,2.101171363074434,3,0,1,2,43.98604836837207,0,3.567704588652629,0
6,2,0,1,1,0,0,0,0,4.434089338128567,4,0,0,0,0,0,0,0
8,0,0,1,1,0,0,0,0,2.7468688129797507,4,0,1,1,128.71194061009896,0,3.2924961804858563,0
12,3,0,0,1,0,0,0,0,3.955404797322684,2,0,1,1,181.21182034020808,0,12.08022641897189,0
15,2,0,1,1,0,0,0,0,5.753921484981431,3,0,1,1,102.17229196791723,0,3.8104909964758265,0
16,2,0,0,1,0,0,0,0,4.342792990812626,5,0,0,0,0,0,0,0
16,2,0,0,1,0,0,0,0,2.124801071654382,4,0,0,0,0,0,0,0
7,1,0,3,1,0,0,0,0,2.784999315427398,6,0,0,0,0,0,0,0
14,0,0,0,1,0,0,0,0,3.022078016085837,2,0,1,1,160.7600740460812,0,7.003672851786984,0
16,0,0,1,1,0,0,0,0,4.470475949094016,3,0,1,1,86.13758196723518,0,12.812732198493375,0
17,0,0,0,1,0,0,0,0,5.828156763148199,2,2,1,1,119.59418086456269,0,9.317306423984611,0
18,2,0,0,1,0,0,0,0,4.414543931388501,4,0,1,1,388.4724349779164,0,1.2106406522076272,0
4,5,1,8.522719465031134,1,0,0,1,0,4.527167580713251,1,2,0,0,0,0,0,1
13,3,0,0,1,0,0,0,0,5.199369241627653,4,0,1,1,46.51371028560933,0,12.443729328374426,0
15,4,0,3,1,0,0,0,0,4.441861052945038,1,0,1,2,287.0186207950289,0,6.769906461110411,0
15,2,0,1,1,0,0,0,0,2.1819165778447887,2,0,0,0,0,0,0,0
15,4,0,0,1,0,0,0,0,3.878898545570305,2,0,0,0,0,0,0,0
12,2,0,0.7961691394117787,1,0,0,0,0,-0.1600305013887482,20,30,0,0,0,0,0,1
20,5,1,0,1,0,0,0,0,2.974679775925385,6,0,0,0,0,0,0,0
18,4,0,0,1,0,0,0,0,2.73094946778201,1,0,1,1,251.4031360397367,0,1.174896841149778,0
14,0,0,0,1,0,0,0,0,4.45321588548277,2,0,0,0,0,0,0,0
8,0,0,0,1,0,0,0,0,2.97173626195321,2,0,0,0,0,0,0,0
8,0,0,1,1,0,0,0,0,2.7996756217854553,3,0,1,1,83.03505093448814,0,7.164333185014322,0
14,3,0,3,1,0,0,0,0,5.529262261638852,3,0,1,1,342.9419676999757,0,2.3191553310628796,0
17,1,0,1,1,0,0,0,0,4.405077079404319,4,0,1,2,284.8585507747286,0,2.892353314741637,0
15,0,0,0,1,0,0,0,0,5.131058965947874,4,0,0,0,0,0,0,0
16,3,0,0,1,0,0,0,0,2.879358096208435,1,0,1,1,312.8970885022374,0,13.816978548030866,0
14,1,0,0,1,0,0,0,0,5.9492208651495835,2,0,0,0,0,0,0,0
9,0,0,0,1,0,0,0,0,2.5849523855318712,2,0,1,1,331.716400297864,0,9.447060769255527,0
17,3,0,0,1,0,0,0,0,4.638057102546021,4,0,0,0,0,0,0,0
14,1,0,3,1,0,0,1,0,5.204509416406596,1,0,1,2,385.6512920707488,0,4.522586991119348,0
12,5,1,0,1,0,0,0,0,3.7424937011577097,4,0,0,0,0,0,0,0
19,0,0,2,1,0,0,0,0,2.956218463382226,2,0,1,1,21.64844245067365,0,0.701289707910046,0
12,0,0,1,1,0,0,0,0,3.303877610320461,5,1,1,2,248.62983714231257,0,2.2565136069707656,0
18,0,0,0,1,0,0,0,0,3.4169110873680997,1,0,0,0,0,0,0,0
5,0,0,0,1,0,0,0,0,3.8304376352409233,2,0,0,0,0,0,0,0
11,2,0,0,1,0,0,0,0,2.992080249574206,4,0,0,0,0,0,0,0
21,6,1,2,1,0,1,0,0,3.4625331958148013,1,0,0,0,0,0,0,0
17,4,0,3,1,0,0,0,0,2.992788711986448,4,0,1,1,390.82209218482103,0,5.381142236526415,0
18,1,0,0,1,0,0,0,0,2.959558302006615,3,0,1,1,162.67206747009715,0,13.385809407343382,0
10,2,0,0,1,0,0,1,0,5.273478303454157,1,0,0,0,0,0,0,0
15,2,0,2,1,0,0,0,0,5.035495914148812,2,0,0,0,0,0,0,0
16,1,0,0,1,0,0,0,0,4.5678902347986625,6,0,0,0,0,0,0,0
16,4,0,0,1,0,0,0,0,4.726657123330828,2,1,1,1,136.7967038651119,0,9.616518360189264,0
16,6,1,0,1,0,0,0,0,3.922143251722534,5,0,1,2,230.23050535392406,0,12.915051020114609,0
15,3,0,2,1,0,0,0,0,2.195459470338894,4,1,0,0,0,0,0,0
17,0,0,1,1,0,0,0,0,5.503785807737948,1,1,1,1,46.6088279246238,0,0.40232751609175477,0
5,2,0,0,1,0,0,1,0,3.9741838096293645,2,0,1,1,195.83593708052342,0,1.9504805597936399,0
16,1,0,5.831642735862934,0,1,2,1,1,-0.5476095143699271,1,1,1,1,10.267577904723824,0,251.02110505375353,1
17,2,0,0,1,0,0,0,0,2.282794367816426,5,0,0,0,0,0,0,0
14,5,1,0,1,0,0,0,0,5.321378390629782,6,0,0,0,0,0,0,0
14,0,0,0,1,0,0,0,0,5.753086857822858,2,0,0,0,0,0,0,0
11,3,0,0,1,0,0,0,0,4.9588511705922045,3,0,0,0,0,0,0,0
8,1,0,0,1,0,0,0,0,5.675403632285295,3,2,1,1,179.89510858289702,0,6.986510907883095,0
13,0,0,0,1,0,0,0,0,4.632014618630803,1,0,0,0,0,0,0,0
10,0,0,1,1,0,0,0,0,3.253091221559679,6,0,1,1,156.3512828411714,0,12.670003794306083,0
10,0,0,3,1,0,0,0,0,2.386865507333856,4,0,1,2,220.98404330151448,0,5.2994812809169485,0
19,2,0,3,1,0,0,0,0,3.263880290782631,2,2,0,0,0,0,0,0
15,2,0,2,1,0,0,0,0,3.2863598268257754,5,0,1,2,386.10410057105565,0,8.456510012919894,0
18,1,0,0,1,0,0,0,0,3.761414378062461,3,0,0,0,0,0,0,0
13,1,0,1,1,0,1,0,0,4.883077864458333,1,0,1,1,352.55108221703085,0,12.695407866275643,0
16,3,0,0,1,0,0,0,0,5.006376904114177,4,0,1,1,219.95925660783,0,12.607134381488986,0
13,3,0,3,1,0,0,0,0,5.067642597765469,2,0,0,0,0,0,0,0
9,4,0,0,1,0,0,0,0,2.875775611597616,1,0,0,0,0,0,0,0
10,6,1,2,1,0,0,1,0,2.158589840280516,3,0,1,1,213.43382077501218,0,2.2638545586424454,0
14,0,0,0,1,0,0,0,0,3.4083398504568803,3,0,0,0,0,0,0,0
7,1,0,0,1,0,0,0,0,5.047961936207303,5,0,0,0,0,0,0,0
8,1,0,1,1,0,0,0,0,5.324753643474493,6,0,1,2,324.2494274706771,0,0.16724116003725542,0
10,2,0,1,1,0,0,0,0,5.84738628800682,3,0,0,0,0,0,0,0
18,0,0,0,1,0,0,0,0,3.938213620246665,2,0,0,0,0,0,0,0
21,3,0,2,1,0,0,0,0,2.541696935145693,6,0,1,2,189.83530802231755,0,9.325179011583952,0
17,1,0,0,1,0,0,0,0,2.3274250639163903,1,0,0,0,0,0,0,0
14,2,0,1,1,0,0,0,0,5.077373170693818,4,0,1,1,174.79813480726844,0,1.0527101174787297,0
8,0,0,0,1,0,0,0,0,3.190153124826429,3,0,1,2,35.89306161009761,0,7.134269699174814,0
8,3,0,0,1,0,0,0,0,2.468947506917613,2,0,1,1,202.77465417800704,0,10.090220176170819,0
9,1,0,0,1,0,0,0,0,5.440742672189559,2,0,1,2,335.33939546795983,0,12.563255986169917,0
3,2,0,6.212929388823943,1,0,0,1,1,3.047301624044376,3,0,0,0,0,0,0,1
16,3,0,0,1,0,0,0,0,2.3899889736939426,1,0,1,1,379.28034143169594,0,8.775451160920298,0
16,3,0,0,1,0,0,0,0,5.556731329628649,6,0,0,0,0,0,0,0
11,4,0,2,1,0,0,0,0,2.319248011441144,4,0,1,1,111.56142619436041,0,7.804051419856644,0
20,5,1,0,1,0,0,0,0,4.07570945827031,2,0,1,2,294.6910136719992,0,9.111424816193674,0
2,4,0,2,1,0,0,0,0,2.652150877225559,1,0,0,0,0,0,0,0
8,3,0,3,1,0,0,0,0,3.589226001203213,3,0,1,2,350.4005707097118,0,11.156322937423685,0
14,4,0,1,1,0,0,0,0,2.9671231554385993,2,0,0,0,0,0,0,0
10,0,0,1,1,0,0,0,0,2.4488775912508434,1,0,1,1,135.11172771257162,0,8.750596792051658,0
0,2,0,0,1,0,0,0,0,4.466077444337351,3,0,0,0,0,0,0,0
10,4,0,2,1,0,0,0,0,4.248964654577927,6,0,0,0,0,0,0,0
7,2,0,3,1,0,0,1,0,2.2689617389667336,1,0,0,0,0,0,0,0
9,2,0,2,1,0,0,0,0,4.7493993549429785,4,0,0,0,0,0,0,0
20,3,0,1,1,0,0,0,0,3.5741038076040694,2,0,1,1,55.74445915227386,0,5.399653784351278,0
11,6,1,0,1,0,0,0,0,4.108752655814479,2,0,0,0,0,0,0,0
0,3,0,0,1,0,0,0,0,2.605496523377124,2,0,1,1,52.77953341636857,0,8.254034848661185,0
9,3,0,0,1,0,0,0,0,3.2126360497779367,1,0,1,1,205.26879589111465,0,3.5790422477718207,0
14,4,0,0,1,0,0,0,0,2.0965345704845375,2,0,1,2,299.0284290188148,0,7.192381256851957,0
17,1,0,0,1,0,0,0,0,3.356674529897882,4,0,0,0,0,0,0,0
13,0,0,0,1,0,0,0,0,3.2402759768798957,6,0,0,0,0,0,0,0
22,2,0,0,1,0,0,0,0,2.798740854423023,2,0,1,1,35.05167315763713,0,12.974215731527499,0
11,0,0,0,1,0,0,0,0,3.847408675463292,2,0,0,0,0,0,0,0
14,3,0,1,1,0,0,0,0,3.559810741054359,2,0,1,1,156.42312024860985,0,3.816320108001575,0
15,2,0,1,1,0,0,0,0,4.869432225000974,1,0,0,0,0,0,0,0
7,5,1,1,1,0,0,0,0,5.130224949104827,4,0,1,2,108.33491796257978,0,1.8729701751338814,0
16,0,0,3,1,0,0,0,0,5.895370775811379,5,0,1,1,179.95910440531634,0,9.881914264916356,0
9,2,0,0,1,0,0,0,0,4.220389409442708,6,0,1,1,353.12793112207777,0,2.497874571902182,0
13,2,0,3,1,0,0,0,0,5.888224877297618,4,0,0,0,0,0,0,0
6,3,0,0,1,0,0,0,0,2.4948665280834255,3,0,0,0,0,0,0,0
7,0,0,0,1,0,0,0,0,4.946471581969028,4,0,1,1,344.4725506495547,0,11.577857553868334,0
20,2,0,1,1,0,0,0,0,3.6494405352169426,3,0,0,0,0,0,0,0
11,0,0,2,1,0,0,0,0,3.60679962544739,2,0,1,1,179.31109902454781,0,3.655916537772645,0
16,1,0,1,1,0,0,0,0,5.126922858559291,2,2,0,0,0,0,0,0
9,2,0,3,1,0,0,0,0,5.512179155836192,4,0,0,0,0,0,0,0
20,3,0,3,1,0,0,0,0,4.941524323266816,3,0,0,0,0,0,0,0
0,4,0,0,1,0,0,0,0,2.1805428906976334,2,0,0,0,0,0,0,0
11,1,0,1,1,0,0,0,0,2.0036864512262396,3,0,0,0,0,0,0,0
15,1,0,1,1,0,0,0,0,5.273255969028307,6,0,0,0,0,0,0,0
8,3,0,0,1,0,0,0,0,4.592569262669294,5,0,0,0,0,0,0,0
14,0,0,0,1,0,0,0,0,2.1572748107235364,2,0,0,0,0,0,0,0
13,6,1,9.587245182873936,0,0,1,1,1,1.6102566821005926,1,1,1,1,0.029578024653306348,1,0.03988421357038974,1
11,1,0,0,1,0,0,0,0,2.4519003424067516,3,0,0,0,0,0,0,0
16,2,0,0,1,0,0,0,0,2.672254594281172,3,0,0,0,0,0,0,0
19,0,0,2,1,0,0,1,0,2.933424240738846,2,2,1,2,140.52020845815147,0,2.131354579519594,0
17,2,0,0,1,0,0,0,0,5.02332564722877,2,0,1,1,320.3889151157049,0,9.691233866588075,0
9,5,1,1,1,0,0,0,0,3.624577735570081,5,0,1,1,204.4228516666663,0,4.408562569258801,0
16,3,0,0,1,0,0,0,0,4.352554493289771,5,0,1,1,39.42922171735492,0,11.756152469418165,0
6,6,1,0,1,0,0,0,0,2.875016233055937,4,0,0,0,0,0,0,0
6,3,0,0,1,0,0,0,0,2.9445732056777367,3,0,0,0,0,0,0,0
2,3,0,7.87454664530925,1,0,0,0,1,4.882779007507399,1,0,0,0,0,0,0,1
11,1,0,1,1,0,0,0,0,3.9567792422330537,4,0,1,1,380.7666975623037,0,2.3387196750669155,0
13,4,0,0,1,0,0,0,0,3.4224718461790986,3,0,0,0,0,0,0,0
7,0,0,3,1,0,0,0,0,4.569835415118257,2,0,1,1,214.9137248328263,0,1.08698768357141,0
14,1,0,4.305500657226854,1,0,0,0,0,-1.8243846980699865,30,30,1,1,2.90680647610988,1,176.03129847357428,1
7,4,0,0,1,0,0,0,0,3.3497358929771077,2,0,1,1,392.39617605318523,0,5.066649516874645,0
6,2,0,2,1,0,0,0,0,5.796646627372621,6,0,1,2,208.4194546825086,0,13.744374939361176,0
13,4,0,0,1,0,0,0,0,3.8284189953109005,2,0,1,1,366.5998217747132,0,8.306136166716984,0
16,4,0,0,1,0,0,0,0,2.2382670458657135,3,0,1,1,399.5010908640179,0,3.2311888325595426,0
20,0,0,2,1,0,0,0,0,4.210158392192291,3,0,1,1,230.67126483022378,0,1.4277052455189425,0
17,6,1,0.38893461823503817,1,0,0,0,0,-1.0495576389034116,50,10,0,0,0,0,0,1
11,0,0,0,1,0,0,0,0,2.9236717870461044,3,2,0,0,0,0,0,0
16,0,0,0,1,0,0,0,0,2.845899258292647,3,0,0,0,0,0,0,0
16,4,0,0,1,0,0,0,0,2.7660221391941415,1,0,1,2,239.80431471902494,0,6.455022425814335,0
2,2,0,6.874751348536083,1,0,0,0,0,5.025801575778747,2,0,1,1,89.91816291061924,0,207.88739483680504,1
7,2,0,0,1,0,0,0,0,4.453499211181208,4,0,0,0,0,0,0,0
8,2,0,0,1,0,0,0,0,4.2636354870867095,1,0,1,3,163.87641172689348,0,11.288462615853728,0
12,1,0,0,1,0,0,0,0,4.3602482626633385,5,0,0,0,0,0,0,0
18,1,0,0,1,0,0,0,0,4.835461195481087,1,0,0,0,0,0,0,0
12,3,0,0,1,0,0,0,0,3.783100883794302,3,0,0,0,0,0,0,0
16,1,0,1,1,0,0,0,0,5.874149564098712,3,1,0,0,0,0,0,0
9,4,0,0,1,0,0,0,0,3.1050743030247396,1,1,0,0,0,0,0,0
20,4,0,2,1,0,0,0,0,2.32884640466679,6,0,0,0,0,0,0,0
14,6,1,1,1,0,0,0,0,5.462631196275828,3,0,1,1,91.58857824621646,0,13.080758364247355,0
11,4,0,0,1,0,0,0,0,5.569041006707334,3,0,1,3,125.63361624256197,0,8.962735652330862,0
6,1,0,1,1,0,0,0,0,2.4336694111983763,4,0,0,0,0,0,0,0
10,0,0,1,1,0,0,0,0,5.811437588408656,1,0,0,0,0,0,0,0
15,3,0,3,1,0,0,0,0,2.74073632203167,4,0,0,0,0,0,0,0
10,1,0,0,1,0,0,0,0,2.8698527790026773,2,1,1,2,27.6756430348005,0,8.64848168102596,0
17,4,0,0,1,0,0,0,0,3.5348761362962904,3,0,0,0,0,0,0,0
1,6,1,8.971031753065223,1,0,0,1,1,4.490590079824031,1,0,0,0,0,0,0,1
12,4,0,1,1,0,0,0,0,2.549335307732161,6,0,1,1,219.63915978705114,0,12.54664661816167,0
23,5,1,0,1,0,0,0,0,2.094542429184074,4,0,1,3,391.01418536840583,0,0.45540600172981316,0
7,3,0,0,1,0,0,0,0,2.572472053317765,2,0,0,0,0,0,0,0
19,0,0,0,1,0,0,0,0,2.4574155254627574,5,1,0,0,0,0,0,0
1,1,0,1,1,0,0,1,1,2.862275162831843,5,0,0,0,0,0,0,0
12,4,0,1,1,0,0,0,0,5.845653365446937,2,0,0,0,0,0,0,0
7,1,0,1,1,0,0,0,0,2.576765592096253,3,0,1,1,234.4013262383082,0,8.58941457800551,0
10,1,0,0,1,0,0,0,0,5.680663652900501,2,0,1,2,221.1858957694248,0,0.21652236049646656,0
23,4,0,0,1,0,0,0,0,5.178464281041805,4,0,1,1,293.5361040580138,0,6.348582031961285,0
16,3,0,2,1,0,0,0,0,5.587035594231578,3,0,1,1,279.00080609582847,0,12.314293500544577,0
21,0,0,1,1,0,0,0,0,5.920516854941642,1,0,0,0,0,0,0,0
15,3,0,1,1,0,0,0,0,3.2477875797411544,2,0,0,0,0,0,0,0
18,2,0,3,1,0,0,0,0,5.112635535418633,2,0,1,2,374.4571687361554,0,0.8740002856537898,0
16,2,0,0,1,0,0,0,0,2.5805701682829794,3,0,0,0,0,0,0,0
8,0,0,0,1,0,0,0,0,4.372509226792083,2,0,0,0,0,0,0,0
2,0,0,0,1,0,0,0,0,2.087985152832062,3,0,0,0,0,0,0,0
17,4,0,0,1,0,0,1,0,5.192284368080017,4,0,0,0,0,0,0,0
0,0,0,0,1,0,0,0,0,5.92087172304748,4,1,1,1,120.80350518730515,0,12.609170816808811,0
17,3,0,0,1,0,0,0,0,3.7231655536988493,4,0,1,1,345.51906810634955,0,4.333585010907762,0
8,3,0,0,1,0,0,0,0,4.160584760748707,3,0,0,0,0,0,0,0
16,4,0,0,1,0,0,0,0,4.041121743487135,3,0,1,1,30.944260161916922,0,4.189977679922798,0
22,4,0,1,1,0,0,0,0,2.771861196200634,3,0,0,0,0,0,0,0
10,2,0,0,1,0,0,0,0,4.322572912919896,1,1,0,0,0,0,0,0
8,2,0,0,1,0,0,0,0,2.3796370265165905,4,0,1,1,19.57410021465125,0,5.8409191300317405,0
16,1,0,1,1,0,1,0,0,4.131766069366233,2,0,0,0,0,0,0,0
10,3,0,1,1,0,0,0,0,2.79181501339788,5,0,0,0,0,0,0,0
6,2,0,2,1,0,0,0,0,5.570161293290633,2,2,1,2,267.7194542508772,0,12.807384120831767,0
8,2,0,0,1,0,0,0,0,5.3889789734301505,4,0,1,1,187.79697307185677,0,9.085041618072273,0
0,5,1,0,1,0,0,1,1,4.595110938628963,4,0,0,0,0,0,0,0
21,0,0,0,1,0,0,0,0,3.621782909187572,2,0,0,0,0,0,0,0
11,0,0,0,1,0,0,0,0,3.1036967819317787,5,0,1,2,325.74446478721677,0,0.7732284642430947,0
11,3,0,3,1,0,0,1,0,3.644293073223416,3,0,0,0,0,0,0,0
11,1,0,0,1,0,0,0,0,3.81223906611504,2,0,0,0,0,0,0,0
19,1,0,0,1,0,0,0,0,4.103538171276536,3,0,1,1,382.50716663548934,0,13.306391797307517,0
8,3,0,3,1,0,0,0,0,4.139926958036016,5,0,1,1,20.723413339776975,0,12.969184530893578,0
7,1,0,0,1,0,0,0,0,3.6265728909501944,5,0,1,1,248.48019889962492,0,1.333068902481719,0
16,0,0,3,1,0,0,0,0,3.736092705768642,6,0,0,0,0,0,0,0
4,5,1,1,1,0,0,1,0,5.713423484902241,3,0,1,2,385.3026911434424,0,1.5794812363166,0
8,0,0,1,1,0,0,1,0,4.076539882369525,3,0,0,0,0,0,0,0
10,0,0,2,1,0,0,0,0,5.483548670625147,4,0,1,1,49.33412401273393,0,13.59132764672523,0
14,2,0,1,1,0,0,0,0,2.120781729309468,3,0,1,1,164.7971411618356,0,9.22193579485042,0
12,5,1,0,1,0,0,0,0,5.436461670512212,5,0,1,1,206.35731666750831,0,0.615672471735744,0
16,0,0,0,1,0,0,0,0,2.3649524753399676,3,0,0,0,0,0,0,0
0,4,0,3,1,0,0,0,0,2.685051311453683,2,0,1,2,132.14847081912873,0,7.080807088806421,0
10,1,0,0,1,0,0,0,0,2.906172186135549,1,0,1,1,311.557642060157,0,12.371550316895863,0
7,3,0,2,1,0,0,0,0,4.24122216100376,2,2,0,0,0,0,0,0
15,2,0,3,1,0,0,0,0,2.267275541152518,4,0,0,0,0,0,0,0
8,6,1,3,1,0,0,0,0,5.358012851688233,6,0,0,0,0,0,0,0
9,2,0,1,1,0,0,0,0,2.7754457244299684,2,0,0,0,0,0,0,0
15,4,0,0,1,0,0,0,0,2.6721272613749774,4,0,1,1,107.17391631491297,0,9.814878476632265,0
12,2,0,0,1,0,0,0,0,5.1063686499933425,2,0,1,1,18.900158916765537,0,10.290687870418893,0
6,1,0,0,1,0,0,0,0,5.410982373656347,2,1,1,1,201.2048787707978,0,10.993486644633117,0
9,4,0,1,1,0,0,0,0,2.868390438849628,5,0,0,0,0,0,0,0
15,5,1,0,1,0,0,0,0,5.981440719238381,1,0,1,1,252.52938061779454,0,12.206463304369036,0
17,0,0,5.768291333573129,1,0,0,1,1,3.969822659916709,1,1,1,1,0.13786676419633379,1,0.07086447342501248,1
13,0,0,1,1,0,0,0,0,3.294406680340331,2,0,0,0,0,0,0,0
7,2,0,0,1,0,0,0,0,4.207060655270571,2,0,1,1,328.86986282349477,0,12.708382454536235,0
9,2,0,2,1,0,1,0,0,3.7459372084437548,4,0,1,1,93.60363549150672,0,10.748542988701995,0
22,4,0,5.863932167793605,1,0,0,0,1,0.7269513667317318,10,10,0,0,0,0,0,1
8,4,0,0,1,0,0,0,0,2.508228829952018,6,1,1,1,260.08601187929617,0,7.270972934641886,0
12,5,1,1,1,0,0,0,0,2.860154088846026,1,0,1,1,66.544700149644,0,8.085722774346664,0
10,1,0,0,1,0,0,0,0,4.655350980308535,3,0,0,0,0,0,0,0
8,1,0,1,1,0,0,0,0,4.666559126197506,2,0,1,1,279.2846410502317,0,12.885965937855367,0
16,6,1,0,1,0,0,0,0,3.2579537380407753,2,0,0,0,0,0,0,0
16,1,0,0,1,0,0,0,0,5.61452795626351,5,0,1,1,342.64156778605167,0,6.946492684006442,0
21,3,0,1.566563862261063,1,0,0,0,0,-0.15374789776645548,50,3,1,1,1.256590664016477,0,255.89573747952466,1
0,2,0,4.353959878820998,0,1,4,1,1,-0.6388379144481191,2,0,0,0,0,0,0,1
15,2,0,0,1,0,0,0,0,4.296011558202761,5,0,0,0,0,0,0,0
1,5,1,6.555129192782667,1,0,1,0,0,2.938323288808422,1,2,0,0,0,0,0,1
12,4,0,3,1,0,0,0,0,5.663210351752191,6,0,0,0,0,0,0,0
13,0,0,1,1,0,0,1,1,4.7100409578512465,5,0,0,0,0,0,0,0
9,4,0,0,1,0,0,0,0,4.702796965614626,6,0,0,0,0,0,0,0
13,1,0,0,1,0,0,0,0,5.494180887280094,3,0,1,1,187.61847726987978,0,2.662701847221965,0
2,6,1,1,1,0,0,0,0,3.160185211159626,3,0,0,0,0,0,0,0
18,3,0,0,1,0,0,0,0,3.638601454839898,5,0,0,0,0,0,0,0
11,2,0,1,1,0,0,1,0,3.045074139950474,1,0,0,0,0,0,0,0
14,0,0,1,1,0,0,0,0,5.992579914629339,4,0,1,1,98.20036934873414,0,8.044046134050543,0
13,3,0,1,1,0,0,0,0,4.18875300009927,5,0,0,0,0,0,0,0
7,1,0,0,1,0,1,0,0,3.194216830480071,3,1,0,0,0,0,0,0
11,4,0,0,1,0,0,0,0,4.595456960900442,4,0,1,1,101.2703002752741,0,7.671605677200377,0
9,0,0,0,1,0,0,0,0,4.32851223165545,6,0,0,0,0,0,0,0
13,0,0,0,1,0,0,0,0,4.206765508703169,3,0,0,0,0,0,0,0
17,3,0,0,1,0,0,0,0,2.2571624865701443,2,0,0,0,0,0,0,0
19,2,0,0,1,0,0,0,0,5.651603916891327,6,0,0,0,0,0,0,0
14,3,0,0.8823725769445612,1,0,0,0,0,-1.504472425213314,50,10,0,0,0,0,0,1
12,6,1,3,1,0,0,0,0,5.240586728787045,6,0,1,2,147.62217045107474,0,10.943808280798912,0
14,1,0,1,1,0,0,0,0,2.420419174907056,3,0,0,0,0,0,0,0
18,3,0,1,1,0,0,0,0,3.8978091170514557,2,0,1,1,187.10398755001663,0,13.311566255585277,0
13,0,0,1,1,0,0,0,0,5.871991328449933,1,0,0,0,0,0,0,0
3,1,0,8.743453669132428,1,0,1,1,1,4.547687916957309,1,0,0,0,0,0,0,1
9,0,0,0,1,0,0,0,0,3.423873756030356,2,0,0,0,0,0,0,0
9,3,0,0,1,0,0,0,0,3.393983631048155,1,0,0,0,0,0,0,0
11,0,0,0,1,0,1,0,0,5.986295322792853,6,0,0,0,0,0,0,0
11,6,1,0,1,0,0,0,0,3.889025021178149,3,0,0,0,0,0,0,0
10,1,0,0,1,0,0,0,0,5.846052501304168,4,0,0,0,0,0,0,0
8,6,1,1,1,0,0,0,0,2.883516688997307,3,1,1,2,342.4058715196312,0,9.466761075305008,0
16,6,1,0,1,0,0,0,0,5.042391420579624,4,0,0,0,0,0,0,0
15,5,1,1,1,0,0,0,0,3.3809199973749258,5,0,0,0,0,0,0,0
18,2,0,0.9191581856420266,1,0,0,0,0,0.07407888232462012,20,20,0,0,0,0,0,1
16,2,0,1,1,0,0,0,0,2.8362408416153584,2,0,0,0,0,0,0,0
10,4,0,0,1,0,0,0,0,2.8583500712896566,2,0,0,0,0,0,0,0
11,6,1,0,1,0,0,0,0,3.817302741589169,2,0,1,1,33.48541084085852,0,11.666873662421757,0
12,0,0,0,1,0,0,0,0,4.983805208086392,1,0,0,0,0,0,0,0
9,3,0,0,1,0,0,0,0,3.995731751991193,4,0,0,0,0,0,0,0
10,0,0,3,1,0,0,0,0,2.5017545768751255,2,0,0,0,0,0,0,0
10,1,0,0,1,0,0,0,0,4.397957897723005,1,0,1,2,332.4578409150685,0,2.7828434081788664,0
10,5,1,0,1,0,0,0,0,4.629480036053826,6,0,0,0,0,0,0,0
12,1,0,2,1,0,0,0,0,4.7337063813691636,1,0,0,0,0,0,0,0
9,6,1,0,1,0,0,0,0,5.324151261265557,2,0,1,2,185.540354379323,0,3.682791450739603,0
14,1,0,2,1,0,0,0,0,3.022042692942891,1,0,1,3,320.04528151366287,0,0.1301724266797526,0
13,6,1,0,1,0,0,1,0,3.925477052997619,2,0,1,3,247.2396188713383,0,9.359085126379803,0
11,1,0,0,1,0,0,0,0,3.3673714073810257,2,0,1,2,230.61694372067572,0,0.933846791510732,0
23,1,0,1,1,0,0,0,0,3.514205458422819,2,0,1,2,119.8490045694179,1,11.10567784980213,0
20,4,0,0,1,0,0,0,0,3.7089230303593834,4,0,0,0,0,0,0,0
11,0,0,0,1,0,0,0,0,2.7963456311959654,3,0,0,0,0,0,0,0
12,5,1,0,1,0,1,0,0,3.613306718079686,2,0,1,3,364.9294239209,1,4.7628782888233205,0
12,2,0,1,1,0,0,0,0,3.7669307420189035,3,0,1,2,70.82743961372822,0,12.694943890694203,0
5,2,0,0,1,0,0,0,0,4.095772459473059,1,0,0,0,0,0,0,0
17,2,0,3,1,0,0,0,0,4.699899445800641,3,0,0,0,0,0,0,0
7,0,0,0,1,0,0,0,0,2.365307546523941,6,0,1,3,399.8349529146962,0,3.7731543635387546,0
8,6,1,3,1,0,0,0,0,3.5046142597091894,1,0,0,0,0,0,0,0
11,2,0,0,1,0,0,0,0,5.222673446230361,1,0,1,2,213.56469231931325,0,10.994661113714297,0
15,2,0,0,1,0,0,0,0,5.571508784541496,2,0,0,0,0,0,0,0
14,2,0,1,1,0,0,0,0,4.0663131557061805,4,0,0,0,0,0,0,0
20,1,0,1,1,0,0,1,0,2.6635071296364266,2,2,0,0,0,0,0,0
10,4,0,0,1,0,0,0,0,5.4550554141577825,3,0,1,1,22.300397636630528,0,0.7232807148449254,0
19,1,0,0,1,0,0,0,0,5.902327876798861,3,0,0,0,0,0,0,0
21,4,0,0,1,0,0,0,0,4.772400081063131,3,0,0,0,0,0,0,0
12,2,0,0,1,0,0,0,0,2.309485201008751,6,0,0,0,0,0,0,0
15,2,0,3,1,0,0,1,0,3.9694987936691497,1,1,1,1,273.3665499295559,0,7.24707487742646,0
19,0,0,0,1,0,0,1,0,3.9413815641890007,1,0,1,2,329.8244833251223,0,10.067307633341459,0
7,2,0,0,1,0,1,0,0,2.404130495869326,1,0,0,0,0,0,0,0
13,4,0,0,1,0,0,0,0,2.1208437046704796,3,0,1,3,266.02234246301896,0,0.14857878721976236,0
4,0,0,6.861637714113233,1,0,1,1,0,2.4857930443701504,2,0,0,0,0,0,0,1
10,0,0,3,1,0,0,0,0,3.0471078394980156,2,2,0,0,0,0,0,0
15,3,0,0,1,0,0,0,0,2.349519172069642,5,0,1,1,397.3987411652026,1,11.285329015601127,0
16,0,0,0,1,0,0,0,0,5.581650406412775,2,0,1,1,120.26454868605656,0,5.037687392719198,0
7,1,0,2,1,0,0,0,0,2.409424686052591,4,0,0,0,0,0,0,0
11,0,0,0,1,0,0,0,0,5.409503846746788,4,0,1,1,290.00392010452566,0,3.475803083539054,0
4,1,0,1,1,0,0,0,0,5.96561100295326,3,0,0,0,0,0,0,0
16,0,0,0,1,0,0,0,0,3.3863605945504225,3,0,0,0,0,0,0,0
8,2,0,0,1,0,0,0,0,2.2326969857033303,3,0,0,0,0,0,0,0
9,1,0,0,1,0,0,0,0,4.385950163182017,2,0,1,3,68.01374630447177,0,7.927685737565784,0
12,3,0,2,1,0,0,0,0,5.757428602689435,2,0,0,0,0,0,0,0
14,6,1,0,1,0,0,0,0,5.289880436375258,4,0,0,0,0,0,0,0
15,1,0,0,1,0,0,0,0,5.171605304323943,3,0,1,1,365.8944642548428,0,8.881966296899348,0
18,4,0,2,1,0,0,0,0,3.9442833245844766,1,0,0,0,0,0,0,0
9,4,0,0,1,0,0,0,0,5.726783535218466,3,0,0,0,0,0,0,0
9,4,0,0,1,0,0,0,0,3.3517057329563733,2,0,0,0,0,0,0,0
6,2,0,1,1,0,0,0,0,2.525476666367808,6,0,0,0,0,0,0,0
13,4,0,1,1,0,0,0,0,2.079244308529177,2,0,1,2,243.74077757714915,0,10.173075291959869,0
14,3,0,3,1,0,0,1,1,5.469610255851796,2,0,0,0,0,0,0,0
8,3,0,3,1,0,0,1,0,2.390956123511939,3,0,1,2,392.589784864532,0,13.925120923540291,0
15,1,0,1,1,0,1,0,0,5.452741286695883,5,2,1,1,196.75108866002626,0,10.508208897994628,0
19,6,1,1,1,0,0,0,0,4.534991315123165,5,0,1,2,31.752513909404122,0,4.107148863512923,0
13,3,0,1,1,0,0,0,0,3.9697806872447723,2,0,1,1,300.4439983678695,0,1.7736334267119387,0
15,4,0,2,1,0,0,0,0,3.6206399940462135,6,1,0,0,0,0,0,0
9,3,0,0,1,0,1,0,0,4.215663564422197,2,0,0,0,0,0,0,0
12,3,0,0,1,0,0,0,0,3.788225691713986,2,0,1,2,362.4678921367429,0,0.7024390822016513,0
16,2,0,0,1,0,0,0,0,3.2923050973459755,2,0,1,1,44.67402231812028,0,6.149849278403824,0
7,4,0,2,1,0,0,0,0,2.6182133533288185,5,0,1,2,354.2266550000432,0,10.311902604571149,0
22,1,0,0,1,0,0,0,0,2.949808955858978,3,0,1,1,90.5159859327471,0,8.095546380489932,0
9,0,0,1,1,0,0,0,0,2.871275382828868,3,0,0,0,0,0,0,0
9,4,0,0,1,0,0,0,0,4.998125642798811,3,0,0,0,0,0,0,0
15,5,1,0,1,0,0,0,0,3.8439394259198507,2,0,0,0,0,0,0,0
19,3,0,0,1,0,0,0,0,5.468777194206106,2,0,1,1,167.68557203829315,0,2.2735094071089277,0
8,2,0,0,1,0,0,1,0,2.057484071560395,4,0,1,1,348.95464526229875,0,9.084763482113736,0
13,1,0,0,1,0,0,0,0,4.68898876588152,2,1,1,2,363.75910047099137,0,11.596057447047173,0
12,3,0,0,1,0,1,0,0,3.242815443976172,2,2,0,0,0,0,0,0
1,0,0,10.923424660424136,1,0,0,1,1,5.971404529552588,1,3,0,0,0,0,0,1
10,3,0,2,1,0,0,0,0,5.223108016975192,3,0,1,1,177.99433155824093,0,4.095523088492666,0
15,5,1,0,1,0,0,0,0,5.04454647583764,1,0,0,0,0,0,0,0
14,5,1,2,1,0,0,0,0,3.4794016015002804,3,1,0,0,0,0,0,0
21,0,0,0,1,0,0,0,0,4.43180503584736,1,0,0,0,0,0,0,0
12,1,0,2,1,0,0,0,0,3.9544873724871796,3,0,1,2,297.9663833622756,0,0.48310600892126243,0
8,0,0,0,1,0,0,0,0,3.884053125867356,6,0,0,0,0,0,0,0
8,0,0,0,1,0,0,0,0,4.292975794022868,1,0,1,1,184.44468492435257,0,13.312172535270868,0
14,6,1,0.32014475822215194,1,0,0,0,0,-0.7050055167626343,10,10,0,0,0,0,0,1
10,0,0,0,1,0,0,0,0,4.299849177051167,2,0,0,0,0,0,0,0
9,3,0,0,1,0,0,0,0,4.7575580810407105,5,0,0,0,0,0,0,0
16,0,0,2,1,0,0,0,0,4.881508951276196,2,0,0,0,0,0,0,0
7,1,0,0,1,0,0,0,0,2.5378751206494004,2,0,0,0,0,0,0,0
11,2,0,0,1,0,0,0,0,2.608824124766146,2,0,1,1,92.2265850963172,0,8.093664674508714,0
16,2,0,0,1,0,0,0,0,2.0033605657655507,5,0,1,1,266.19828821583906,0,13.352234653216234,0
10,3,0,1,1,0,0,0,0,4.072049753560705,3,0,1,1,183.45093000898618,0,13.243719373376523,0
7,0,0,1,1,0,0,0,0,4.055642591936671,2,0,0,0,0,0,0,0
9,1,0,0,1,0,0,0,0,2.6669517278908983,5,0,1,1,222.38846243415895,0,1.808343421576761,0
16,4,0,1,1,0,0,0,0,5.668738590855353,1,0,1,1,89.4887435498367,0,2.480476217318352,0
8,0,0,2,1,0,0,0,0,2.2659542458136785,1,0,1,1,281.91576779362697,0,5.084446923035025,0
9,0,0,0,1,0,0,0,0,5.2059382792226465,3,0,1,1,225.02459736843878,1,3.76749161153929,0
9,5,1,1,1,0,0,0,0,5.930613150424206,1,0,0,0,0,0,0,0
14,2,0,1,1,0,0,0,0,5.990363742660632,3,0,1,2,222.9677481443119,0,0.13651463710664058,0
7,3,0,1,1,0,0,0,0,2.312658054418558,4,0,1,1,82.10410489036572,0,3.994940460249078,0
21,2,0,1,1,0,0,0,0,4.865726042470651,4,0,0,0,0,0,0,0
11,3,0,0,1,0,0,0,0,4.99849863242358,3,0,1,1,228.62100626134065,0,0.7048150040639511,0
9,2,0,0,1,0,0,0,0,4.4899481524057965,2,0,1,2,383.87264045691524,0,7.815410222026408,0
5,3,0,1,1,0,0,0,0,4.161535095770821,1,0,1,1,324.2088274494885,0,8.231999275561584,0
13,0,0,1,1,0,0,0,0,3.9770287230576167,5,0,1,1,198.7970938001921,0,6.844791745351342,0
17,1,0,0,1,0,1,0,0,5.9267050420107426,1,0,0,0,0,0,0,0
19,1,0,2,1,0,0,0,0,4.973486065460398,3,0,0,0,0,0,0,0
13,3,0,1,1,0,0,0,0,3.961582807255061,5,0,0,0,0,0,0,0
16,3,0,2,1,0,0,0,0,5.411975769570253,4,0,1,2,372.0711967811651,0,9.003799046788934,0
20,1,0,1,1,0,0,0,0,2.7447905928150464,2,0,1,1,120.24462303392447,0,0.1656487423573505,0
15,4,0,1,1,0,0,0,0,2.0965441838311762,5,0,0,0,0,0,0,0
8,1,0,0,1,0,0,0,0,3.7183018211462495,3,0,1,2,332.5664772077771,0,11.717735190193698,0
23,3,0,9.90228183686225,1,0,1,1,1,5.599498580825441,1,0,0,0,0,0,0,1
10,5,1,0,1,0,0,0,0,5.637526625000749,5,1,1,1,267.26527208842873,0,11.63472192167691,0
13,1,0,0,1,0,0,0,0,4.926554969812122,3,0,0,0,0,0,0,0
9,6,1,0,1,0,0,0,0,3.727391784958179,3,0,0,0,0,0,0,0
11,4,0,0,1,0,0,1,0,3.3635677819466325,4,0,1,1,125.52862565045473,0,5.271899335593495,0
20,0,0,0,1,0,0,0,0,4.472596375841606,3,0,0,0,0,0,0,0
17,1,0,1,1,0,0,0,0,2.591881859579523,3,0,0,0,0,0,0,0
14,2,0,2,1,0,0,0,0,5.57304314134623,1,0,1,1,346.1957326702758,0,3.056028235302972,0
11,0,0,1,1,0,0,0,0,3.227803445310741,2,0,0,0,0,0,0,0
10,2,0,1,1,0,0,0,0,2.318764359876788,5,0,1,1,394.54714256729943,0,8.086334839333459,0
10,3,0,0,1,0,0,0,0,2.8224077411100383,4,0,1,1,387.034953298331,0,4.764643994630967,0
15,2,0,0,1,0,0,0,0,3.563849348779122,4,0,0,0,0,0,0,0
8,5,1,0,1,0,0,0,0,5.807138068144144,2,0,1,1,234.5061690265588,0,5.191520118674375,0
8,3,0,1,1,0,0,0,0,3.3287009332708295,1,0,0,0,0,0,0,0
12,2,0,1,1,0,0,0,0,4.962632720936712,1,0,1,1,381.8642538773133,0,10.961819421612441,0
11,4,0,0,1,0,0,0,0,5.515555114274528,4,0,1,1,205.33067408903705,0,6.467732032547944,0
16,5,1,0,1,0,0,0,0,2.0777991242267406,1,0,1,1,118.60105749366609,0,12.983451688653226,0
10,1,0,1,1,0,0,0,0,2.119944311906611,3,0,1,2,307.98742660159775,0,6.0773152685948535,0
19,0,0,1,1,0,0,0,0,5.68558430982832,2,0,0,0,0,0,0,0
0,2,0,6.120104734712605,1,0,0,0,1,3.599492825143107,1,0,0,0,0,0,0,1
13,1,0,2,1,0,0,0,0,5.196123236273572,2,0,0,0,0,0,0,0
1,1,0,1,1,0,0,0,0,3.8249260927450557,1,0,0,0,0,0,0,0
7,0,0,1,1,0,0,0,0,2.5944465287944163,1,1,0,0,0,0,0,0
9,2,0,0,1,0,0,0,0,2.0201397084348467,2,0,1,1,361.60969041282505,0,2.1617956635835522,0
18,3,0,1,1,0,0,0,0,3.5598413289662783,6,0,1,1,301.2634499552351,0,8.73844907459662,0
17,2,0,1,1,0,0,0,0,3.7836633747628854,1,0,1,1,304.40867997183324,0,11.75946780231117,0
17,4,0,0,1,0,0,0,0,3.061246268778943,3,0,1,2,214.18886266898983,0,7.964898319074357,0
13,1,0,0,1,0,0,0,0,3.931339760332737,6,0,1,2,171.64806863218092,0,4.693382661473313,0
7,5,1,1,1,0,0,0,0,2.880344822263844,4,0,1,1,94.9094372658487,0,3.892668327943387,0
16,0,0,0,1,0,0,0,0,4.501839779862029,2,0,0,0,0,0,0,0
16,4,0,0,1,0,0,1,0,5.815124845472613,6,0,1,1,262.5971329268202,0,7.012703871902446,0
8,0,0,0,1,0,0,0,0,2.1700595480737745,3,0,0,0,0,0,0,0
12,1,0,0,1,0,0,0,0,4.488315482307399,1,0,1,2,101.43184095374731,0,2.3365403325415257,0
13,2,0,0,1,0,0,0,0,4.93332332049609,6,1,0,0,0,0,0,0
12,1,0,0,1,0,0,0,0,2.9342497842315725,4,0,1,2,327.20383639004245,0,9.291643612783485,0
17,1,0,3,1,0,0,0,0,4.140156135078328,2,1,0,0,0,0,0,0
11,4,0,0,1,0,0,0,0,3.501730511136206,1,0,1,1,150.9758859858667,0,5.948799815638292,0
13,2,0,1,1,0,0,0,0,2.4322415112412936,1,0,0,0,0,0,0,0
12,6,1,0,1,0,0,0,0,2.0916810583287644,4,0,1,1,22.62292513397629,0,9.452017847234904,0
16,1,0,0,1,0,0,0,0,4.826934466111834,4,0,1,1,222.05976619680771,0,4.2968202636684945,0
17,3,0,0,1,0,0,0,0,3.0705276774386174,3,0,0,0,0,0,0,0
8,1,0,0,1,0,0,0,0,4.127590156106894,4,0,1,2,367.9761187856657,0,12.06621248871274,0
10,1,0,2,1,0,0,0,0,5.6923448305189766,3,0,1,1,42.85646581208573,0,8.911098048917319,0
15,6,1,1,1,0,0,0,0,5.972613704441029,2,0,1,3,155.47801464395206,0,11.451665345520665,0
1,2,0,0,1,0,0,0,0,2.0437217056628865,2,0,0,0,0,0,0,0
18,1,0,0,1,0,0,0,0,2.7209365474978235,5,2,0,0,0,0,0,0
8,2,0,0,1,0,0,0,0,4.693131731512529,1,0,0,0,0,0,0,0
20,3,0,0,1,0,0,0,0,4.3480763557368824,1,0,1,2,392.5529549624355,0,12.015938382845874,0
7,0,0,0,1,0,0,0,0,3.0185012941939813,3,0,0,0,0,0,0,0
1,4,0,0,1,0,0,0,0,4.226694003445973,2,0,0,0,0,0,0,0
6,3,0,3,1,0,0,0,0,3.026185187345859,3,1,1,3,55.64259763007899,0,12.660911655587544,0
19,6,1,0,1,0,0,0,0,4.281922298941176,3,0,1,2,181.2372722021521,0,13.215832597572254,0
16,2,0,0,1,0,0,0,0,5.918571457478979,4,0,1,2,141.89985690838668,0,0.13741716251988945,0
13,1,0,1,1,0,0,0,0,5.43206737978503,6,0,0,0,0,0,0,0
22,4,0,6.3879633311649835,1,0,1,1,1,3.3167785363697586,1,0,0,0,0,0,0,1
15,3,0,0,1,0,0,0,0,5.151312106586925,3,0,1,1,224.20107818228337,0,12.717760232976485,0
10,2,0,0,1,0,0,0,0,5.102519756695307,3,0,1,2,52.9558007245602,0,8.335761361808789,0
15,3,0,1,1,0,0,0,0,5.009326143833971,5,0,0,0,0,0,0,0
15,4,0,0,1,0,0,0,0,2.931346706152458,3,0,0,0,0,0,0,0
12,3,0,0,1,0,0,0,0,5.546069933254772,4,0,1,1,190.11421287807633,0,10.563843501361937,0
20,4,0,0,1,0,0,0,0,2.817704321637175,3,0,1,1,393.020508220837,0,2.4412474772387025,0
8,1,0,1,1,0,0,0,0,4.03780254236517,3,0,0,0,0,0,0,0
1,2,0,0.9073781042883531,1,0,0,0,0,-1.3279548893919217,20,5,0,0,0,0,0,1
16,4,0,0,1,0,0,0,0,2.989060758677216,4,0,0,0,0,0,0,0
18,2,0,1,1,0,0,0,0,3.2925443004393773,5,0,1,2,101.89668356926337,0,9.414143349732695,0
19,3,0,1,1,0,0,0,0,4.861977442308696,3,0,0,0,0,0,0,0
8,4,0,2,1,0,0,0,0,3.7104347995873774,5,0,0,0,0,0,0,0
17,3,0,2,1,0,0,0,0,5.528840613801595,3,0,0,0,0,0,0,0
13,3,0,1,1,0,0,0,0,3.3592892192596286,4,0,1,1,242.9656060775005,0,3.9972800862963647,0
13,0,0,0,1,0,0,0,0,2.439002216618155,4,0,1,1,265.8012212892167,0,11.449655060907746,0
8,1,0,0,1,0,0,0,0,4.966335433349146,1,0,0,0,0,0,0,0
12,1,0,0,1,0,1,0,0,5.962450538746999,5,0,1,1,53.59815457079054,0,10.378048981761859,0
9,0,0,0,1,0,0,1,0,2.7432885115093093,3,1,0,0,0,0,0,0
8,0,0,2,1,0,0,0,0,3.426469240581939,3,0,1,1,268.30515742240493,0,6.435655882548607,0
16,6,1,0,1,0,0,0,0,4.055178853588192,1,0,1,2,243.76378454466018,0,4.9054737494252265,0
14,4,0,1,1,0,1,0,0,2.3410985342160915,2,0,0,0,0,0,0,0
10,2,0,0,1,0,0,0,0,5.799015556570877,2,0,1,2,232.27974930646926,0,2.1012562831471646,0
9,0,0,0,1,0,0,0,0,2.2960052460653784,3,1,0,0,0,0,0,0
12,3,0,0,1,0,1,0,0,3.3421218184139185,4,0,1,1,371.41819277202205,0,9.54649423446544,0
14,1,0,1,1,0,0,0,0,3.359890032003133,4,2,0,0,0,0,0,0
16,3,0,2,1,0,0,0,0,5.108624184910385,2,0,1,1,207.48252786475175,0,4.819111670596129,0
14,0,0,0,1,0,0,0,0,2.6712999096326646,3,0,1,2,337.28457183357057,0,11.05530858031498,0
2,2,0,1,1,0,0,0,0,2.9172553750346726,1,0,0,0,0,0,0,0
13,1,0,2,1,0,0,0,0,5.030503308441668,4,0,0,0,0,0,0,0
15,1,0,0,1,0,0,0,0,4.680712348937064,6,0,1,1,238.6224076746226,0,6.045499443761932,0
15,6,1,1,1,0,0,0,0,2.735568016847055,3,0,1,2,226.4594898212082,0,6.579444047416598,0
16,6,1,5.970673722787632,0,1,4,1,1,2.6168571328183505,1,0,0,0,0,0,0,1
12,5,1,1,1,0,0,0,0,5.357665468974506,1,0,1,1,286.7677852811818,0,1.1389938806397153,0
13,1,0,0,1,0,0,0,0,2.044774483795719,1,0,0,0,0,0,0,0
10,1,0,1,1,0,0,0,0,4.778698888543896,1,0,0,0,0,0,0,0
14,3,0,0,1,0,0,0,0,3.8997800964744873,1,0,0,0,0,0,0,0
7,0,0,3,1,0,0,0,0,2.473403881802961,5,0,1,1,82.73416183479549,0,8.394560788118218,0
15,3,0,1,1,0,0,0,0,2.0052392286539114,1,0,1,2,26.844300800486646,0,10.04129472054093,0
16,4,0,2,1,0,0,0,0,5.941971447482388,3,0,0,0,0,0,0,0
1,1,0,8.222154314211075,1,0,0,1,0,3.6446718877280615,2,0,0,0,0,0,0,1
13,1,0,0,1,0,0,0,0,3.9238380525628482,2,0,0,0,0,0,0,0
9,1,0,0,1,0,0,0,0,3.3941267486234024,1,0,1,2,338.677461745848,0,4.737356486658815,0
4,0,0,0,1,0,0,0,0,5.359076582641629,3,0,1,1,271.77792383306166,0,2.133119773818749,0
11,3,0,0,1,0,0,0,0,3.1033737718049115,1,0,0,0,0,0,0,0
1,4,0,1.2392475543379478,1,0,0,0,0,-0.6269579147584419,50,3,0,0,0,0,0,1
19,2,0,0,1,0,0,0,0,4.775686840254333,4,0,0,0,0,0,0,0
12,3,0,0,1,0,0,0,0,2.8040902535044867,4,0,0,0,0,0,0,0
15,3,0,1,1,0,0,0,0,3.9556309397135125,4,0,1,3,280.3148158631466,0,8.12736697988023,0
17,6,1,0,1,0,0,0,0,2.185286007043702,3,0,1,1,232.94972262945328,0,13.31524367864549,0
10,0,0,0,1,0,0,0,0,2.639337402886031,2,0,1,2,43.99883403295881,0,10.618576306999236,0
18,2,0,0,1,0,0,0,0,4.797035456503203,1,0,0,0,0,0,0,0
10,2,0,2,1,0,0,0,0,3.4562466674535552,3,0,1,1,260.32649129347976,0,2.1848723102810066,0
16,3,0,0,1,0,0,0,0,5.032972543359934,1,0,1,1,213.76096213772558,0,5.7476912180297965,0
17,3,0,0,1,0,0,0,0,4.795715382196857,2,0,0,0,0,0,0,0
20,2,0,0,1,0,0,0,0,4.379983231769301,3,0,0,0,0,0,0,0
16,0,0,0,1,0,0,0,0,5.660035895792616,2,1,0,0,0,0,0,0
6,1,0,5.0465585508154,0,1,2,1,1,-0.5816538050172544,1,0,1,1,75.29173854820644,0,138.7377115713537,1
14,2,0,0,1,0,1,0,0,3.6791041040600283,2,2,0,0,0,0,0,0
12,4,0,1,1,0,0,0,0,5.161776280864887,3,0,0,0,0,0,0,0
9,4,0,1,1,0,0,0,0,4.306313283170066,2,0,0,0,0,0,0,0
15,6,1,0,1,0,0,0,0,5.864670488113573,1,0,1,1,237.80707816737004,0,9.257208655484945,0
2,6,1,0,1,0,0,0,0,2.295081182623701,4,0,0,0,0,0,0,0
9,0,0,2,1,0,0,1,1,3.927325208257392,2,0,1,1,73.58290060899421,0,10.605210430838717,0
20,2,0,0,1,0,0,0,0,3.402479492132894,1,0,0,0,0,0,0,0
10,4,0,1,1,0,0,0,0,5.19055569143082,4,0,1,3,233.84159587235325,0,8.247698649452408,0
20,2,0,0,1,0,0,0,0,2.8178837949779907,4,0,0,0,0,0,0,0
12,1,0,0,1,0,0,0,0,3.4057464919201683,1,0,1,1,187.99774439755654,0,13.579465045010036,0
12,6,1,0,1,0,0,0,0,2.4649982266415114,1,0,1,1,218.78091834190346,0,9.366187964963316,0
12,1,0,0,1,0,0,0,0,3.464440483432398,5,0,0,0,0,0,0,0
23,2,0,0,1,0,0,0,0,4.063700886273809,2,0,0,0,0,0,0,0
21,4,0,0,1,0,0,0,0,5.9415685644796,5,0,1,2,380.9304957994456,0,10.40045481939644,0
16,4,0,3,1,0,0,0,0,5.476036614965206,4,0,1,1,355.3595123669482,0,13.414609752547927,0
12,2,0,2,1,0,0,0,0,5.421488613341027,3,0,0,0,0,0,0,0
19,1,0,0,1,0,0,0,0,2.24459322177578,1,1,1,1,318.6608544694664,0,11.98416052262101,0
15,2,0,0,1,0,0,0,0,5.265978061731652,2,0,1,1,224.61282698401735,0,7.7013881979646195,0
16,0,0,1,1,0,0,0,0,4.672243410102532,3,0,0,0,0,0,0,0
20,3,0,0,1,0,0,0,0,4.69762865008188,4,1,1,2,85.89586580186459,0,8.19177088288015,0
14,4,0,0,1,0,0,0,0,5.50089609234618,1,0,0,0,0,0,0,0
14,2,0,2,1,0,0,0,0,2.3130408076665616,2,0,0,0,0,0,0,0
6,6,1,1,1,0,0,0,0,4.098297892533569,2,0,0,0,0,0,0,0
9,2,0,1,1,0,0,0,0,4.512039055288739,4,0,1,1,348.35345799077146,0,9.369330909831938,0
15,3,0,0,1,0,0,0,0,2.042824668810951,5,0,0,0,0,0,0,0
9,2,0,1,1,0,0,0,0,5.792289988099255,2,0,0,0,0,0,0,0
8,1,0,0,1,0,0,0,0,5.270820137609412,3,0,1,2,113.42784279829114,0,8.764812973262762,0
11,6,1,0,1,0,0,0,0,3.083623614446158,3,0,0,0,0,0,0,0
14,0,0,1,1,0,0,1,0,3.6635356309591587,4,0,1,1,21.48495395180827,0,3.5867528791658376,0
9,0,0,3,1,0,0,0,0,5.402995774800587,2,0,1,1,108.1004776351764,0,10.892878218800977,0
2,5,1,0,1,0,0,0,0,5.240614842077266,2,0,0,0,0,0,0,0
9,4,0,1,1,0,0,0,0,3.825379594485504,1,0,0,0,0,0,0,0
8,0,0,1,1,0,0,0,0,4.549589596646919,4,0,1,1,344.8690133666912,0,6.914216367785438,0
21,2,0,1,1,0,0,0,0,2.530080045473061,3,0,0,0,0,0,0,0
7,1,0,0,1,0,0,0,0,4.824675205927487,1,1,1,1,337.1286966893469,0,0.04848361464913076,0
10,1,0,1,1,0,0,0,0,4.590771853021443,6,0,0,0,0,0,0,0
0,4,0,0,1,0,0,0,0,4.743379322043031,3,0,0,0,0,0,0,0
17,3,0,0,1,0,0,0,0,5.936424358368787,3,0,0,0,0,0,0,0
9,6,1,0,1,0,0,0,0,2.680006021800834,4,0,0,0,0,0,0,0
11,0,0,1,1,0,0,0,0,4.781705359237236,2,0,1,2,259.58563645262836,0,7.473213197956461,0
9,1,0,2,1,0,0,0,0,5.58807026747745,3,0,1,1,237.3462895521871,0,1.2521168608476034,0
9,2,0,0,1,0,0,0,0,5.911767667645902,3,1,0,0,0,0,0,0
7,0,0,0,1,0,0,0,0,5.7653659607659264,4,0,0,0,0,0,0,0
10,4,0,1,1,0,0,0,0,5.699445382874031,1,0,0,0,0,0,0,0
14,2,0,0,1,0,0,0,0,5.805742789664258,2,0,0,0,0,0,0,0
13,0,0,0,1,0,0,0,0,5.258100461597301,4,0,0,0,0,0,0,0
7,1,0,0,1,0,0,0,0,3.1478588564467427,2,0,0,0,0,0,0,0
13,2,0,1,1,0,0,0,0,5.840652425449742,3,0,0,0,0,0,0,0
15,3,0,0,1,0,0,0,0,4.002053026484919,2,0,0,0,0,0,0,0
15,5,1,0,1,0,0,0,0,2.694896844901117,3,0,0,0,0,0,0,0
8,4,0,0,1,0,0,0,0,3.4582825187778448,2,0,0,0,0,0,0,0
10,1,0,0,1,0,0,0,0,2.808363941039224,2,0,0,0,0,0,0,0
15,3,0,1,1,0,0,0,0,4.564585128389577,4,0,0,0,0,0,0,0
9,2,0,1,1,0,0,0,0,3.8533152150429957,2,0,0,0,0,0,0,0
3,4,0,1,1,0,0,0,0,3.435007689944046,3,0,1,1,325.48882376530673,0,13.784381418375073,0
7,0,0,0,1,0,0,0,0,3.0969252863573855,1,0,1,3,51.53181061644556,0,9.040809621445806,0
6,1,0,2,1,0,0,0,0,5.444521262518723,6,0,0,0,0,0,0,0
20,6,1,2,1,0,0,0,0,4.83200021024617,3,0,1,2,21.845555610813868,0,9.027262179006275,0
8,2,0,1,1,0,0,1,0,4.70915618202025,5,0,1,1,380.4935299627779,0,7.770976438963666,0
8,6,1,0,1,0,0,0,0,3.8853032323948717,3,0,0,0,0,0,0,0
16,3,0,3,1,0,0,0,0,5.348181723710824,2,0,1,1,81.01153744542341,0,10.900035077753655,0
17,2,0,0,1,0,0,0,0,4.584992903207052,5,0,1,1,216.55233330652987,0,5.429242166921918,0
18,0,0,0,1,0,0,0,0,3.718734874443367,3,0,0,0,0,0,0,0
10,1,0,0,1,0,0,0,0,2.9691402240939193,2,0,0,0,0,0,0,0
15,3,0,1,1,0,1,0,0,3.3272481840080026,3,0,1,1,70.18393571035607,0,9.397419568814222,0
15,4,0,0,1,0,0,0,0,5.788434247702477,5,0,0,0,0,0,0,0
1,1,0,9.681305940882769,1,0,0,1,1,5.33179337748586,2,0,1,1,28.890169935188524,1,256.1533180001335,1
12,3,0,1,1,0,1,0,0,4.277928890341112,3,0,1,1,59.66965051663163,0,5.802235486318291,0
20,2,0,3.4300071455626036,1,0,0,0,0,-1.7482627941713424,100,5,1,1,72.16659321137041,1,224.31977581739613,1
13,3,0,0,1,0,0,0,0,3.7934664872146473,1,1,1,1,395.53778420391285,0,3.09936252674753,0
13,3,0,1,1,0,0,0,0,5.0119527640182895,6,0,0,0,0,0,0,0
17,1,0,0,1,0,0,0,0,5.1145736184870785,3,0,0,0,0,0,0,0
6,4,0,1,1,0,0,0,0,2.3589382338034235,3,0,1,1,196.85014020986858,0,6.350000159392653,0
9,6,1,8.77209607241706,0,1,1,1,0,3.1319434863135656,1,2,1,1,0.06028523181266914,1,0.14802874379515765,1
14,2,0,0,1,0,0,0,0,2.1147196642608197,4,0,0,0,0,0,0,0
15,1,0,1,1,0,0,0,0,4.860367972924529,3,0,1,1,255.00327916428387,0,3.486351743846608,0
13,4,0,1,1,0,0,0,0,5.585406175109694,3,0,0,0,0,0,0,0
17,0,0,0,1,0,0,0,0,5.467676668591251,1,0,0,0,0,0,0,0
12,2,0,3,1,0,0,0,0,2.067662715338892,5,0,0,0,0,0,0,0
10,3,0,1,1,0,0,0,0,2.016536232494162,3,0,1,1,393.48817244767764,0,2.8735753018184433,0
10,1,0,0,1,0,0,0,0,3.3788021402923447,3,0,0,0,0,0,0,0
12,0,0,0,1,0,0,0,0,2.0648050774846847,2,0,0,0,0,0,0,0
15,2,0,0,1,0,0,0,0,4.285279405295475,4,0,1,1,234.90941762170587,0,7.926909225951385,0
18,1,0,0,1,0,0,0,0,5.029134147939057,3,0,1,1,123.58760724947105,0,9.652403668605086,0
15,1,0,0,1,0,0,0,0,4.998709444349442,1,0,1,1,314.2237192605146,0,8.487620448367608,0
6,5,1,0,1,0,0,0,0,3.1881556719073205,2,0,1,1,202.44986049210831,0,5.261204728309748,0
19,1,0,0,1,0,0,0,0,5.5583879657843696,4,1,0,0,0,0,0,0
10,6,1,1,1,0,0,0,0,4.515869272308805,3,0,0,0,0,0,0,0
8,2,0,1,1,0,0,0,0,4.571947820291479,2,0,0,0,0,0,0,0
9,4,0,1,1,0,0,0,0,2.8428158042070537,1,0,0,0,0,0,0,0
15,0,0,0,1,0,0,0,0,5.6754019611513,3,0,0,0,0,0,0,0
19,2,0,0,1,0,0,0,0,4.8807703480528755,2,0,1,1,34.512511641438266,0,6.168854014625542,0
12,6,1,1,1,0,0,0,0,4.895198852131155,3,0,1,2,220.90859754959033,0,10.82434473585493,0
16,4,0,0,1,0,0,0,0,4.728474374232862,1,0,0,0,0,0,0,0
11,0,0,0,1,0,0,0,0,2.843377152901029,4,0,1,1,155.29614818415016,0,0.7339055203992928,0
11,2,0,0,1,0,0,0,0,2.192265147908401,3,0,1,1,64.85923639910762,0,9.030977077177088,0
17,1,0,0,1,0,0,0,0,3.423945954036827,1,2,1,1,229.33993985312406,0,4.402853945145546,0
7,2,0,1,1,0,0,0,0,2.6350550128365358,4,0,1,3,74.42221090062901,0,12.624379347232372,0
7,5,1,0,1,0,0,0,0,4.16771490328644,2,0,0,0,0,0,0,0
11,3,0,0,1,0,0,0,0,2.6363392411232383,3,0,0,0,0,0,0,0
11,2,0,1,1,0,0,0,0,4.14116381422567,2,0,1,1,163.03222729536319,0,9.63832365165543,0
18,0,0,0,1,0,0,0,0,4.401592118396261,2,0,0,0,0,0,0,0
14,0,0,1,1,0,0,0,0,3.4198712936683053,3,0,0,0,0,0,0,0
14,1,0,2,1,0,0,0,0,3.3940698633571573,4,0,0,0,0,0,0,0
15,1,0,0,1,0,0,0,0,3.42996739689591,4,0,0,0,0,0,0,0
14,1,0,1,1,0,0,0,0,3.5216286224041027,2,0,0,0,0,0,0,0
13,5,1,0,1,0,0,0,0,4.437245002068202,1,0,1,1,220.4870904311221,0,0.005942214049766692,0
10,2,0,0,1,0,0,0,0,2.903436790866314,3,0,1,1,152.72547260187585,0,11.372774525123171,0
16,0,0,0,1,0,0,0,0,3.6905773134873545,1,0,1,2,115.87286814021785,0,3.5849517251172527,0
14,0,0,0,1,0,0,0,0,4.531149846282611,4,0,0,0,0,0,0,0
16,3,0,0,1,0,0,0,0,2.333584407340955,2,0,1,1,369.6159679485768,0,2.5982969112685605,0
13,2,0,0,1,0,0,1,1,2.514911031677589,1,0,1,1,99.69914401262787,0,8.838968654160272,0
8,1,0,0,1,0,0,0,0,3.318956908173259,1,0,0,0,0,0,0,0
7,0,0,0,1,0,0,0,0,2.7245816679413863,3,2,0,0,0,0,0,0
15,4,0,3,1,0,1,0,0,5.030755315174321,6,0,0,0,0,0,0,0
17,5,1,2,1,0,0,0,0,4.3977022955950416,2,0,1,1,325.25250292083393,0,10.284398784851899,0
10,4,0,1,1,0,0,1,0,3.913609146419541,5,2,0,0,0,0,0,0
10,2,0,2,1,0,1,0,0,5.123779437363629,1,0,1,1,282.16188703308006,0,6.223847876547055,0
10,4,0,0,1,0,0,0,0,4.0990069027230955,3,0,0,0,0,0,0,0
2,1,0,1,1,0,0,1,0,4.718159928401573,2,0,0,0,0,0,0,0
12,1,0,0,1,0,0,0,0,5.358056894661001,1,0,1,2,90.353442488001,0,2.0381218200974525,0
9,2,0,1,1,0,0,0,0,5.269193725659033,2,0,0,0,0,0,0,0
12,3,0,0,1,0,0,0,0,3.9146514820058074,3,0,1,1,36.504033645001925,0,2.761098770618766,0
15,3,0,3,1,0,0,0,0,2.4460631401762987,3,0,1,2,385.0394925157486,0,8.326242961240089,0
17,0,0,0,1,0,0,0,0,3.899291518360485,6,1,1,3,64.10073601628983,0,7.807469053741192,0
14,0,0,1,1,0,0,0,0,4.576371143351319,3,0,0,0,0,0,0,0
19,2,0,0,1,0,0,0,0,5.924395711620672,4,0,0,0,0,0,0,0
12,5,1,2.8150714985489897,0,1,4,1,1,1.2483169142174737,1,0,1,1,44.1470996653217,1,83.6208648745523,1
7,5,1,0,1,0,0,1,0,5.125344578549468,4,0,0,0,0,0,0,0
14,1,0,5.073620906775794,1,0,0,1,0,-1.9856130913323304,20,20,0,0,0,0,0,1
15,0,0,2,1,0,0,0,0,2.9340857000488216,3,1,1,1,28.56990358805795,0,1.2421953129766445,0
13,5,1,0,1,0,0,0,0,5.104235821634489,3,0,1,1,301.12061915440097,0,4.853423404867563,0
19,3,0,0,1,0,0,0,0,3.65751207896023,1,0,0,0,0,0,0,0
11,3,0,0,1,0,0,0,0,5.777465762079324,1,0,0,0,0,0,0,0
10,2,0,1,1,0,0,0,0,3.257567436008771,2,0,1,2,283.2808694768755,0,13.441068092414987,0
7,4,0,1,1,0,0,0,0,5.2680642805094315,4,0,1,3,353.2357191962999,0,6.89653117427576,0
13,6,1,0,1,0,0,0,0,4.600879156510596,5,0,0,0,0,0,0,0
14,1,0,0,1,0,0,0,0,2.017863286644745,2,0,0,0,0,0,0,0
15,4,0,0,1,0,0,0,0,5.170677534746725,4,0,1,2,94.2822724345315,0,5.342893953035474,0
18,1,0,0,1,0,0,0,0,4.0583649461886075,4,0,1,1,242.90178825275817,0,6.074519015873241,0
16,5,1,0,1,0,0,0,0,5.121834298776675,2,0,0,0,0,0,0,0
16,3,0,0,1,0,0,0,0,4.977754066501883,5,0,0,0,0,0,0,0
18,4,0,2,1,0,0,0,0,3.8527199111801727,3,0,1,1,32.80394293171808,0,9.77503185893825,0
22,1,0,1,1,0,0,0,0,2.094375753090752,3,0,1,2,191.27379077030542,0,6.497725184734694,0
20,1,0,0,1,0,0,0,0,4.387104346675793,2,0,1,1,320.05070288838624,0,12.847188138753642,0
14,4,0,0,1,0,0,0,0,2.4206913528826552,5,0,1,2,319.8674167126935,0,7.808078715553875,0
16,3,0,1,1,0,0,0,0,5.773419812057982,4,0,0,0,0,0,0,0
9,0,0,2,1,0,0,0,0,2.649151476232533,1,0,1,1,71.64008208418207,0,3.454556606337534,0
2,2,0,1,1,0,0,0,0,5.878896439992136,3,0,1,1,201.2841182875818,0,12.85337607647262,0
9,4,0,1,1,0,0,0,0,5.2918274237889715,4,0,1,1,312.7903229041331,0,3.129126241816355,0
8,2,0,2,1,0,0,0,0,4.517699634052568,1,0,0,0,0,0,0,0
9,4,0,3,1,0,1,0,0,3.677233964527203,2,0,1,1,335.2622364219127,0,1.9992370996135984,0
0,4,0,0,1,0,0,0,0,5.715508680925796,2,0,0,0,0,0,0,0
11,4,0,2,1,0,0,0,0,2.3111515502916116,1,0,1,1,65.76203633441365,0,1.3071961548242617,0
22,2,0,0,1,0,0,0,0,2.1914046755081604,4,0,1,1,293.80832606635096,0,0.22896964054281588,0
7,0,0,0,1,0,0,0,0,3.139611013999627,4,0,0,0,0,0,0,0
8,0,0,1,1,0,1,0,0,3.0874827124917155,6,0,0,0,0,0,0,0
8,0,0,0,1,0,0,0,0,2.978268750930347,2,0,0,0,0,0,0,0
1,4,0,3.338644936438883,0,1,3,1,1,0.024422221639990305,3,0,0,0,0,0,0,1
14,5,1,0,1,0,0,0,0,4.5582263976397766,5,0,0,0,0,0,0,0
16,5,1,0,1,0,0,0,0,2.1276389442058403,1,0,0,0,0,0,0,0
11,3,0,3,1,0,0,0,0,5.7325007263910095,2,2,1,1,239.2391874896701,0,12.561648713080467,0
0,0,0,9.627612580128512,1,0,1,1,0,4.184811470235489,2,1,0,0,0,0,0,1
8,0,0,1,1,0,0,0,0,5.9215100491688535,3,0,0,0,0,0,0,0
17,3,0,0,1,0,0,0,0,2.1011822183769473,2,0,1,2,96.51906482988623,0,13.970601580206205,0
15,3,0,0,1,0,0,0,0,2.0555036720872546,1,0,1,2,94.76257940911677,0,9.096357564515792,0
9,3,0,1,1,0,0,0,0,4.538485664054354,3,0,1,2,191.53266341186287,0,2.174117442961832,0
14,3,0,0,1,0,0,0,0,3.54493531947442,1,0,0,0,0,0,0,0
8,3,0,1,1,0,0,0,0,5.02172066674663,1,0,0,0,0,0,0,0
2,4,0,4.5185941430354095,1,0,0,0,0,-0.022700313484057988,30,10,0,0,0,0,0,1
8,3,0,0,1,0,0,0,0,4.995315676470364,5,0,1,1,49.24072411995891,0,11.883073040352677,0
18,5,1,0,1,0,0,0,0,2.1888576964305293,4,0,0,0,0,0,0,0
18,0,0,0,1,0,0,0,0,5.27460526434114,1,0,1,3,282.45451934322136,0,3.4657618564155492,0
10,3,0,0,1,0,0,0,0,5.000781355934495,4,0,1,2,181.96820986310374,0,9.270718195962935,0
9,0,0,0,1,0,0,0,0,3.7181783747364956,2,0,0,0,0,0,0,0
7,0,0,0,1,0,0,0,0,3.839934455209793,2,0,0,0,0,0,0,0
7,1,0,1,1,0,0,0,0,5.758828746773378,2,0,1,2,55.12435213729374,0,11.460668738286278,0
4,0,0,0,1,0,0,0,0,3.9451598169670765,2,2,1,1,369.76107662662616,0,9.953530242287988,0
13,2,0,2,1,0,0,0,0,4.133460191373884,5,0,0,0,0,0,0,0
6,3,0,3,1,0,0,0,0,4.599070817748679,1,1,1,2,292.6912115636994,0,10.913250910542688,0
14,1,0,3,1,0,0,0,0,5.159630246933576,4,0,0,0,0,0,0,0
22,2,0,0,1,0,0,0,0,2.295802286269237,3,0,0,0,0,0,0,0
9,5,1,1,1,0,0,0,0,3.62356877073659,1,0,0,0,0,0,0,0
0,1,0,9.86903287824689,1,0,1,0,0,2.7649795606026815,2,1,0,0,0,0,0,1
2,3,0,0,1,0,0,0,0,4.19347513934318,1,0,0,0,0,0,0,0
15,2,0,1,1,0,0,0,0,4.99487566444544,5,0,0,0,0,0,0,0
14,4,0,1,1,0,0,0,0,4.345540711708666,6,0,1,1,249.46997063616877,0,8.864457305872797,0
8,5,1,0,1,0,0,0,0,2.986036697436617,2,0,1,1,147.49365334423425,0,6.75596036914541,0
9,1,0,3,1,0,0,0,0,4.245225729331645,2,0,1,1,297.26774342178646,0,2.3332854035905717,0
19,3,0,1,1,0,0,0,0,4.588614097167426,6,0,1,1,170.42497836188411,0,1.3573488524226778,0
11,0,0,1,1,0,0,0,0,2.9285712014264385,2,0,0,0,0,0,0,0
12,2,0,0,1,0,0,0,0,3.6596240987433064,5,0,1,2,39.79904277821879,1,2.8657113745259464,0
19,0,0,1,1,0,0,0,0,4.955183993954863,4,0,1,1,141.24334882665516,0,4.950373114872747,0
23,2,0,6.389167321856475,1,0,1,1,1,5.470014044747511,3,0,0,0,0,0,0,1
13,3,0,0,1,0,0,0,0,3.2570228007350686,2,0,0,0,0,0,0,0
6,4,0,0,1,0,0,0,0,4.484157526505788,2,0,0,0,0,0,0,0
8,3,0,1,1,0,0,0,0,4.579101150444492,3,0,1,1,343.73384007791975,0,12.519295974809332,0
11,2,0,0,1,0,0,0,0,4.693506767837702,3,0,0,0,0,0,0,0
9,2,0,0,1,0,0,0,0,3.587920725412679,2,1,1,1,328.3679256826985,0,5.834570811903533,0
16,2,0,1,1,0,0,1,0,2.3111722481287007,3,0,1,2,165.45128865424405,0,4.641624112450735,0
16,6,1,0,1,0,0,0,0,4.650656699308124,3,0,0,0,0,0,0,0
15,2,0,0,1,0,0,0,0,5.636333324387413,3,0,0,0,0,0,0,0
0,4,0,0,1,0,0,1,0,5.951848842610845,3,0,0,0,0,0,0,0
21,5,1,0,1,0,0,0,0,2.2708339835053866,2,1,0,0,0,0,0,0
23,3,0,1,1,0,0,0,0,3.670052849364922,3,0,0,0,0,0,0,0
16,6,1,0,1,0,0,0,0,3.725688233754316,3,0,0,0,0,0,0,0
12,2,0,0,1,0,0,0,0,2.614774695311785,4,0,0,0,0,0,0,0
13,0,0,2,1,0,0,0,0,2.3814835269322185,1,0,0,0,0,0,0,0
11,2,0,0,1,0,0,0,0,4.017311523694815,4,0,0,0,0,0,0,0
12,3,0,0,1,0,0,0,0,4.46907463423628,2,0,1,1,216.31587905969454,0,10.973763371259613,0
7,6,1,0,1,0,0,0,0,4.164071133517596,2,0,0,0,0,0,0,0
11,4,0,1,1,0,0,0,0,5.909882216881407,3,0,1,1,309.0713412955551,0,10.826573629653161,0
12,4,0,0,1,0,0,0,0,2.1136776923631113,5,0,1,1,311.9225668553954,0,1.040058920362963,0
17,1,0,3,1,0,0,0,0,2.5144243277370935,4,0,1,1,258.6898677331973,0,10.234135561817407,0
8,0,0,0,1,0,0,0,0,5.218372770307706,3,0,1,3,232.17325007701288,0,5.318901200636942,0
7,6,1,0,1,0,0,1,1,4.146908802998538,1,0,1,1,195.22197462041606,0,1.7947805562635537,0
12,4,0,0,1,0,0,0,0,5.105322103772847,2,1,0,0,0,0,0,0
15,4,0,0,1,0,0,0,0,4.6253631350588105,1,0,1,1,299.09624676584366,0,5.635396257205494,0
19,2,0,0,1,0,0,0,0,2.1510213531403157,2,2,1,1,288.67985103966674,0,13.240022009838508,0
13,6,1,1,1,0,0,0,0,2.3485999538956452,1,0,1,1,163.24474004847812,0,5.956459435349037,0
8,1,0,2,1,0,0,0,0,2.9224067161950673,2,0,1,1,226.278863613965,0,2.058824322389104,0
19,0,0,1,1,0,0,0,0,5.179843850717489,3,0,1,2,21.064943930061748,0,8.602586258498915,0
20,0,0,1,1,0,0,0,0,4.899334517096268,3,0,1,2,114.51904776733673,0,6.412581374840037,0
11,3,0,0,1,0,1,0,0,2.614557783253933,4,0,1,2,157.4819553497406,0,5.073698018215197,0
18,2,0,0,1,0,0,0,0,2.7504129854435995,3,0,1,1,128.87200129435982,0,9.79835799567305,0
19,4,0,0,1,0,0,0,0,4.515949208995066,1,0,0,0,0,0,0,0
4,3,0,0,1,0,0,0,0,3.0701224728316086,3,0,1,2,307.5098976266367,0,8.459073935174024,0
8,3,0,0,1,0,0,0,0,3.341561066486877,1,0,0,0,0,0,0,0
22,0,0,1.4233962700515157,1,0,0,0,0,-1.1799056006180755,20,10,1,1,56.59662811410845,1,169.8474388079879,1
5,5,1,0.16764219335826014,1,0,0,0,0,0.4804807162278575,10,10,0,0,0,0,0,1
13,3,0,0,1,0,0,0,0,5.0365806013503605,2,1,0,0,0,0,0,0
7,4,0,1,1,0,0,0,0,5.587748848843918,3,0,0,0,0,0,0,0
13,0,0,0,1,0,0,0,0,2.3870254576259025,1,0,0,0,0,0,0,0
22,3,0,1,1,0,0,1,0,4.340731286201146,1,0,0,0,0,0,0,0
9,3,0,1,1,0,0,0,0,3.070781781779711,2,0,0,0,0,0,0,0
17,2,0,1,1,0,0,0,0,4.670900785869634,3,0,1,1,79.14940133571035,0,3.234072960093169,0
9,4,0,0,1,0,0,0,0,2.52087300959556,1,0,1,1,313.03123090358366,0,0.5952371712693116,0
19,0,0,1,1,0,0,0,0,5.488839385841311,1,0,1,2,239.7842458175813,0,5.393883403531021,0
19,4,0,1,1,0,0,0,0,5.512038396816163,5,0,0,0,0,0,0,0
8,1,0,0,1,0,0,0,0,3.089832983908516,1,0,1,1,299.842934283435,0,1.1888328125430572,0
16,1,0,0,1,0,0,0,0,2.8626409046759034,2,0,0,0,0,0,0,0
10,0,0,0,1,0,0,0,0,3.88547782146024,5,0,0,0,0,0,0,0
10,4,0,0,1,0,0,0,0,5.313684975467343,3,0,0,0,0,0,0,0
10,1,0,1,1,0,0,0,0,5.8190243299258695,4,0,0,0,0,0,0,0
8,1,0,0,1,0,0,0,0,3.3604383375276186,2,1,0,0,0,0,0,0
15,1,0,2,1,0,0,0,0,4.65935864070097,3,0,1,1,339.32393609468414,0,5.301778585965062,0
6,4,0,0,1,0,0,0,0,4.118449190880803,2,0,0,0,0,0,0,0
15,1,0,1,1,0,0,0,0,4.256715967966129,5,0,0,0,0,0,0,0
13,5,1,0,1,0,0,0,0,5.260148023000056,2,0,0,0,0,0,0,0
13,1,0,0,1,0,0,0,0,4.119070994167026,1,0,0,0,0,0,0,0
19,0,0,0,1,0,0,0,0,4.127736490623646,2,0,0,0,0,0,0,0
12,4,0,1,1,0,0,0,0,4.325726967291519,1,0,0,0,0,0,0,0
21,2,0,2,1,0,0,0,0,3.0041712704429577,1,0,1,1,355.97044751227133,0,2.71858474664491,0
9,2,0,0,1,0,0,0,0,3.124084868882028,3,0,1,2,61.83808843156881,0,0.1067462906476142,0
14,1,0,0,1,0,0,0,0,5.552239810998881,1,0,0,0,0,0,0,0
14,2,0,0,1,0,0,0,0,2.818091797036526,1,0,0,0,0,0,0,0
14,6,1,1,1,0,0,0,0,5.507427278267968,1,0,1,1,344.4554030423547,0,7.808022549579604,0
16,1,0,0,1,0,0,0,0,2.9503388579519356,4,0,0,0,0,0,0,0
2,6,1,0,1,0,0,0,0,3.620272376794085,3,2,1,2,25.067314679893798,0,13.464404761332107,0
2,5,1,8.31081558856683,1,0,0,1,1,2.76246601922932,1,2,1,1,93.5212218854848,0,232.07968635933184,1
11,4,0,4.835771824405565,1,1,2,1,0,0.5575645432715257,3,1,1,1,0.025379991441230956,1,0.06513040479437718,1
15,2,0,0,1,0,0,0,0,3.350580382051099,2,0,1,2,216.44423611837573,0,0.8948529118373956,0
3,2,0,1,1,0,0,0,0,4.72127592215194,5,0,1,2,161.16239176212585,0,13.800181093553737,0
11,3,0,1,1,0,0,0,0,5.645091884276303,1,0,0,0,0,0,0,0
16,0,0,0,1,0,0,0,0,2.881356993646889,3,1,0,0,0,0,0,0
11,3,0,0,1,0,0,0,0,4.136945766775671,2,1,1,1,125.40894487757411,0,10.666034549838727,0
8,3,0,0,1,0,0,0,0,4.754202624567801,2,0,1,2,344.8009451203113,1,11.283156676003957,0
14,5,1,1,1,0,0,1,0,5.261219252366507,2,0,1,3,179.8936736315008,0,7.461289937473225,0
6,4,0,1,1,0,0,0,0,2.2946434020568103,3,2,0,0,0,0,0,0
8,2,0,1,1,0,0,0,0,3.6692031788852573,1,0,0,0,0,0,0,0
17,1,0,0,1,0,0,0,0,5.314622301913671,3,0,1,1,109.80135781211037,0,3.1018407142960776,0
9,6,1,0,1,0,0,0,0,5.802997937490749,1,0,1,1,394.10677063592317,0,7.33826117096619,0
16,1,0,0,1,0,0,0,0,2.055937246347628,2,0,0,0,0,0,0,0
14,3,0,0,1,0,0,0,0,4.905302644078551,2,0,1,1,299.9814284508374,0,4.291869372952204,0
20,2,0,0,1,0,0,1,0,2.263488005465818,2,0,1,1,373.1146605752492,0,9.291855809512892,0
12,0,0,2,1,0,0,0,0,4.616989865611366,3,0,0,0,0,0,0,0
21,2,0,1,1,0,0,1,0,5.423358287245696,3,0,1,1,38.22758759078229,0,4.926138037317003,0
20,5,1,1.3408855131370014,1,0,0,0,0,-0.05386318740886131,20,3,1,1,84.31318133462639,0,295.0285655988079,1
12,0,0,0,1,0,0,0,0,4.887489630253974,2,0,0,0,0,0,0,0
12,2,0,0,1,0,0,0,0,4.831915809974646,3,0,1,3,383.9534330900935,0,7.341020381199036,0
8,3,0,0,1,0,0,0,0,5.406048682697163,3,0,1,1,142.26467862140782,0,8.22155404546802,0
9,1,0,1,1,0,0,0,0,5.116541150115797,3,0,1,1,128.0713341041241,0,8.413516831062358,0
15,3,0,0,1,0,0,0,0,2.7290517786649695,3,0,1,1,191.4626964806623,0,4.89397863518809,0
18,3,0,1,1,0,0,0,0,2.3734485546588697,3,0,1,1,302.16875239262066,0,12.993711478490258,0
7,2,0,2,1,0,0,0,0,4.442315714140122,3,0,1,1,69.9652746340227,0,8.74867488004777,0
13,0,0,0,1,0,0,0,0,3.1660671886521774,1,0,0,0,0,0,0,0
7,3,0,1,1,0,0,0,0,2.0094206940294512,6,0,0,0,0,0,0,0
17,1,0,1,1,0,0,0,0,4.112366216210107,3,0,0,0,0,0,0,0
11,3,0,0,1,0,0,0,0,5.1682448923973885,5,0,1,1,364.15284580111603,0,11.415442750691994,0
15,1,0,0,1,0,0,1,0,5.854613382601317,6,0,0,0,0,0,0,0
20,0,0,0,1,0,0,0,0,2.8201584537657647,3,0,1,1,23.722463738334508,0,5.042364832676853,0
17,1,0,1,1,0,0,0,0,5.395346459248138,5,1,0,0,0,0,0,0
15,5,1,0,1,0,0,0,0,2.5529591299691146,2,0,0,0,0,0,0,0
16,1,0,3,1,0,1,0,0,2.533487324064374,2,0,1,1,284.7768038172506,0,9.96624098953203,0
19,4,0,0,1,0,1,0,0,4.708734999870244,4,0,1,1,305.7771255206316,0,13.375452292923224,0
14,3,0,0,1,0,0,0,0,2.8379424364412933,3,0,1,1,54.37603863149054,0,1.387409676384745,0
20,4,0,1,1,0,0,0,0,4.097933881781584,3,0,0,0,0,0,0,0
23,4,0,0,1,0,0,0,0,4.284151016605142,1,0,0,0,0,0,0,0
11,3,0,2,1,0,0,0,0,2.6552199185477376,1,0,0,0,0,0,0,0
10,1,0,0,1,0,0,0,0,2.742879176327167,5,0,1,1,51.756489313903984,0,4.5714676707601045,0
11,3,0,0,1,0,0,0,0,5.76148786248406,1,0,0,0,0,0,0,0
6,3,0,1,1,0,0,0,0,2.4904928300933826,3,0,0,0,0,0,0,0
20,5,1,1,1,0,0,0,0,5.924224170171114,5,0,1,1,226.85014725331806,0,3.787117690791314,0
10,3,0,1,1,0,0,0,0,2.8885662289436436,2,0,0,0,0,0,0,0
14,2,0,1,1,0,0,0,0,3.6358111014220693,4,0,0,0,0,0,0,0
11,3,0,0,1,0,0,0,0,5.123235251625701,1,0,0,0,0,0,0,0
14,3,0,0,1,0,0,0,0,4.882353772749943,3,0,1,1,74.43125078174408,0,11.986989490103007,0
19,3,0,0,1,0,0,0,0,4.799466315920604,5,0,0,0,0,0,0,0
22,4,0,0,1,0,0,0,0,5.747688687882,2,0,1,1,345.9386541649318,1,3.4565349902048625,0
2,0,0,1,1,0,0,0,0,4.671219480520991,3,0,0,0,0,0,0,0
8,1,0,0,1,0,0,0,0,4.383115622749426,2,0,1,1,46.44208778816675,0,10.17502366025016,0
15,4,0,0,1,0,0,0,0,3.730037316772761,5,0,0,0,0,0,0,0
9,1,0,0,1,0,0,0,0,3.4078965958998375,1,0,1,1,31.021033824299245,0,8.549754029312846,0
8,3,0,1,1,0,0,0,0,4.398489542998687,3,0,0,0,0,0,0,0
14,4,0,0,1,0,0,0,0,5.99083267608181,3,0,0,0,0,0,0,0
15,1,0,0,1,0,0,0,0,4.567303643317304,2,0,1,1,336.20353819352437,0,7.531282975986288,0
7,1,0,3,1,0,0,0,0,3.9702625126110687,2,0,0,0,0,0,0,0
15,4,0,0,1,0,0,0,0,4.9463533318750965,5,0,0,0,0,0,0,0
9,0,0,3,1,0,0,0,0,4.168935004823569,2,0,0,0,0,0,0,0
8,1,0,1,1,0,0,0,0,5.407239721031646,3,0,0,0,0,0,0,0
11,1,0,2,1,0,0,0,0,4.313526399791351,2,0,1,1,167.51976636206854,0,9.921854539038396,0
13,5,1,0,1,0,0,0,0,2.693856602903759,2,0,1,1,344.95242039897676,0,2.878204016108386,0
12,1,0,1,1,0,0,0,0,5.53650991279121,5,0,0,0,0,0,0,0
18,4,0,0,1,0,0,0,0,3.1324854997674785,2,0,0,0,0,0,0,0
20,4,0,2,1,0,0,0,0,4.088634361256854,1,0,0,0,0,0,0,0
10,4,0,0,1,0,0,0,0,4.449863119785819,4,0,1,2,290.6479148866774,0,7.932958795202623,0
19,0,0,0,1,0,0,0,0,5.4011113332948995,2,0,0,0,0,0,0,0
15,1,0,1,1,0,0,0,0,3.778378723756149,2,0,0,0,0,0,0,0
8,2,0,0,1,0,0,0,0,3.1786353139691497,2,0,1,1,120.70178048375018,0,10.348219437118116,0
12,2,0,1,1,0,0,0,0,5.608942287426607,3,0,1,2,193.37646229358475,0,3.5196537354924136,0
10,3,0,0,1,0,0,0,0,4.988838826569255,2,0,0,0,0,0,0,0
6,1,0,2,1,0,0,1,0,2.7230545572071536,2,0,1,2,49.957089101943076,0,3.1345219619396003,0
12,4,0,0,1,0,0,0,0,2.4122008993937163,1,0,1,1,322.5032361730163,0,5.334423397985434,0
14,1,0,0,1,0,0,0,0,4.842130163188324,2,0,0,0,0,0,0,0
2,4,0,3,1,0,0,0,0,2.8168787344770165,1,0,0,0,0,0,0,0
12,4,0,1,1,0,0,0,0,2.395060594613728,1,0,1,1,290.61491896560784,0,6.714027186372773,0
14,0,0,0,1,0,0,0,0,2.497330364833693,1,0,1,2,45.008632653808505,0,6.864462985781078,0
13,1,0,1,1,0,0,0,0,5.496403281844201,5,0,1,1,254.80224257529957,0,1.1762011002684438,0
10,6,1,1,1,0,0,0,0,4.63304273369215,1,0,1,1,180.35573106915885,0,13.247368188350356,0
18,6,1,0,1,0,0,0,0,5.8327252949670605,4,0,0,0,0,0,0,0
8,1,0,0,1,0,0,0,0,5.307640269399888,3,0,1,2,199.5441567687812,1,10.536938765781537,0
16,3,0,0,1,0,0,0,0,5.275972381375053,4,0,1,1,276.0252006299671,0,0.5675218938647746,0
11,0,0,0,1,0,0,0,0,3.01274423125169,4,0,1,1,217.92849690102662,0,10.705430336535436,0
8,1,0,0,1,0,0,0,0,3.6942422541005295,1,0,1,1,341.18004554884425,0,0.20930748963665913,0
18,6,1,2,1,0,0,0,0,3.766767401898561,3,0,0,0,0,0,0,0
10,1,0,1,1,0,0,1,0,2.4963707164759965,1,0,0,0,0,0,0,0
13,3,0,2,1,0,0,0,0,3.3924367110152245,5,0,0,0,0,0,0,0
14,2,0,0,1,0,0,1,0,2.45526606055069,5,1,0,0,0,0,0,0
16,4,0,0,1,0,0,0,0,5.360587216980548,5,0,1,1,108.56537830632405,0,11.417381340278357,0
1,0,0,0,1,0,0,0,0,4.627948968322729,2,0,0,0,0,0,0,0
19,2,0,0,1,0,0,0,0,3.2549864372149644,1,0,0,0,0,0,0,0
8,1,0,0,1,0,0,0,0,2.246074242684679,4,1,0,0,0,0,0,0
9,2,0,2,1,0,0,0,0,3.016717573300769,2,0,0,0,0,0,0,0
14,1,0,0,1,0,0,0,0,2.0591716666621296,3,0,0,0,0,0,0,0
16,0,0,0,1,0,0,0,0,5.269002895998281,4,0,1,1,311.69297854855114,0,10.32666617574912,0
20,0,0,0,1,0,0,0,0,2.3854376128713923,3,0,1,1,53.36694028780514,0,5.799372630847261,0
3,4,0,1,1,0,0,0,0,4.705955754233387,1,2,1,1,341.6598400734268,0,4.713327581823556,0
13,4,0,1,1,0,0,0,0,3.9121909260211187,3,0,1,2,116.18571297004054,0,11.432426490434528,0
15,4,0,0,1,0,0,0,0,5.620171173310431,4,0,0,0,0,0,0,0
9,1,0,0,1,0,0,0,0,3.707056025043832,3,0,0,0,0,0,0,0
7,4,0,1,1,0,0,0,0,4.65725937627374,3,0,1,1,376.3640098042235,0,0.8478466333445505,0
17,2,0,1,1,0,0,0,0,2.632531976689597,2,0,1,2,211.83850119249377,0,2.3510008185388305,0
18,5,1,0,1,0,0,1,0,2.522107996603048,2,0,0,0,0,0,0,0
11,1,0,3,1,0,0,0,0,2.874188159250757,1,0,0,0,0,0,0,0
17,0,0,1,1,0,0,0,0,2.649605133961978,5,0,1,2,393.8790554944849,0,12.860370188683179,0
18,6,1,0,1,0,0,0,0,4.274846397830016,2,0,0,0,0,0,0,0
16,1,0,1,1,0,0,0,0,5.74492910326059,3,0,1,3,282.08744810510507,0,12.913822724815578,0
1,1,0,10.383749032236896,1,0,0,1,0,2.309276567411672,1,0,1,1,24.70134869822671,0,261.9665333054148,1
18,4,0,1,1,0,0,0,0,2.472835094233831,2,0,0,0,0,0,0,0
19,1,0,2,1,0,1,0,0,4.835626035802855,2,0,1,1,207.1398973371802,0,5.878128399056011,0
23,4,0,4.963445975183563,1,0,0,1,1,4.798907709976005,2,0,1,1,15.780284640810871,0,177.98708614530807,1
0,3,0,0,1,0,0,0,0,2.1164695272458425,1,0,0,0,0,0,0,0
9,1,0,0,1,0,0,0,0,3.1311993453623774,1,0,1,1,41.12932678975346,0,7.555439021768761,0
4,1,0,2,1,0,0,0,0,2.186247882966973,1,1,1,1,26.70008713924015,0,4.402785705173113,0
20,5,1,1,1,0,0,0,0,4.266254975500877,3,0,1,1,41.20579383036376,0,5.760004129775659,0
16,4,0,1,1,0,0,0,0,3.4732601365598588,1,0,1,1,336.07062889644834,0,1.6282174112674561,0
10,1,0,0,1,0,0,0,0,4.759205567357724,1,0,1,1,38.76590562605497,0,7.185950824389155,0
11,2,0,1,1,0,1,0,0,3.66905303948463,2,0,0,0,0,0,0,0
16,4,0,1,1,0,0,0,0,5.107573801964207,1,0,1,1,36.35354912723819,0,13.48772456691072,0
20,5,1,1,1,0,0,0,0,4.149766767523355,2,0,1,2,33.079411436259015,0,5.318668095538592,0
14,4,0,0,1,0,0,1,0,3.02094380331075,1,0,1,1,144.31525357385453,0,1.7922698372501864,0
10,6,1,1,1,0,0,0,0,3.9864864854915947,1,0,0,0,0,0,0,0
16,4,0,0,1,0,0,0,0,2.7046728078822513,6,0,0,0,0,0,0,0
18,1,0,2.696776202460172,0,1,3,1,1,1.9520296005508544,1,0,1,1,15.497592173699658,0,269.7863255845707,1
9,6,1,0,1,0,0,0,0,3.51592872936716,4,0,0,0,0,0,0,0
1,4,0,1.7755622768133974,1,0,0,0,0,-1.7078103200754278,20,10,0,0,0,0,0,1
7,4,0,0,1,0,0,0,0,5.067810420196687,1,0,0,0,0,0,0,0
8,4,0,2,1,0,0,0,0,3.9921750989898372,4,0,0,0,0,0,0,0
14,4,0,0,1,0,0,0,0,2.199064717427709,3,0,0,0,0,0,0,0
15,0,0,2,1,0,0,0,0,4.573766882597349,3,1,1,2,136.05137942574555,0,13.978600125221226,0
9,4,0,0,1,0,0,0,0,5.801866946313051,1,0,1,1,372.0043660113338,0,12.28013222164816,0
13,6,1,0,1,0,0,0,0,3.842450044431716,1,0,0,0,0,0,0,0
10,6,1,3,1,0,0,0,0,5.205958495917989,3,0,0,0,0,0,0,0
12,4,0,1,1,0,0,0,0,4.6933381973077,1,0,0,0,0,0,0,0
14,2,0,0,1,0,0,0,0,4.122084578393542,2,0,0,0,0,0,0,0
19,0,0,2,1,0,0,0,0,4.993093843014338,4,0,0,0,0,0,0,0
14,0,0,0,1,0,0,0,0,2.11953714668418,2,0,1,2,386.15177710848684,0,9.29384818810992,0
8,1,0,3,1,0,0,0,0,4.952138323476437,3,2,1,1,367.2740389261479,0,6.912095154699635,0
15,0,0,1,1,0,0,0,0,3.3935427330554178,1,0,1,2,326.9376941330438,0,1.0691728967725163,0
9,2,0,0,1,0,0,0,0,2.2877585987220446,1,0,0,0,0,0,0,0
2,5,1,3,1,0,1,0,0,5.021634203364298,3,0,0,0,0,0,0,0
15,3,0,1,1,0,0,0,0,5.833417247347205,2,0,1,1,397.32041907525104,0,9.18525602437798,0
8,2,0,0,1,0,0,0,0,4.943844492471772,3,0,0,0,0,0,0,0
7,0,0,1,1,0,0,0,0,3.0442757714860993,1,0,1,2,55.000576260426925,0,10.808658014739171,0
19,4,0,3.768148366714062,1,0,0,1,0,-1.5927137504446132,50,10,1,1,80.62883051082892,0,41.0614516626744,1
9,2,0,0,1,0,0,0,0,3.776156993799182,3,0,1,2,395.5054119231544,0,7.754580917649232,0
10,3,0,0,1,0,0,0,0,4.2161098906408725,3,0,0,0,0,0,0,0
18,0,0,0,1,0,0,0,0,4.78541700196202,3,0,1,1,303.8722879747305,0,1.492222151889545,0
15,0,0,0,1,0,0,0,0,4.906051044959144,1,0,0,0,0,0,0,0
11,4,0,0,1,0,0,0,0,4.804560538924077,5,0,1,1,268.4087470537461,0,10.651811693834752,0
16,6,1,0,1,0,0,0,0,2.6805725402410103,4,0,0,0,0,0,0,0
9,4,0,1,1,0,0,0,0,4.483564652521217,3,0,1,2,256.50376802314275,0,9.04876852446732,0
11,2,0,2,1,0,0,0,0,3.492566496319979,3,0,0,0,0,0,0,0
7,2,0,0,1,0,1,0,0,4.246240181869457,3,0,0,0,0,0,0,0
17,0,0,2,1,0,0,0,0,3.4075393436002654,1,2,1,1,335.953585976046,0,6.675368908636017,0
1,2,0,2,1,0,0,0,0,5.848827735270959,3,0,0,0,0,0,0,0
9,4,0,1,1,0,0,0,0,4.274933799751371,1,0,0,0,0,0,0,0
16,3,0,0,1,0,0,0,0,4.153871824574507,5,0,1,2,215.57189165545188,0,4.333306139388866,0
9,6,1,0,1,0,0,0,0,3.6009873497289675,4,0,0,0,0,0,0,0
21,4,0,0,1,0,0,0,0,2.094191599852579,3,0,0,0,0,0,0,0
10,3,0,0,1,0,0,0,0,5.348102405369999,2,0,1,3,99.41440670696974,0,4.1743742785620785,0
21,2,0,0,1,0,0,0,0,4.447559456075458,4,0,0,0,0,0,0,0
17,4,0,0,1,0,0,1,1,4.281354302523405,3,0,1,1,24.869372252814962,0,4.9509030933063345,0
17,0,0,0,1,0,0,0,0,5.791900604891583,1,0,0,0,0,0,0,0
0,3,0,0,1,0,0,0,0,5.239229377286282,4,0,0,0,0,0,0,0
20,0,0,0,1,0,0,0,0,4.188185034448926,5,0,1,1,200.33639958455257,0,13.194191613427494,0
13,0,0,0,1,0,0,0,0,2.142071771587346,3,0,0,0,0,0,0,0
13,1,0,0,1,0,0,0,0,4.259167961368879,3,0,1,1,21.74661025835215,0,4.801078496103256,0
8,0,0,0,1,0,0,0,0,4.945288616322058,3,0,1,1,355.3258586331682,0,1.098136084117744,0
3,0,0,0,1,0,0,0,0,4.667345992642447,3,2,0,0,0,0,0,0
13,1,0,3,1,0,0,0,0,4.115241995785013,4,0,1,1,206.1473466303135,1,6.035546420024007,0
8,0,0,1,1,0,0,0,0,4.16030500377773,6,0,0,0,0,0,0,0
9,6,1,0,1,0,0,0,0,4.588612449710842,1,0,1,2,395.58883629074285,0,13.608239903213502,0
8,0,0,1,1,0,0,0,0,3.0042484264579743,3,0,1,1,192.1349327608668,0,4.202847817077322,0
18,4,0,2,1,0,0,0,0,5.00286010097037,2,0,1,1,295.4691407988817,0,5.897143678885617,0
18,1,0,0,1,0,0,0,0,2.7898368743900175,6,1,0,0,0,0,0,0
12,5,1,0,1,0,0,0,0,3.325662417016375,1,0,1,1,201.69151645996024,0,10.860361609037449,0
20,3,0,1,1,0,0,0,0,5.881750713211796,1,0,0,0,0,0,0,0
16,3,0,9.586690184013813,1,1,1,1,1,2.2640692244914185,2,0,1,1,0.08176004564670487,1,0.11015871347968978,1
11,1,0,0,1,0,0,0,0,3.821204629011864,1,1,0,0,0,0,0,0
10,1,0,1,1,0,0,1,0,5.211155521040144,1,0,1,1,366.69024720555484,0,7.250342518650878,0
11,4,0,2,1,0,0,0,0,5.855638443390971,2,0,1,2,180.4564470409748,0,2.9012073175890167,0
10,2,0,0,1,0,1,0,0,3.0439533494341733,2,0,1,1,283.8503093187594,0,6.859309012397928,0
7,4,0,2,1,0,0,0,0,2.355785449124198,2,0,1,1,73.559350834089,0,12.984406719441742,0
19,2,0,3,1,0,0,0,0,3.2602778184160965,4,0,1,1,342.11156024815307,0,12.101845925793754,0
2,6,1,5.996582165257622,1,0,0,1,1,2.6780751705819297,1,0,0,0,0,0,0,1
11,0,0,0,1,0,0,0,0,4.674437321712441,5,0,0,0,0,0,0,0
14,2,0,0,1,0,0,0,0,2.730503832452278,4,0,0,0,0,0,0,0
13,2,0,1,1,0,0,0,0,3.470005060492337,2,0,0,0,0,0,0,0
7,2,0,0,1,0,0,0,0,2.819330823642381,2,0,0,0,0,0,0,0
10,3,0,0,1,0,0,0,0,5.636549603630122,2,0,1,1,97.8221379389907,0,10.429654897596423,0
12,6,1,0,1,0,0,0,0,2.9793125701027674,2,0,1,1,17.591759456902953,0,13.139831425187497,0
15,5,1,2,1,0,0,0,0,3.0884022018748625,5,0,0,0,0,0,0,0
8,6,1,0,1,0,0,0,0,4.483930512321656,3,0,1,2,122.82323856045844,0,8.881029349260364,0
17,4,0,0,1,0,0,0,0,5.0917022104134295,3,0,0,0,0,0,0,0
8,0,0,0,1,0,0,0,0,3.363403874230482,3,0,1,2,32.023790013874226,0,11.195731524333354,0
10,1,0,0,1,0,0,0,0,2.317812504135015,3,0,0,0,0,0,0,0
10,0,0,0,1,0,1,0,0,5.445966401007322,2,0,1,1,71.87270839270442,0,12.595618626436929,0
16,3,0,0,1,0,0,0,0,3.6094243306346163,4,0,1,1,303.0560559483657,0,9.723490610052874,0
17,1,0,0,1,0,0,0,0,2.896136859182923,1,0,1,1,235.03821958053734,0,2.3583939893072907,0
23,0,0,3,1,0,0,0,0,5.479612675422816,3,0,1,1,152.53307081749773,0,9.574243304607034,0
10,1,0,1,1,0,0,0,0,3.7413221804437367,1,0,0,0,0,0,0,0
16,3,0,0,1,0,0,0,0,5.2632437741690286,1,2,0,0,0,0,0,0
8,1,0,0,1,0,0,0,0,2.2758965297265576,1,0,0,0,0,0,0,0
19,2,0,0,1,0,0,0,0,2.7591033448786058,1,0,1,1,334.9009430489723,0,7.763284342324791,0
15,1,0,2,1,0,0,1,0,5.104308996819863,2,0,1,2,176.2913237790152,0,12.936110524786084,0
22,0,0,0,1,0,0,0,0,2.5245083911468624,2,0,0,0,0,0,0,0
1,2,0,5.426492220582427,0,1,2,1,1,0.7434710966649436,2,1,0,0,0,0,0,1
4,4,0,0,1,0,0,0,0,5.641672509683907,3,0,0,0,0,0,0,0
11,2,0,1,1,0,0,0,0,4.793467791303578,4,0,0,0,0,0,0,0
18,6,1,0,1,0,1,0,0,3.0792500764517046,2,0,1,1,350.7580007577295,0,13.437306533696383,0
16,3,0,0,1,0,0,1,1,2.1125935813638064,4,0,1,1,31.78144857512377,0,5.460607311478947,0
10,1,0,1,1,0,0,0,0,3.2959124035792695,3,1,1,1,150.325787881954,0,6.33930007333994,0
17,2,0,1,1,0,0,1,0,2.6127139400160746,1,0,0,0,0,0,0,0
16,4,0,1,1,0,0,0,0,3.9926229328154053,2,0,1,2,158.69972298904162,0,1.0934570166253716,0
16,4,0,3,1,0,0,0,0,2.807282929910453,4,0,0,0,0,0,0,0
15,6,1,0,1,0,0,0,0,2.750364985778444,5,0,0,0,0,0,0,0
20,3,0,2,1,0,0,0,0,2.3233222449818283,2,0,1,1,288.29685339059085,0,3.682316175718652,0
10,5,1,1,1,0,0,1,0,3.7177187761866692,1,0,1,2,174.37377203516664,0,2.816819140559101,0
12,4,0,0,1,0,0,0,0,4.621757002232657,3,0,1,1,50.13239238370587,0,9.528880147429279,0
15,2,0,0,1,0,0,0,0,3.6699053354726914,1,1,0,0,0,0,0,0
20,3,0,1,1,0,0,0,0,5.684941203991439,3,0,0,0,0,0,0,0
16,1,0,0,1,0,0,0,0,2.499942586795629,1,1,1,1,332.1575083669199,0,11.763561994378584,0
10,1,0,0,1,0,0,0,0,5.157665694975241,1,0,1,1,176.50870334968067,0,6.224740390501377,0
19,6,1,1,1,0,1,0,0,4.664256579675639,4,0,0,0,0,0,0,0
15,2,0,0,1,0,0,0,0,5.477713127559526,2,0,0,0,0,0,0,0
16,2,0,0,1,0,0,0,0,3.5180278922642167,1,0,0,0,0,0,0,0
18,0,0,2,1,0,0,0,0,3.6354780347536106,2,0,1,1,279.0835317932737,0,9.087893083078336,0
10,3,0,0,1,0,0,0,0,5.176428474413626,1,0,1,1,348.543186739797,0,0.2358368678720244,0
7,4,0,0,1,0,0,0,0,4.600778819172785,1,0,1,1,114.98134352324917,0,4.671009966701261,0
17,6,1,9.143880314642356,0,1,1,1,0,3.566290661296375,3,0,1,1,0.17391097266077998,1,0.06612108334286367,1
7,3,0,0,1,0,0,0,0,5.754810718554733,1,0,0,0,0,0,0,0
19,3,0,0,1,0,0,0,0,3.0235333694044915,1,0,0,0,0,0,0,0
8,3,0,0,1,0,0,0,0,3.7719871589580807,2,1,0,0,0,0,0,0
14,4,0,0,1,0,0,0,0,4.065780096316264,1,0,0,0,0,0,0,0
14,3,0,0,1,0,0,0,0,3.337796353173547,1,0,1,1,42.41067794587062,0,0.16260427295800084,0
12,1,0,1,1,0,1,0,0,5.413543999135685,3,0,0,0,0,0,0,0
8,0,0,0,1,0,0,0,0,5.989992660343532,2,0,0,0,0,0,0,0
11,2,0,0,1,0,0,0,0,3.644704535332737,2,0,1,2,143.41480275845694,0,5.656372342323169,0
20,2,0,1,1,0,0,0,0,4.331422086250249,5,0,1,1,173.67680980449674,0,3.4352823951707814,0
9,2,0,0,1,0,0,0,0,4.331355664805343,3,0,0,0,0,0,0,0
16,2,0,2,1,0,0,0,0,4.589065118250346,2,0,0,0,0,0,0,0
9,3,0,0,1,0,0,0,0,3.852678092705474,3,1,1,2,312.99468569990546,0,8.259122325395591,0
20,3,0,0,1,0,0,0,0,5.531405742404251,4,0,0,0,0,0,0,0
16,3,0,0,1,0,0,0,0,2.206479539165493,6,0,1,1,45.84892439062172,0,11.920233584736879,0
11,1,0,0,1,0,0,0,0,2.5797650878478633,5,0,0,0,0,0,0,0
11,2,0,0,1,0,0,0,0,3.776601008006725,2,0,1,1,291.0192409975499,0,11.348469606460045,0
12,1,0,2,1,0,0,0,0,3.2135624901327016,4,0,0,0,0,0,0,0
15,3,0,1,1,0,0,0,0,3.414341378809157,2,0,0,0,0,0,0,0
11,3,0,0,1,0,0,0,0,2.160757571534614,6,0,0,0,0,0,0,0
12,5,1,0,1,0,0,0,0,5.781928637499119,5,0,1,1,100.38195012627456,1,13.416366483635814,0
6,2,0,1,1,0,0,0,0,5.082219545600882,4,0,1,1,36.91966867376013,0,4.029563012712848,0
18,0,0,1,1,0,0,1,1,5.302073045827937,1,0,0,0,0,0,0,0
14,1,0,0,1,0,0,0,0,5.855369448730851,3,0,1,2,249.26080239044677,0,3.6552804550634903,0
11,3,0,0,1,0,0,0,0,4.404363335475777,2,0,0,0,0,0,0,0
16,4,0,0,1,0,0,0,0,3.200585219419789,2,0,0,0,0,0,0,0
9,1,0,0,1,0,0,0,0,5.035378990741508,5,0,1,1,283.63784129565045,0,7.358866226171349,0
18,1,0,1,1,0,0,0,0,5.1722131025462765,4,0,0,0,0,0,0,0
13,0,0,0,1,0,0,0,0,4.896369347915773,3,0,1,1,96.75044296301667,0,4.16873437297901,0
7,4,0,2,1,0,0,0,0,5.000061290036783,3,1,1,2,40.612140342216435,0,3.0858715110706356,0
14,1,0,1,1,0,0,0,0,4.526843532066174,1,0,0,0,0,0,0,0
14,2,0,0,1,0,0,1,1,3.7155523070507765,2,0,1,2,143.37740548934212,0,0.9083972191610052,0
7,0,0,1,1,0,0,0,0,3.8490466836750428,2,0,0,0,0,0,0,0
8,1,0,2,1,0,0,0,0,2.597024361959494,6,0,0,0,0,0,0,0
12,4,0,0,1,0,0,0,0,2.381792567018977,1,0,1,1,121.3619222864956,0,7.081509551921558,0
10,2,0,3,1,0,0,0,0,3.6211187056750362,2,0,0,0,0,0,0,0
11,0,0,0,1,0,0,0,0,5.372254849764095,3,0,1,1,399.95817568621067,0,12.831009210654809,0
10,4,0,0,1,0,0,0,0,3.313047804790826,5,1,0,0,0,0,0,0
11,4,0,0,1,0,0,0,0,5.49585899734482,3,0,0,0,0,0,0,0
12,0,0,1,1,0,0,0,0,4.983829748610908,5,0,0,0,0,0,0,0
15,1,0,3,1,0,0,0,0,4.916639980992594,3,0,1,1,78.06448512636197,0,6.808587672624704,0
10,6,1,0,1,0,0,0,0,3.0790373470343204,4,0,0,0,0,0,0,0
18,3,0,1,1,0,0,0,0,3.7839725433150933,2,0,0,0,0,0,0,0
13,1,0,0,1,0,0,0,0,2.9782765338745754,5,0,1,1,211.4002519558426,0,6.911441572271066,0
11,1,0,0,1,0,0,0,0,3.485573768487044,5,0,0,0,0,0,0,0
9,1,0,3,1,0,0,0,0,2.19861215031111,3,0,0,0,0,0,0,0
1,3,0,0,1,0,0,0,0,2.8514032470854436,2,0,0,0,0,0,0,0
10,4,0,0,1,0,0,0,0,4.952341461856404,2,0,0,0,0,0,0,0
17,0,0,0,1,0,0,0,0,3.71552645849305,4,0,1,2,100.8012051157135,0,11.02245805282034,0
9,2,0,0,1,0,0,0,0,4.1297864098800465,3,0,0,0,0,0,0,0
11,3,0,3,1,0,0,0,0,3.7275344653596574,1,0,1,1,201.47727434243617,0,7.985268672336906,0
11,0,0,1,1,0,0,0,0,2.0953830436590426,5,0,0,0,0,0,0,0
15,2,0,2,1,0,0,0,0,4.152525814805888,4,0,0,0,0,0,0,0
11,3,0,0,1,0,0,0,0,3.8942434715994048,3,0,0,0,0,0,0,0
21,3,0,1,1,0,0,0,0,4.76272982112936,4,0,1,1,383.97467415361166,0,11.371504184555087,0
16,2,0,2,1,0,0,0,0,3.574205270369194,5,0,1,1,256.4401164618633,0,12.828148670005902,0
14,4,0,0,1,0,0,1,0,4.033620415538518,3,0,0,0,0,0,0,0
3,1,0,1,1,0,0,0,0,2.648988848353802,4,0,1,1,182.94193438340184,0,9.46908091063946,0
7,3,0,0,1,0,0,0,0,2.6683539442143522,6,0,1,1,67.08480020060246,0,8.432043506634276,0
7,1,0,0,1,0,0,0,0,5.209287351180178,6,0,0,0,0,0,0,0
9,2,0,0,1,0,0,0,0,5.953989098414949,5,0,0,0,0,0,0,0
12,1,0,0,1,0,0,0,0,2.2018944972988517,6,0,0,0,0,0,0,0
12,5,1,2,1,0,0,0,0,5.132349753012818,3,0,0,0,0,0,0,0
9,5,1,2,1,0,0,0,0,3.4431456796394375,5,0,1,1,377.54182380651,0,11.403225911782274,0
10,3,0,2,1,0,0,0,0,5.0234888134440645,3,0,1,2,145.808398645186,0,9.370400581295378,0
15,3,0,0,1,0,0,0,0,2.5414350421266287,5,0,0,0,0,0,0,0
0,0,0,1,1,0,0,0,0,2.996496400077141,2,0,1,1,248.31082076466942,0,1.5823576500317236,0
14,3,0,0,1,0,0,0,0,5.173448700590935,1,0,0,0,0,0,0,0
23,2,0,2,1,0,0,0,0,2.5042035839419214,1,0,0,0,0,0,0,0
14,3,0,0,1,0,0,0,0,5.748843746527787,3,0,1,1,302.754791228028,0,8.576519023631455,0
11,4,0,2,1,0,0,0,0,3.7800061048946434,3,0,0,0,0,0,0,0
17,3,0,0,1,0,0,0,0,3.7141752279664484,6,0,0,0,0,0,0,0
7,2,0,2,1,0,0,0,0,2.559239706504665,3,0,0,0,0,0,0,0
12,0,0,2,1,0,0,0,0,4.924789997799522,2,0,0,0,0,0,0,0
14,6,1,0,1,0,0,0,0,3.8898187631940404,3,0,0,0,0,0,0,0
18,0,0,0,1,0,0,0,0,5.333118479233336,2,0,1,3,329.60968754839934,0,6.609838408310928,0
17,3,0,1,1,0,0,0,0,3.4992499096155956,4,0,0,0,0,0,0,0
15,3,0,3,1,0,0,0,0,5.087181061565621,6,0,1,2,155.12934937281273,0,2.277045823225982,0
18,4,0,0,1,0,0,0,0,2.4857406135970703,1,0,1,1,250.36924097358823,0,5.193922046584003,0
8,5,1,1,1,0,0,0,0,4.1562994691804,1,0,1,1,212.14882573813946,0,10.738810778005446,0
13,5,1,1,1,0,0,0,0,3.675400919609168,3,0,0,0,0,0,0,0
13,0,0,0,1,0,0,0,0,3.4723839200190203,1,0,0,0,0,0,0,0
18,2,0,0,1,0,0,0,0,4.027395128578142,4,2,0,0,0,0,0,0
17,2,0,0,1,0,0,0,0,4.745354586121557,1,1,1,1,280.03527193702445,0,2.950533399820268,0
7,5,1,0,1,0,0,0,0,3.3070420996304026,5,0,1,1,27.90897261512038,0,3.8558065960534362,0
14,5,1,1,1,0,0,0,0,5.991245512335409,2,0,1,1,18.131725069193617,0,10.644559735923472,0
15,4,0,0,1,0,0,0,0,2.130678163533476,4,2,1,2,360.3139473525819,0,3.9281168977916785,0
1,2,0,0,1,0,0,0,0,3.8203711979059345,3,0,0,0,0,0,0,0
17,0,0,0,1,0,0,0,0,3.9010734685392943,2,0,1,1,324.392910806573,0,7.559266108177166,0
9,1,0,0,1,0,0,0,0,3.417160603263229,2,0,0,0,0,0,0,0
16,5,1,1,1,0,0,0,0,4.958175405566206,3,0,1,1,258.7908655676724,0,4.11597071024617,0
2,1,0,0,1,0,0,0,0,3.389584486576593,6,0,1,2,325.48681260559505,1,8.522900475619075,0
9,3,0,2,1,0,0,0,0,4.42192716525892,1,0,0,0,0,0,0,0
10,3,0,1,1,0,0,0,0,2.5676266164500503,4,0,0,0,0,0,0,0
9,5,1,0,1,0,0,0,0,3.391121281219272,1,0,0,0,0,0,0,0
10,6,1,0,1,0,0,0,0,3.777752069608507,2,0,0,0,0,0,0,0
8,3,0,0,1,0,0,0,0,5.536895654048061,4,0,0,0,0,0,0,0
10,4,0,0,1,0,0,0,0,5.870699733050854,2,0,1,1,23.841688634432852,0,9.357936460742014,0
13,4,0,0,1,0,0,0,0,5.41984889760316,1,0,0,0,0,0,0,0
13,3,0,1,1,0,0,0,0,5.440409041507879,1,0,1,1,217.2681044330911,0,7.545273789131012,0
15,2,0,3,1,0,0,0,0,3.732868560803654,1,0,1,2,261.2951898235871,0,0.5727262212179314,0
8,6,1,1,1,0,0,1,0,4.845632725738938,5,0,1,2,20.158836409738694,0,5.848341255514511,0
7,2,0,3,1,0,0,1,0,4.068278003913697,2,0,1,3,19.795407279001694,0,7.227785272506619,0
17,2,0,1,1,0,0,0,0,5.440382299931954,2,0,1,1,348.68829622052493,1,10.474325316617259,0
15,3,0,0,1,0,0,0,0,2.827770883007064,1,0,0,0,0,0,0,0
17,1,0,0,1,0,0,0,0,4.822771171713778,2,0,0,0,0,0,0,0
8,3,0,5.745120604461372,0,1,2,1,1,0.34359933385188457,3,1,0,0,0,0,0,1
16,1,0,0,1,0,0,0,0,3.5639292265697224,2,0,0,0,0,0,0,0
9,6,1,0,1,0,0,0,0,3.832330335279326,1,0,0,0,0,0,0,0
17,1,0,0,1,0,0,0,0,3.42193902862694,2,0,1,1,182.5776616835035,0,5.234395166545633,0
11,1,0,1,1,0,0,0,0,5.008252020662871,2,0,0,0,0,0,0,0
22,4,0,0,1,0,0,0,0,5.8336346100076675,2,0,0,0,0,0,0,0
15,4,0,0,1,0,0,0,0,2.9878514390509276,5,0,1,1,105.38375172049433,0,11.080078070808106,0
18,3,0,2,1,0,0,0,0,2.4414192431435557,1,1,1,1,106.39627378558325,0,7.95180751776256,0
18,5,1,3.557313703032684,1,0,2,1,0,3.911472665109635,1,1,1,1,0.113972566032151,1,0.18975693142464325,1
13,6,1,0,1,0,0,1,0,3.8000805898843364,2,0,0,0,0,0,0,0
17,3,0,1,1,0,0,0,0,3.045322793884147,3,0,0,0,0,0,0,0
14,4,0,0,1,0,0,0,0,5.586839732097843,5,0,0,0,0,0,0,0
18,6,1,1,1,0,0,0,0,4.076616170877767,5,0,0,0,0,0,0,0
21,0,0,1,1,0,0,0,0,3.3455680433057466,3,0,0,0,0,0,0,0
15,0,0,0,1,0,0,0,0,4.593617372870744,3,1,1,2,293.5237416914052,0,8.852719692165293,0
19,5,1,0,1,0,0,0,0,2.7834612778031707,5,0,1,2,386.78011584181536,0,2.9255996949853253,0
19,6,1,1,1,0,0,0,0,5.361939377616959,2,0,0,0,0,0,0,0
10,1,0,0,1,0,0,0,0,4.686008403188449,4,0,0,0,0,0,0,0
3,4,0,0,1,0,0,0,0,2.2434157921264184,5,0,0,0,0,0,0,0
14,4,0,0,1,0,0,0,0,3.1781977958648593,3,0,0,0,0,0,0,0
14,3,0,5.409221556664243,1,0,0,0,0,-1.3181155777684677,10,5,0,0,0,0,0,1
18,4,0,1,1,0,0,0,0,3.128179942850386,1,0,1,1,255.38447972073496,0,4.720178738518161,0
10,2,0,3,1,0,0,0,0,4.751955858981955,2,0,1,2,54.73179783255963,0,2.7646917066605514,0
21,6,1,0,1,0,0,0,0,2.2746294201054753,2,0,1,1,358.5025992409047,0,5.824150332961821,0
6,0,0,1,1,0,0,0,0,2.5704900850748214,5,0,1,2,47.64672601655224,0,4.3920618025664,0
8,6,1,1,1,0,0,0,0,4.40586165438273,1,0,1,2,245.16779899279615,0,13.864691567721962,0
14,2,0,0,1,0,0,0,0,2.424421477156486,4,0,1,1,148.2481612762379,0,2.9260611850219806,0
19,3,0,0,1,0,0,0,0,2.216643420786302,2,0,1,2,260.50617901275206,0,4.96090825907942,0
12,4,0,0,1,0,0,0,0,2.2807131113613597,2,0,0,0,0,0,0,0
10,6,1,0,1,0,0,0,0,5.0192822159985475,2,0,0,0,0,0,0,0
16,4,0,1,1,0,0,0,0,4.537465616512852,1,0,0,0,0,0,0,0
10,5,1,0,1,0,0,0,0,5.137476039314226,2,0,1,2,62.50512333508466,0,0.6007502840816776,0
16,6,1,1,1,0,0,0,0,3.911413760594646,2,0,0,0,0,0,0,0
0,0,0,0,1,0,0,0,0,3.572878593606122,5,0,0,0,0,0,0,0
8,1,0,0,1,0,0,0,0,3.1173211714994062,1,0,1,1,99.74948823850286,0,11.427157780472468,0
11,3,0,1,1,0,0,0,0,4.310781912795019,1,1,1,1,350.7471562842963,0,9.06890365354188,0
18,0,0,0,1,0,0,0,0,5.026874057449985,5,0,1,1,356.8725340328845,0,3.6223999376206164,0
12,2,0,0,1,0,0,0,0,3.3368584491471105,4,0,0,0,0,0,0,0
23,5,1,2,1,0,0,0,0,3.8241588022030015,2,0,0,0,0,0,0,0
6,3,0,0,1,0,0,0,0,2.348486098080293,3,0,1,1,283.0945844541256,0,13.171677138290764,0
19,0,0,0,1,0,0,0,0,2.8536079451989376,6,0,0,0,0,0,0,0
11,3,0,0,1,0,0,0,0,4.580843315158802,4,0,1,1,274.50238197890974,0,5.235954046226315,0
15,2,0,0,1,0,0,0,0,5.7532612192433525,3,0,1,1,33.92215278954866,0,11.551254827518727,0
23,6,1,0,1,0,0,0,0,3.7105943804269086,3,0,0,0,0,0,0,0
11,3,0,2,1,0,0,0,0,4.95359579816993,3,0,0,0,0,0,0,0
16,5,1,0,1,0,0,0,0,5.6212641445466875,5,0,0,0,0,0,0,0
3,4,0,5.4643530159485065,1,0,0,1,1,3.7756677458064116,1,0,0,0,0,0,0,1
12,3,0,0,1,0,0,0,0,2.35988397331965,1,0,1,2,186.93820785440263,0,11.273293969939301,0
11,0,0,0,1,0,0,0,0,4.000003725697068,4,0,1,1,390.9052713399791,0,6.080599209090337,0
8,1,0,0,1,0,0,0,0,5.384132803141802,3,0,1,1,356.4586454099889,0,0.9085804248418283,0
8,1,0,0,1,0,0,0,0,5.995525153366112,1,0,1,1,280.78218630277456,0,12.052055585742995,0
15,3,0,1,1,0,0,0,0,2.912272139186307,2,0,0,0,0,0,0,0
13,6,1,3,1,0,0,0,0,2.920278336264141,2,0,0,0,0,0,0,0
15,6,1,1,1,0,0,0,0,4.324212661352433,6,0,0,0,0,0,0,0
14,3,0,0,1,0,0,0,0,3.810361832204948,3,0,0,0,0,0,0,0
10,6,1,1,1,0,0,0,0,4.78963029329159,2,0,0,0,0,0,0,0
13,3,0,0,1,0,0,0,0,4.992598557287547,2,0,0,0,0,0,0,0
21,0,0,0,1,0,0,0,0,4.251142297227199,1,0,1,2,71.425166865931,0,13.340690706378382,0
1,1,0,0,1,0,0,0,0,3.0955595894490693,3,0,1,1,307.76700146394086,0,3.0101849632467936,0
16,3,0,0,1,0,0,0,0,2.1159732856213798,2,0,0,0,0,0,0,0
15,2,0,0,1,0,0,0,0,2.2201852221187677,3,0,1,1,167.71593033651277,0,0.9988591791577703,0
12,2,0,0,1,0,0,0,0,2.462934118727786,4,0,0,0,0,0,0,0
23,5,1,0,1,0,0,0,0,3.4042577060814887,1,0,0,0,0,0,0,0
8,0,0,0,1,0,0,0,0,5.545460266652815,3,0,1,1,218.84822701871258,0,7.829742086315595,0
9,6,1,0,1,0,0,1,0,5.451169412314079,2,0,0,0,0,0,0,0
7,1,0,2,1,0,0,0,0,3.6254081413472665,2,0,1,2,138.4748481252969,0,5.018634963322763,0
21,1,0,0,1,0,0,0,0,4.755266919340864,2,0,0,0,0,0,0,0
18,1,0,0,1,0,0,0,0,3.288640059234889,4,0,1,2,191.6330815342065,0,8.312350490230108,0
11,2,0,0,1,0,0,0,0,3.6182493248900447,3,0,0,0,0,0,0,0
18,3,0,1,1,0,0,0,0,2.0624520008456244,1,0,1,1,127.338665856295,0,11.97960941384942,0
8,3,0,1,1,0,0,0,0,5.779465960329623,4,0,1,2,77.44966682971238,0,3.8158340454604964,0
11,4,0,0,1,0,1,0,0,2.0876291943741587,3,0,0,0,0,0,0,0
20,3,0,2,1,0,0,0,0,3.7301926864487394,6,0,1,1,153.52813143775734,0,12.373234183319537,0
11,1,0,0,1,0,0,0,0,3.8190952352796033,2,0,0,0,0,0,0,0
3,4,0,1.947056560052752,1,0,0,1,0,-0.1992740906874806,10,10,0,0,0,0,0,1
11,6,1,7.805151606877073,0,1,1,1,1,3.6108549517122324,1,0,1,1,0.1814043533068947,1,0.10612538107818328,1
7,4,0,0,1,0,0,1,0,4.828914710411778,2,0,0,0,0,0,0,0
14,0,0,1,1,0,0,1,1,4.7758508006387235,2,2,0,0,0,0,0,0
13,5,1,0,1,0,0,0,0,4.0423383142804,2,0,1,1,45.826970948924426,0,0.13735756125280818,0
7,2,0,2,1,0,0,0,0,5.080689833491289,3,0,0,0,0,0,0,0
2,2,0,0,1,0,0,0,0,4.641194031942726,5,0,0,0,0,0,0,0
13,1,0,0,1,0,0,0,0,4.941698837570248,3,0,1,1,188.41937222824552,0,6.410396318689136,0
16,3,0,2,1,0,0,0,0,2.6058672334670554,5,0,0,0,0,0,0,0
13,1,0,2,1,0,0,1,0,4.061114521311065,2,0,1,1,124.6833276518055,0,9.189541642943002,0
10,3,0,1,1,0,0,0,0,3.010966326699685,2,0,1,1,313.01597953374915,0,6.932169797831348,0
13,6,1,0,1,0,0,0,0,3.7925427633195135,2,0,1,1,51.73739812562514,0,4.851933116448123,0
20,0,0,1,1,0,0,1,0,4.641860735866665,4,0,0,0,0,0,0,0
19,1,0,1,1,0,0,0,0,2.723936020006728,4,1,1,1,151.94040387078508,0,4.860240587137894,0
8,2,0,0,1,0,0,0,0,2.29009808438536,1,0,0,0,0,0,0,0
13,6,1,0,1,0,0,0,0,3.630252965648766,6,0,1,2,284.3520678863306,0,1.9417003349648236,0
17,0,0,0,1,0,0,0,0,2.702135241677277,2,0,0,0,0,0,0,0
6,0,0,0,1,0,0,0,0,4.779353623309948,2,0,0,0,0,0,0,0
13,3,0,2,1,0,0,0,0,2.0256675908969726,5,0,1,2,193.38371578638512,0,7.481399098378649,0
3,0,0,8.180908177481792,1,1,1,1,0,2.331655621272954,3,2,1,1,0.1846046125643741,1,0.16340891333258897,1
22,0,0,0,1,0,0,0,0,3.2472499921242264,6,0,0,0,0,0,0,0
7,1,0,1,1,0,0,0,0,2.1023015698891747,5,0,1,2,187.98745036809942,0,13.13458449008438,0
12,3,0,1,1,0,0,0,0,3.244642362720995,1,0,0,0,0,0,0,0
17,1,0,3,1,0,0,0,0,4.661764169958808,3,0,0,0,0,0,0,0
11,2,0,2,1,0,0,0,0,3.2356691825163497,1,0,0,0,0,0,0,0
15,2,0,1,1,0,0,0,0,5.929047715044721,2,0,0,0,0,0,0,0
19,6,1,0,1,0,0,0,0,3.3690795208376745,1,0,0,0,0,0,0,0
12,1,0,0,1,0,1,0,0,3.7472033829285545,3,0,0,0,0,0,0,0
10,4,0,0,1,0,0,0,0,3.9477637998178094,6,0,0,0,0,0,0,0
5,1,0,0,1,0,0,0,0,4.226260231927636,6,0,0,0,0,0,0,0
16,0,0,0,1,0,0,0,0,4.700860916407181,6,0,0,0,0,0,0,0
11,1,0,1,1,0,0,0,0,3.0172673500408482,3,0,1,2,146.93357259472646,0,13.861712296189314,0
13,3,0,0,1,0,0,0,0,4.668825856705731,3,0,0,0,0,0,0,0
16,0,0,1,1,0,0,0,0,2.922043045946666,4,0,1,1,28.152223640787177,0,8.975719004785068,0
18,2,0,0,1,0,0,0,0,3.3754855774951453,1,0,1,1,168.7037476330142,0,0.07030735321695802,0
3,5,1,5.965520194760835,1,0,1,1,1,4.269779514940518,1,0,1,1,7.435709179626338,0,238.90654500315526,1
11,2,0,0,1,0,0,0,0,5.06379018116823,3,0,1,2,160.73866053125002,0,5.554285868150467,0
18,2,0,0,1,0,0,0,0,5.833744720926921,3,0,0,0,0,0,0,0
12,5,1,1,1,0,0,0,0,2.575490401406054,4,0,1,2,290.14452265182547,0,1.0208730473054388,0
13,4,0,0,1,0,0,0,0,2.268192052641818,6,0,0,0,0,0,0,0
8,3,0,2,1,0,0,0,0,2.8312325990501277,3,0,1,2,124.77895713026327,0,7.0127264574075845,0
22,1,0,7.959612011742498,1,0,0,1,1,4.6624727293817605,1,0,0,0,0,0,0,1
13,1,0,1,1,0,0,0,0,5.53405920920377,2,0,0,0,0,0,0,0
18,1,0,3.8125491678778,0,1,5,1,1,-0.8780938698506753,1,0,0,0,0,0,0,1
6,4,0,1,1,0,0,0,0,2.5296589779864935,3,0,1,1,68.57860737381614,0,12.950773103261303,0
19,0,0,5.067517156336384,1,1,1,1,0,0.628439346744889,2,0,1,1,0.1011973123982858,1,0.17690891265820824,1
10,2,0,2,1,0,0,0,0,5.08719463119483,2,0,0,0,0,0,0,0
3,3,0,3,1,0,1,0,0,3.369885635069707,4,2,0,0,0,0,0,0
16,0,0,0,1,0,0,0,0,3.0877570284006084,1,0,1,1,279.22198132008816,0,2.6730505325955853,0
15,1,0,1,1,0,0,0,0,5.050430347277043,2,0,1,1,159.33777551014896,0,9.225605342725244,0
10,3,0,0,1,0,0,0,0,4.071183391266782,6,0,1,1,186.00742675088625,0,2.681840647548695,0
10,1,0,0,1,0,0,0,0,4.228394799149843,1,0,0,0,0,0,0,0
21,3,0,1,1,0,0,1,1,3.066779310644808,3,1,0,0,0,0,0,0
13,1,0,2,1,0,0,0,0,4.061783499556949,2,0,1,2,45.27713380746803,0,10.870532321886161,0
15,4,0,3,1,0,1,0,0,5.6875445475387405,4,0,1,1,379.3060394153814,0,12.04283343404192,0
5,2,0,3,1,0,0,0,0,2.731320753458463,5,0,1,2,55.68256295385023,0,5.4491943372016225,0
8,6,1,2,1,0,0,1,1,5.218350576082248,2,0,0,0,0,0,0,0
15,5,1,0,1,0,0,0,0,3.973259909963191,1,0,1,2,34.075923317734826,0,0.7520189501056642,0
13,0,0,3,1,0,0,0,0,4.7115145526787074,1,0,0,0,0,0,0,0
15,1,0,3,1,0,0,0,0,5.0083971282917545,3,0,0,0,0,0,0,0
11,2,0,2,1,0,1,0,0,2.281738264531725,4,0,1,2,48.9347179768423,0,4.712501114112976,0
9,3,0,1,1,0,0,0,0,5.47299519583052,1,0,0,0,0,0,0,0
20,3,0,0,1,0,0,0,0,3.3811743235943243,3,2,1,3,208.50286747069438,0,4.513339563793973,0
12,3,0,0,1,0,0,0,0,3.0489270463719174,3,0,1,1,303.6233202984226,0,11.431701155413139,0
16,5,1,0,1,0,0,0,0,4.586835695856266,2,0,0,0,0,0,0,0
10,3,0,0,1,0,0,0,0,4.5616650855086345,3,0,0,0,0,0,0,0
13,2,0,0,1,0,0,0,0,4.299365862457272,2,0,0,0,0,0,0,0
9,1,0,0,1,0,0,0,0,2.012775585833981,5,0,0,0,0,0,0,0
18,6,1,1,1,0,0,0,0,2.316268317230866,4,0,0,0,0,0,0,0
11,4,0,0,1,0,0,1,1,3.8413997571632583,3,0,1,1,332.83538039006964,0,3.3798350496440612,0
17,4,0,0,1,0,0,0,0,2.115922204336163,2,0,0,0,0,0,0,0
5,1,0,0,1,0,0,0,0,5.3080636006208834,2,1,1,1,262.93342770642283,0,0.8952096918720345,0
11,0,0,0,1,0,0,0,0,4.316458914491228,3,0,1,1,251.08558433493337,0,5.342643329465414,0
19,0,0,0,1,0,0,0,0,5.667991229112736,1,0,0,0,0,0,0,0
16,2,0,0,1,0,0,0,0,2.6266562949057772,5,0,1,1,174.195023256153,0,7.346941009816753,0
18,2,0,1,1,0,0,0,0,2.152043703294662,2,0,0,0,0,0,0,0
9,1,0,0,1,0,0,0,0,5.104417013500941,1,0,1,1,279.2675526756814,0,9.493479965445644,0
13,6,1,0,1,0,0,1,0,3.6505671543947784,4,0,0,0,0,0,0,0
0,1,0,1,1,0,0,0,0,2.8220866366424993,2,0,1,1,184.85606986261365,0,12.51708871179881,0
14,5,1,0,1,0,0,0,0,5.867142546153742,3,0,0,0,0,0,0,0
20,5,1,1,1,0,0,0,0,4.828834504628303,3,0,1,1,61.77970198207254,0,2.693974266740356,0
11,1,0,3,1,0,0,0,0,5.853797680086689,1,0,1,2,247.18770319513217,0,9.714348271406024,0
9,0,0,0,1,0,0,0,0,5.962124124644057,5,0,1,3,323.6257636968759,0,2.31419827580469,0
14,2,0,0,1,0,0,0,0,4.227350570176188,2,0,1,1,14.333139722890847,0,11.70168303096684,0
13,3,0,0,1,0,0,0,0,4.772647695217136,3,0,1,1,80.15250059209303,0,10.409067055469912,0
12,4,0,0,1,0,0,0,0,4.251627085182374,4,0,0,0,0,0,0,0
21,6,1,0,1,0,0,0,0,5.845533545110992,6,0,0,0,0,0,0,0
18,4,0,1,1,0,0,0,0,4.445245771191724,2,0,0,0,0,0,0,0
16,4,0,1,1,0,0,0,0,2.1776009771068003,2,0,0,0,0,0,0,0
1,2,0,1,1,0,0,0,0,4.716450939465197,6,0,0,0,0,0,0,0
12,3,0,3,1,0,0,0,0,4.685623669138628,1,0,1,1,99.89543109342902,0,1.3936297588933795,0
11,0,0,0,1,0,0,0,0,2.576885555847335,2,0,1,1,284.90381909942187,0,9.848461065170005,0
12,0,0,1,1,0,0,0,0,5.551997504842342,2,0,0,0,0,0,0,0
15,2,0,0,1,0,0,0,0,5.418643384157084,3,0,0,0,0,0,0,0
15,4,0,0,1,0,0,0,0,2.041911129586686,3,0,1,2,344.4419284080917,0,5.872640648998736,0
16,3,0,2,1,0,0,0,0,5.052986380138801,6,0,1,1,390.581939120774,0,1.5272388451743961,0
9,5,1,1,1,0,0,0,0,4.570891736580592,3,0,1,2,227.38726157049632,0,12.387744195822947,0
0,0,0,1,1,0,0,0,0,3.9441543835649853,5,0,1,2,224.03014755309417,0,7.990435630595212,0
10,0,0,2,1,0,0,0,0,3.072971070178502,2,0,1,2,56.04764622624557,0,4.901782479772597,0
0,5,1,0,1,0,0,0,0,5.763111858464379,2,0,0,0,0,0,0,0
21,5,1,0,1,0,0,0,0,3.972397031861862,2,0,1,1,104.33571744435162,0,7.927634500037461,0
11,2,0,3,1,0,0,0,0,5.911131777895616,2,0,0,0,0,0,0,0
3,4,0,5.653716047664965,0,1,2,1,1,-0.5971184458126246,1,0,0,0,0,0,0,1
12,1,0,0,1,0,0,0,0,2.367765130307731,5,0,1,3,260.2999936715587,0,1.6796795368895616,0
10,4,0,0,1,0,0,0,0,4.605529791522205,4,0,1,1,365.76970586018393,0,6.67001549305997,0
12,3,0,0,1,0,0,0,0,5.727835744708264,3,0,1,1,261.4309128825946,0,9.128081896078461,0
7,4,0,0,1,0,0,0,0,5.821074251865239,1,0,1,1,251.78913100114713,0,8.261433063883626,0
13,5,1,1,1,0,0,0,0,2.195840185651621,1,0,0,0,0,0,0,0
8,4,0,0,1,0,0,0,0,2.623883676422409,1,0,1,3,99.79289109019997,0,9.488792731188902,0
15,0,0,0,1,0,0,0,0,4.384485450127002,3,0,1,1,134.60209134429832,0,9.980581586194303,0
8,6,1,0,1,0,0,0,0,4.446980800997194,2,0,0,0,0,0,0,0
11,3,0,0,1,0,0,0,0,5.208563713551469,3,0,0,0,0,0,0,0
19,2,0,0,1,0,0,0,0,2.7633774555909527,5,0,0,0,0,0,0,0
22,1,0,8.168372339583417,1,0,1,1,1,3.8055826074447863,1,0,0,0,0,0,0,1
14,4,0,0,1,0,0,0,0,3.111976046614496,2,0,1,1,103.10051396191434,0,10.77415464532682,0
6,4,0,1,1,0,0,0,0,4.521791042404996,1,0,1,2,80.21053000169162,0,4.30768919945333,0
8,3,0,0,1,0,0,0,0,4.152069321805008,5,0,0,0,0,0,0,0
1,3,0,7.226206159014983,1,0,1,1,1,3.722516729127755,1,1,0,0,0,0,0,1
11,3,0,0,1,0,0,0,0,4.9357584322473915,3,0,0,0,0,0,0,0
11,1,0,0,1,0,0,0,0,5.433387319757397,1,0,0,0,0,0,0,0
10,4,0,0,1,0,0,0,0,5.252124436453769,6,0,1,1,90.71626748930862,0,1.9413875153591316,0
10,4,0,1,1,0,0,0,0,4.248867455818418,3,0,0,0,0,0,0,0
17,1,0,0,1,0,0,0,0,5.865607730972801,1,0,0,0,0,0,0,0
19,1,0,1,1,0,0,0,0,5.351413229982686,4,0,0,0,0,0,0,0
7,4,0,1,1,0,1,0,0,3.0754909851378627,1,0,0,0,0,0,0,0
6,3,0,1,1,0,0,0,0,4.155111619579198,4,0,0,0,0,0,0,0
8,1,0,0,1,0,0,0,0,4.459222656581673,1,0,1,1,215.21837405670445,0,0.18299429522196942,0
16,2,0,0,1,0,1,0,0,3.7514910272983997,3,0,1,1,243.7815521993618,0,9.51601933667382,0
3,0,0,1,1,0,0,0,0,3.7734691059899665,1,0,1,2,219.2340775380294,0,7.374182634143238,0
18,1,0,0.10493237475821071,1,0,0,0,0,-1.972562726756097,20,20,0,0,0,0,0,1
10,3,0,0,1,0,0,0,0,5.326757999299525,1,0,0,0,0,0,0,0
12,1,0,0,1,0,0,0,0,2.6516036690064513,3,0,0,0,0,0,0,0
23,2,0,6.307652908364954,1,0,1,1,1,2.1848937693431965,2,2,1,1,10.968348977341424,0,145.5300178013644,1
7,1,0,0,1,0,0,0,0,5.892836576854282,1,0,1,1,175.79231761905453,0,2.044272481944272,0
17,1,0,0,1,0,0,1,0,4.721433459722453,3,0,0,0,0,0,0,0
5,5,1,1,1,0,0,0,0,4.322075634958928,1,0,0,0,0,0,0,0
12,3,0,0,1,0,0,0,0,3.177143588063621,2,0,1,1,131.21475468925243,0,9.683136615663214,0
12,3,0,1,1,0,0,0,0,4.2967650689353984,3,0,1,3,240.109263644637,0,0.9050043494010303,0
16,3,0,0,1,0,0,0,0,5.234134410646421,2,1,1,1,131.6773856185783,0,2.8355652147420685,0
12,0,0,0,1,0,0,0,0,3.0706298803399035,6,0,0,0,0,0,0,0
10,1,0,1,1,0,0,0,0,2.306913654343883,3,0,0,0,0,0,0,0
15,4,0,0,1,0,0,0,0,4.871544685834587,1,0,0,0,0,0,0,0
5,1,0,1,1,0,0,0,0,3.8187784768349893,2,0,1,1,302.8539605911602,0,9.592586241112988,0
18,0,0,0,1,0,0,0,0,3.0682945763804863,1,0,0,0,0,0,0,0
13,1,0,3,1,0,0,0,0,5.372540877901119,4,1,0,0,0,0,0,0
19,4,0,4.545865121910129,0,1,4,1,1,2.8230901866241638,2,1,1,1,88.1693904391216,0,285.88678001972255,1
15,5,1,1,1,0,0,0,0,4.677106080188025,3,0,0,0,0,0,0,0
16,4,0,0,1,0,0,0,0,2.0582299190669238,3,0,0,0,0,0,0,0
18,4,0,0,1,0,0,0,0,2.0357590602895126,1,0,0,0,0,0,0,0
8,4,0,0,1,0,0,0,0,3.390480505279221,1,0,0,0,0,0,0,0
8,0,0,0,1,0,0,0,0,3.552371160133111,3,0,1,1,193.32185806173936,0,2.5171421885605465,0
10,0,0,0,1,0,0,0,0,5.472072536891135,5,0,0,0,0,0,0,0
15,0,0,2,1,0,0,0,0,2.9331316674711823,2,0,1,1,109.93570374083495,0,2.950974894283579,0
13,4,0,0,1,0,0,0,0,5.567256120293649,4,0,1,1,305.7096866834165,0,5.3372498325835895,0
19,0,0,0,1,0,0,0,0,3.651325184976693,1,1,1,1,376.99898062319863,0,0.7936112510389348,0
17,4,0,0,1,0,0,0,0,5.788358408072497,4,0,1,1,76.38925641781998,0,0.8619556684938048,0
4,1,0,2,1,0,0,0,0,4.744158947047692,3,0,1,1,211.21020504657298,0,0.09233917504827915,0
10,6,1,1,1,0,0,0,0,5.961345658999612,1,0,0,0,0,0,0,0
13,4,0,2,1,0,0,0,0,2.8902514046664964,1,0,1,1,137.70318371731372,0,1.1924205703493647,0
1,1,0,1,1,0,0,0,0,4.695765146216709,5,0,0,0,0,0,0,0
8,0,0,1,1,0,0,0,0,2.255231429450095,3,0,0,0,0,0,0,0
9,1,0,0,1,0,0,0,0,5.115121215996575,4,0,0,0,0,0,0,0
14,3,0,0,1,0,0,0,0,2.9231621280189586,3,0,0,0,0,0,0,0
2,0,0,0,1,0,0,0,0,4.1749398139729745,1,0,1,2,189.5088722305188,0,3.3793009553143545,0
4,3,0,0,1,0,0,0,0,3.212300254260477,1,0,0,0,0,0,0,0
14,1,0,1,1,0,0,0,0,2.698177235494943,4,0,0,0,0,0,0,0
17,2,0,1,1,0,0,0,0,4.37087300950226,1,0,0,0,0,0,0,0
18,4,0,0,1,0,0,0,0,4.684575926207432,3,0,1,2,193.92900086929833,0,5.067612284164113,0
10,4,0,2,1,0,0,0,0,3.1013833098744987,2,1,0,0,0,0,0,0
14,4,0,1,1,0,0,0,0,2.4599512058569197,2,0,0,0,0,0,0,0
13,1,0,0,1,0,0,0,0,4.952159347919986,4,0,1,2,164.4510748321209,0,12.207835341570865,0
8,3,0,0,1,0,1,0,0,5.636238540363172,3,0,0,0,0,0,0,0
17,0,0,3,1,0,0,0,0,5.261807530345935,5,0,1,1,48.443280733694756,0,10.152221276441185,0
7,2,0,0,1,0,0,0,0,2.6165086074322437,5,0,1,1,326.1666829371379,0,8.402784390806364,0
13,4,0,0,1,0,0,0,0,4.99654830127582,3,0,1,2,292.8889956202918,0,11.086808437125846,0
10,3,0,0,1,0,0,0,0,4.389906195024342,3,2,1,1,97.85096391717677,0,12.951513365393147,0
9,3,0,0,1,0,0,0,0,4.4178281189648505,6,0,0,0,0,0,0,0
10,3,0,0,1,0,0,0,0,2.2442258675718527,4,0,1,3,51.380954470279676,0,0.10166739865631746,0
17,2,0,0,1,0,0,0,0,5.431603799182947,1,0,0,0,0,0,0,0
16,3,0,0,1,0,0,0,0,5.086232739051379,3,0,0,0,0,0,0,0
20,1,0,0,1,0,1,0,0,3.5138471183062903,3,0,0,0,0,0,0,0
2,1,0,0,1,0,0,0,0,2.586553009693891,2,0,0,0,0,0,0,0
10,0,0,0,1,0,0,0,0,4.835398637763684,4,0,0,0,0,0,0,0
14,3,0,0,1,0,0,0,0,4.372887924687079,5,1,1,1,289.6407517948129,0,5.242666755111852,0
15,2,0,0,1,0,0,0,0,2.5831517315246986,4,0,0,0,0,0,0,0
14,2,0,1,1,0,0,0,0,2.291384256195435,5,1,0,0,0,0,0,0
15,2,0,0,1,0,1,0,0,4.339866827720385,1,0,1,1,135.1661784259296,0,2.237202456302596,0
4,1,0,1,1,0,0,0,0,5.1604663902811625,2,0,0,0,0,0,0,0
8,4,0,0,1,0,0,0,0,5.663700223667751,3,0,0,0,0,0,0,0
18,0,0,0,1,0,0,0,0,5.775724897309516,3,0,0,0,0,0,0,0
8,4,0,1,1,0,0,0,0,2.8399831386924985,3,0,0,0,0,0,0,0
15,0,0,0,1,0,0,0,0,3.2373548630357205,1,0,0,0,0,0,0,0
4,5,1,11.470754679363285,1,0,0,1,0,5.8923297329467506,1,2,0,0,0,0,0,1
15,4,0,3,1,0,0,0,0,5.1553804377938155,1,0,1,2,255.50461213681206,0,13.60614217228696,0
16,1,0,0,1,0,0,0,0,3.845883737007333,5,0,0,0,0,0,0,0
12,2,0,0,1,0,0,1,0,2.22064316216368,6,0,0,0,0,0,0,0
15,0,0,2,1,0,0,1,1,4.446872815559562,1,0,0,0,0,0,0,0
14,1,0,0,1,0,0,0,0,3.2484485697546024,2,0,0,0,0,0,0,0
15,0,0,0,1,0,0,0,0,3.928030577344133,1,0,1,1,60.32182006703608,0,0.6788772038584394,0
15,0,0,0,1,0,0,0,0,2.382702389267724,3,0,1,2,63.784834279701855,0,1.9213793412643385,0
12,0,0,0,1,0,0,0,0,2.1165929574841504,2,0,0,0,0,0,0,0
19,2,0,2,1,0,0,0,0,3.4392466176728407,3,0,0,0,0,0,0,0
8,4,0,0,1,0,0,1,0,3.492494081463417,2,0,1,1,297.836549326683,0,3.939637937919543,0
17,6,1,2,1,0,0,0,0,5.556281566767877,3,0,0,0,0,0,0,0
19,0,0,1,1,0,0,0,0,3.5318790231524506,1,0,0,0,0,0,0,0
20,3,0,2,1,0,0,0,0,3.9473137834343186,5,0,0,0,0,0,0,0
13,0,0,1,1,0,1,0,0,5.81506324724245,3,0,0,0,0,0,0,0
13,6,1,0,1,0,0,0,0,2.902127518636351,3,0,1,1,23.83799078538997,0,10.936858057312097,0
7,1,0,0,1,0,0,0,0,3.2991492828049473,5,0,0,0,0,0,0,0
14,0,0,1,1,0,0,0,0,2.640990826294547,1,0,0,0,0,0,0,0
4,4,0,0,1,0,0,0,0,5.414777734963754,3,0,1,1,276.6340967493281,0,12.78487744871076,0
18,1,0,0,1,0,0,0,0,4.796407135085263,4,0,1,1,114.28916221309971,0,2.63201416747476,0
8,2,0,0,1,0,0,0,0,5.230171016285031,3,0,0,0,0,0,0,0
11,3,0,0,1,0,0,0,0,3.4539201628928784,3,0,1,3,283.152468251164,0,12.377814150948259,0
15,0,0,0,1,0,0,0,0,4.984610858736566,2,0,0,0,0,0,0,0
7,5,1,1,1,0,0,0,0,5.013404373549755,3,0,1,2,332.32715455871875,0,10.750404351892868,0
11,6,1,0,1,0,0,0,0,5.2070215863975715,6,0,0,0,0,0,0,0
9,2,0,0,1,0,0,0,0,5.671981427817567,4,0,0,0,0,0,0,0
11,3,0,0,1,0,0,0,0,3.474248392236852,5,0,0,0,0,0,0,0
16,0,0,0,1,0,0,0,0,2.082877185182227,2,0,0,0,0,0,0,0
15,1,0,1,1,0,0,0,0,2.471446610646627,2,0,1,1,175.4402949975458,0,5.371939479727618,0
14,4,0,1,1,0,1,0,0,3.1348469316057934,2,0,1,1,341.17352997246735,0,7.0522754694964895,0
8,6,1,1,1,0,0,0,0,4.444467386520058,4,0,0,0,0,0,0,0
11,0,0,0,1,0,0,0,0,2.7964367624320285,1,0,0,0,0,0,0,0
8,2,0,0,1,0,0,0,0,4.550858508011811,3,0,0,0,0,0,0,0
9,3,0,0,1,0,0,0,0,3.6089560061627464,3,0,1,2,279.88973847436114,0,5.585722775032705,0
13,3,0,0,1,0,1,0,0,3.1243896668922995,1,1,0,0,0,0,0,0
15,0,0,1,1,0,0,0,0,3.7810559832373936,2,0,0,0,0,0,0,0
15,4,0,0,1,0,0,0,0,3.2828541068888555,2,0,0,0,0,0,0,0
16,2,0,0,1,0,0,0,0,3.687422993274753,3,0,0,0,0,0,0,0
7,2,0,0,1,0,0,0,0,4.51679810362773,3,0,0,0,0,0,0,0
17,1,0,4.316218844312604,1,0,0,1,0,-0.7260433196178286,10,15,0,0,0,0,0,1
15,0,0,0,1,0,0,0,0,4.762324027902705,3,0,1,1,186.8183742640806,0,5.387599919211474,0
8,1,0,0,1,0,0,0,0,5.51236005920037,3,0,0,0,0,0,0,0
13,4,0,0,1,0,0,0,0,3.9187307936398432,4,0,1,1,268.53543895903465,0,12.72442285635204,0
21,4,0,0,1,0,0,0,0,5.117970180582888,2,0,1,1,203.46620767731042,0,11.2889447428569,0
13,4,0,0,1,0,0,0,0,3.587914113860166,1,0,0,0,0,0,0,0
19,0,0,0,1,0,0,0,0,5.445927309684955,3,2,1,1,382.2214927893759,0,9.577311271181165,0
4,4,0,11.781126911049995,1,0,0,0,1,4.940399955983206,2,0,0,0,0,0,0,1
18,1,0,0,1,0,0,0,0,3.031933798792046,2,0,1,2,245.78114204158783,0,13.148368296498024,0
11,2,0,2,1,0,0,0,0,4.291735848770891,6,0,1,1,116.8892284269643,0,12.268779485950674,0
7,1,0,0,1,0,0,0,0,3.0663305936958944,1,0,0,0,0,0,0,0
9,3,0,3,1,0,0,0,0,2.385897695840665,3,0,1,1,207.25053053950373,0,0.9483372898353783,0
23,5,1,3.7585511827974005,1,0,0,0,0,-0.8175624752373019,50,5,0,0,0,0,0,1
8,5,1,0,1,0,1,0,0,3.0300606596210726,5,0,0,0,0,0,0,0
12,5,1,0,1,0,0,0,0,4.770085710157244,1,0,1,1,37.294349145562606,0,8.45630106697808,0
12,3,0,1,1,0,0,0,0,5.707284251472243,6,1,1,1,275.0920061306624,0,4.367494262201102,0
14,2,0,1,1,0,0,0,0,2.088667170426664,4,0,0,0,0,0,0,0
13,0,0,0,1,0,0,0,0,4.407856647690059,2,0,0,0,0,0,0,0
8,1,0,0,1,0,0,0,0,3.6433773691592632,3,0,1,1,297.8075553956796,0,4.00227389323759,0
20,6,1,1,1,0,0,0,0,4.094385130122497,1,1,1,1,97.06333972434886,0,9.431023565585033,0
11,4,0,0,1,0,0,0,0,4.9047944113917366,3,0,1,1,237.96175148402727,0,13.769179082394537,0
15,3,0,2,1,0,0,1,1,2.3012923452873504,4,0,1,2,107.14675115581025,0,11.304686633446972,0
15,2,0,3,1,0,0,0,0,2.534055401003828,4,0,1,1,386.1882540468379,0,3.6538731449305404,0
14,4,0,0,1,0,0,0,0,3.0078480866158164,2,0,0,0,0,0,0,0
10,5,1,2,1,0,0,0,0,4.794918774733064,4,0,0,0,0,0,0,0
15,4,0,1,1,0,0,0,0,5.489397914425627,1,0,0,0,0,0,0,0
9,1,0,3,1,0,0,1,0,2.9393131118209386,4,1,1,1,57.37042923157549,0,3.9109098179817567,0
10,1,0,0,1,0,0,0,0,5.178449850924824,1,1,1,1,260.3764455201113,0,11.646716239985057,0
15,1,0,1,1,0,0,0,0,5.919592124716647,3,0,1,1,24.28580181603961,0,13.538989746408712,0
8,6,1,2,1,0,0,0,0,4.457370866706473,2,0,0,0,0,0,0,0
10,6,1,0,1,0,0,1,0,4.1703743774287805,2,0,0,0,0,0,0,0
15,0,0,0,1,0,0,0,0,3.357726330985336,4,0,0,0,0,0,0,0
19,0,0,1,1,0,0,0,0,5.226552320897293,6,0,1,1,310.72902556952755,0,6.095407471882491,0
8,4,0,1,1,0,0,0,0,5.535885002619285,3,0,1,1,367.41880440149635,0,9.049430476633544,0
11,3,0,0,1,0,0,0,0,5.587657124459714,4,0,1,2,357.3272418061938,0,2.0300738501371933,0
14,4,0,0,1,0,0,0,0,5.430036882735213,2,0,0,0,0,0,0,0
8,2,0,0,1,0,0,0,0,3.4183617910848176,5,0,1,1,241.39607733336865,0,6.329174260008308,0
8,4,0,0,1,0,0,0,0,5.899093445569998,3,0,1,1,362.6799411047002,0,2.90904242713491,0
20,3,0,0,1,0,0,0,0,2.3375575721178583,4,0,0,0,0,0,0,0
13,2,0,1,1,0,0,0,0,2.6174448750861954,3,1,0,0,0,0,0,0
8,1,0,1,1,0,0,0,0,2.103679650225404,1,0,1,1,46.26303982479693,0,1.2917370800673067,0
18,3,0,0,1,0,0,0,0,5.402014915699959,1,0,1,1,128.2839943124775,0,12.368100908228293,0
20,1,0,0,1,0,0,0,0,2.2980069618407577,3,0,1,1,58.16063941284546,0,7.290721080167707,0
8,1,0,0,1,0,0,0,0,2.1226450174041145,4,0,0,0,0,0,0,0
6,3,0,0,1,0,0,0,0,5.737574136828899,3,0,0,0,0,0,0,0
10,2,0,0,1,0,0,0,0,3.3526073987769003,3,0,1,1,232.54993917582826,0,3.0762409197850085,0
10,1,0,2,1,0,0,0,0,4.926919563871454,5,1,0,0,0,0,0,0
11,2,0,0,1,0,0,0,0,5.955323310394958,3,0,0,0,0,0,0,0
11,0,0,2,1,0,0,0,0,2.8840446419451427,4,0,1,1,208.77272979800372,0,10.563618332943117,0
11,2,0,0,1,0,0,0,0,5.2538283628027855,4,0,0,0,0,0,0,0
16,2,0,0,1,0,0,1,1,5.606715124584322,2,0,0,0,0,0,0,0
10,1,0,0,1,0,0,0,0,2.0936143080462273,2,0,0,0,0,0,0,0
10,0,0,0,1,0,1,0,0,3.244232628548554,2,0,1,2,21.501344931006333,0,9.218345993749399,0
10,4,0,0,1,0,0,0,0,3.6146556905293643,4,0,1,2,377.76163490229345,0,8.511012341583285,0
10,0,0,1,1,0,0,0,0,4.508288892074762,1,1,1,1,258.0030597629267,0,0.8462549908912194,0
21,0,0,0,1,0,0,0,0,5.223562179552406,1,0,0,0,0,0,0,0
20,2,0,0,1,0,0,0,0,4.855167908569761,3,0,0,0,0,0,0,0
15,6,1,0,1,0,0,0,0,5.528445934755563,2,0,0,0,0,0,0,0
19,0,0,0,1,0,0,0,0,3.288213227784283,3,0,0,0,0,0,0,0
18,3,0,2,1,0,0,0,0,3.2133555085583563,4,0,1,1,355.28582445881614,0,13.501986013894607,0
19,2,0,3,1,0,0,0,0,2.970062005494372,1,0,1,1,313.19735841893294,0,9.458661506173874,0
17,0,0,1,1,0,0,0,0,2.18575635683182,1,0,1,1,77.93775082108284,0,6.08207224381983,0
15,5,1,1,1,0,0,0,0,4.5088019508307555,5,0,0,0,0,0,0,0
10,1,0,3,1,0,0,0,0,4.697264021274402,1,0,0,0,0,0,0,0
11,1,0,0,1,0,0,0,0,3.181074470108598,3,0,1,1,135.0262265741352,0,6.585372339887081,0
11,0,0,1,1,0,0,0,0,2.415604310592725,2,0,0,0,0,0,0,0
10,3,0,1,1,0,0,0,0,4.5261650408202065,2,0,0,0,0,0,0,0
10,6,1,2,1,0,0,0,0,3.8630690448025806,3,0,1,1,103.18030180083532,0,8.15356975334535,0
14,4,0,2,1,0,0,0,0,4.088176918646217,2,0,0,0,0,0,0,0
14,5,1,0,1,0,0,0,0,2.393011113167155,4,0,1,2,135.08614744694313,0,12.933563891842253,0
10,5,1,2,1,0,0,0,0,2.8087674882596363,4,0,1,1,327.56797180652273,0,1.193572841175055,0
13,2,0,0,1,0,0,0,0,4.751969554344916,2,0,1,1,93.51934384899695,0,12.847140072720475,0
8,4,0,3.586301480044661,0,1,2,1,1,1.7252042158129588,1,1,1,1,85.86236539723868,1,45.905863093248094,1
11,4,0,0,1,0,0,0,0,5.679742886708417,1,0,1,1,76.63928051306368,0,3.995162372265168,0
14,2,0,0,1,0,0,0,0,2.2828999547869473,4,0,0,0,0,0,0,0
4,1,0,9.948630119438675,1,0,0,0,0,5.614659136553423,2,2,1,1,41.075538798819025,0,157.20109461702998,1
11,1,0,1,1,0,0,0,0,3.811664476981931,3,0,0,0,0,0,0,0
18,4,0,3,1,0,1,1,1,4.293324458958253,2,0,0,0,0,0,0,0
17,4,0,1,1,0,0,0,0,3.7425608397080867,3,0,0,0,0,0,0,0
13,4,0,0,1,0,0,0,0,4.694719353995044,3,1,1,1,337.39609451850777,0,3.744505836292218,0
12,2,0,0,1,0,0,0,0,4.10093803751409,3,0,1,1,301.1331826527015,0,0.7519839778124127,0
10,6,1,1,1,0,0,0,0,4.096071653483536,5,0,1,1,218.55671715247286,0,3.822118935780155,0
18,4,0,0,1,0,0,0,0,2.4011111950655484,4,0,0,0,0,0,0,0
7,1,0,0,1,0,0,0,0,3.9350561398073003,5,0,1,1,288.930996424725,0,9.510117474751878,0
20,1,0,0,1,0,0,0,0,2.3847393755214954,5,0,1,1,390.404707790945,0,4.9497993382503385,0
7,4,0,1,1,0,0,0,0,5.659354982554342,2,0,1,1,91.8714504892383,0,1.7404394329515276,0
15,0,0,2,1,0,1,0,0,2.1796458647225228,2,0,0,0,0,0,0,0
8,0,0,0,1,0,0,0,0,5.999900956819905,4,0,1,1,48.277549327823856,0,9.141418010811089,0
18,5,1,1,1,0,1,0,0,2.1341972867827033,2,0,0,0,0,0,0,0
8,1,0,2,1,0,0,0,0,2.6196421906977196,1,0,1,1,354.23545167054573,0,9.721530006043867,0
11,2,0,0,1,0,0,0,0,5.709636674645133,3,0,0,0,0,0,0,0
21,1,0,0,1,0,0,1,0,3.908598849347369,6,0,0,0,0,0,0,0
9,0,0,0,1,0,0,0,0,5.267326813833295,1,0,1,1,306.0320054028646,0,7.249826461751383,0
13,1,0,0,1,0,0,0,0,3.186600911721323,1,0,1,1,334.8623195541865,0,2.313705416039892,0
19,0,0,0,1,0,0,1,1,2.6105812294008075,4,0,1,1,334.1212163143155,0,2.1585138886106394,0
15,6,1,0,1,0,0,0,0,5.952024841618572,5,0,0,0,0,0,0,0
16,3,0,1,1,0,0,0,0,3.055348351421951,1,0,0,0,0,0,0,0
9,1,0,2,1,0,0,0,0,5.755182867700753,3,0,1,1,328.87336830115055,0,1.5158544560018536,0
17,2,0,0,1,0,0,1,0,2.8399397546035803,1,0,1,1,61.660257460126594,0,3.6096825117550044,0
16,3,0,1,1,0,0,1,0,5.413328432477973,6,0,1,3,78.25305918944554,0,4.859585949021563,0
11,5,1,0,1,0,0,0,0,5.74598426702698,4,0,1,1,251.88478459541614,0,12.033196790988622,0
14,3,0,0,1,0,0,0,0,5.795293849578261,2,0,1,1,143.2081823663254,0,12.033118539411692,0
8,0,0,0,1,0,0,0,0,5.187091427157245,3,0,0,0,0,0,0,0
14,0,0,1,1,0,0,0,0,3.7465068845583014,5,2,1,1,97.88737502546871,0,1.5152939854570875,0
11,4,0,0,1,0,0,0,0,5.459990770451704,3,0,1,2,275.6095293595887,0,2.236177083843497,0
16,1,0,2,1,0,0,0,0,4.4729290501918815,3,0,0,0,0,0,0,0
4,2,0,0,1,0,0,0,0,4.47661103132509,5,0,1,1,21.811791484887433,0,12.292695767908752,0
16,4,0,0,1,0,0,0,0,4.810932997219574,5,0,1,1,235.49819451230428,0,0.2302814328912457,0
20,0,0,1,1,0,0,0,0,2.6109221089322716,4,0,0,0,0,0,0,0
17,0,0,2,1,0,0,0,0,3.9431083843373935,4,0,1,1,108.36482058282164,0,5.907542939652353,0
10,3,0,2.0367281188172544,0,1,2,1,1,0.75008390853026,2,0,0,0,0,0,0,1
2,0,0,11.754459870590882,1,0,1,1,0,5.130754871626208,3,1,0,0,0,0,0,1
9,2,0,0,1,0,0,0,0,5.892912794138978,1,0,0,0,0,0,0,0
22,2,0,0,1,0,0,0,0,3.64808117392535,4,0,0,0,0,0,0,0
12,4,0,0,1,0,0,0,0,2.0643105127204953,5,0,0,0,0,0,0,0
9,2,0,0,1,0,0,0,0,4.753821550074468,3,1,1,1,155.71415040155827,0,9.744942352463589,0
10,1,0,0,1,0,0,0,0,5.662649507722356,6,0,0,0,0,0,0,0
17,2,0,0,1,0,0,0,0,4.636444514642738,4,0,0,0,0,0,0,0
11,4,0,3,1,0,0,0,0,3.3387823173738003,3,2,1,2,241.13316564894038,0,5.914280413887254,0
17,2,0,1,1,0,0,0,0,2.9876763024872144,5,0,0,0,0,0,0,0
18,1,0,0,1,0,0,0,0,5.16095395922366,1,1,0,0,0,0,0,0
17,6,1,0,1,0,0,0,0,5.434054050422246,2,0,1,2,300.69600677025744,0,0.7760625279576394,0
6,2,0,0,1,0,0,0,0,3.579870352645578,2,0,0,0,0,0,0,0
2,1,0,1,1,0,0,0,0,3.987204637971139,4,0,1,1,192.94394220443516,0,3.311962995774531,0
14,4,0,0,1,0,0,0,0,2.8428605439422734,5,0,0,0,0,0,0,0
10,3,0,2,1,0,0,0,0,3.02097605415878,4,0,1,1,377.8401063652449,0,8.74277463568757,0
8,6,1,0,1,0,0,0,0,4.345850898153062,2,0,0,0,0,0,0,0
8,4,0,0,1,0,0,0,0,5.684850572596471,3,0,1,1,188.56263554199748,0,4.458193275669573,0
15,1,0,2,1,0,0,0,0,2.243488962869849,2,0,0,0,0,0,0,0
12,2,0,0,1,0,0,0,0,5.1094994681579315,5,0,1,1,133.1351068593786,0,3.632786387237009,0
17,2,0,0,1,0,0,0,0,4.6559823512794445,1,0,1,2,347.827282733026,0,13.706570860060575,0
5,0,0,0,1,0,0,0,0,2.4635463092454164,4,0,1,1,144.46989105762873,0,9.932585466820226,0
15,1,0,0,1,0,0,0,0,3.576739661601885,3,0,0,0,0,0,0,0
9,4,0,0,1,0,0,0,0,5.95146847880019,4,0,1,2,16.009266918130432,0,11.977938192571129,0
13,3,0,2,1,0,0,0,0,3.4954460402207275,5,0,0,0,0,0,0,0
17,4,0,0,1,0,0,0,0,2.6743431305058913,3,0,1,2,31.0979003112933,0,1.260325841254287,0
8,0,0,0,1,0,0,0,0,5.334975394976047,1,0,0,0,0,0,0,0
15,3,0,1,1,0,0,1,0,5.681572645262104,3,0,1,2,342.0358053890087,0,11.210251771848878,0
18,4,0,0,1,0,0,0,0,4.25168173894547,1,0,1,1,42.7480365664386,0,8.012280599714037,0
15,4,0,0,1,0,0,1,0,5.981265526078107,1,0,1,1,188.061289590805,0,7.084904004818888,0
20,0,0,1,1,0,1,0,0,2.5963750575353863,2,0,0,0,0,0,0,0
16,2,0,0,1,0,0,0,0,3.0273546278005763,3,0,0,0,0,0,0,0
3,1,0,1,1,0,0,1,0,3.560678430623486,3,0,0,0,0,0,0,0
6,6,1,0,1,0,0,0,0,5.508137257682581,3,0,1,1,254.98340152098086,0,5.708913885890934,0
13,1,0,0,1,0,0,0,0,2.4778557234828607,5,0,1,1,178.10536958080849,0,10.035349459521921,0
16,6,1,2,1,0,0,0,0,2.622798421242761,2,0,0,0,0,0,0,0
13,1,0,3,1,0,0,0,0,3.259144005592664,3,0,1,2,233.29409281843854,0,12.06317042893978,0
12,1,0,0,1,0,0,0,0,3.824548436275354,1,0,0,0,0,0,0,0
17,5,1,1,1,0,0,0,0,4.02783860215591,3,0,1,1,278.47370542301485,1,2.112349977797966,0
15,3,0,3,1,0,0,0,0,5.029639315962461,1,0,0,0,0,0,0,0
11,5,1,0,1,0,0,0,0,5.449408685449081,1,0,1,1,22.12425930590812,0,2.488279770649885,0
13,0,0,0,1,0,0,0,0,4.818776424973968,3,0,1,1,345.9346438667617,0,2.331184914950885,0
3,2,0,1,1,0,0,0,0,4.6073975180787325,4,0,0,0,0,0,0,0
13,0,0,0,1,0,0,0,0,5.771135277566422,4,0,1,2,334.63263237199925,0,11.458323713990472,0
10,2,0,1,1,0,0,0,0,4.04495934208811,2,0,1,3,109.47878714802526,0,2.7777744280882146,0
14,2,0,1,1,0,1,0,0,2.572920718480847,5,0,1,1,169.2414647145364,0,12.381502367554546,0
13,3,0,0,1,0,0,0,0,3.429221640373977,1,0,0,0,0,0,0,0
7,1,0,0,1,0,0,0,0,5.0151029202292445,2,0,1,3,194.31416957874313,0,7.705385482074053,0
10,1,0,1,1,0,0,0,0,3.0914806302854645,3,0,0,0,0,0,0,0
12,2,0,2,1,0,0,0,0,2.9061528476805467,5,0,0,0,0,0,0,0
16,1,0,2,1,0,0,0,0,4.951147812509613,1,0,0,0,0,0,0,0
15,2,0,0,1,0,0,0,0,3.1179546444051964,5,0,1,1,179.0240180031804,0,7.3054332275550005,0
14,2,0,0,1,0,0,0,0,5.197568506061234,1,0,1,2,326.5831543399339,0,12.461495194177711,0
18,1,0,0,1,0,0,0,0,4.656166482776824,3,0,0,0,0,0,0,0
4,3,0,1,1,0,0,0,0,5.6310461898506,2,0,0,0,0,0,0,0
10,1,0,0,1,0,0,0,0,3.2020038150296783,1,1,1,2,255.63335113225537,0,6.938691024902294,0
8,3,0,0,1,0,0,0,0,5.326509636278456,2,0,1,1,296.05741034816316,0,3.1548619318415128,0
15,1,0,0,1,0,0,0,0,2.28161093235692,6,0,0,0,0,0,0,0
9,5,1,0,1,0,0,0,0,2.9021532822956186,1,0,1,1,170.21581792396447,0,6.946808955540416,0
11,4,0,1,1,0,0,0,0,4.335907109865502,2,0,1,1,129.23148453956668,0,4.500015810290835,0
9,1,0,2,1,0,0,0,0,4.5303058081709064,2,2,1,1,394.32144917969504,0,12.813531285472862,0
15,1,0,0,1,0,0,0,0,2.1962464238126103,5,0,1,1,149.71916884320436,0,9.090491784910846,0
12,6,1,1,1,0,0,0,0,2.05216765120587,3,0,0,0,0,0,0,0
13,0,0,2,1,0,0,0,0,4.44142322240827,3,0,1,1,313.78861936606467,0,5.701248524708053,0
15,5,1,0,1,0,1,0,0,3.018050113952683,3,0,0,0,0,0,0,0
12,0,0,1,1,0,0,0,0,2.761909155810845,1,0,1,1,223.28458289999165,0,6.732331305630348,0
13,1,0,2,1,0,0,0,0,2.623440224271699,2,0,0,0,0,0,0,0
23,6,1,5.747468220532496,0,1,0,1,1,0.05963541871264377,2,2,1,1,0.19115776720461372,1,0.05550652259193037,1
4,1,0,0,1,0,1,0,0,2.276076584641255,5,0,0,0,0,0,0,0
10,4,0,0,1,0,0,0,0,2.294303878739991,6,0,1,1,135.04378526323282,0,11.319686772342406,0
14,0,0,0,1,0,0,0,0,4.9787193592733345,2,0,1,1,221.97601130113048,0,3.3338197589141103,0
9,5,1,0,1,0,0,0,0,2.901790241802538,2,0,0,0,0,0,0,0
14,2,0,1,1,0,0,0,0,3.8074581080957093,2,0,0,0,0,0,0,0
10,2,0,0.3921425322341814,1,0,0,1,0,0.1278157926821324,20,5,0,0,0,0,0,1
16,2,0,1,1,0,0,0,0,3.9530054095020413,3,0,0,0,0,0,0,0
14,0,0,0,1,0,0,0,0,5.6590332850329865,6,0,0,0,0,0,0,0
14,3,0,0,1,0,0,0,0,2.5339413272908895,6,0,1,1,320.30321061387946,0,9.542713568342856,0
10,0,0,0,1,0,0,0,0,5.509342857280101,5,0,1,1,349.30913931188064,0,12.614480868437775,0
14,2,0,1,1,0,0,0,0,4.383564677553948,1,0,0,0,0,0,0,0
11,3,0,0,1,0,0,0,0,4.331394959006712,1,0,0,0,0,0,0,0
2,3,0,0,1,0,0,0,0,4.375305272307926,3,0,1,1,111.34373084772547,0,1.628690203892518,0
20,3,0,1,1,0,0,0,0,2.3077499657653835,1,0,1,1,360.05894606304986,0,10.578529703292492,0
14,0,0,0,1,0,0,0,0,5.525161983926505,3,0,1,1,157.60996349001493,0,0.7527705430190192,0
10,3,0,0,1,0,0,0,0,2.436777005778543,5,0,0,0,0,0,0,0
17,3,0,0,1,0,0,0,0,5.772781159163895,5,0,0,0,0,0,0,0
7,2,0,0,1,0,0,0,0,4.219347779273347,2,0,0,0,0,0,0,0
10,3,0,1,1,0,0,0,0,3.856580552216872,4,0,0,0,0,0,0,0
11,0,0,0,1,0,0,0,0,3.2522273378079967,3,0,0,0,0,0,0,0
14,0,0,2,1,0,0,0,0,5.926915115202104,5,0,1,2,37.71341880639483,0,3.517803932518482,0
13,4,0,0,1,0,0,0,0,4.069936661961865,3,0,0,0,0,0,0,0
18,6,1,0,1,0,0,0,0,3.029373898748366,4,0,0,0,0,0,0,0
17,0,0,0,1,0,0,0,0,4.720097682343473,4,0,1,2,60.78321616901829,0,4.906448165752376,0
14,2,0,0,1,0,0,0,0,2.1504848479113567,1,0,1,1,316.07704970436623,0,0.06398057794530332,0
10,1,0,0,1,0,0,0,0,4.78696945451963,4,0,1,2,360.2458137249813,0,4.3165395126924935,0
10,2,0,0,1,0,0,0,0,2.544362565585503,4,0,0,0,0,0,0,0
10,3,0,0,1,0,0,0,0,4.04814707937029,6,0,0,0,0,0,0,0
10,4,0,2,1,0,0,0,0,3.3358059645285314,3,0,1,1,263.7751195031883,0,10.270863967959642,0
7,0,0,3,1,0,0,0,0,5.0143738698310525,2,1,1,1,318.89009757357053,0,1.943580512604984,0
14,0,0,0,1,0,0,0,0,3.1298521537183124,5,0,0,0,0,0,0,0
12,2,0,0,1,0,0,0,0,5.742024196421187,4,1,1,1,285.2108956949225,0,12.8364741815552,0
8,1,0,0,1,0,0,0,0,3.6896865617966714,5,0,0,0,0,0,0,0
11,4,0,2,1,0,0,0,0,4.471474570199627,3,0,0,0,0,0,0,0
19,3,0,2,1,0,0,0,0,4.020416880369366,1,0,0,0,0,0,0,0
10,6,1,0,1,0,0,0,0,5.806556939575139,2,0,1,2,375.08323110043,0,5.389633460820358,0
2,2,0,0,1,0,0,0,0,2.392971579664691,4,0,1,1,130.01596413459401,0,2.624015020893759,0
10,1,0,0,1,0,0,0,0,5.110758440175006,4,1,1,1,285.6020645157129,0,0.1005175036192083,0
11,6,1,3,1,0,0,0,0,2.8874283664200115,1,0,0,0,0,0,0,0
14,0,0,0,1,0,0,0,0,2.1232548373865057,1,0,0,0,0,0,0,0
13,1,0,1,1,0,0,0,0,5.1247968669924475,1,0,0,0,0,0,0,0
11,1,0,1,1,0,0,0,0,2.5982778384913257,1,2,1,1,270.5003569495031,0,4.980398800241437,0
9,2,0,0,1,0,0,0,0,5.123687709160471,4,0,1,1,214.32117924073245,0,5.356221143822499,0
16,4,0,0,1,0,0,0,0,5.7695001750710855,2,0,1,2,33.22547666104198,0,5.343838990523557,0
8,3,0,0,1,0,0,0,0,3.187805505771868,2,0,1,1,124.18655876521618,0,8.280493773665771,0
9,4,0,1,1,0,0,0,0,5.356086910726084,2,0,1,3,31.906968486988145,0,4.590611738361713,0
14,3,0,0,1,0,0,0,0,4.35791404067164,1,0,0,0,0,0,0,0
13,3,0,0,1,0,0,0,0,4.075387086614979,4,1,0,0,0,0,0,0
11,2,0,0,1,0,0,0,0,5.761454682920732,3,0,1,1,225.50376427037952,0,4.016792036164981,0
12,5,1,0,1,0,0,0,0,3.1585012209740917,4,0,0,0,0,0,0,0
17,1,0,1,1,0,0,0,0,5.21730671214086,2,0,0,0,0,0,0,0
9,0,0,3,1,0,0,0,0,5.7884755907161285,3,0,1,1,49.68121210372369,0,7.657752744550224,0
16,0,0,0,1,0,0,0,0,3.80488355420005,1,0,0,0,0,0,0,0
8,2,0,2,1,0,0,0,0,5.117489702590633,2,0,1,1,231.22830036384687,0,9.844394099708321,0
16,4,0,0,1,0,0,0,0,5.019116407768526,3,0,0,0,0,0,0,0
9,6,1,1,1,0,0,0,0,2.3803403083443055,1,0,0,0,0,0,0,0
13,3,0,0,1,0,0,0,0,2.942530579261701,1,0,1,1,195.78551159013603,0,1.4008319099750484,0
12,1,0,3,1,0,0,0,0,5.147401963225036,3,0,1,1,115.45061541913942,0,3.436497491598952,0
22,1,0,5.001482702667532,0,1,1,1,1,3.845162824370994,2,0,1,1,0.10892960628841225,1,0.09776694018558339,1
9,0,0,0,1,0,0,1,0,4.989315043954337,2,0,0,0,0,0,0,0
18,6,1,0,1,0,0,0,0,5.826395864430312,2,0,0,0,0,0,0,0
11,4,0,0,1,0,0,0,0,2.1938806577138905,3,0,1,1,252.35458868095077,0,0.012469180914103317,0
10,4,0,0,1,0,0,0,0,2.4498605718191464,3,0,1,1,51.85810462722041,0,2.5384183202454746,0
15,1,0,1,1,0,0,0,0,2.9306901785689052,3,0,0,0,0,0,0,0
15,0,0,0,1,0,0,0,0,3.553226202858418,2,0,0,0,0,0,0,0
12,2,0,0,1,0,0,0,0,4.990031885969543,3,0,1,1,58.95683464757914,0,8.84447297877846,0
7,2,0,0,1,0,0,0,0,2.582297686503949,2,0,1,1,132.59408487572122,0,10.344889823754134,0
14,4,0,0,1,0,0,0,0,4.0759741126343965,4,0,1,2,86.30360052501284,0,1.86921803533745,0
15,1,0,1,1,0,0,0,0,3.3578418700266406,3,0,1,1,72.80527209829262,0,4.107561012279169,0
0,1,0,7.972786526065778,1,0,0,0,0,3.430467922617204,2,0,0,0,0,0,0,1
15,4,0,0,1,0,0,0,0,4.470711276165105,3,0,1,1,325.66098943199955,0,8.717410372862858,0
11,6,1,0,1,0,0,0,0,5.005493025896041,3,0,1,2,204.23987991613384,0,1.4248262074222895,0
17,3,0,0,1,0,0,0,0,4.06704062134499,2,0,1,3,204.39433699488214,0,0.29969173368262103,0
12,0,0,0,1,0,0,0,0,2.124983672773351,3,0,1,2,248.09197198299825,0,2.984592100681299,0
23,4,0,0,1,0,0,0,0,4.807213380477173,4,0,1,2,391.5921596190543,0,4.07103843893944,0
19,6,1,1,1,0,0,0,0,4.452496142616647,3,0,1,1,164.84354449602318,0,5.905340792742019,0
8,2,0,0,1,0,0,0,0,4.311483260656989,5,0,0,0,0,0,0,0
11,4,0,0,1,0,0,0,0,2.6510433860898854,3,0,0,0,0,0,0,0
10,3,0,0,1,0,0,0,0,5.247639452420393,1,0,1,1,146.81090627827686,0,2.3445031216400842,0
13,6,1,1,1,0,0,0,0,4.411107685620465,3,1,0,0,0,0,0,0
10,5,1,3,1,0,0,0,0,2.375549067731537,5,0,0,0,0,0,0,0
11,0,0,0,1,0,0,0,0,5.301137319694018,1,0,0,0,0,0,0,0
19,2,0,0,1,0,0,0,0,5.6534603328289315,3,0,0,0,0,0,0,0
23,5,1,0,1,0,0,0,0,2.0017606569511877,3,0,0,0,0,0,0,0
23,1,0,1,1,0,0,0,0,2.3538285805074532,3,1,1,1,109.79283769075529,0,9.665844039436433,0
13,4,0,2,1,0,0,0,0,5.231501948295115,1,0,1,1,131.74121731278626,0,0.26102080482534573,0
6,3,0,3,1,0,0,0,0,2.19790358496963,3,2,0,0,0,0,0,0
11,6,1,0,1,0,1,0,0,3.9630275067591736,2,1,0,0,0,0,0,0
2,3,0,0,1,0,0,0,0,4.873643220877602,2,1,1,1,59.28870477639895,0,7.063763610893388,0
5,1,0,0,1,0,0,0,0,2.4119151539477057,2,0,1,1,261.31657031839086,0,1.3059682268036232,0
16,2,0,1,1,0,0,0,0,4.650449027705347,1,1,1,1,242.57497014168754,0,7.77122781699266,0
9,2,0,0,1,0,0,0,0,3.1766958491830937,6,0,1,1,320.8600020444592,0,4.498665504092161,0
22,1,0,0,1,0,0,0,0,5.52914423038373,4,0,0,0,0,0,0,0
12,0,0,1,1,0,0,0,0,2.3698783228460516,3,0,0,0,0,0,0,0
16,2,0,3,1,0,1,0,0,5.191620232404706,5,0,0,0,0,0,0,0
7,0,0,1,1,0,0,0,0,5.961123246087,3,0,0,0,0,0,0,0
7,3,0,0,1,0,0,0,0,5.062544404038633,1,0,1,2,197.53009465856567,0,4.837748211273568,0
9,4,0,1,1,0,0,0,0,3.379637551922208,4,0,0,0,0,0,0,0
9,3,0,1,1,0,0,0,0,5.728142328159069,1,0,0,0,0,0,0,0
10,4,0,0,1,0,0,0,0,2.2439446040902076,1,0,0,0,0,0,0,0
3,4,0,2,1,0,0,0,0,3.358492111351469,6,0,0,0,0,0,0,0
14,0,0,2,1,0,0,0,0,2.619776539852425,6,0,0,0,0,0,0,0
9,4,0,0,1,0,0,0,0,3.6185069105321754,6,0,0,0,0,0,0,0
11,2,0,1,1,0,0,0,0,5.9084846095604515,4,1,0,0,0,0,0,0
12,6,1,0,1,0,0,0,0,5.551979611253609,2,0,1,1,29.8645912535004,0,4.80584220348598,0
8,1,0,0,1,0,0,0,0,2.8249681943733207,1,0,1,1,53.86895350424125,0,11.70283256848931,0
21,3,0,0,1,0,0,0,0,4.320491986839517,5,0,0,0,0,0,0,0
7,1,0,0,1,0,0,0,0,4.739150054209494,1,0,1,1,319.27616330827607,0,8.490144042530202,0
13,3,0,0,1,0,0,0,0,4.237240601935848,2,0,1,1,356.2500841154933,0,2.8325745799556166,0
11,1,0,0,1,0,0,0,0,2.213560438181851,1,0,1,1,125.72752761739505,0,6.060287272774627,0
15,2,0,0,1,0,0,0,0,5.834406355855401,2,0,0,0,0,0,0,0
21,1,0,2,1,0,0,0,0,3.455309821882265,1,0,0,0,0,0,0,0
13,0,0,1,1,0,0,0,0,4.95320241708205,2,0,0,0,0,0,0,0
19,4,0,1,1,0,0,0,0,5.020405430765484,3,0,1,1,54.581163246131375,0,4.597037238948371,0
14,4,0,3,1,0,0,0,0,5.19328486927301,1,1,1,1,304.64586807916794,0,11.485599706257561,0
5,4,0,1,1,0,0,0,0,5.853495829067157,2,0,1,3,373.8840781070082,0,4.714112859149618,0
13,0,0,0,1,0,0,0,0,4.9263142942597655,2,0,1,1,99.72505246644592,0,5.520513654292923,0
9,0,0,2,1,0,0,0,0,5.830751090505009,5,0,1,3,228.802650413829,1,6.316066552146424,0
4,1,0,5.693015082432456,0,1,4,1,1,2.5951567917325997,2,0,0,0,0,0,0,1
18,1,0,0,1,0,0,0,0,2.765646995941605,1,0,0,0,0,0,0,0
1,0,0,0,1,0,0,0,0,2.1200249322270204,2,0,1,2,96.78895384064596,0,4.169837176800464,0
14,4,0,1,1,0,0,0,0,5.325901111770393,2,0,0,0,0,0,0,0
14,0,0,0,1,0,0,0,0,3.6484033037669565,3,0,0,0,0,0,0,0
7,6,1,1,1,0,0,0,0,3.980102100714895,4,0,1,1,333.56349200510823,0,10.257213436678503,0
8,4,0,2,1,0,0,0,0,4.347639935697291,1,0,0,0,0,0,0,0
18,2,0,0,1,0,0,0,0,4.123081491669798,4,0,1,1,217.0223392973549,0,5.005490588724964,0
19,2,0,0,1,0,0,0,0,5.217895098919577,2,0,0,0,0,0,0,0
12,4,0,0,1,0,0,0,0,4.001210748635618,1,1,1,2,97.86197385193586,0,13.495621562043825,0
11,4,0,2,1,0,0,0,0,3.6077337523579174,3,0,0,0,0,0,0,0
8,3,0,0,1,0,0,0,0,3.1487352100354187,3,0,0,0,0,0,0,0
7,0,0,2,1,0,0,0,0,4.765087788502488,1,0,0,0,0,0,0,0
21,5,1,1,1,0,0,0,0,5.61085292509925,6,0,0,0,0,0,0,0
8,4,0,0,1,0,0,0,0,5.972681897306114,3,0,0,0,0,0,0,0
14,4,0,0,1,0,0,0,0,4.429032699182687,1,2,0,0,0,0,0,0
15,2,0,1,1,0,0,0,0,2.314425302221839,3,0,1,1,311.7188635343492,0,2.8999815128556157,0
20,2,0,0,1,0,0,0,0,2.638864793655368,3,1,0,0,0,0,0,0
7,2,0,1,1,0,0,0,0,2.5289378472479815,3,0,1,1,341.47690735062594,0,10.133516178221903,0
18,4,0,0,1,0,0,1,0,3.7837814468609587,3,0,0,0,0,0,0,0
16,4,0,2,1,0,0,0,0,4.8049275718140905,3,0,0,0,0,0,0,0
14,6,1,0,1,0,0,0,0,3.010497177735434,3,0,1,1,291.5304590898298,0,5.797175893267844,0
15,4,0,0,1,0,0,0,0,3.241688018218574,2,0,1,2,127.13916252328397,0,1.1869513648841092,0
1,2,0,6.207695817988307,1,0,0,1,1,4.409778201027482,1,0,0,0,0,0,0,1
21,1,0,1,1,0,0,0,0,5.064698738832126,4,2,0,0,0,0,0,0
10,4,0,0,1,0,0,0,0,5.225840956981122,2,1,1,2,115.2847461875355,0,12.627540683060651,0
16,6,1,1,1,0,0,0,0,4.904034000336774,3,0,1,1,389.0982745639266,0,10.216960506232006,0
11,4,0,0,1,0,0,0,0,5.139140404315139,3,0,0,0,0,0,0,0
22,4,0,0,1,0,0,0,0,4.859733141670751,2,0,1,2,295.2930679361042,0,8.857946490312482,0
14,2,0,0,1,0,0,0,0,5.367850570162471,6,1,0,0,0,0,0,0
18,3,0,0,1,0,0,0,0,2.7838988252864807,3,0,1,2,250.58277102598674,0,10.366513338096823,0
20,0,0,0,1,0,0,0,0,2.7896996706141297,3,0,0,0,0,0,0,0
8,6,1,1,1,0,0,0,0,5.382658950658908,5,0,1,2,237.7772784503434,0,7.358322253408197,0
14,3,0,3,1,0,0,0,0,5.178758261032671,3,0,0,0,0,0,0,0
10,2,0,0,1,0,0,0,0,2.0409476441606396,1,0,1,2,340.8997582527284,0,11.272854009646469,0
9,3,0,0,1,0,0,0,0,5.722717487290841,4,0,1,2,334.6962390940426,0,11.25932414229457,0
6,2,0,0,1,0,0,0,0,5.018957322023075,1,0,0,0,0,0,0,0
13,3,0,2,1,0,0,0,0,2.2849387500896547,3,0,0,0,0,0,0,0
15,4,0,1,1,0,0,0,0,2.723074308110908,2,0,0,0,0,0,0,0
11,0,0,0,1,0,0,0,0,3.7312945378862805,2,0,0,0,0,0,0,0
18,4,0,0,1,0,0,0,0,4.814159700349483,3,2,1,1,329.4021961545682,0,9.287442009525083,0
9,2,0,1,1,0,0,1,1,5.168426943085608,5,0,1,2,359.659605064846,0,0.1486410916030696,0
9,0,0,0,1,0,0,0,0,5.837013638547644,3,0,0,0,0,0,0,0
17,4,0,1,1,0,0,0,0,4.66478609993959,2,0,0,0,0,0,0,0
15,1,0,0,1,0,0,0,0,5.305736862512392,2,0,0,0,0,0,0,0
13,2,0,0,1,0,0,0,0,5.38639716097293,2,0,0,0,0,0,0,0
19,3,0,3,1,0,0,0,0,4.595958803118566,5,0,1,1,186.38909771512388,0,1.4785605361699048,0
11,1,0,0,1,0,0,0,0,4.275247015558355,2,0,0,0,0,0,0,0
7,2,0,5.055851341406285,1,0,1,1,0,1.3793447056613668,1,2,1,1,0.13950622110624963,1,0.0843276289946877,1
15,0,0,0,1,0,0,0,0,2.5642073849156146,3,0,0,0,0,0,0,0
20,2,0,3,1,0,0,0,0,5.041815023524439,6,0,0,0,0,0,0,0
19,1,0,0,1,0,0,0,0,2.635649096502023,2,0,1,2,135.29586992407525,0,8.509965887332388,0
9,0,0,0,1,0,0,0,0,2.3319960451614667,1,0,0,0,0,0,0,0
19,0,0,0,1,0,0,0,0,5.858531852312982,2,0,0,0,0,0,0,0
8,2,0,0,1,0,0,0,0,2.4249083831010627,5,0,1,1,368.77620204222,0,9.632313166481476,0
9,0,0,0,1,0,0,1,0,3.019020347409762,3,0,1,1,60.89372238406793,0,6.954888632900683,0
15,6,1,0,1,0,0,0,0,3.3306336338032376,3,0,1,2,48.38690693306751,0,1.6684029094280768,0
4,3,0,1,1,0,0,0,0,3.858491598988151,3,0,1,1,313.6094942855208,0,4.108195996450437,0
6,0,0,1,1,0,0,0,0,2.1043723149956257,5,0,0,0,0,0,0,0
10,6,1,0,1,0,0,0,0,4.363022070339355,1,0,0,0,0,0,0,0
14,4,0,0,1,0,0,0,0,3.9395960990188867,2,0,0,0,0,0,0,0
19,1,0,0,1,0,0,0,0,4.459236807051256,4,0,1,2,322.56954336318756,0,8.192474313490688,0
18,0,0,0,1,0,0,0,0,3.7723201611742083,4,0,1,1,170.4127620049236,0,2.2651505339017346,0
4,3,0,0,1,0,0,0,0,4.0382841966335405,6,0,1,1,377.5839400556161,0,9.963012646219676,0
5,3,0,0,1,0,0,0,0,5.807600754567728,2,0,0,0,0,0,0,0
17,1,0,2,1,0,0,0,0,4.9337971643302385,2,0,0,0,0,0,0,0
10,4,0,0,1,0,0,0,0,3.4214774657063787,2,0,0,0,0,0,0,0
4,0,0,2,1,0,0,0,0,5.1624852732276905,3,0,1,1,14.540385129877622,0,8.472233501159106,0
15,0,0,0,1,0,0,0,0,4.139372283541095,2,0,0,0,0,0,0,0
9,0,0,0,1,0,0,0,0,3.153915284252312,5,2,1,2,271.2433742698333,0,2.8958035687378656,0
5,3,0,7.4121344787029715,1,0,2,1,1,1.6819643846765548,3,0,1,1,0.18200049321481898,1,0.0032588688228448737,1
3,6,1,9.460967330584227,1,0,0,0,0,5.350410816814492,1,1,0,0,0,0,0,1
8,0,0,2,1,0,0,0,0,3.735795076600436,1,0,1,1,18.54987348131688,0,10.279432042803329,0
14,5,1,0,1,0,0,0,0,3.0666696083735534,1,0,0,0,0,0,0,0
4,4,0,0,1,0,0,0,0,5.668737880006371,3,0,0,0,0,0,0,0
14,4,0,0,1,0,1,0,0,2.2483670328530927,2,0,0,0,0,0,0,0
18,5,1,0,1,0,0,0,0,5.555802400776798,6,0,0,0,0,0,0,0
10,1,0,0,1,0,0,0,0,2.6169642475991317,2,0,0,0,0,0,0,0
1,2,0,3,1,0,0,1,1,2.048819279767973,3,0,0,0,0,0,0,0
7,2,0,0,1,0,0,0,0,4.003830686462438,2,0,0,0,0,0,0,0
9,1,0,2,1,0,0,0,0,3.738822881869637,2,0,1,2,323.34513430814593,0,13.397682518591228,0
23,1,0,8.440249328927742,0,1,0,1,1,1.5770806489575055,2,0,1,1,0.03943658191275548,1,0.056768459193357934,1
14,6,1,1,1,0,0,0,0,4.577589562881275,5,0,1,2,214.1552989277271,0,5.9212280386800344,0
15,2,0,0,1,0,0,0,0,2.008116259802617,4,0,1,1,130.06895220389612,0,3.564100409638475,0
9,3,0,0,1,0,0,0,0,3.0367530905387183,1,2,1,2,303.9534839834052,0,7.275298314220724,0
18,3,0,0,1,0,0,0,0,3.552758737049201,4,0,1,2,296.6044779337864,0,1.8456527772338145,0
9,2,0,0,1,0,0,0,0,2.4621866917034176,3,2,1,1,281.0813950130071,0,13.926093715930696,0
7,1,0,0,1,0,0,0,0,4.71183939343647,6,0,0,0,0,0,0,0
9,0,0,0,1,0,0,0,0,4.552933884725592,4,0,1,1,54.630021112990654,0,5.608905605864595,0
21,0,0,2,1,0,0,0,0,3.515212850758201,1,0,1,1,161.46336225818803,0,8.623941281842189,0
10,1,0,2.1910328135100428,0,1,2,1,1,0.7873689230396272,1,0,0,0,0,0,0,1
22,3,0,1,1,0,0,0,0,2.442212388762609,5,0,1,1,339.3037076827536,0,1.1188371591964243,0
9,3,0,0,1,0,0,0,0,5.411325114175833,6,0,1,1,60.80735664019606,0,0.5916755053069351,0
10,0,0,2,1,0,0,0,0,2.78291972221341,3,0,1,1,285.6647832317689,0,6.167091026471137,0
9,6,1,0,1,0,0,0,0,3.5734319958561667,4,0,1,2,69.4042282366721,0,1.647273725511096,0
13,1,0,2,1,0,0,0,0,2.1888322894008545,2,0,1,1,209.21455303831954,0,10.214577651780601,0
8,0,0,1,1,0,0,0,0,3.57130369850679,3,0,0,0,0,0,0,0
14,1,0,0,1,0,1,0,0,3.621907944358672,1,0,0,0,0,0,0,0
14,1,0,0,1,0,0,0,0,5.438366768042422,3,0,0,0,0,0,0,0
7,1,0,0,1,0,1,0,0,5.270503043810578,3,0,1,3,166.81095520845219,0,5.0256557155467485,0
12,3,0,0,1,0,0,0,0,2.1553394280347447,2,0,0,0,0,0,0,0
0,5,1,0,1,0,0,0,0,3.5623982979862507,4,0,0,0,0,0,0,0
14,2,0,2,1,0,0,0,0,5.378292903436947,2,0,0,0,0,0,0,0
7,0,0,3,1,0,0,0,0,4.428537174994773,4,0,0,0,0,0,0,0
10,3,0,0,1,0,0,0,0,4.050612902637459,3,0,0,0,0,0,0,0
13,2,0,0,1,0,0,0,0,5.287466717917874,4,0,1,1,274.02514610946116,0,12.97069536101774,0
12,1,0,0,1,0,0,0,0,3.3327876809890893,1,0,0,0,0,0,0,0
17,0,0,0,1,0,0,0,0,4.856502757602206,6,0,0,0,0,0,0,0
9,2,0,0,1,0,0,0,0,4.589221427877227,1,0,1,1,293.36119083095025,0,12.68879776029148,0
11,1,0,0,1,0,0,0,0,5.813453096057621,3,1,1,1,39.8900635650943,0,5.733507641624431,0
20,1,0,3,1,0,0,0,0,5.893568631747499,3,0,1,1,102.1343417061328,0,8.804464534799312,0
14,4,0,1,1,0,0,0,0,5.125106420925576,3,0,0,0,0,0,0,0
7,1,0,0,1,0,0,0,0,5.014499910456675,2,0,0,0,0,0,0,0
23,5,1,2,1,0,0,0,0,3.7638728070022816,6,0,0,0,0,0,0,0
10,4,0,0,1,0,1,0,0,2.36994542100947,3,0,0,0,0,0,0,0
17,0,0,2,1,0,0,0,0,4.775863290351776,1,0,0,0,0,0,0,0
9,3,0,0,1,0,0,0,0,5.07189521055567,2,0,0,0,0,0,0,0
14,0,0,1,1,0,0,0,0,4.8767464323436815,3,0,1,1,341.23939820076595,0,0.16541423276584344,0
7,0,0,1,1,0,0,0,0,2.773848453021147,3,0,1,3,148.6363203316906,0,11.88272803651624,0
13,3,0,0,1,0,0,0,0,3.7055261338261407,3,0,0,0,0,0,0,0
15,2,0,1,1,0,0,0,0,4.459544589685962,2,0,1,2,260.06245761649745,0,5.349618861845479,0
17,1,0,0,1,0,0,0,0,5.165896084592221,3,0,0,0,0,0,0,0
9,5,1,0,1,0,0,0,0,4.144457129508516,5,1,1,2,349.98159218682395,0,0.9880495293925715,0
18,0,0,2,1,0,0,0,0,4.062653398330694,2,0,0,0,0,0,0,0
14,2,0,3,1,0,0,0,0,2.1309561155588232,1,0,0,0,0,0,0,0
3,6,1,4.030312381066618,1,0,0,1,1,5.189162626175899,1,1,0,0,0,0,0,1
21,4,0,3,1,0,0,0,0,4.12166012409906,2,0,1,2,221.5995508638508,0,11.752262806337658,0
0,6,1,6.031880297619267,1,0,1,1,1,4.1345118742425235,2,0,0,0,0,0,0,1
20,4,0,0,1,0,0,0,0,2.624303681023904,3,0,1,1,212.08650786306035,0,7.24613939947416,0
16,1,0,1,1,0,0,0,0,4.467116867729149,3,0,0,0,0,0,0,0
8,1,0,0,1,0,0,0,0,4.7341573192312785,2,0,1,3,304.41997567152634,0,12.773355421840371,0
13,3,0,0,1,0,0,0,0,3.0248305548908263,3,0,1,1,174.7769383659986,0,6.783054897477016,0
18,4,0,0,1,0,0,0,0,2.78792082891232,3,0,1,1,107.2861798861521,0,9.419388591935913,0
5,4,0,2,1,0,0,0,0,3.938646255796217,2,0,1,2,175.09924219547358,0,11.429506561416789,0
23,0,0,1,1,0,0,0,0,4.026617814320176,2,0,1,2,218.79262617748574,0,13.553946596156315,0
16,1,0,0,1,0,0,0,0,3.8730407175179984,5,0,1,2,338.8357396496412,0,13.130855787415333,0
17,3,0,2,1,0,0,0,0,3.5193564301937132,3,0,0,0,0,0,0,0
13,0,0,2,1,0,0,0,0,4.134149698829823,3,0,0,0,0,0,0,0
16,4,0,0,1,0,0,0,0,4.459107640842749,3,0,1,1,164.76304906770412,0,7.21490959652035,0
7,5,1,0,1,0,0,0,0,2.3931403799221354,3,0,1,1,301.8321869285237,0,11.38195637336358,0
13,3,0,0,1,0,0,0,0,2.8127899758313113,4,0,0,0,0,0,0,0
15,4,0,0,1,0,0,0,0,4.168685444902249,5,0,1,2,260.1522087097103,0,7.122580432440211,0
15,3,0,0,1,0,0,0,0,2.9548814670904315,4,0,0,0,0,0,0,0
16,1,0,0,1,0,0,1,0,3.466779772509613,4,0,0,0,0,0,0,0
15,0,0,1,1,0,0,0,0,5.669264643216204,3,0,0,0,0,0,0,0
13,2,0,0,1,0,0,0,0,5.948703018645927,1,0,0,0,0,0,0,0
17,3,0,0,1,0,0,0,0,3.7410917676244315,5,0,1,2,70.41098743799014,0,11.750405113373166,0
11,2,0,0,1,0,0,0,0,5.900762379911299,2,0,0,0,0,0,0,0
9,1,0,0,1,0,0,0,0,3.687928060506256,2,0,0,0,0,0,0,0
23,6,1,0,1,0,0,0,0,5.682467095956058,5,0,0,0,0,0,0,0
2,1,0,1,1,0,0,0,0,5.338338524580438,2,0,0,0,0,0,0,0
15,2,0,0,1,0,0,0,0,2.437527971531606,3,0,1,1,197.7016673164858,0,7.09359068259835,0
10,4,0,0,1,0,0,0,0,3.6875265593376167,2,0,1,1,346.4807544380666,0,0.7082366133483373,0
13,0,0,2,1,0,0,0,0,2.3416939832638657,1,0,1,2,170.014371364241,0,1.0830571571138583,0
1,5,1,0,1,0,0,0,0,2.1506359053522037,3,1,0,0,0,0,0,0
20,2,0,0,1,0,0,1,1,3.5737538812609184,1,0,0,0,0,0,0,0
18,2,0,0,1,0,0,1,1,2.342244106564748,6,0,0,0,0,0,0,0
12,3,0,1,1,0,0,0,0,3.8537022217561496,3,0,0,0,0,0,0,0
14,2,0,0,1,0,0,1,1,2.5742646593273752,3,0,0,0,0,0,0,0
17,4,0,0,1,0,1,0,0,3.463569111555899,2,0,1,1,250.74553907530864,0,8.754469997557285,0
5,3,0,1,1,0,1,0,0,2.8228121606813223,3,0,0,0,0,0,0,0
11,5,1,4.8356131842012235,0,1,0,1,1,3.085104599242099,1,1,1,1,0.04195824123151853,1,0.050286017361959125,1
9,6,1,0,1,0,0,0,0,2.890090728197906,3,0,1,1,364.2832358960259,0,9.19074788346646,0
20,2,0,0,1,0,0,0,0,3.793835935476875,3,0,1,1,339.88001878005497,0,0.0016840588264463996,0
3,5,1,0,1,0,0,0,0,3.9674431064079854,6,0,0,0,0,0,0,0
10,2,0,1,1,0,0,0,0,5.877053271686723,6,0,1,1,385.6064866698544,0,3.9504399485955775,0
14,0,0,0,1,0,0,0,0,2.5695214147649095,4,0,1,2,257.17577774434324,0,13.636693229444699,0
16,6,1,3,1,0,0,0,0,3.0661080042627322,4,0,0,0,0,0,0,0
20,6,1,0,1,0,0,0,0,5.810698446400981,6,0,0,0,0,0,0,0
12,1,0,0,1,0,0,0,0,3.349141329024849,4,0,0,0,0,0,0,0
0,3,0,0,1,0,0,0,0,3.1615325345822747,1,0,0,0,0,0,0,0
8,5,1,3,1,0,0,0,0,3.1407072753488574,3,0,1,2,310.06187217399514,0,5.049591689548451,0
6,4,0,0,1,0,0,0,0,3.687019373146601,3,0,0,0,0,0,0,0
20,4,0,1,1,0,0,0,0,3.1542249335969412,3,0,1,1,376.7413892710499,0,13.144125474965545,0
0,0,0,2.683010936979466,1,0,0,0,0,-0.034216293803778886,200,3,0,0,0,0,0,1
10,1,0,0,1,0,0,0,0,3.568840223486486,2,0,0,0,0,0,0,0
12,4,0,0,1,0,0,0,0,3.0254286935127577,4,0,1,1,156.9370487639259,0,3.062083358995375,0
8,5,1,1,1,0,0,0,0,2.3068437202829264,5,0,0,0,0,0,0,0
7,3,0,0,1,0,0,0,0,2.815925097362252,5,0,0,0,0,0,0,0
3,6,1,7.594099189020858,1,0,1,1,1,4.863477992640686,1,0,0,0,0,0,0,1
10,3,0,0,1,0,1,0,0,3.196937370113273,2,0,0,0,0,0,0,0
9,3,0,0,1,0,0,0,0,5.843665312248618,1,0,1,2,221.52810379092398,0,1.9009869384915834,0
17,6,1,1,1,0,0,0,0,2.493531303176623,1,0,1,1,167.28293296306913,0,8.114080425185247,0
22,1,0,1,1,0,0,0,0,5.523124663332854,3,0,1,1,102.8244405318529,0,9.887879662876959,0
11,0,0,0,1,0,0,1,0,3.992391025656627,2,0,0,0,0,0,0,0
10,4,0,1,1,0,0,0,0,3.364493369999119,5,0,0,0,0,0,0,0
8,4,0,0,1,0,0,0,0,3.533406750385865,1,0,1,1,83.00527771487579,0,4.407173431657429,0
8,6,1,0,1,0,0,0,0,4.667817223932916,6,0,1,1,176.7801090713963,0,13.899294815333914,0
7,1,0,0,1,0,0,0,0,3.665706737568509,3,0,0,0,0,0,0,0
9,2,0,1,1,0,0,0,0,3.984587379785098,2,0,1,2,259.5837443336462,0,8.461355446786595,0
15,2,0,1,1,0,0,0,0,2.76439949755773,3,0,0,0,0,0,0,0
11,1,0,3,1,0,0,0,0,5.76158562702616,3,0,1,1,296.76496563780927,0,0.7871725494547206,0
5,2,0,2,1,0,0,0,0,5.38742386245651,1,0,1,1,92.92993777979692,0,10.712068945838118,0
14,0,0,0,1,0,0,0,0,5.868097773473506,3,0,0,0,0,0,0,0
9,1,0,1,1,0,0,0,0,5.01437579218066,1,0,0,0,0,0,0,0
9,3,0,0,1,0,0,0,0,3.568444587170596,5,0,0,0,0,0,0,0
15,0,0,0,1,0,0,0,0,3.778918387790367,1,0,1,1,270.7505478999478,0,6.356877735066078,0
1,0,0,0,1,0,0,0,0,3.825157912278729,3,0,1,1,273.5918844485507,0,3.928554458696611,0
10,2,0,0,1,0,0,0,0,5.546051165465986,4,0,1,1,128.29930030139397,0,10.538576109685888,0
18,2,0,1,1,0,0,0,0,2.1690937568172206,3,0,0,0,0,0,0,0
7,3,0,0,1,0,1,0,0,2.375183019614394,1,0,0,0,0,0,0,0
10,4,0,1,1,0,0,0,0,3.75578959272116,1,0,0,0,0,0,0,0
10,2,0,0,1,0,0,0,0,3.3270274799577026,1,0,0,0,0,0,0,0
1,6,1,7.83321762101036,1,0,0,1,0,5.385271974883278,2,1,0,0,0,0,0,1
17,2,0,0,1,0,0,0,0,5.224987462680003,5,0,0,0,0,0,0,0
8,1,0,2,1,0,0,0,0,4.176376359933684,3,0,0,0,0,0,0,0
13,0,0,1,1,0,0,0,0,2.9804537798560875,1,0,1,1,330.5347334727893,0,11.933912189232256,0
10,1,0,1,1,0,0,0,0,2.333938745816619,3,0,0,0,0,0,0,0
0,1,0,6.359453667005528,1,0,1,1,1,5.732482567614952,1,2,0,0,0,0,0,1
7,4,0,0,1,0,0,0,0,4.198895145194362,1,0,0,0,0,0,0,0
23,1,0,5.162949869616362,0,1,2,1,1,2.770240815307313,1,0,0,0,0,0,0,1
17,2,0,0,1,0,0,0,0,2.167100095320971,5,1,1,1,98.50617260346915,0,2.148246992772342,0
9,1,0,0,1,0,0,0,0,4.639690509450327,3,0,1,1,254.44730575927827,0,13.455440447936097,0
17,0,0,0,1,0,0,0,0,3.4656364238681863,4,0,1,1,46.218031360878086,0,6.012798013644946,0
17,5,1,0,1,0,0,0,0,5.2681548131089775,5,0,1,1,288.0194248080859,0,11.404037517758878,0
6,5,1,0,1,0,0,0,0,4.936763538992932,5,0,0,0,0,0,0,0
11,0,0,0,1,0,0,0,0,3.79645084612499,4,0,0,0,0,0,0,0
14,1,0,0,1,0,0,0,0,4.75560786825565,2,1,0,0,0,0,0,0
10,3,0,0,1,0,0,0,0,4.80394230277722,2,2,0,0,0,0,0,0
16,3,0,0,1,0,0,0,0,4.319543462900311,4,0,1,1,275.4636161708612,0,11.608682531837811,0
18,3,0,0,1,0,0,0,0,5.953278061695379,2,0,1,2,225.11805954877306,0,2.482701975978465,0
15,1,0,0,1,0,0,0,0,5.35613208491915,3,2,0,0,0,0,0,0
13,3,0,0,1,0,0,0,0,2.785110765860397,1,0,1,1,96.24375783714477,0,4.5998854729464504,0
16,6,1,0,1,0,0,0,0,3.759224010078964,6,0,0,0,0,0,0,0
9,1,0,0,1,0,0,1,0,5.017623192937345,6,0,0,0,0,0,0,0
17,4,0,0,1,0,0,1,0,3.0467649565984147,1,0,1,1,14.453425937635622,0,10.135029476822684,0
14,0,0,0,1,0,0,0,0,4.001296520303629,2,0,0,0,0,0,0,0
17,3,0,0,1,0,0,0,0,5.947818800964194,1,0,0,0,0,0,0,0
14,4,0,1,1,0,0,0,0,5.891185345693321,1,1,0,0,0,0,0,0
13,4,0,2,1,0,0,0,0,4.006861508134078,1,0,0,0,0,0,0,0
13,2,0,0,1,0,0,0,0,5.398349666147183,2,0,1,2,296.158941524665,0,10.444791759576148,0
18,2,0,0,1,0,0,0,0,3.258265631799228,3,0,1,1,313.04475548869794,0,6.6857991851901195,0
20,3,0,9.623682320118016,0,0,1,1,1,1.8668068826581337,1,0,1,1,0.10386936787137589,1,0.05982823772798258,1
0,2,0,0,1,0,0,0,0,3.388833403788435,3,0,1,1,366.88224587425594,0,3.3450543936864165,0
12,3,0,0,1,0,0,0,0,4.845106067910665,3,0,1,1,225.2838645673401,0,9.169835259012403,0
21,4,0,0.8842799568867714,1,0,0,0,0,-0.7299378546858426,20,5,0,0,0,0,0,1
17,5,1,1,1,0,0,0,0,3.83747364245618,4,0,0,0,0,0,0,0
3,4,0,2,1,0,0,0,0,2.9305511986678234,2,0,0,0,0,0,0,0
11,0,0,0,1,0,0,0,0,5.406717915437581,1,0,0,0,0,0,0,0
11,2,0,1,1,0,0,0,0,4.911056828212866,5,0,0,0,0,0,0,0
15,1,0,2,1,0,0,0,0,5.7776429543458505,4,1,1,1,203.57863147430737,0,4.965727327103011,0
11,3,0,0,1,0,0,0,0,5.185836114225819,1,0,1,2,322.4996546608413,0,3.1169222483565613,0
8,5,1,1,1,0,0,1,0,4.413182765479148,4,0,1,2,303.4851019406913,0,8.154380252645282,0
12,3,0,1,1,0,0,0,0,2.9716630798808987,2,0,0,0,0,0,0,0
9,6,1,0,1,0,0,0,0,3.8204625680965973,4,0,0,0,0,0,0,0
9,4,0,0,1,0,0,0,0,4.79497342421319,4,0,1,2,267.26693655851875,0,10.665629463684606,0
12,0,0,3,1,0,0,0,0,3.7096093685435,3,0,0,0,0,0,0,0
17,1,0,0,1,0,0,0,0,5.642614204280707,1,0,1,2,335.17091756404335,0,13.158626159564228,0
12,0,0,1,1,0,0,0,0,5.144720299730916,6,0,0,0,0,0,0,0
13,2,0,2,1,0,0,0,0,4.482003194010878,4,0,0,0,0,0,0,0
2,0,0,9.474738090888714,1,0,0,1,1,3.9351538524679053,1,0,0,0,0,0,0,1
11,0,0,0,1,0,0,0,0,3.0773771881270666,1,0,1,3,109.38887685318846,0,5.338739174241212,0
16,0,0,1,1,0,0,0,0,3.317729130639022,2,0,1,1,69.27427185075129,0,9.524811374894135,0
15,1,0,3,1,0,0,0,0,4.5404444888115,1,0,1,3,37.77615336185295,0,5.070074071273997,0
8,4,0,1,1,0,0,0,0,3.624945543788352,2,0,1,1,31.329945094513267,0,11.993528005038819,0
10,2,0,1,1,0,0,0,0,4.446096813954091,4,0,0,0,0,0,0,0
16,6,1,0,1,0,0,0,0,5.6894143909389605,5,1,1,1,389.3571124169489,0,1.8184715754366654,0
14,2,0,0,1,0,0,0,0,5.231815826307745,3,0,1,1,275.4256911465677,0,3.335013588090658,0
19,1,0,0.1647412689351091,1,0,0,0,0,-0.03186153436892769,20,3,0,0,0,0,0,1
14,3,0,0,1,0,0,0,0,2.0061351585117584,2,1,1,1,349.1355402531404,0,6.435330382763549,0
16,0,0,1,1,0,0,1,0,4.495066706703032,3,0,0,0,0,0,0,0
19,1,0,0,1,0,0,0,0,5.427640714921296,6,0,0,0,0,0,0,0
19,4,0,1,1,0,0,0,0,2.8973252780702863,3,0,1,1,35.48217499642213,0,12.382447764534106,0
17,1,0,0,1,0,0,0,0,4.525410810625086,5,0,0,0,0,0,0,0
8,1,0,1,1,0,0,0,0,4.0710830500554644,2,0,0,0,0,0,0,0
14,3,0,0,1,0,0,0,0,4.858911614157471,2,0,0,0,0,0,0,0
10,3,0,1,1,0,0,0,0,4.297795177969108,2,0,1,1,334.8988912146314,0,4.210154360420331,0
16,3,0,0,1,0,0,0,0,5.02331777969992,3,0,0,0,0,0,0,0
8,4,0,2,1,0,0,0,0,4.044186119550428,5,0,0,0,0,0,0,0
20,0,0,0,1,0,0,0,0,3.3303372317097866,5,0,0,0,0,0,0,0
10,1,0,0,1,0,0,0,0,2.809925705769298,1,0,0,0,0,0,0,0
8,3,0,0,1,0,0,0,0,2.447739112903571,2,0,0,0,0,0,0,0
9,6,1,0,1,0,0,0,0,4.321827081615375,1,0,1,1,215.6329922822326,0,12.586321136072076,0
9,5,1,2,1,0,0,0,0,2.3769889879071555,3,0,0,0,0,0,0,0
16,4,0,0,1,0,0,0,0,4.058766358553194,3,0,1,1,148.0467031407679,0,11.124195822795016,0
4,1,0,1,1,0,0,0,0,5.723544345725642,4,0,0,0,0,0,0,0
16,3,0,1,1,0,0,0,0,3.142618679819161,4,0,1,1,104.45246675593927,0,9.112453913579468,0
12,1,0,1,1,0,0,0,0,5.781734557173256,5,0,1,1,97.9683085212981,0,1.9614655240743433,0
9,4,0,0,1,0,0,0,0,4.345530184839163,4,0,1,2,362.71960288457655,0,10.400915541686066,0
23,0,0,0,1,0,0,0,0,4.0139835476223515,3,0,0,0,0,0,0,0
6,5,1,0,1,0,0,0,0,4.342709564020648,3,0,0,0,0,0,0,0
14,3,0,0,1,0,0,0,0,3.903342768628561,5,0,1,1,21.32380324703105,0,3.434013721463588,0
17,1,0,1,1,0,0,0,0,2.4808190636299496,1,0,0,0,0,0,0,0
14,1,0,2,1,0,0,0,0,3.106598154672259,2,0,0,0,0,0,0,0
17,3,0,3,1,0,0,0,0,4.120490526490739,2,0,0,0,0,0,0,0
9,5,1,0,1,0,0,0,0,3.078000158456446,1,0,1,1,101.20570630901568,0,9.364581811865957,0
3,2,0,4.345402913568167,0,1,4,1,1,1.8309313313506586,1,0,0,0,0,0,0,1
16,2,0,0,1,0,0,1,1,5.371095232450404,2,0,0,0,0,0,0,0
5,1,0,1,1,0,0,0,0,4.419421963705274,1,0,1,2,151.49429806513737,0,2.6810989930148716,0
8,4,0,1,1,0,0,0,0,5.390920754745578,3,0,0,0,0,0,0,0
9,0,0,0,1,0,0,0,0,2.356658074584167,2,1,0,0,0,0,0,0
19,6,1,0,1,0,0,0,0,2.4868010059475423,5,0,1,3,295.1520181974836,0,5.608909302523544,0
8,6,1,4.598777486037968,0,1,4,1,1,-0.8468729571484164,3,0,0,0,0,0,0,1
18,6,1,0,1,0,0,0,0,4.573292695884417,5,0,1,1,381.027565556539,0,4.185902343664495,0
7,3,0,2,1,0,0,0,0,2.2469342672202828,1,0,0,0,0,0,0,0
18,0,0,1,1,0,0,0,0,4.624536044519381,4,0,0,0,0,0,0,0
16,1,0,1,1,0,0,0,0,5.054617565282097,1,0,1,1,354.1149764186267,0,7.647994985995826,0
16,2,0,0,1,0,1,0,0,2.7437459693849244,3,0,0,0,0,0,0,0
9,0,0,0,1,0,0,0,0,5.633034914967993,3,1,1,2,132.25090597648614,0,4.783666853570243,0
11,4,0,0,1,0,0,0,0,2.969760402512377,4,0,1,2,116.25182019151777,0,11.59239196613141,0
10,1,0,0,1,0,0,0,0,2.9173378732856357,4,0,0,0,0,0,0,0
19,2,0,0,1,0,0,0,0,2.5780793189956586,2,0,1,2,397.8035991076703,0,9.188846620017955,0
16,0,0,1,1,0,0,0,0,4.28207932877419,2,0,0,0,0,0,0,0
10,0,0,0,1,0,0,0,0,4.582744707865982,2,0,0,0,0,0,0,0
1,0,0,1,1,0,0,1,0,5.1695244974817784,3,0,1,2,87.72421892408644,0,13.907113544467911,0
8,3,0,0,1,0,0,1,1,2.804239880090369,2,0,0,0,0,0,0,0
9,5,1,3,1,0,0,0,0,4.337479055678411,4,0,0,0,0,0,0,0
8,1,0,0,1,0,0,0,0,3.690722921297172,1,0,1,1,335.27156062049806,0,0.7235088876184774,0
13,1,0,1,1,0,0,1,0,2.093220353840905,4,0,0,0,0,0,0,0
8,5,1,0,1,0,0,0,0,2.1392471646843947,6,0,1,1,178.85544786500128,0,1.6965748610346287,0
5,3,0,1,1,0,0,0,0,3.8856857202860056,6,0,0,0,0,0,0,0
13,3,0,1,1,0,0,0,0,2.2524710828648287,2,0,1,1,101.67027157831134,0,1.5559175288966913,0
17,3,0,0,1,0,0,0,0,5.644889094214543,1,1,1,1,103.04168087521877,0,10.413482978850052,0
14,3,0,1,1,0,0,1,0,3.847781353224353,2,0,0,0,0,0,0,0
10,1,0,1,1,0,0,0,0,3.8733008627058374,3,0,1,1,64.76095379694314,0,13.391698409699227,0
18,3,0,0,1,0,0,0,0,3.575581255816994,2,0,0,0,0,0,0,0
13,2,0,0,1,0,0,0,0,4.336317656816901,3,0,1,1,16.275888263421326,0,10.548651750831402,0
19,1,0,1,1,0,0,0,0,4.352006317478045,5,0,0,0,0,0,0,0
11,2,0,0,1,0,0,0,0,3.0627014411028664,3,0,0,0,0,0,0,0
19,2,0,2,1,0,0,0,0,4.349054926086631,4,0,1,1,96.7872068425602,0,10.289673326899406,0
19,0,0,1,1,0,0,0,0,3.1625473629398764,3,0,0,0,0,0,0,0
8,6,1,3.91741538811586,1,0,0,0,0,-0.0153537660425207,50,15,0,0,0,0,0,1
14,1,0,0,1,0,0,0,0,2.833500164432789,1,1,1,1,327.73970927866446,0,9.672451395283456,0
12,3,0,0,1,0,0,0,0,4.869866701360121,2,0,0,0,0,0,0,0
2,5,1,4.525025678392405,0,1,4,1,1,0.9991258022967,1,1,1,1,15.057609069282108,0,282.25058347469576,1
11,1,0,0,1,0,0,0,0,4.8174047751263736,4,0,1,1,140.25915680219953,0,9.258185716237776,0
23,4,0,0,1,0,0,0,0,4.4929562459296175,1,0,0,0,0,0,0,0
12,4,0,0,1,0,0,0,0,3.848950495668753,3,0,0,0,0,0,0,0
23,3,0,1,1,0,0,0,0,3.065021877895318,3,0,0,0,0,0,0,0
17,0,0,0,1,0,0,0,0,4.264084796587869,3,0,0,0,0,0,0,0
16,0,0,0,1,0,0,0,0,4.014321891334625,1,0,0,0,0,0,0,0
16,5,1,0,1,0,0,0,0,4.5297650078584635,1,0,1,1,207.39785805756824,0,11.642812923053269,0
12,4,0,4.447708448331902,1,0,0,0,0,-1.3789260626606081,30,20,0,0,0,0,0,1
13,1,0,0,1,0,0,0,0,4.842773360132341,1,0,1,1,160.82000499709673,0,13.098864176575386,0
2,1,0,0,1,0,0,0,0,3.651944202390937,5,0,0,0,0,0,0,0
18,0,0,0,1,0,0,0,0,2.221525587573712,2,0,0,0,0,0,0,0
3,3,0,1,1,0,0,0,0,4.588556663543819,4,0,1,1,362.48923403072416,0,5.012366098733805,0
16,1,0,0,1,0,0,0,0,2.3769702668511514,3,0,0,0,0,0,0,0
17,4,0,0,1,0,0,0,0,3.235284987767325,2,0,0,0,0,0,0,0
14,4,0,0,1,0,0,0,0,2.3775829151086527,2,0,1,1,254.5294675268767,0,4.12639247172647,0
19,0,0,2,1,0,0,0,0,5.292341682414114,2,0,1,2,121.42375683261963,0,12.577828749709276,0
20,0,0,1,1,0,0,0,0,3.31932221646041,2,0,1,1,300.7311434860793,0,8.106131906201163,0
15,1,0,0,1,0,0,0,0,4.772535357689696,2,0,0,0,0,0,0,0
17,4,0,0,1,0,0,0,0,3.764820082825958,5,0,0,0,0,0,0,0
16,3,0,0,1,0,0,0,0,2.7431392350603874,6,0,1,2,314.3787568171153,0,1.1221556969947748,0
18,3,0,0,1,0,0,0,0,4.61044741893989,1,0,0,0,0,0,0,0
18,2,0,0,1,0,0,0,0,4.7918419800223635,4,0,1,2,257.8135225854061,0,0.7302178450397181,0
19,4,0,0,1,0,0,0,0,5.667159070671378,6,0,0,0,0,0,0,0
11,4,0,0,1,0,0,0,0,4.478786679405665,3,0,0,0,0,0,0,0
11,6,1,0,1,0,0,0,0,5.684529084878482,4,0,0,0,0,0,0,0
16,4,0,0,1,0,0,0,0,2.8817273903000933,2,0,1,1,175.63624250706337,0,12.037325159321595,0
13,0,0,1,1,0,0,0,0,3.523814606729617,2,0,0,0,0,0,0,0
13,5,1,2,1,0,0,0,0,2.222457271085279,5,0,1,2,243.67847991865358,1,10.035811029309706,0
9,2,0,2,1,0,0,0,0,4.026734279698523,6,0,1,1,54.90322060932938,1,9.81058666278843,0
3,1,0,10.90775988513343,1,0,0,0,0,5.442457950995454,2,1,0,0,0,0,0,1
11,0,0,2,1,0,0,0,0,5.620629630321648,3,0,0,0,0,0,0,0
12,0,0,1,1,0,0,0,0,4.841654633544429,6,0,1,2,202.44876957717577,0,13.17959892944122,0
5,6,1,0,1,0,0,1,0,5.546072743142092,3,0,0,0,0,0,0,0
15,1,0,1,1,0,0,0,0,5.177470811316171,1,0,0,0,0,0,0,0
21,6,1,3,1,0,0,0,0,2.6524506968151207,3,0,0,0,0,0,0,0
8,5,1,0,1,0,0,0,0,2.379655221262494,4,0,0,0,0,0,0,0
14,1,0,2,1,0,0,0,0,4.160885244370185,2,0,1,1,165.39781015008208,0,12.035254159897471,0
12,1,0,1,1,0,0,0,0,3.3917384331159197,3,0,0,0,0,0,0,0
9,2,0,0,1,0,0,0,0,4.281400075986942,1,0,0,0,0,0,0,0
10,1,0,1,1,0,0,0,0,3.596276454767522,6,0,1,3,310.2264558212564,0,8.200654559629736,0
9,1,0,1,1,0,0,0,0,4.968458135253931,3,0,0,0,0,0,0,0
13,4,0,0,1,0,0,0,0,4.553570543892625,3,0,0,0,0,0,0,0
8,2,0,0,1,0,0,0,0,4.316876350249296,1,0,0,0,0,0,0,0
0,3,0,3,1,0,0,0,0,4.249164603884578,6,0,0,0,0,0,0,0
8,5,1,1,1,0,0,0,0,5.78882357318977,2,0,0,0,0,0,0,0
17,2,0,0,1,0,0,0,0,3.835724980400044,2,0,1,1,319.346669092511,0,3.2929043812086514,0
11,3,0,0,1,0,0,0,0,5.502769653740373,3,0,0,0,0,0,0,0
12,1,0,0,1,0,0,0,0,3.8047861295852967,4,0,0,0,0,0,0,0
6,2,0,2.971748836191451,0,1,2,1,1,0.801934091410403,2,0,0,0,0,0,0,1
23,5,1,9.038853534700362,1,0,0,1,1,4.348028271721791,3,2,0,0,0,0,0,1
21,1,0,0,1,0,0,0,0,4.663717454659632,4,0,1,1,26.866258554324112,0,6.407559620665076,0
10,3,0,1,1,0,0,0,0,5.94078740336113,2,0,0,0,0,0,0,0
9,5,1,0,1,0,0,0,0,3.366540478726454,5,0,1,1,363.913816136837,0,8.218173464231914,0
11,2,0,7.650429952065589,0,0,1,1,1,1.2343395159000368,3,2,1,1,0.11883075898407203,1,0.14641925553217092,1
22,1,0,1,1,0,0,0,0,4.536276821729334,5,0,1,1,197.0221638444566,0,4.927477984504795,0
10,4,0,0,1,0,0,0,0,5.352975831490098,3,0,1,1,250.3297685557756,0,9.16608990680423,0
14,3,0,0,1,0,0,0,0,4.90091974955528,4,0,1,2,25.7093280579628,0,1.945211625515049,0
6,6,1,1,1,0,0,0,0,4.908519906253279,2,0,1,2,197.9424859081942,0,3.115986354387057,0
0,3,0,0,1,0,0,0,0,3.3303375125306873,3,0,1,1,146.65882385146256,0,7.452697329754053,0
4,3,0,7.204540763254798,0,0,2,1,1,0.32627347574136634,3,0,1,1,0.07026401936531315,1,0.046723969893366316,1
11,2,0,0,1,0,0,0,0,2.752215537461373,3,0,1,1,190.11386104589118,0,13.353530085346833,0
12,1,0,1,1,0,0,0,0,5.025739775139556,1,0,0,0,0,0,0,0
9,6,1,3,1,0,0,0,0,5.411746579752428,3,0,0,0,0,0,0,0
7,4,0,2,1,0,0,0,0,2.315594245757309,3,0,1,1,209.83262749605973,0,10.288604482877716,0
8,2,0,0,1,0,0,0,0,5.279619245507341,1,0,0,0,0,0,0,0
2,4,0,0,1,0,0,0,0,5.550525545474883,4,0,0,0,0,0,0,0
19,1,0,2,1,0,0,0,0,4.886855891181437,1,0,1,1,337.92460350178476,0,9.298958521935898,0
11,4,0,0,1,0,0,0,0,5.325817608478358,4,0,1,2,164.07788667338218,0,0.9032500498623666,0
23,2,0,4.960646242238153,0,1,2,1,1,2.1905946233098073,3,0,0,0,0,0,0,1
11,4,0,0,1,0,0,1,0,5.89622099597568,5,0,0,0,0,0,0,0
21,0,0,0,1,0,0,0,0,2.191336954398648,1,0,0,0,0,0,0,0
15,5,1,0,1,0,0,0,0,5.921705160806891,3,0,1,1,118.62789848574421,0,3.1959282480500932,0
14,4,0,1,1,0,0,0,0,2.6217354860473527,3,0,0,0,0,0,0,0
17,1,0,3,1,0,0,0,0,2.831055644490992,5,0,0,0,0,0,0,0
15,3,0,1,1,0,0,0,0,5.607024420742981,2,0,1,1,30.98708796114323,0,13.296664070677341,0
12,2,0,0,1,0,0,0,0,2.126204278560691,1,0,1,2,331.98957049103427,0,4.34785194823176,0
10,2,0,1,1,0,0,0,0,3.8040264780509183,3,0,1,3,151.53277003033577,0,2.3044164571941987,0
12,6,1,0,1,0,0,0,0,3.30305449503219,2,0,0,0,0,0,0,0
15,2,0,0,1,0,0,0,0,3.757687167050497,3,0,0,0,0,0,0,0
14,3,0,0,1,0,0,0,0,4.412618586719934,2,0,1,1,199.00007338137823,0,8.534384812334512,0
8,3,0,0,1,0,0,0,0,3.5706372894625615,2,0,1,2,191.64521063812407,0,0.7656985654119226,0
14,4,0,1,1,0,0,0,0,5.683122922374283,1,0,0,0,0,0,0,0
16,1,0,0,1,0,0,0,0,4.997249478108289,2,2,0,0,0,0,0,0
13,4,0,0,1,0,0,0,0,5.955972295198292,2,0,0,0,0,0,0,0
8,4,0,0,1,0,0,0,0,4.33137948967374,1,0,0,0,0,0,0,0
3,4,0,7.744928427062133,1,0,1,1,1,2.68462877776204,1,0,0,0,0,0,0,1
17,2,0,0,1,0,0,0,0,4.33372576613527,2,1,0,0,0,0,0,0
19,1,0,0,1,0,0,0,0,5.44247481173564,4,0,0,0,0,0,0,0
17,6,1,0,1,0,0,0,0,4.988317080488024,4,0,1,1,232.91682540048197,0,8.857778545251367,0
11,5,1,0,1,0,0,0,0,3.2166229638082227,4,0,0,0,0,0,0,0
19,2,0,3,1,0,0,0,0,5.263438091723657,3,0,0,0,0,0,0,0
16,3,0,0,1,0,0,0,0,4.519590515097126,3,1,0,0,0,0,0,0
21,0,0,0,1,0,0,0,0,2.9787848656881795,2,0,1,3,312.8384239963385,0,13.485731693207546,0
17,0,0,0,1,0,0,0,0,5.384572998398601,1,0,1,1,193.89757095095155,0,11.595373125842691,0
14,2,0,0,1,0,0,0,0,2.450272828431418,3,0,1,2,329.09769816202606,0,5.024300847251425,0
13,1,0,0,1,0,0,0,0,4.178809094265143,2,0,0,0,0,0,0,0
15,3,0,0,1,0,0,0,0,3.088355645329647,1,0,0,0,0,0,0,0
13,4,0,1,1,0,0,0,0,4.787818588964395,3,0,0,0,0,0,0,0
16,6,1,0,1,0,0,0,0,4.952937970067969,2,0,0,0,0,0,0,0
10,4,0,3,1,0,1,0,0,2.9162850517093486,6,0,1,1,190.11576913643327,0,13.800082365438659,0
15,1,0,2,1,0,0,0,0,3.7674728226529446,2,0,0,0,0,0,0,0
5,6,1,1,1,0,0,0,0,3.2564603250896336,5,0,0,0,0,0,0,0
18,3,0,0,1,0,0,0,0,5.321393079645116,3,0,1,2,218.45141946653104,0,3.725408133502093,0
15,4,0,0,1,0,0,0,0,2.736858667852396,4,0,1,1,294.3118106947704,0,0.016764267405911415,0
15,2,0,0,1,0,0,0,0,3.204431507629694,2,0,0,0,0,0,0,0
0,6,1,10.230923117246245,1,0,1,1,0,2.1195579038566024,1,0,1,1,23.81722570141218,0,117.60441608009236,1
11,5,1,0,1,0,0,0,0,3.38717802955718,3,0,0,0,0,0,0,0
2,0,0,1,1,0,0,0,0,2.3746709318116417,2,0,1,1,252.1236248080829,0,4.864094033755698,0
19,1,0,0,1,0,0,0,0,5.85620906613477,3,0,0,0,0,0,0,0
16,2,0,0,1,0,0,0,0,3.429653259256217,2,0,0,0,0,0,0,0
5,3,0,1,1,0,0,0,0,4.159093412429019,5,0,0,0,0,0,0,0
13,2,0,0,1,0,0,0,0,4.778038694956811,4,0,0,0,0,0,0,0
14,2,0,3,1,0,0,0,0,2.4613670074057103,6,0,1,1,55.84338322487849,0,10.19963084913786,0
15,2,0,1,1,0,0,0,0,2.560101414149154,3,0,1,2,133.85478413791137,0,4.543455260115115,0
15,6,1,0,1,0,0,0,0,4.683066423341366,3,0,1,2,202.87091430686687,0,4.08297492031859,0
17,0,0,1,1,0,0,0,0,4.176333942338173,6,0,1,1,337.18758189222586,0,4.430723999204565,0
12,0,0,0,1,0,1,0,0,4.594867299161125,2,0,1,2,46.896951420267875,0,8.325078884416808,0
7,2,0,1,1,0,0,0,0,5.94784834652284,5,0,1,1,79.83871854981871,0,8.94765629822265,0
17,5,1,0,1,0,0,0,0,2.9923068446745233,4,0,1,1,184.78461510961978,0,3.205121428540473,0
23,0,0,0,1,0,0,0,0,2.3672856693520687,5,0,1,1,320.750219392485,0,0.5685692793028916,0
12,2,0,2,1,0,0,0,0,3.283859047097891,2,0,0,0,0,0,0,0
1,4,0,2,1,0,0,0,0,4.504505514074693,5,0,1,2,54.85143678225694,0,9.858066826626727,0
9,6,1,0,1,0,0,0,0,5.817991070397436,6,0,0,0,0,0,0,0
13,2,0,1,1,0,0,0,0,4.663262337611001,2,0,1,1,173.70740296393532,0,7.93672677324645,0
13,5,1,1,1,0,0,0,0,3.734939399552822,4,0,0,0,0,0,0,0
21,3,0,0,1,0,0,0,0,4.801061279370565,5,0,1,2,167.95184759415528,0,3.8184420093997624,0
22,3,0,0.9248000690371954,1,0,0,0,0,-1.9850215662289834,10,10,1,1,83.60697724698296,0,219.96827472756635,1
16,6,1,0,1,0,0,0,0,4.00194119772649,3,0,0,0,0,0,0,0
11,2,0,1,1,0,0,0,0,4.51212807377101,2,2,0,0,0,0,0,0
9,4,0,0,1,0,0,1,0,2.7768212313983303,1,0,1,1,103.3973377436844,0,10.322533671882859,0
11,4,0,1,1,0,0,0,0,3.2283719257913486,2,0,0,0,0,0,0,0
14,1,0,0,1,0,0,0,0,2.5084361087517384,1,0,1,1,149.5318777629796,0,4.97562069540717,0
21,2,0,0,1,0,0,0,0,2.5667003534491677,1,0,0,0,0,0,0,0
23,6,1,0,1,0,0,0,0,5.766371819209024,2,0,1,2,80.66188561963743,0,11.980577955342826,0
5,5,1,2.869071559403378,1,0,0,0,0,-0.6453012838295515,50,3,1,1,58.56264304032799,0,198.68626544879135,1
9,3,0,0,1,0,0,0,0,4.004828467095148,1,0,0,0,0,0,0,0
12,2,0,0,1,0,0,0,0,3.618676260606418,1,0,1,3,342.4989679200194,0,13.989362804725442,0
17,0,0,0,1,0,0,0,0,5.5310606349474565,1,0,0,0,0,0,0,0
14,2,0,0,1,0,0,0,0,3.241889169491741,3,0,0,0,0,0,0,0
16,2,0,0,1,0,0,0,0,4.260406579068897,3,1,1,1,101.81047572828935,0,1.8156209297786305,0
18,2,0,0,1,0,0,0,0,5.087090622405267,3,0,1,1,167.5537960893446,0,11.605045504151274,0
7,0,0,2,1,0,0,0,0,3.9270448333633627,2,0,0,0,0,0,0,0
10,4,0,1,1,0,0,0,0,4.651699297015729,3,0,0,0,0,0,0,0
22,3,0,1,1,0,0,0,0,2.2275244727005963,1,0,1,1,295.3524823557868,0,11.164241009434193,0
10,2,0,3,1,0,0,0,0,3.2845091785267555,4,1,0,0,0,0,0,0
23,1,0,0,1,0,0,1,0,5.599551919054916,3,0,0,0,0,0,0,0
16,1,0,2,1,0,0,0,0,5.526524736011088,2,0,1,1,25.07819913925458,0,2.545758000207685,0
8,2,0,0,1,0,0,1,1,5.7967586026615745,4,0,0,0,0,0,0,0
14,3,0,1,1,0,0,0,0,2.0297441068909006,5,0,0,0,0,0,0,0
16,1,0,0,1,0,0,0,0,4.356486835393136,3,0,1,2,251.54389154876458,0,0.23346852438452004,0
0,6,1,0,1,0,0,0,0,4.599988797362611,1,1,0,0,0,0,0,0
19,0,0,0,1,0,0,0,0,5.1514364683486775,1,0,1,1,249.17728679778983,0,3.0512462449268245,0
9,0,0,0,1,0,0,1,0,5.386610197689793,4,0,1,2,103.47046178336164,0,0.6217853850359867,0
2,6,1,2,1,0,0,0,0,4.762686649955478,5,0,1,1,375.7707092016642,0,5.830953464497158,0
12,4,0,0,1,0,0,0,0,3.9770431367664725,2,0,0,0,0,0,0,0
10,4,0,0,1,0,0,0,0,2.5976695207766154,3,0,0,0,0,0,0,0
16,0,0,0,1,0,0,0,0,4.858264915708716,5,0,0,0,0,0,0,0
23,3,0,0,1,0,0,0,0,2.7066309369194874,1,0,1,1,355.6256234945873,0,4.886122605851714,0
5,0,0,2,1,0,0,0,0,2.2030326875572195,5,0,0,0,0,0,0,0
3,5,1,0,1,0,0,1,1,3.6226492624991478,3,0,0,0,0,0,0,0
13,0,0,0,1,0,0,0,0,3.6032397622416728,4,0,1,2,256.9604688050997,0,1.744169522007566,0
2,6,1,8.540696515147886,1,0,0,0,1,2.587998662616484,3,0,1,1,48.89519542422916,0,37.49438253150616,1
13,3,0,0,1,0,0,0,0,2.2165642176734366,2,0,0,0,0,0,0,0
10,0,0,1,1,0,0,0,0,2.7715307731376537,2,0,0,0,0,0,0,0
13,2,0,1,1,0,0,0,0,2.16407472621436,1,0,1,2,343.0232925161693,0,11.829524682809707,0
10,1,0,0,1,0,0,0,0,4.340326866455603,3,0,0,0,0,0,0,0
10,0,0,0,1,0,0,0,0,2.5966363702700255,4,0,1,1,284.7846388723326,0,10.413961034901728,0
4,0,0,2,1,0,0,0,0,2.401508761922293,2,0,0,0,0,0,0,0
21,0,0,2,1,0,0,0,0,5.357950886487895,2,0,1,1,210.98677073855816,0,10.348561238327994,0
13,1,0,1,1,0,0,0,0,4.724422459578839,4,0,0,0,0,0,0,0
12,2,0,0,1,0,0,0,0,4.256689439545848,2,0,0,0,0,0,0,0
12,1,0,3,1,0,0,0,0,5.433604543485538,3,0,0,0,0,0,0,0
19,2,0,1,1,0,0,0,0,4.279635262910707,4,0,1,1,302.90428078024445,0,8.724508903596906,0
10,1,0,0,1,0,0,0,0,3.2468772198908122,1,1,1,2,48.61236348741421,0,13.163729240803939,0
11,0,0,0,1,0,0,0,0,4.89285229036032,2,1,0,0,0,0,0,0
8,0,0,1,1,0,0,0,0,4.2468857595174985,1,0,0,0,0,0,0,0
8,2,0,0,1,0,0,0,0,5.922690529035307,3,0,0,0,0,0,0,0
10,2,0,1,1,0,0,0,0,4.164848390109791,4,1,1,2,223.29771890174035,0,0.7056386587050021,0
18,6,1,4.231437994958043,1,0,1,1,1,2.2405187477505453,2,0,1,1,0.13830367002070118,1,0.10444160881730652,1
12,0,0,1,1,0,0,0,0,4.760565116845009,3,0,0,0,0,0,0,0
8,3,0,0,1,0,1,0,0,4.079667702821027,3,0,1,1,176.90008755521092,0,8.111159833593252,0
3,3,0,0,1,0,0,0,0,4.042914529716969,2,0,0,0,0,0,0,0
7,3,0,0,1,0,0,0,0,4.269437095428035,4,0,1,1,125.09983524373098,0,11.056789460417146,0
11,4,0,4.352241641473787,0,1,3,1,1,2.9361529535409603,1,0,0,0,0,0,0,1
17,6,1,8.552191562356406,1,0,1,1,0,3.0536980424970674,1,0,1,1,0.026146580464719606,1,0.08565908754780907,1
18,1,0,0,1,0,0,0,0,3.8549761141251153,2,0,1,1,72.01981351250777,0,11.625779746411455,0
15,0,0,0,1,0,0,0,0,4.620835591204632,3,0,1,1,239.55648431386152,0,3.90987256810348,0
20,0,0,0,1,0,0,0,0,2.7804705967341308,1,0,1,1,241.50444333668324,0,13.361864487592998,0
10,4,0,0,1,0,0,0,0,4.032845035147103,4,0,0,0,0,0,0,0
0,0,0,0,1,0,0,0,0,3.352554496253162,3,0,0,0,0,0,0,0
10,0,0,0,1,0,0,1,1,2.2623781706200203,3,0,0,0,0,0,0,0
10,2,0,0,1,0,0,0,0,2.729767943995893,3,0,0,0,0,0,0,0
17,4,0,0,1,0,0,0,0,5.170159130892422,2,0,1,1,248.04171043775196,0,2.910045092018705,0
4,4,0,11.271881369651357,1,0,0,0,0,3.763900136036987,1,0,0,0,0,0,0,1
15,0,0,1,1,0,0,0,0,2.6025563076680633,3,0,0,0,0,0,0,0
17,1,0,1,1,0,0,0,0,5.567249154777123,1,0,0,0,0,0,0,0
9,0,0,0,1,0,0,1,0,3.6201897451210114,1,0,0,0,0,0,0,0
12,4,0,1,1,0,0,0,0,2.2948375582454967,4,0,0,0,0,0,0,0
11,4,0,0,1,0,0,0,0,3.2339260931996066,2,0,0,0,0,0,0,0
18,4,0,1,1,0,0,0,0,5.211893146431422,6,0,1,1,245.8732295732939,0,4.011697350952598,0
8,3,0,1,1,0,0,0,0,5.772505072356428,3,0,0,0,0,0,0,0
14,3,0,1,1,0,0,0,0,3.9752026699929845,2,0,0,0,0,0,0,0
12,4,0,0,1,0,0,0,0,2.3898134935916424,1,0,1,1,249.42000755994073,0,7.494217137851693,0
21,3,0,3,1,0,0,0,0,5.125796224679378,2,0,0,0,0,0,0,0
21,0,0,0,1,0,0,0,0,5.991546958671038,6,0,0,0,0,0,0,0
7,4,0,0,1,0,0,0,0,3.0120498848939388,1,0,1,2,369.15785533407103,0,12.616448140146897,0
11,3,0,1,1,0,0,0,0,2.854805603956401,3,0,1,1,46.73107717589699,0,8.86117198072114,0
13,3,0,0,1,0,0,0,0,3.15578784329992,3,0,1,2,232.48176088801694,0,4.288866852863516,0
14,3,0,1,1,0,0,0,0,4.7380022629919605,2,0,0,0,0,0,0,0
16,0,0,0,1,0,0,0,0,3.444805826811008,3,0,0,0,0,0,0,0
13,6,1,0,1,0,0,0,0,3.694472537769167,5,0,0,0,0,0,0,0
12,1,0,1,1,0,0,0,0,3.1185181275227363,1,0,1,1,52.5497199910489,0,3.3012724203971064,0
16,2,0,0,1,0,0,0,0,3.9165016748997434,4,0,1,1,96.55477092588417,0,8.10884567920169,0
18,4,0,2,1,0,0,0,0,5.775866359852786,3,0,1,1,397.0449734512542,0,11.706690014549258,0
14,6,1,2,1,0,0,1,0,2.563613284246162,2,0,0,0,0,0,0,0
8,2,0,1,1,0,0,0,0,2.873760317784522,6,1,0,0,0,0,0,0
15,5,1,1,1,0,0,0,0,2.2762532419081314,3,0,1,1,64.41953879649043,0,13.956038917144891,0
10,0,0,0,1,0,0,0,0,4.69800166089056,3,0,0,0,0,0,0,0
9,3,0,1,1,0,1,0,0,2.9830022216085115,6,0,0,0,0,0,0,0
14,1,0,0,1,0,0,0,0,2.8348628771518607,5,0,1,1,90.19112719561916,0,3.9341664978138247,0
11,2,0,3,1,0,0,0,0,4.1276643153082615,3,0,0,0,0,0,0,0
8,3,0,1,1,0,0,0,0,4.722802821621263,3,0,0,0,0,0,0,0
16,1,0,0,1,0,0,0,0,4.797255515792953,1,0,0,0,0,0,0,0
11,5,1,0,1,0,0,0,0,4.254945233898867,2,0,1,1,360.2602139556011,0,1.1096896824897706,0
3,3,0,0,1,0,0,0,0,3.961520765431793,4,0,0,0,0,0,0,0
9,2,0,0,1,0,1,0,0,3.339094322013615,3,0,0,0,0,0,0,0
15,0,0,0,1,0,1,0,0,2.2038588450924377,5,1,0,0,0,0,0,0
10,0,0,0,1,0,0,0,0,3.8970614731316204,3,0,1,1,343.5492059100986,0,3.603213286930048,0
15,6,1,0,1,0,0,1,0,4.946380256507444,4,0,0,0,0,0,0,0
8,2,0,0,1,0,0,0,0,3.873515497273023,2,0,0,0,0,0,0,0
7,1,0,0,1,0,0,0,0,5.224214595793051,3,1,0,0,0,0,0,0
1,3,0,1,1,0,0,1,1,2.800851185800964,6,0,0,0,0,0,0,0
22,2,0,3,1,0,0,0,0,2.0544450683217956,4,0,1,2,295.5510750894758,0,7.345920137875394,0
3,4,0,1.0040131738545706,1,0,0,1,0,0.48239952720693324,10,10,0,0,0,0,0,1
9,6,1,0,1,0,0,0,0,3.000473117889236,2,0,0,0,0,0,0,0
11,1,0,0,1,0,0,0,0,3.8602362030432102,1,0,0,0,0,0,0,0
20,2,0,0,1,0,0,1,1,5.539419949207851,3,0,0,0,0,0,0,0
12,3,0,0,1,0,0,0,0,5.68641299380295,2,0,0,0,0,0,0,0
16,1,0,0,1,0,0,0,0,4.246176567111167,2,0,1,1,259.7162286906471,0,6.785200801694532,0
1,3,0,0,1,0,0,0,0,5.403725385203817,1,0,1,1,294.7114898596037,0,5.090536243314632,0
15,0,0,1,1,0,0,0,0,4.677438140310146,2,2,1,1,305.771380579761,0,5.679804408956148,0
9,1,0,0,1,0,0,0,0,5.5607687573404565,2,1,0,0,0,0,0,0
20,3,0,0,1,0,0,0,0,5.696630943278851,2,1,0,0,0,0,0,0
16,3,0,2,1,0,0,0,0,3.204289235814183,3,0,0,0,0,0,0,0
1,3,0,0,1,0,0,0,0,3.030936543740805,2,0,0,0,0,0,0,0
11,4,0,1,1,0,0,0,0,2.012324478227672,3,0,0,0,0,0,0,0
13,4,0,0,1,0,0,0,0,3.9623301752920974,2,1,1,1,177.03251204727192,0,6.371701396131318,0
15,4,0,0,1,0,0,1,0,2.2813267373960406,1,0,0,0,0,0,0,0
6,3,0,0,1,0,0,0,0,4.835681186130106,3,0,1,2,162.15183651823543,0,11.887680154780917,0
19,3,0,0,1,0,1,0,0,4.771437075874541,3,0,0,0,0,0,0,0
21,3,0,1,1,0,0,0,0,2.0453807371335495,3,0,1,1,58.44847952360372,0,10.67820099523567,0
9,1,0,0,1,0,0,0,0,4.461509776655875,2,0,0,0,0,0,0,0
18,0,0,1,1,0,0,0,0,3.6364471461797296,6,0,1,2,43.25883278329255,0,11.833089309167272,0
20,0,0,1,1,0,0,0,0,3.6618674256133836,2,0,1,1,370.00541768980486,0,5.292251386122136,0
10,4,0,0,1,0,0,0,0,3.600009252273876,2,0,1,2,45.514832703532534,0,4.902026448372846,0
14,0,0,1,1,0,0,0,0,3.2356761288408746,1,2,1,1,37.56016619763702,0,5.395873663747476,0
3,1,0,0,1,0,0,0,0,4.0812723999814295,1,0,0,0,0,0,0,0
18,0,0,0,1,0,0,0,0,3.205884296022017,3,0,1,1,127.83787331039242,0,1.3416235196756392,0
19,1,0,2,1,0,0,0,0,4.110838632525128,4,0,1,1,273.61413168890044,0,6.5727907739533435,0
17,2,0,1,1,0,0,0,0,2.9769958678530237,3,0,1,1,136.3652271492524,0,13.473913652706319,0
0,4,0,5.169357080906488,1,0,0,1,1,4.515031628595283,1,0,0,0,0,0,0,1
12,1,0,0,1,0,0,0,0,3.1336740626641846,1,0,0,0,0,0,0,0
20,2,0,0,1,0,0,0,0,3.500705930064749,3,0,1,2,353.0895232441737,0,5.7973138085537785,0
12,2,0,0,1,0,0,0,0,4.986216448114682,5,0,1,2,314.0863127158979,0,3.418937908181148,0
10,3,0,0,1,0,0,0,0,3.286010769871762,3,0,0,0,0,0,0,0
16,2,0,0,1,0,0,0,0,3.3844533169698696,2,0,0,0,0,0,0,0
6,1,0,1,1,0,0,0,0,4.699442310938895,4,0,1,1,223.758167235044,0,2.151281427621849,0
17,2,0,1,1,0,0,0,0,4.675974372537892,5,0,0,0,0,0,0,0
5,3,0,1,1,0,0,0,0,4.121411412098251,3,0,0,0,0,0,0,0
21,0,0,0,1,0,0,0,0,5.08042934019732,2,2,1,2,97.24625045479736,0,9.332100602662205,0
7,0,0,0,1,0,0,0,0,2.215040870327662,2,0,1,1,360.8691322380583,0,10.125239325727708,0
11,2,0,2,1,0,0,0,0,5.162883668197036,2,0,0,0,0,0,0,0
17,0,0,1,1,0,0,0,0,4.880165656682522,3,0,0,0,0,0,0,0
10,2,0,1,1,0,0,0,0,2.7638603022213752,1,0,1,1,361.53677108036806,0,10.695672117837491,0
12,4,0,1,1,0,0,0,0,3.536654700658741,1,0,1,1,152.6747928991196,0,8.859077767519446,0
12,4,0,2,1,0,0,0,0,3.164821195104793,1,0,1,1,367.8926519896828,0,3.134274616385709,0
1,4,0,0,1,0,0,0,0,5.262321420876614,5,1,1,1,42.76969028952176,0,9.646442522444431,0
13,0,0,0,1,0,0,0,0,4.999504701147098,4,0,1,2,235.38530201819714,0,0.48329787153169645,0
18,3,0,3.345634563999952,1,0,0,0,0,-0.3135967843674248,200,5,0,0,0,0,0,1
16,3,0,1,1,0,0,0,0,5.710691043377791,2,0,0,0,0,0,0,0
9,2,0,2,1,0,0,0,0,5.984338545882952,4,0,1,1,19.54653097748558,0,12.772006040730112,0
8,4,0,0,1,0,0,0,0,2.3873478118402343,4,0,1,1,193.11873495678273,0,7.283575367083852,0
15,1,0,0,1,0,0,1,1,2.529859789558107,2,0,1,1,388.5575869964491,0,8.155989222686857,0
8,5,1,0,1,0,1,0,0,2.314384622548177,3,0,0,0,0,0,0,0
7,3,0,0,1,0,0,0,0,5.688749398040582,1,0,0,0,0,0,0,0
16,2,0,0,1,0,0,0,0,2.177844129291288,1,0,0,0,0,0,0,0
14,4,0,0,1,0,0,0,0,4.480265967327298,2,0,0,0,0,0,0,0
18,4,0,0,1,0,0,0,0,5.730129606292703,3,0,1,1,111.20219337981746,0,8.374486703103422,0
18,2,0,0,1,0,0,0,0,5.739405573157139,5,0,0,0,0,0,0,0
18,0,0,1,1,0,0,0,0,5.86866203501131,5,0,0,0,0,0,0,0
12,2,0,0,1,0,0,0,0,5.0065355303213686,1,0,0,0,0,0,0,0
20,3,0,0,1,0,0,0,0,5.496561524028661,3,0,1,1,248.29507446883855,0,3.3879457760488214,0
13,3,0,1,1,0,0,0,0,2.8618736077460136,2,0,0,0,0,0,0,0
14,0,0,1,1,0,0,0,0,2.63130959059914,4,0,0,0,0,0,0,0
7,0,0,0,1,0,0,0,0,4.776034478980931,4,0,0,0,0,0,0,0
9,0,0,0,1,0,0,0,0,3.029743806878524,2,0,1,1,380.3054316609306,0,11.854294897812025,0
19,4,0,1,1,0,0,0,0,3.7922331714972906,3,0,0,0,0,0,0,0
7,2,0,1,1,0,0,0,0,5.882698347482897,1,1,1,1,222.45926072740295,0,0.518775342701266,0
19,4,0,4.876574350710738,0,1,3,1,1,1.2251110207551945,2,0,0,0,0,0,0,1
14,3,0,0,1,0,0,0,0,3.5133709618385,1,0,0,0,0,0,0,0
9,3,0,1,1,0,0,0,0,4.922632313264652,2,0,0,0,0,0,0,0
14,4,0,0,1,0,0,0,0,3.0875873927904416,3,0,1,1,93.17574075908227,0,7.468707405954023,0
15,3,0,0,1,0,0,0,0,2.9319631748548827,1,0,0,0,0,0,0,0
14,3,0,1,1,0,0,0,0,3.0171821497131597,2,0,1,1,313.5799001711156,0,11.296832586008332,0
10,0,0,0,1,0,0,0,0,4.449479163476726,5,0,0,0,0,0,0,0
2,1,0,0,1,0,0,0,0,5.605639380847592,2,0,1,3,159.80671106395474,0,8.015541027249093,0
9,6,1,0,1,0,0,0,0,3.764718804564953,3,1,0,0,0,0,0,0
11,6,1,0,1,0,0,0,0,2.3369948639919467,3,0,1,2,280.52376495565636,0,9.217675181192014,0
7,3,0,0,1,0,0,0,0,2.452787575539362,3,0,0,0,0,0,0,0
14,1,0,0,1,0,0,0,0,3.1956397746368554,3,0,0,0,0,0,0,0
19,1,0,0,1,0,0,0,0,2.8084008948693446,1,0,0,0,0,0,0,0
7,0,0,1,1,0,0,0,0,2.2191608544369634,1,0,1,1,145.84475592950895,0,4.574248343033723,0
18,1,0,0,1,0,0,0,0,5.414143454112327,2,0,0,0,0,0,0,0
8,4,0,1,1,0,0,0,0,5.875648831231132,4,0,1,1,251.19882205063422,0,5.767086343408974,0
16,0,0,0,1,0,0,0,0,3.267518324110742,1,2,1,1,112.53983116426922,0,6.397352488532933,0
16,5,1,1,1,0,0,0,0,4.964105874043517,2,0,0,0,0,0,0,0
14,5,1,1,1,0,0,0,0,3.0528543452679626,3,0,1,1,355.8542668459443,0,1.7877990479498682,0
6,2,0,1,1,0,0,0,0,2.165052173886039,5,0,1,1,181.44858522516557,0,12.671729849167766,0
12,3,0,1,1,0,0,0,0,4.273125384953822,5,0,0,0,0,0,0,0
16,3,0,3,1,0,0,0,0,4.409303492963084,3,0,0,0,0,0,0,0
8,4,0,1,1,0,0,0,0,3.921401149647404,2,0,1,1,162.44851668540335,1,7.724451818583667,0
18,2,0,2,1,0,0,0,0,2.443817611504567,5,0,1,2,105.01753746842338,0,11.909726635891046,0
15,0,0,1,1,0,0,0,0,5.142694110282903,2,0,1,1,201.13446942656935,0,10.171458576143323,0
9,3,0,1,1,0,0,0,0,4.3015048707232815,4,0,0,0,0,0,0,0
4,0,0,0,1,0,0,0,0,3.8718104515125673,2,0,1,1,138.80470580198244,0,10.012449182154546,0
13,0,0,0,1,0,0,0,0,4.58123041624789,3,0,1,1,260.1929075999018,0,13.928545491216381,0
19,1,0,1,1,0,0,0,0,2.7012079355565093,4,0,0,0,0,0,0,0
13,0,0,0,1,0,0,1,0,3.2224575280981345,3,0,1,1,69.71726064352593,0,2.672714282318487,0
14,2,0,1,1,0,0,0,0,2.7723051133668895,3,0,0,0,0,0,0,0
8,3,0,0,1,0,0,0,0,2.238438165658853,3,0,0,0,0,0,0,0
15,1,0,0,1,0,0,0,0,5.145118458049097,6,0,1,2,297.65835387428683,0,10.483540099714526,0
12,1,0,1,1,0,0,0,0,2.895187668520116,3,0,1,1,321.83007538705004,0,1.4079851326603778,0
12,0,0,0,1,0,0,0,0,3.545355237806321,6,1,1,1,142.65402345087446,0,7.512363362648046,0
18,0,0,1,1,0,0,0,0,4.88289207589622,3,0,0,0,0,0,0,0
13,1,0,1,1,0,0,0,0,2.2244986041948787,3,0,0,0,0,0,0,0
15,4,0,0,1,0,0,0,0,4.8242628129150305,2,0,1,1,135.0429207048083,0,8.361015452674057,0
8,1,0,1,1,0,0,0,0,5.525631717638005,5,1,0,0,0,0,0,0
22,2,0,0,1,0,0,0,0,4.38380897336953,2,0,1,2,145.32990064177028,0,8.613452442028947,0
11,4,0,2,1,0,0,0,0,5.180012702547943,3,1,0,0,0,0,0,0
15,6,1,0,1,0,0,0,0,3.135168748016302,3,0,1,1,255.4219601665168,0,11.601100377427812,0
23,2,0,1,1,0,0,0,0,5.2578898741253575,1,2,1,1,169.6565199492894,0,10.235658736191516,0
10,1,0,0,1,0,0,0,0,4.670914284352291,1,0,0,0,0,0,0,0
16,0,0,1,1,0,0,0,0,3.528446926979811,3,0,0,0,0,0,0,0
13,2,0,0,1,0,0,0,0,5.907122490251567,4,0,1,3,374.6924183039118,0,12.510029769543303,0
9,6,1,0,1,0,0,0,0,3.4455051185565697,1,0,0,0,0,0,0,0
15,4,0,0,1,0,1,0,0,5.042774814744211,5,0,0,0,0,0,0,0
15,2,0,1,1,0,0,0,0,4.730405726401943,4,0,0,0,0,0,0,0
6,0,0,4.760994882913112,0,1,3,1,1,1.9115842397576763,2,1,0,0,0,0,0,1
21,4,0,3,1,0,0,0,0,2.636141761232106,6,1,1,1,154.58346580196454,0,13.863148276390714,0
15,3,0,1,1,0,0,0,0,2.5377250880927904,3,0,1,1,188.20558488646782,0,11.216074931142241,0
15,0,0,0,1,0,0,0,0,4.653019539688831,3,0,0,0,0,0,0,0
9,4,0,0,1,0,0,0,0,4.496390941233218,4,0,1,2,308.77967942352075,0,11.399042200688685,0
14,3,0,0,1,0,0,0,0,5.1528118883266405,3,0,0,0,0,0,0,0
6,3,0,0,1,0,0,0,0,3.1502997400821604,5,0,0,0,0,0,0,0
17,3,0,0,1,0,0,0,0,3.5971937543021824,5,0,0,0,0,0,0,0
14,2,0,0,1,0,0,0,0,3.3283253254855896,2,0,0,0,0,0,0,0
12,4,0,0,1,0,0,0,0,2.8953863672694533,6,0,0,0,0,0,0,0
10,2,0,0,1,0,0,0,0,3.151395935359765,2,0,1,2,48.88344067619938,0,2.683987097174792,0
18,1,0,1,1,0,0,0,0,3.3085715947582135,2,0,0,0,0,0,0,0
22,4,0,2,1,0,0,0,0,4.24132762169369,2,1,0,0,0,0,0,0
8,2,0,1,1,0,0,0,0,2.103692952429613,3,0,1,2,280.02160654199133,0,12.923167604817783,0
21,1,0,1,1,0,0,0,0,2.122950100723422,2,2,0,0,0,0,0,0
14,2,0,1,1,0,0,0,0,2.021196884659186,5,0,0,0,0,0,0,0
14,0,0,1,1,0,0,0,0,4.495563085834114,2,0,1,1,121.29186833482575,0,1.2797080198984696,0
12,4,0,0,1,0,0,0,0,5.379687356292541,1,0,0,0,0,0,0,0
11,5,1,1,1,0,0,0,0,5.288882951958602,1,2,1,1,229.48861162165517,0,3.334247167631791,0
19,2,0,0,1,0,0,0,0,4.107251173442666,6,0,0,0,0,0,0,0
11,0,0,0,1,0,0,1,0,4.24415252287676,4,0,0,0,0,0,0,0
20,3,0,2,1,0,0,0,0,4.767463703911795,4,0,0,0,0,0,0,0
16,6,1,1,1,0,0,0,0,4.800078498563975,3,0,0,0,0,0,0,0
10,2,0,1,1,0,0,0,0,5.6437608645308135,1,0,1,1,218.7015670702315,0,3.2692588093069883,0
15,2,0,3,1,0,1,0,0,4.923163507740274,4,0,0,0,0,0,0,0
10,2,0,0,1,0,0,0,0,4.556434342664602,3,0,1,1,340.3698718304499,0,11.392335559653073,0
14,5,1,0,1,0,0,0,0,5.669841407523993,5,0,0,0,0,0,0,0
17,0,0,0,1,0,0,0,0,3.6547551221665415,4,0,0,0,0,0,0,0
11,3,0,0,1,0,1,0,0,2.6412512769789074,1,1,1,1,249.0887243273194,0,7.151145994817849,0
19,4,0,1,1,0,0,0,0,3.404203799957194,1,0,1,1,34.544541421785695,0,4.744836190196845,0
21,1,0,1,1,0,0,0,0,5.315597887690448,5,0,1,1,268.1470448177029,0,13.027255864179892,0
18,5,1,3.1293681508940376,1,0,0,0,0,-0.32516413109804687,200,5,1,1,31.004956431740105,0,101.32877365475414,1
10,1,0,0,1,0,0,0,0,5.376261708976136,2,0,0,0,0,0,0,0
4,2,0,1,1,0,1,0,0,2.6072603631444564,2,0,0,0,0,0,0,0
8,0,0,0,1,0,0,0,0,5.514143105924624,3,0,1,2,314.6977958410826,0,6.7313411815992374,0
19,4,0,1,1,0,0,0,0,3.7072859134408116,3,1,0,0,0,0,0,0
19,1,0,1,1,0,0,0,0,5.227808410164555,1,0,0,0,0,0,0,0
10,1,0,1,1,0,0,0,0,3.1672223957060157,1,0,0,0,0,0,0,0
11,1,0,0,1,0,0,0,0,4.382179259052942,5,0,1,1,368.93071739073656,0,7.202526444312513,0
17,4,0,0,1,0,0,0,0,5.80711849572949,5,0,0,0,0,0,0,0
16,2,0,1,1,0,0,0,0,4.2470216027422225,5,0,0,0,0,0,0,0
7,3,0,0,1,0,0,0,0,5.015171786647812,2,0,1,1,111.34220015287225,0,1.3892363656917668,0
13,0,0,0,1,0,0,1,0,2.2301434984821475,2,0,0,0,0,0,0,0
14,3,0,1,1,0,0,0,0,4.373807861267599,3,0,0,0,0,0,0,0
15,4,0,0,1,0,0,0,0,5.514953459881395,2,0,0,0,0,0,0,0
12,1,0,2,1,0,0,0,0,2.329555555893938,1,0,1,1,132.07646676957035,1,10.790370807205997,0
11,6,1,0,1,0,0,0,0,5.8933585429772535,4,0,1,1,272.20963939844046,0,4.15690582075599,0
16,2,0,1,1,0,0,0,0,4.438224161861648,1,0,0,0,0,0,0,0
8,5,1,1,1,0,0,0,0,4.480479076968444,6,0,1,1,277.103437885841,0,4.310891381892528,0
7,5,1,0,1,0,0,0,0,3.103770944834488,3,0,1,1,256.12861213653116,0,13.574044477594251,0
8,1,0,3,1,0,0,1,0,5.952188736713098,3,0,1,3,151.25947422995532,0,8.390784879892564,0
1,5,1,0,1,0,0,0,0,5.81574122769611,2,0,1,1,309.2820109119695,0,13.015752967440044,0
1,0,0,3,1,0,0,0,0,2.5142628603164052,3,0,1,2,121.03497128698996,0,5.165817554390885,0
10,5,1,0,1,0,0,0,0,2.4401746854062516,2,0,0,0,0,0,0,0
2,4,0,9.7119632862908,1,0,0,1,0,3.506147557263042,1,0,0,0,0,0,0,1
10,4,0,0,1,0,0,0,0,3.9293888424165666,1,0,1,3,271.41488347435507,0,1.6469788205954599,0
12,4,0,1,1,0,0,0,0,4.274812258195714,1,0,1,2,258.55065597410714,0,10.640887125263877,0
13,6,1,0,1,0,0,0,0,4.561875996285403,2,0,0,0,0,0,0,0
12,3,0,0,1,0,0,0,0,5.127750950557379,2,0,0,0,0,0,0,0
15,3,0,0,1,0,0,0,0,5.846258499690073,5,1,1,1,188.71308001529397,0,11.83707904047709,0
18,2,0,1,1,0,0,0,0,2.2478482997953897,3,0,1,1,275.5446058007938,0,8.94899587309109,0
7,6,1,2,1,0,0,0,0,4.92969815017978,2,1,0,0,0,0,0,0
2,5,1,4.127602137248611,0,1,2,1,1,1.0892667630850243,1,0,0,0,0,0,0,1
12,3,0,0,1,0,0,1,0,3.711282508983529,3,0,0,0,0,0,0,0
14,6,1,0,1,0,0,0,0,4.939215406103708,5,0,0,0,0,0,0,0
17,4,0,1,1,0,0,0,0,5.356982607508915,6,0,1,1,392.75899800370763,0,7.424418056463656,0
5,0,0,1,1,0,0,0,0,4.6477547712330445,3,0,0,0,0,0,0,0
10,1,0,1,1,0,0,0,0,4.496741707925715,5,0,1,2,319.25580869675133,0,0.390569441373138,0
21,1,0,0,1,0,0,0,0,4.013500734594993,2,0,0,0,0,0,0,0
13,2,0,0,1,0,0,0,0,5.244203965235595,3,0,0,0,0,0,0,0
16,0,0,0,1,0,0,0,0,3.041196562927558,4,0,1,2,17.219636150960135,0,13.05726755001052,0
18,4,0,0,1,0,0,0,0,3.800246282553384,1,0,0,0,0,0,0,0
12,4,0,0,1,0,0,0,0,5.192070057888433,4,0,0,0,0,0,0,0
10,3,0,0,1,0,0,0,0,2.9297019095247996,3,2,0,0,0,0,0,0
14,3,0,3,1,0,0,0,0,4.469606441829914,2,0,0,0,0,0,0,0
5,2,0,0,1,0,0,0,0,4.013693445806172,2,0,0,0,0,0,0,0
12,4,0,0,1,0,0,0,0,4.962710243462558,1,0,1,2,277.4554883231553,0,1.084772137244843,0
12,1,0,0,1,0,0,0,0,5.794962074222042,3,0,0,0,0,0,0,0
7,4,0,0,1,0,0,0,0,5.282285050905683,3,0,1,1,54.82739780399332,0,11.898189035001895,0
14,5,1,3.7428388915739235,0,1,3,1,1,-0.06318105935020801,2,0,0,0,0,0,0,1
11,5,1,9.170811279948584,0,1,1,1,0,3.505810475441496,3,1,1,1,0.08434900224585029,1,0.08219570118077169,1
16,1,0,2,1,0,0,0,0,4.848648959532946,3,0,0,0,0,0,0,0
14,2,0,1,1,0,0,0,0,2.7065213029326105,4,0,1,1,204.5618431595008,0,12.249799354738494,0
13,1,0,0,1,0,0,0,0,4.0180104524966564,4,0,0,0,0,0,0,0
11,4,0,1,1,0,0,0,0,3.4523224130702097,2,0,0,0,0,0,0,0
10,0,0,0,1,0,0,0,0,3.0841334037578756,1,0,0,0,0,0,0,0
16,3,0,2,1,0,1,0,0,2.3415646190075976,1,0,1,1,105.27191499964853,0,13.887918812843111,0
12,2,0,1,1,0,0,0,0,3.6011113450988983,1,0,1,1,359.1333811492132,0,11.7404523159836,0
12,4,0,1,1,0,0,0,0,4.969906685252569,2,0,0,0,0,0,0,0
20,1,0,0,1,0,0,0,0,3.655401399465265,5,0,1,1,95.97004159601511,0,8.61328660613962,0
9,3,0,0,1,0,0,1,1,3.7151616164983112,2,0,1,1,279.41457428731155,1,10.700535149204756,0
16,0,0,0,1,0,0,0,0,5.295967486949164,1,0,1,1,398.676693309628,0,5.897992352151695,0
19,1,0,0,1,0,0,0,0,5.874854656801499,6,0,0,0,0,0,0,0
16,4,0,0,1,0,0,0,0,2.3283468943020864,5,0,1,1,133.6962057151576,0,6.956608077190248,0
15,3,0,1,1,0,0,0,0,2.7182034058239695,3,0,0,0,0,0,0,0
12,4,0,0,1,0,0,0,0,3.109594976320799,5,0,0,0,0,0,0,0
2,5,1,7.291662749165949,1,0,0,1,0,5.939334883146373,1,0,0,0,0,0,0,1
23,5,1,0,1,0,0,0,0,2.5815473313640096,2,0,0,0,0,0,0,0
23,4,0,4.71116737474867,1,0,0,0,0,0.016175845379346576,30,15,0,0,0,0,0,1
13,0,0,0,1,0,0,0,0,4.923884659079149,3,0,0,0,0,0,0,0
10,3,0,0,1,0,0,0,0,3.2937546971300313,3,0,1,1,64.9629942680088,0,1.614124044739571,0
11,5,1,1,1,0,0,0,0,4.8129609983892685,5,0,1,2,322.38071843305147,0,0.12596393663981909,0
17,3,0,3,1,0,0,0,0,5.226765521479281,4,0,0,0,0,0,0,0
7,1,0,0,1,0,0,0,0,2.880869537806238,1,0,0,0,0,0,0,0
18,1,0,0,1,0,0,0,0,4.96259813011714,2,0,0,0,0,0,0,0
2,3,0,0,1,0,0,0,0,5.971003270596497,4,0,0,0,0,0,0,0
14,3,0,0,1,0,0,1,0,5.779181537329325,3,0,1,2,333.1357993837264,0,10.63491401474679,0
15,0,0,0,1,0,0,0,0,4.971332619570905,3,0,1,1,344.269165754871,0,3.5795122910729793,0
7,2,0,1,1,0,0,0,0,4.235161832120229,1,0,0,0,0,0,0,0
20,4,0,1,1,0,0,0,0,2.100959369775819,3,0,0,0,0,0,0,0
12,1,0,0,1,0,0,0,0,5.09406573354555,1,0,0,0,0,0,0,0
12,2,0,0,1,0,0,0,0,2.68696216091273,2,0,1,1,60.52625392153518,0,1.0763443602836889,0
7,1,0,2,1,0,0,0,0,3.106265510195412,4,0,0,0,0,0,0,0
11,2,0,1,1,0,0,0,0,2.617297603317552,2,0,0,0,0,0,0,0
10,4,0,0,1,0,0,0,0,4.941657953035852,1,0,0,0,0,0,0,0
6,5,1,7.76880404524673,0,0,0,1,1,1.974339551341434,1,0,1,1,0.16400308787265658,1,0.1784921368013573,1
2,5,1,1,1,0,0,0,0,2.8487283669754895,2,1,1,2,353.21705981728286,0,6.457905372648805,0
9,4,0,0,1,0,0,0,0,4.576883149904871,5,0,0,0,0,0,0,0
22,4,0,0,1,0,0,0,0,3.6705710801060585,4,0,0,0,0,0,0,0
21,1,0,1.9224106919009079,1,0,0,0,0,-1.3290753778086306,50,5,0,0,0,0,0,1
8,1,0,1,1,0,0,0,0,2.9371221645759,1,0,0,0,0,0,0,0
16,5,1,0,1,0,0,0,0,3.3246119036382065,3,0,0,0,0,0,0,0
8,2,0,7.671495791409115,1,0,0,1,1,2.071952915961013,1,0,1,1,0.12469428025144394,1,0.021896496905219866,1
18,1,0,0,1,0,0,0,0,3.4427916781938124,2,0,1,1,327.57712944896554,0,2.085936977277319,0
10,1,0,0,1,0,0,0,0,3.848590519288034,2,0,0,0,0,0,0,0
3,3,0,2,1,0,1,0,0,2.2814624542904713,2,0,1,1,313.76625994066217,0,7.478391364266715,0
13,3,0,3,1,0,0,0,0,4.810063508482075,2,0,0,0,0,0,0,0
8,0,0,1,1,0,0,0,0,2.2402345913123667,6,0,0,0,0,0,0,0
16,2,0,1,1,0,0,0,0,3.086893206987642,5,0,1,1,138.32288628813848,0,8.618929679919848,0
2,0,0,3,1,0,0,0,0,2.7894388716792298,2,0,0,0,0,0,0,0
14,0,0,1,1,0,0,0,0,4.131370091676816,2,0,1,1,215.76196443842784,0,9.96694633593617,0
17,3,0,1,1,0,0,0,0,5.191176286200952,3,0,0,0,0,0,0,0
17,2,0,0,1,0,0,0,0,5.483390867432882,3,0,0,0,0,0,0,0
14,2,0,0,1,0,0,0,0,2.9747824006157804,3,0,0,0,0,0,0,0
8,3,0,0,1,0,0,0,0,3.8783389305854103,3,0,1,1,318.02892625214827,0,8.754062796288103,0
8,1,0,1,1,0,0,0,0,3.9664727822859858,3,0,1,1,316.3499941053026,0,3.7635810960273486,0
14,6,1,0,1,0,0,0,0,3.6246829754603755,2,0,0,0,0,0,0,0
16,1,0,2,1,0,0,0,0,4.11016257770347,3,0,0,0,0,0,0,0
10,5,1,0,1,0,0,0,0,4.975012677135334,2,0,1,1,346.19904413140006,0,12.114327244751108,0
16,1,0,1,1,0,0,1,0,4.337249112460736,3,0,1,1,360.77296551654666,0,4.277057291225814,0
15,0,0,3,1,0,0,0,0,2.689159083189797,3,0,1,2,227.17554846125142,0,5.907070833421308,0
19,3,0,3,1,0,0,0,0,2.3457199748165256,3,0,1,1,231.237022019099,0,12.623440874244068,0
18,6,1,0,1,0,0,0,0,3.869847071462918,1,0,0,0,0,0,0,0
6,0,0,0,1,0,0,0,0,3.2763908833023265,1,0,0,0,0,0,0,0
16,3,0,0,1,0,0,0,0,3.5429774476367615,4,0,0,0,0,0,0,0
7,1,0,0,1,0,0,0,0,3.6699117325020874,4,0,0,0,0,0,0,0
2,1,0,0,1,0,0,1,0,3.790550002986181,6,0,1,1,358.9659420819058,0,1.1694344877882001,0
12,4,0,0,1,0,0,0,0,2.3700343033864932,6,0,1,2,76.28941709070227,0,11.65037668624002,0
0,2,0,0,1,0,0,0,0,4.661525123194316,2,0,1,1,370.41589586042363,0,1.2463764092106682,0
19,2,0,0,1,0,0,0,0,3.6205164110939325,3,0,0,0,0,0,0,0
16,2,0,2,1,0,0,0,0,5.072883125437608,3,0,0,0,0,0,0,0
13,6,1,0,1,0,0,0,0,3.0278803382530493,4,0,1,2,144.7440879675281,0,13.480506100164286,0
14,3,0,0,1,0,0,0,0,2.5636706793134465,2,0,0,0,0,0,0,0
17,2,0,1,1,0,0,0,0,4.639246314661021,3,0,0,0,0,0,0,0
10,3,0,1,1,0,0,0,0,2.8664634126622253,1,0,0,0,0,0,0,0
12,2,0,0,1,0,0,0,0,4.479498515592919,2,0,0,0,0,0,0,0
17,4,0,0,1,0,0,0,0,4.632050495754253,2,0,0,0,0,0,0,0
14,3,0,0,1,0,0,0,0,2.166640352828862,4,0,1,1,234.09989252672472,0,11.661015776220689,0
17,2,0,2,1,0,0,0,0,4.513402860604761,4,0,1,2,297.2025417850069,0,11.539364991516253,0
13,0,0,1,1,0,0,0,0,3.18316171285696,3,0,0,0,0,0,0,0
10,5,1,1,1,0,0,0,0,2.242959643627412,5,0,0,0,0,0,0,0
22,2,0,7.601468672250301,1,0,0,1,1,4.875089510691729,1,0,0,0,0,0,0,1
17,2,0,0,1,0,0,0,0,2.8592454374002707,4,0,1,2,172.83505906959638,0,0.46134144454285253,0
16,1,0,0,1,0,0,0,0,4.876704195155154,6,0,1,2,219.29164542585312,1,4.523944720275275,0
14,4,0,2,1,0,0,0,0,2.343000233813109,1,0,0,0,0,0,0,0
14,6,1,3,1,0,0,0,0,5.461236790437489,3,0,1,1,258.3148754350482,0,8.79994713996743,0
9,6,1,0,1,0,0,0,0,3.866102737960534,3,0,1,2,306.765379714722,0,1.4427023175360358,0
0,1,0,1,1,0,0,0,0,4.946981533577739,3,0,0,0,0,0,0,0
11,1,0,0,1,0,0,0,0,3.7387090116275057,2,0,0,0,0,0,0,0
15,3,0,0,1,0,0,0,0,4.484630809538965,4,0,1,1,145.6771062635696,0,7.395132509235221,0
6,2,0,4.973932256295919,0,1,2,1,1,-0.6438804217502216,1,2,0,0,0,0,0,1
13,4,0,3,1,0,1,0,0,4.467622370715033,5,0,0,0,0,0,0,0
14,3,0,0,1,0,0,0,0,5.989818406935247,6,0,0,0,0,0,0,0
8,3,0,3,1,0,0,0,0,2.9335216720000075,1,0,1,1,331.4303935360684,0,3.6738033324675206,0
19,4,0,1,1,0,0,1,0,2.6687354906546368,4,1,0,0,0,0,0,0
19,1,0,0,1,0,0,0,0,2.902525085090649,4,0,0,0,0,0,0,0
17,6,1,1,1,0,0,0,0,2.032141648586246,3,0,0,0,0,0,0,0
5,2,0,0,1,0,0,0,0,2.458115364627346,4,0,0,0,0,0,0,0
18,1,0,0,1,0,0,0,0,2.0424598304583346,4,0,0,0,0,0,0,0
12,3,0,1,1,0,0,0,0,2.131163940070379,1,0,0,0,0,0,0,0
7,0,0,0,1,0,0,0,0,5.975876630345921,3,0,1,2,144.89380447111125,1,9.942852654300523,0
16,4,0,0,1,0,0,0,0,2.6820482469866374,3,0,1,1,276.760581489562,0,13.274872390980219,0
10,0,0,0,1,0,0,0,0,5.981312041087886,2,0,0,0,0,0,0,0
14,4,0,2,1,0,0,0,0,4.725286918487324,2,0,1,2,152.32291237082185,0,13.682953886644448,0
6,3,0,0,1,0,0,0,0,4.533229320344644,3,0,1,1,224.59303358466528,0,4.85107070043378,0
13,3,0,0,1,0,0,0,0,5.951787883137872,2,0,1,1,204.3325420336902,0,10.28114806210756,0
7,4,0,0,1,0,0,0,0,3.3704354490437525,2,1,0,0,0,0,0,0
15,1,0,3,1,0,0,0,0,4.486891109988502,1,1,0,0,0,0,0,0
18,3,0,0,1,0,0,0,0,5.591406920353334,2,0,0,0,0,0,0,0
0,5,1,0,1,0,0,0,0,5.028611206492997,1,0,1,1,128.115409952836,0,11.725572790136258,0
17,3,0,0,1,0,0,0,0,5.549055964203342,6,2,1,2,241.13112124375934,0,4.671357206114076,0
12,5,1,0,1,0,0,0,0,3.9788767134378182,2,0,1,1,84.16240894276343,0,2.943272722101928,0
9,0,0,0,1,0,0,0,0,4.928490903913356,4,2,1,2,230.36547821882618,0,2.4575791132495794,0
9,0,0,0,1,0,0,0,0,4.422672077265683,3,0,0,0,0,0,0,0
7,2,0,1,1,0,0,0,0,2.6640096783625338,1,0,0,0,0,0,0,0
14,5,1,1,1,0,0,0,0,4.453057716277728,5,0,1,2,50.904274992020966,0,4.03075693974967,0
1,2,0,2,1,0,0,0,0,4.309158036519806,1,1,0,0,0,0,0,0
17,3,0,0,1,0,0,0,0,5.2156396364615345,2,0,1,1,103.42499550777177,0,0.5048558640208829,0
22,3,0,0,1,0,0,0,0,3.7810463659841425,1,0,0,0,0,0,0,0
12,4,0,0,1,0,0,0,0,4.129292952250077,5,0,0,0,0,0,0,0
17,6,1,0,1,0,0,0,0,2.243198988830284,3,0,0,0,0,0,0,0
19,6,1,0,1,0,0,0,0,5.781999417296833,5,0,0,0,0,0,0,0
14,4,0,2,1,0,0,0,0,4.562867673649549,3,0,0,0,0,0,0,0
8,4,0,1,1,0,0,0,0,4.9886517975568765,3,0,1,1,63.10333799167673,0,3.9189645755961866,0
16,4,0,1,1,0,0,0,0,3.7688396141492184,3,0,0,0,0,0,0,0
13,4,0,1,1,0,0,0,0,3.736114216861058,4,0,1,2,349.1294601540863,0,0.383399936051932,0
14,1,0,0,1,0,0,0,0,2.4758149955900373,1,0,0,0,0,0,0,0
12,2,0,1,1,0,0,0,0,2.807004327955122,3,0,1,1,300.95752769699493,0,9.649366466370338,0
10,2,0,1,1,0,0,0,0,4.580431625625785,3,0,0,0,0,0,0,0
19,3,0,0,1,0,0,0,0,3.594576837436591,4,0,0,0,0,0,0,0
15,0,0,2,1,0,0,0,0,3.790829532687524,2,0,0,0,0,0,0,0
21,1,0,1,1,0,0,1,1,5.538835177740621,2,0,0,0,0,0,0,0
15,1,0,1,1,0,0,0,0,2.3984544774915943,2,0,1,2,399.84226671785785,0,5.592422816885808,0
13,2,0,0,1,0,0,0,0,3.617056831539436,3,0,0,0,0,0,0,0
16,4,0,2,1,0,0,0,0,5.895136827352171,3,0,0,0,0,0,0,0
6,6,1,3,1,0,0,0,0,5.541717055992831,4,0,1,1,104.14822705631788,0,10.082717117297626,0
1,5,1,6.9973837938349845,1,0,0,1,1,3.619117103012745,1,0,0,0,0,0,0,1
12,0,0,0,1,0,0,0,0,4.917334943699474,6,0,1,1,184.3970874718682,0,2.547528443159943,0
22,0,0,0,1,0,0,0,0,4.040018427644775,1,0,1,2,47.69530425838192,0,10.25395694672049,0
8,1,0,4.274473523585588,0,1,3,1,1,-0.6615244072502833,1,0,0,0,0,0,0,1
15,1,0,0,1,0,0,0,0,4.619750067674447,5,0,0,0,0,0,0,0
10,1,0,0,1,0,0,0,0,4.51641205777069,1,0,1,1,331.495000888803,0,5.602299298278352,0
8,2,0,1,1,0,0,1,0,3.9468899757504454,3,1,0,0,0,0,0,0
16,0,0,3,1,0,0,0,0,2.0430591534716696,2,0,0,0,0,0,0,0
11,0,0,0,1,0,0,0,0,5.443488807999915,2,0,0,0,0,0,0,0
13,2,0,0,1,0,0,0,0,2.231527797290294,2,0,1,2,89.52754327838394,0,9.847199154166127,0
13,3,0,1,1,0,0,0,0,2.1689509670886324,3,2,0,0,0,0,0,0
12,1,0,2,1,0,0,0,0,4.4120846350451774,3,0,0,0,0,0,0,0
9,1,0,0,1,0,0,0,0,4.488884998325587,4,0,0,0,0,0,0,0
12,2,0,0,1,0,0,0,0,3.647859187833779,1,0,0,0,0,0,0,0
20,0,0,1,1,0,0,0,0,2.2604888474680083,3,0,1,1,90.80917243938329,0,12.92306412160557,0
10,2,0,0,1,0,0,0,0,4.8949163079731886,1,0,0,0,0,0,0,0
16,3,0,2,1,0,0,0,0,2.2858861659425367,6,0,0,0,0,0,0,0
12,3,0,1,1,0,0,0,0,2.4921704578247397,6,0,1,1,16.844861878756767,0,9.604538313859404,0
14,2,0,0,1,0,0,0,0,4.036288225477433,2,1,0,0,0,0,0,0
12,3,0,0,1,0,0,0,0,2.1670546900387366,2,0,1,1,165.86034860520283,0,11.571685025639184,0
18,1,0,1,1,0,0,0,0,4.804814285043311,2,0,1,3,391.5221632854956,0,5.049882761678999,0
10,4,0,1,1,0,0,0,0,2.7616880679362974,6,0,1,1,157.4142455763933,0,10.478604417748834,0
11,1,0,1,1,0,0,0,0,5.02692486903859,2,0,1,1,374.11278205018374,0,10.374394947568454,0
9,4,0,0,1,0,0,0,0,3.185351346877678,3,0,0,0,0,0,0,0
13,1,0,0,1,0,0,0,0,2.681359693081165,3,0,1,1,294.1560959169945,0,7.007978369159723,0
3,2,0,1,1,0,0,0,0,2.4583287019904554,2,1,1,2,181.14839744480466,0,12.909402655255844,0
8,2,0,0,1,0,0,0,0,2.702032618748982,2,0,0,0,0,0,0,0
16,1,0,1,1,0,0,0,0,4.544206049202911,4,0,1,1,109.64489766270435,0,10.785798434680494,0
13,5,1,1,1,0,0,1,0,2.1098602608446804,3,0,1,1,227.87599026858524,0,3.295685291649268,0
4,2,0,2,1,0,0,0,0,2.7425514793381183,1,0,0,0,0,0,0,0
14,2,0,0,1,0,0,0,0,4.193538116801505,5,0,0,0,0,0,0,0
22,5,1,0,1,0,0,0,0,2.5411662093640905,1,0,0,0,0,0,0,0
8,3,0,0,1,0,0,0,0,2.5941546889444345,5,0,1,1,68.33443116364153,0,9.75525303725605,0
14,3,0,0,1,0,0,0,0,2.4254713253310713,3,0,0,0,0,0,0,0
15,1,0,1,1,0,0,0,0,5.781985796156962,1,0,0,0,0,0,0,0
20,3,0,0,1,0,0,0,0,3.27845829702118,1,0,1,2,372.6275035575906,0,6.268447940373202,0
1,6,1,2,1,0,0,0,0,2.5307314320965397,5,0,1,1,158.71361631633442,0,7.0086110559559955,0
8,0,0,2,1,0,0,0,0,2.4206321159440765,1,0,0,0,0,0,0,0
8,0,0,0,1,0,0,0,0,5.026578070016333,3,0,1,1,32.105575454354565,0,8.812652008343715,0
19,2,0,0,1,0,0,0,0,3.6373050678996366,6,0,0,0,0,0,0,0
18,0,0,1,1,0,0,0,0,5.122112457194692,4,0,1,3,35.142193342880674,0,0.3214493830525653,0
10,1,0,0,1,0,0,0,0,3.6031373759980623,1,0,0,0,0,0,0,0
9,3,0,0,1,0,0,0,0,4.634822357486758,3,0,1,1,198.79663858873224,0,9.990478602125986,0
8,3,0,0,1,0,0,0,0,2.4605430069722884,5,0,1,2,20.633808172381986,0,2.7440083825131336,0
14,5,1,7.937521991747625,1,1,2,1,1,3.6430494457287645,3,2,1,1,0.13145165353337215,1,0.0860709281274809,1
17,2,0,0,1,0,0,0,0,5.438653309733235,3,0,1,2,94.66148100362238,0,11.693472867770845,0
15,0,0,1,1,0,0,0,0,5.9163261736079304,5,0,0,0,0,0,0,0
17,6,1,0,1,0,0,0,0,5.499461627965998,2,0,1,1,57.26982027331418,0,9.604409508253408,0
13,6,1,0,1,0,0,0,0,2.3960365254466827,4,0,0,0,0,0,0,0
9,2,0,0,1,0,0,0,0,5.06027505297592,5,0,0,0,0,0,0,0
10,4,0,2,1,0,0,0,0,5.565747065564918,4,0,0,0,0,0,0,0
17,3,0,2,1,0,0,0,0,4.819911575275643,3,0,0,0,0,0,0,0
16,3,0,1,1,0,0,0,0,3.9483389326113163,4,0,1,1,394.24808083481844,0,13.21358575220185,0
15,2,0,0,1,0,0,0,0,2.6001356097570105,1,0,0,0,0,0,0,0
11,6,1,1,1,0,0,0,0,2.2915416561892235,4,0,0,0,0,0,0,0
16,4,0,1,1,0,0,0,0,4.391218611640092,4,0,0,0,0,0,0,0
16,5,1,0,1,0,0,0,0,4.017267251556412,1,0,0,0,0,0,0,0
6,3,0,0,1,0,0,0,0,2.4568515372163198,2,0,0,0,0,0,0,0
19,4,0,0,1,0,0,0,0,5.510294128241563,1,0,0,0,0,0,0,0
20,4,0,1,1,0,1,0,0,5.97177807212913,2,0,0,0,0,0,0,0
16,5,1,0,1,0,0,0,0,5.271220737334689,2,0,0,0,0,0,0,0
6,0,0,0,1,0,0,0,0,5.8158474144859555,3,0,1,1,330.8726507708214,0,4.953228231832144,0
9,4,0,0,1,0,0,0,0,2.30064637110618,3,1,0,0,0,0,0,0
7,1,0,2,1,0,0,0,0,5.731184153848301,2,0,0,0,0,0,0,0
14,0,0,0,1,0,0,0,0,5.310484030423003,3,0,1,1,213.55028500272928,0,11.618509061972954,0
16,1,0,1,1,0,0,0,0,2.042980110932125,3,1,0,0,0,0,0,0
17,5,1,0,1,0,0,0,0,4.398022521713832,5,0,0,0,0,0,0,0
19,0,0,0,1,0,1,0,0,2.7667566880002576,5,0,0,0,0,0,0,0
11,0,0,1,1,0,0,0,0,4.79949950945371,2,1,1,1,307.64553248705676,0,0.7041670796171997,0
9,3,0,1,1,0,0,0,0,4.973196625422333,4,1,0,0,0,0,0,0
8,4,0,1,1,0,0,0,0,2.693029589960925,2,0,0,0,0,0,0,0
9,2,0,0,1,0,0,0,0,2.0278964394945254,4,0,1,2,155.40585181690722,0,12.139842164396704,0
15,2,0,1,1,0,0,0,0,2.7028436904293156,2,0,0,0,0,0,0,0
13,5,1,0,1,0,0,0,0,2.3088337688522973,1,0,0,0,0,0,0,0
14,3,0,0,1,0,0,0,0,4.552660839139017,6,0,1,1,57.1557482291669,0,10.798032643027435,0
3,2,0,0,1,0,0,0,0,3.493060627902516,1,2,0,0,0,0,0,0
8,3,0,1,1,0,0,0,0,5.46317805164814,2,0,1,1,186.81258481133585,0,9.638986024297562,0
7,4,0,0,1,0,0,0,0,5.315394346782265,4,0,0,0,0,0,0,0
16,4,0,1,1,0,0,0,0,5.334303253166525,6,0,0,0,0,0,0,0
8,2,0,0,1,0,0,0,0,5.079887434763535,3,0,1,1,45.67946209520819,0,7.553739116688583,0
11,3,0,0,1,0,0,0,0,2.241367648900869,2,0,0,0,0,0,0,0
12,3,0,0,1,0,0,0,0,4.5844763223145115,1,1,1,1,119.58140934746825,0,8.027567449584927,0
15,5,1,0,1,0,0,0,0,3.607191460993678,1,0,0,0,0,0,0,0
14,3,0,1,1,0,0,0,0,2.4310524939392493,2,2,1,2,32.21618557330433,0,3.289206350668195,0
8,2,0,2,1,0,0,0,0,5.537608272303557,4,0,1,1,385.9756006570554,0,10.202088955956286,0
11,5,1,1,1,0,0,0,0,2.662231096844142,2,0,0,0,0,0,0,0
12,5,1,0,1,0,0,0,0,5.4875180555921705,1,0,0,0,0,0,0,0
7,1,0,0,1,0,0,0,0,2.182004327120587,1,0,1,1,385.0944628060519,0,3.7231586038018056,0
9,3,0,1,1,0,0,0,0,5.267958100407333,1,0,0,0,0,0,0,0
11,6,1,0,1,0,0,0,0,4.025194790332769,1,0,1,1,131.1572005155016,0,9.228433512748163,0
19,5,1,1,1,0,0,0,0,4.534946127800007,1,0,0,0,0,0,0,0
7,2,0,0,1,0,0,0,0,3.474297611976832,4,0,1,1,304.71316796933854,0,5.364305982546137,0
11,0,0,1,1,0,0,0,0,2.9414321513106123,6,0,1,1,179.04276122201716,0,3.8226481459433934,0
15,4,0,1,1,0,0,0,0,4.100292809570867,2,0,1,1,80.04811139730191,0,3.335034847898827,0
15,6,1,0,1,0,0,0,0,2.194286422527621,5,0,0,0,0,0,0,0
9,1,0,0,1,0,0,0,0,4.533265954017592,2,0,1,3,53.23796078716525,0,4.995897995166412,0
12,3,0,0,1,0,0,0,0,4.742837734546525,3,0,0,0,0,0,0,0
6,4,0,1,1,0,0,0,0,4.199214373979776,2,0,0,0,0,0,0,0
17,1,0,3,1,0,0,0,0,2.394388934891871,3,0,1,1,141.84826963727645,0,2.2742366546602097,0
8,2,0,2,1,0,0,0,0,4.127730159314601,4,0,1,1,163.8469686913331,0,10.262773623434734,0
7,5,1,1,1,0,0,0,0,5.1757803690609006,1,0,0,0,0,0,0,0
19,4,0,1,1,0,0,1,1,5.799797383790896,1,0,1,1,314.52049990104786,0,11.37682963208631,0
1,1,0,0,1,0,0,0,0,3.2448037389902833,2,0,0,0,0,0,0,0
20,0,0,0,1,0,0,0,0,5.703510679519169,4,0,1,1,378.82014884965,0,2.348190532449089,0
2,0,0,2,1,0,0,0,0,5.956399696108969,1,0,0,0,0,0,0,0
9,2,0,0,1,0,0,0,0,3.25975406642776,6,0,0,0,0,0,0,0
8,0,0,0,1,0,0,0,0,3.172111242760023,3,0,0,0,0,0,0,0
15,0,0,1,1,0,0,0,0,2.6924534886059845,4,0,1,1,109.11829425870364,0,6.32327414390683,0
7,5,1,0,1,0,0,0,0,2.426964534110676,2,0,0,0,0,0,0,0
11,1,0,0,1,0,0,0,0,3.2980891489933337,1,0,0,0,0,0,0,0
9,0,0,0,1,0,0,0,0,2.3979842665379443,6,0,0,0,0,0,0,0
8,1,0,0,1,0,0,0,0,4.389813310557297,1,0,1,2,341.8387823681565,0,1.8646620059172723,0
16,1,0,1,1,0,0,0,0,4.336584706124517,6,0,1,1,187.2912212121637,0,4.609291935831871,0
16,2,0,0,1,0,0,0,0,4.5187724419647,6,0,0,0,0,0,0,0
17,6,1,0,1,0,0,0,0,4.360721717238269,5,0,0,0,0,0,0,0
10,0,0,0,1,0,0,0,0,2.812610387131076,3,0,0,0,0,0,0,0
17,1,0,0,1,0,0,0,0,5.118058214022305,1,0,0,0,0,0,0,0
18,3,0,0,1,0,0,0,0,3.6007574484557967,1,0,1,3,253.86084778173213,0,13.969057036360924,0
15,2,0,0,1,0,0,0,0,4.650147097425194,2,0,0,0,0,0,0,0
15,1,0,0,1,0,0,0,0,3.937004520429437,2,0,0,0,0,0,0,0
15,3,0,1,1,0,0,0,0,5.6897891832793235,3,0,1,2,258.6072875790169,0,5.078725029623152,0
14,0,0,0,1,0,0,0,0,5.446612704033546,1,0,0,0,0,0,0,0
19,5,1,0,1,0,0,0,0,4.940794476308838,4,0,0,0,0,0,0,0
11,4,0,0,1,0,0,0,0,2.717841722671771,2,0,0,0,0,0,0,0
20,5,1,0,1,0,0,0,0,2.4735491628687147,2,0,1,2,353.73091344191033,0,5.757524685910891,0
15,3,0,0,1,0,0,0,0,2.4462086943835057,2,0,1,2,115.66817358992104,0,2.501126327421839,0
14,0,0,1,1,0,0,1,1,3.7081042264262254,1,0,1,1,369.53829419514415,1,4.563905648863479,0
23,3,0,2,1,0,0,0,0,2.207432071522628,5,0,1,1,298.1080558391651,0,10.730002510349282,0
18,4,0,1,1,0,0,0,0,2.286928882556246,1,0,0,0,0,0,0,0
15,1,0,0,1,0,0,0,0,5.644057951311595,4,0,0,0,0,0,0,0
10,1,0,0,1,0,0,0,0,3.0396995536026012,2,0,0,0,0,0,0,0
18,6,1,2,1,0,0,0,0,2.7075646206701234,4,0,1,2,201.19952465344232,0,8.631703876280286,0
18,0,0,0,1,0,0,0,0,4.501249950325016,5,0,0,0,0,0,0,0
8,0,0,2,1,0,0,0,0,4.139164469187138,3,0,0,0,0,0,0,0
9,2,0,0,1,0,0,0,0,4.824244871269904,1,0,0,0,0,0,0,0
8,6,1,3,1,0,0,0,0,2.1339858280873805,3,0,0,0,0,0,0,0
18,0,0,0,1,0,0,0,0,2.2143838407721512,1,0,1,2,271.54782388729694,0,1.1642986793195271,0
9,4,0,2,1,0,0,0,0,3.586237158080273,6,0,0,0,0,0,0,0
20,2,0,1,1,0,0,0,0,5.896635039862268,1,0,1,1,243.04946264218592,0,8.777615652350379,0
21,6,1,5.841552749658124,0,1,4,1,1,0.8498744120297408,1,0,0,0,0,0,0,1
8,0,0,0,1,0,0,0,0,2.3953724886054317,6,0,0,0,0,0,0,0
22,2,0,0,1,0,0,0,0,3.9885317859370386,2,1,0,0,0,0,0,0
12,3,0,2,1,0,0,0,0,4.9614255720018425,5,0,0,0,0,0,0,0
8,3,0,1,1,0,1,0,0,2.095947190072704,3,0,1,2,399.60898479855047,0,4.67309159707353,0
14,3,0,0,1,0,0,0,0,4.1524757269920585,2,0,1,2,285.6968769437152,0,4.5537933835590465,0
8,2,0,1,1,0,0,0,0,3.0989890995237435,4,0,1,2,127.74696760637858,0,9.080056629864295,0
6,3,0,0,1,0,0,0,0,4.280043436215701,4,0,1,1,252.4317676352563,0,9.748083451594884,0
5,0,0,5.175699662924782,0,1,1,1,0,0.40856603612183173,2,5,1,1,0.14946153504765916,1,0.00749075924336522,1
12,6,1,0,1,0,0,0,0,2.2852716463312177,5,0,0,0,0,0,0,0
9,3,0,0,1,0,0,0,0,2.115310796166233,2,0,0,0,0,0,0,0
16,3,0,2,1,0,0,0,0,3.177224940521973,5,0,0,0,0,0,0,0
9,5,1,0,1,0,0,0,0,3.207912762961091,3,0,0,0,0,0,0,0
8,6,1,0,1,0,0,0,0,2.321336664890078,1,0,0,0,0,0,0,0
7,0,0,1,1,0,0,0,0,5.6892406117598515,2,0,1,1,366.4873134432106,0,8.509690840929773,0
19,3,0,0,1,0,0,0,0,4.895901413897523,2,0,1,1,329.48553739526756,0,2.029293434534778,0
18,0,0,0,1,0,0,0,0,3.8477749819547937,3,0,1,1,185.73821860708514,0,4.819531498744727,0
10,2,0,1,1,0,0,0,0,5.776039654799195,2,0,1,1,199.64830182040308,0,11.918628236171104,0
1,4,0,2,1,0,0,0,0,3.4722288711439484,2,0,0,0,0,0,0,0
10,0,0,0,1,0,0,0,0,4.658464962278908,4,0,1,1,220.5828097288507,0,3.1828725399779216,0
7,4,0,3.123613977620246,1,0,0,0,0,-0.15375532406631587,50,3,1,1,91.0431502174889,0,114.26775065626688,1
10,3,0,2,1,0,0,0,0,2.7850785972421215,2,0,0,0,0,0,0,0
18,4,0,1,1,0,1,1,0,3.0328037400886005,2,0,1,3,80.79706555856838,0,1.439148810862924,0
1,3,0,3.550475040520167,0,1,3,1,1,2.9624685280311325,1,1,0,0,0,0,0,1
9,2,0,0,1,0,0,0,0,3.0729021284286016,4,0,0,0,0,0,0,0
12,2,0,1,1,0,0,0,0,2.661537539843686,4,0,1,1,230.41156324094854,0,4.296687868687371,0
20,2,0,1,1,0,0,0,0,2.786881663880961,3,0,0,0,0,0,0,0
10,3,0,1,1,0,0,0,0,3.6537676226668143,3,0,1,1,145.51566505715192,0,8.273582786590447,0
7,3,0,0,1,0,0,0,0,5.713501515742045,2,1,0,0,0,0,0,0
9,0,0,0,1,0,0,0,0,5.291591149763423,3,0,0,0,0,0,0,0
16,3,0,0,1,0,0,0,0,4.919339047558473,3,0,0,0,0,0,0,0
7,2,0,1,1,0,0,0,0,2.903376347760841,2,0,1,1,306.01717845213483,0,2.3884096399638786,0
15,0,0,2,1,0,0,0,0,3.702802664240799,2,0,1,1,303.6352825968967,0,11.816061209113078,0
10,1,0,0,1,0,0,0,0,2.1712337633545875,2,0,0,0,0,0,0,0
8,2,0,0,1,0,0,0,0,2.758190143843691,2,0,1,1,96.51907486372986,0,2.4307018087053587,0
16,1,0,2,1,0,0,0,0,5.987568770276307,5,0,0,0,0,0,0,0
17,3,0,1,1,0,0,0,0,3.044997161960081,2,0,0,0,0,0,0,0
15,1,0,2,1,0,0,0,0,5.185274171211288,3,0,0,0,0,0,0,0
12,1,0,0,1,0,0,0,0,5.599229176077556,2,1,1,3,177.4861145387172,0,1.7991210570051808,0
6,1,0,4.133467088899474,1,0,0,0,1,-1.1982936213652842,10,15,0,0,0,0,0,1
15,6,1,0,1,0,0,0,0,5.642330071464894,1,0,1,1,369.2224469533116,0,3.0905502054047136,0
10,4,0,3,1,0,0,0,0,5.9425046669107715,1,0,1,1,209.49481406609996,0,6.129162839790649,0
9,4,0,2,1,0,0,0,0,2.1835113611467682,4,1,0,0,0,0,0,0
10,2,0,2,1,0,0,0,0,3.373457742921102,4,0,0,0,0,0,0,0
11,4,0,0,1,0,0,0,0,4.0643366674824986,5,0,0,0,0,0,0,0
15,2,0,0,1,0,0,0,0,4.625507372290701,3,0,1,1,378.37012416251116,0,5.206328705706972,0
8,2,0,3,1,0,1,0,0,5.329358913464028,1,1,1,1,356.40673197521096,0,12.000051998349859,0
12,2,0,0,1,0,0,0,0,2.223053888668623,2,0,1,1,76.7496867186928,0,9.71951280726754,0
15,2,0,2,1,0,0,0,0,2.6083101863233877,1,0,1,3,305.04951572998806,0,5.540086186997564,0
12,2,0,0,1,0,0,0,0,2.2069953771190356,1,0,0,0,0,0,0,0
19,3,0,0,1,0,0,1,1,3.445779304337776,1,0,1,1,303.96295196155506,0,6.346988395183832,0
6,0,0,1,1,0,0,0,0,5.96087056803035,1,0,0,0,0,0,0,0
13,4,0,0,1,0,0,0,0,2.5867239550234524,5,0,0,0,0,0,0,0
7,5,1,0,1,0,0,0,0,4.947273480097966,1,0,0,0,0,0,0,0
20,1,0,2,1,0,0,0,0,5.773684319344637,5,0,0,0,0,0,0,0
6,3,0,1,1,0,0,0,0,4.496944157683664,4,0,1,1,183.69683602479307,0,11.069430694094475,0
18,2,0,0,1,0,0,0,0,5.324508247857279,3,0,0,0,0,0,0,0
16,5,1,0,1,0,0,0,0,3.624480825139574,3,0,1,1,99.41824472452817,0,4.969317544410672,0
7,2,0,1,1,0,0,0,0,2.882230326975087,3,0,1,1,353.7083587425496,0,9.761597437825097,0
20,4,0,0,1,0,0,1,1,4.58288177806741,2,0,1,3,264.53758200277593,0,7.5875854680530725,0
11,2,0,0,1,0,0,0,0,5.111933092013109,1,0,1,2,351.44124782935853,0,1.9129846511258362,0
8,4,0,2,1,0,0,0,0,5.0642934386758345,3,0,0,0,0,0,0,0
10,2,0,0,1,0,0,0,0,2.6167770675182527,3,0,1,2,231.55656129048018,0,0.3972288305842866,0
19,1,0,1,1,0,0,0,0,5.088689774874069,2,0,0,0,0,0,0,0
5,0,0,2,1,0,0,0,0,5.788007785240249,4,0,1,1,97.88276928368116,0,2.510275237585966,0
9,3,0,3,1,0,0,0,0,4.901437428334399,3,0,0,0,0,0,0,0
16,4,0,0,1,0,1,0,0,5.298742016947711,2,0,1,3,223.98274037393682,0,8.056504279796533,0
11,4,0,0,1,0,0,0,0,4.475625433019095,5,0,0,0,0,0,0,0
10,1,0,0,1,0,1,0,0,5.023658889538332,3,0,0,0,0,0,0,0
8,0,0,3,1,0,0,0,0,4.210300489577696,2,0,1,1,256.7516707749978,0,5.537527773469522,0
13,0,0,1,1,0,0,0,0,4.879337011723356,3,0,1,1,29.83614088529724,0,1.6447825759112287,0
9,4,0,0,1,0,0,0,0,2.4458057345922035,2,0,0,0,0,0,0,0
10,4,0,1,1,0,0,0,0,5.866765485649511,3,0,1,1,391.82118392175346,0,4.601385748804799,0
3,3,0,6.256049540583589,1,0,0,1,0,2.5780519824413037,1,0,0,0,0,0,0,1
14,1,0,1.9953739860009165,1,0,0,0,1,-1.9121280775078882,10,20,0,0,0,0,0,1
6,4,0,0,1,0,0,0,0,5.994893302743402,3,0,0,0,0,0,0,0
11,0,0,0,1,0,0,0,0,4.480744424749901,3,0,0,0,0,0,0,0
9,1,0,1,1,0,0,0,0,3.714267516399979,1,0,0,0,0,0,0,0
8,6,1,0,1,0,0,0,0,2.4966444825560488,1,0,0,0,0,0,0,0
14,3,0,2,1,0,0,0,0,5.880129689516382,5,0,0,0,0,0,0,0
14,4,0,0,1,0,0,0,0,4.960657598229901,1,0,0,0,0,0,0,0
9,1,0,0,1,0,0,1,0,3.0010424933274176,5,0,0,0,0,0,0,0
20,2,0,0,1,0,0,0,0,3.422086005975501,1,0,1,1,297.81681239038755,0,11.449538922334717,0
11,1,0,0,1,0,0,0,0,2.3273513217286546,1,0,0,0,0,0,0,0
8,0,0,1,1,0,0,0,0,4.282473061643365,2,0,0,0,0,0,0,0
16,5,1,1,1,0,0,0,0,4.513171356520343,3,0,0,0,0,0,0,0
10,3,0,0,1,0,0,0,0,5.648496643696042,2,0,1,2,262.3173125997921,0,8.541072121102522,0
2,4,0,11.329301907980298,1,0,0,1,0,2.0901666924043725,3,0,0,0,0,0,0,1
8,3,0,2,1,0,0,0,0,5.215851568859288,4,1,1,1,261.3533026942541,0,1.840899591048367,0
11,0,0,0,1,0,0,1,1,3.510523571997914,6,0,1,1,341.0935252898216,0,1.4697560264341905,0
17,2,0,1,1,0,0,0,0,5.3035173115875445,2,0,1,1,309.9487849779939,0,6.616596183314873,0
0,6,1,6.394802105263103,1,0,0,1,1,5.838028509623535,1,0,0,0,0,0,0,1
10,1,0,0,1,0,0,0,0,5.639912936458041,4,0,0,0,0,0,0,0
15,4,0,0,1,0,0,0,0,3.9007977102671263,2,0,1,3,327.67095244201164,0,5.042878569871804,0
8,0,0,0,1,0,0,0,0,4.90016106411333,2,0,0,0,0,0,0,0
22,0,0,0,1,0,0,0,0,4.56586301776624,5,0,1,2,268.89958986687617,0,4.1401419480910455,0
21,6,1,1,1,0,0,0,0,3.6652985336857786,1,0,1,1,341.84559985237564,0,9.906075164831611,0
12,5,1,2,1,0,0,0,0,5.663898527410806,3,0,1,2,108.1023646194732,0,4.206511785089477,0
15,1,0,0,1,0,0,0,0,3.9920492431732204,1,0,0,0,0,0,0,0
17,3,0,0,1,0,0,0,0,5.734998096826038,4,0,0,0,0,0,0,0
14,2,0,5.166428562122158,0,1,3,1,1,2.788617404113162,1,0,0,0,0,0,0,1
14,0,0,0,1,0,0,0,0,4.193341768256302,1,0,1,1,108.74440552216655,1,10.191770123940188,0
9,3,0,0,1,0,0,0,0,3.037778714854439,2,0,1,1,319.2200834235352,0,9.866944613798632,0
9,3,0,0,1,0,0,0,0,4.902204815326524,2,0,0,0,0,0,0,0
10,1,0,1,1,0,0,0,0,5.409967599525958,6,0,0,0,0,0,0,0
7,2,0,0,1,0,0,0,0,2.182092855266548,2,0,1,1,379.9734349118486,1,0.45379766730297555,0
11,0,0,0,1,0,0,0,0,2.1151132571526565,3,0,0,0,0,0,0,0
7,4,0,0,1,0,0,0,0,2.0124963550464017,3,0,0,0,0,0,0,0
9,0,0,2,1,0,0,1,1,3.4390218918777022,5,0,0,0,0,0,0,0
11,4,0,0,1,0,0,0,0,5.317834472595842,1,0,0,0,0,0,0,0
10,2,0,1,1,0,0,0,0,3.38546128150944,3,0,0,0,0,0,0,0
8,0,0,0,1,0,0,0,0,3.499558156996329,3,0,0,0,0,0,0,0
15,5,1,0,1,0,0,0,0,2.987553347343291,4,0,0,0,0,0,0,0
12,6,1,3,1,0,0,0,0,5.7212206246722905,1,0,0,0,0,0,0,0
10,4,0,0,1,0,0,0,0,5.700523796947726,4,0,0,0,0,0,0,0
15,4,0,1,1,0,0,0,0,5.546076224450541,3,0,1,1,211.3429498119529,0,4.221224529736767,0
17,2,0,0,1,0,0,0,0,3.9991047770208508,1,0,0,0,0,0,0,0
16,0,0,0,1,0,0,0,0,4.873661303411641,2,0,1,1,127.87705446086665,0,4.532447367175425,0
11,1,0,2,1,0,0,0,0,2.2109414083423955,1,0,0,0,0,0,0,0
10,4,0,1,1,0,0,0,0,2.7473768586028124,4,0,0,0,0,0,0,0
14,4,0,0,1,0,0,0,0,2.0850047875000763,3,0,0,0,0,0,0,0
16,3,0,0,1,0,0,0,0,4.709879443657988,4,0,0,0,0,0,0,0
8,0,0,0,1,0,0,0,0,4.206621253797817,4,0,0,0,0,0,0,0
15,3,0,1,1,0,0,0,0,4.26284947411831,1,0,0,0,0,0,0,0
10,2,0,0,1,0,0,0,0,5.589705283186303,5,0,1,3,31.46175150922298,0,4.969406852862735,0
9,1,0,2,1,0,0,0,0,4.534281205753643,5,0,0,0,0,0,0,0
6,0,0,0,1,0,0,0,0,2.6137667585497515,4,0,1,2,182.015822564731,0,13.080822631186159,0
9,0,0,2,1,0,0,0,0,5.654292248809921,5,0,0,0,0,0,0,0
12,0,0,0,1,0,0,0,0,5.86107066922151,2,0,0,0,0,0,0,0
7,3,0,0,1,0,0,0,0,3.976630992596644,2,0,1,1,276.55873953323146,0,10.435087501915191,0
13,3,0,0,1,0,0,0,0,3.61906343206284,4,0,0,0,0,0,0,0
17,2,0,0,1,0,0,0,0,4.044556548655201,3,0,1,1,183.82575373929615,0,4.150696856563196,0
13,0,0,3,1,0,0,0,0,2.9857912150614876,1,1,1,1,359.593018179306,0,4.233087806025454,0
7,1,0,2,1,0,0,0,0,4.769526355849942,4,0,0,0,0,0,0,0
18,0,0,0,1,0,0,0,0,5.775217279434785,2,0,1,3,203.19873690183485,0,13.023889830823885,0
10,1,0,1,1,0,0,0,0,4.39099757008314,4,0,0,0,0,0,0,0
15,3,0,0,1,0,0,0,0,5.8636393001792,4,0,1,1,327.5415620126288,0,7.381071693455629,0
10,1,0,1,1,0,0,0,0,4.6653656601075415,2,0,1,2,249.6053582617958,0,3.5000313172878608,0
18,1,0,0,1,0,0,0,0,5.632630102932337,4,0,0,0,0,0,0,0
5,2,0,1,1,0,0,0,0,4.476892588329266,4,0,0,0,0,0,0,0
16,1,0,0,1,0,0,0,0,4.317086071579899,6,0,0,0,0,0,0,0
12,3,0,0,1,0,0,0,0,2.220629839680567,4,0,0,0,0,0,0,0
17,3,0,1,1,0,0,0,0,5.383481559467857,1,0,1,3,124.5702453163139,0,13.588012614244544,0
14,3,0,0,1,0,0,0,0,3.6551564114373414,1,0,1,1,172.0934806869174,0,13.895231460194193,0
9,4,0,0,1,0,0,0,0,5.805242234314975,2,2,1,1,165.21600661223792,0,6.822507984880834,0
13,1,0,0,1,0,0,0,0,2.0261990409410986,1,0,0,0,0,0,0,0
23,1,0,2,1,0,1,0,0,2.2243696387991063,4,0,0,0,0,0,0,0
10,3,0,0,1,0,0,0,0,5.871020363720284,3,0,0,0,0,0,0,0
12,3,0,0,1,0,1,0,0,5.475075342498213,3,2,1,1,99.72781426880793,0,0.7580743980429778,0
16,2,0,0,1,0,0,0,0,3.141038889864409,3,0,1,2,186.20429844754312,0,3.55249878983562,0
8,2,0,0,1,0,0,0,0,4.078060365950114,3,0,0,0,0,0,0,0
17,3,0,1,1,0,0,0,0,2.6188221210736424,2,0,1,1,320.4908769738352,0,6.4918861073508,0
9,5,1,0,1,0,0,0,0,3.8112231025778325,2,0,0,0,0,0,0,0
17,1,0,0,1,0,0,0,0,5.041017833966443,2,0,0,0,0,0,0,0
9,3,0,0,1,0,0,0,0,3.404414149506312,6,0,0,0,0,0,0,0
14,1,0,0,1,0,0,0,0,3.3104437699146017,2,0,1,1,317.52683071300277,0,2.2704516279787597,0
23,2,0,0,1,0,1,0,0,3.274934711857357,2,0,1,2,123.64506846280847,0,13.733297921472412,0
22,5,1,1,1,0,0,0,0,3.2275797491121336,3,0,1,1,304.16619954958225,0,2.0243345262281425,0
13,3,0,0,1,0,0,0,0,3.837499581948485,4,0,1,2,298.7990334314258,0,4.767490186164632,0
17,0,0,1,1,0,1,0,0,2.512045240814463,2,0,0,0,0,0,0,0
12,0,0,0,1,0,0,0,0,5.5047670255847985,5,1,1,1,230.91544603671548,0,3.7957198860472783,0
8,6,1,1,1,0,0,0,0,4.383055539995732,2,0,1,2,308.50405288513196,0,6.597163994549927,0
15,2,0,0,1,0,0,1,0,5.3596071960574925,1,0,0,0,0,0,0,0
16,3,0,0,1,0,0,0,0,3.4130292134257516,4,0,1,1,355.23148574869316,0,6.09394440015058,0
16,2,0,0,1,0,0,0,0,4.78858114205551,3,0,0,0,0,0,0,0
9,2,0,0,1,0,0,0,0,4.340588750364618,3,0,1,1,26.384666936294863,0,5.641780747527303,0
7,3,0,1,1,0,0,0,0,4.838431245298134,2,0,0,0,0,0,0,0
18,1,0,1,1,0,0,0,0,3.8135105916095493,1,0,0,0,0,0,0,0
8,0,0,1,1,0,1,0,0,3.585137947597113,2,0,0,0,0,0,0,0
12,1,0,0,1,0,0,0,0,3.6873216997368274,1,0,1,1,294.4549855324724,0,5.452782492567407,0
13,1,0,0,1,0,0,0,0,5.164580069258802,4,0,1,1,204.92793884973318,0,9.805163603926644,0
17,0,0,0,1,0,0,0,0,3.737761552821942,3,0,0,0,0,0,0,0
14,6,1,4.158929089667318,0,1,4,1,1,1.1947853363006886,1,1,1,1,26.657337654891723,0,86.97216754589905,1
12,6,1,0,1,0,0,1,1,5.363821580825292,2,0,1,1,90.4417011901703,0,6.222182658816365,0
15,2,0,0,1,0,0,0,0,2.378299555519388,3,0,1,2,224.12987554561724,0,2.780664364809904,0
11,2,0,0,1,0,0,0,0,3.4381171582095336,4,0,0,0,0,0,0,0
18,2,0,0,1,0,0,0,0,5.695553989168336,1,0,1,2,260.3121122970142,0,10.31365763994756,0
17,1,0,0,1,0,0,0,0,5.686520446111711,4,0,1,2,82.21898975933479,0,11.536039045709861,0
8,0,0,0,1,0,0,0,0,3.77279333300685,3,0,0,0,0,0,0,0
6,2,0,1,1,0,1,0,0,3.8077844116614967,1,1,1,1,234.84296255454245,0,3.8060258216889036,0
12,3,0,0,1,0,0,1,0,5.183636859836025,2,0,0,0,0,0,0,0
17,3,0,9.268639011728057,0,1,0,1,1,3.5408841665245103,3,1,1,1,0.023480674587187635,1,0.18765682730662048,1
10,4,0,0,1,0,0,0,0,5.965171505120478,4,0,1,2,318.0748649685839,0,5.5922159577806045,0
7,6,1,3,1,0,0,0,0,4.503842699159604,6,1,0,0,0,0,0,0
15,1,0,0,1,0,0,0,0,2.6534260723792245,4,0,1,1,184.7106711997699,0,4.314433775076459,0
18,6,1,0,1,0,0,0,0,5.122714487628674,3,0,0,0,0,0,0,0
19,4,0,0,1,0,0,0,0,5.657748516328111,1,0,0,0,0,0,0,0
10,4,0,0,1,0,0,0,0,5.271200711055707,1,0,1,1,324.5190629379412,0,11.361294416357154,0
8,4,0,1,1,0,0,0,0,5.969027823697285,4,0,0,0,0,0,0,0
10,3,0,1,1,0,0,0,0,3.7752507362718153,3,0,0,0,0,0,0,0
3,4,0,0,1,0,0,0,0,4.279190354118987,3,0,0,0,0,0,0,0
15,3,0,2,1,0,0,0,0,3.4198852080852453,1,0,0,0,0,0,0,0
21,4,0,0,1,0,0,0,0,5.196652748704711,2,1,1,2,136.50801442115045,0,11.095823392781067,0
10,4,0,1,1,0,0,0,0,3.671504657016063,3,0,1,2,71.23372690678667,0,7.481836405681166,0
11,1,0,1,1,0,0,0,0,5.277522301802168,4,0,1,1,51.403730656567255,0,12.806746116289892,0
1,6,1,2,1,0,0,0,0,4.582852045748345,4,0,1,2,102.51989292358161,0,0.6378560058772695,0
8,5,1,1,1,0,0,0,0,3.843979688007763,1,0,1,1,25.380165098112514,0,2.4193009656310487,0
15,3,0,0,1,0,0,0,0,2.4081594805163884,6,0,1,1,85.2823341166593,0,4.407280324467801,0
15,1,0,0,1,0,0,0,0,3.235185417249784,1,0,0,0,0,0,0,0
21,3,0,1,1,0,0,0,0,4.761989059450123,1,0,1,3,314.64374945950703,0,1.0952844271584967,0
14,0,0,1,1,0,0,0,0,5.320736814425262,6,0,1,1,107.30654829718922,0,1.5910844544320526,0
15,1,0,0,1,0,0,0,0,4.7411349396707525,2,0,1,2,36.536872222416974,0,12.940141591410786,0
14,6,1,0,1,0,0,0,0,4.010125152061255,4,0,0,0,0,0,0,0
10,4,0,3,1,0,0,0,0,5.559334272127629,4,0,0,0,0,0,0,0
19,3,0,0,1,0,0,0,0,2.4471449207056932,2,0,1,2,320.47334883271463,0,12.049973482943276,0
18,1,0,0,1,0,0,0,0,3.127234436898061,1,0,0,0,0,0,0,0
10,1,0,0,1,0,0,0,0,2.3883841691771672,2,0,1,2,29.612733534225978,0,7.482057704950474,0
19,6,1,1,1,0,0,0,0,2.6468947979579456,1,0,1,1,34.68002464045246,0,3.200232189009763,0
16,0,0,2,1,0,0,0,0,5.881187891819135,1,0,0,0,0,0,0,0
11,1,0,0,1,0,0,0,0,5.798347081348357,3,0,0,0,0,0,0,0
12,6,1,0,1,0,0,0,0,2.0687405629617817,1,0,0,0,0,0,0,0
14,0,0,0,1,0,0,0,0,3.2927045250892157,1,0,0,0,0,0,0,0
14,3,0,0,1,0,0,0,0,2.518837186827466,1,0,1,2,127.57231333534277,0,0.9189008933888134,0
9,3,0,1,1,0,0,0,0,2.9404833956536964,4,1,0,0,0,0,0,0
9,3,0,2,1,0,0,0,0,5.4549735159304085,3,0,1,2,119.22936552727603,0,5.822423171473807,0
9,1,0,2,1,0,0,0,0,5.180552837530902,2,0,1,1,19.994605050468973,0,5.2416803670732275,0
10,3,0,0,1,0,0,0,0,2.05258304746204,2,0,1,1,183.4050545247307,0,12.604460244124361,0
16,3,0,3,1,0,0,0,0,5.070743336602695,6,0,0,0,0,0,0,0
15,2,0,2,1,0,0,0,0,5.352703615462145,3,0,0,0,0,0,0,0
12,3,0,2,1,0,1,0,0,3.808446893388786,3,0,0,0,0,0,0,0
12,2,0,0,1,0,0,0,0,5.556979102094067,1,0,0,0,0,0,0,0
14,3,0,0,1,0,0,0,0,3.3626034026572937,3,0,0,0,0,0,0,0
15,4,0,0,1,0,0,0,0,2.8440290449770944,5,0,0,0,0,0,0,0
13,1,0,0,1,0,0,0,0,4.1833227033428,2,0,0,0,0,0,0,0
9,3,0,0,1,0,0,0,0,3.4298893896416756,3,2,0,0,0,0,0,0
11,6,1,0,1,0,0,0,0,4.983288933461718,3,0,1,1,277.56189993728213,0,8.956429256835673,0
17,0,0,0,1,0,0,0,0,4.2768281972763695,2,0,1,1,377.87302892719975,0,6.91313307083118,0
11,4,0,0,1,0,0,0,0,5.014028684188434,2,0,1,1,171.99339728544047,0,11.93346671183537,0
12,3,0,0,1,0,0,0,0,2.465907959192569,4,0,1,2,144.50394160112887,0,5.529111767434905,0
21,1,0,0,1,0,0,0,0,5.154144441244038,1,0,0,0,0,0,0,0
10,3,0,1,1,0,0,0,0,3.4609203760778526,5,0,0,0,0,0,0,0
14,4,0,0,1,0,0,0,0,3.0066832196791595,3,0,1,3,46.074037022810245,0,11.283880850655455,0
11,0,0,0,1,0,0,0,0,3.528764463329954,2,0,0,0,0,0,0,0
7,2,0,1,1,0,0,0,0,3.936794348850835,4,1,0,0,0,0,0,0
16,3,0,0,1,0,0,0,0,3.200427058216137,1,0,1,1,114.97365943809558,0,3.8517401659474264,0
5,2,0,1,1,0,0,0,0,5.40507459158224,1,0,1,1,137.79677950010438,0,5.649761664215307,0
14,2,0,0,1,0,0,0,0,3.2673827267818156,2,0,0,0,0,0,0,0
12,4,0,2,1,0,0,0,0,5.002794651261947,1,0,0,0,0,0,0,0
10,2,0,2,1,0,0,0,0,5.754147030399481,1,0,1,1,347.3180931760076,0,6.188846243687559,0
19,3,0,1,1,0,0,0,0,4.508869627599087,1,0,0,0,0,0,0,0
7,1,0,0,1,0,0,0,0,5.471100231640804,1,0,0,0,0,0,0,0
11,0,0,0,1,0,0,0,0,3.9213638762794587,4,0,1,1,397.83643237166905,0,10.429356487574674,0
19,2,0,2,1,0,0,0,0,5.376566132315287,3,0,0,0,0,0,0,0
8,0,0,1,1,0,0,0,0,3.8891026987585646,3,0,0,0,0,0,0,0
15,3,0,0,1,0,0,0,0,2.8716015449914702,2,0,1,1,182.96149909805771,0,10.65420347672919,0
15,3,0,0,1,0,0,0,0,3.0384979228247224,3,0,0,0,0,0,0,0
10,3,0,0,1,0,0,0,0,3.7511995058684158,2,0,0,0,0,0,0,0
7,0,0,0,1,0,0,0,0,4.7785729787785645,5,0,0,0,0,0,0,0
12,4,0,0,1,0,0,1,0,5.535096431255205,3,0,1,1,134.85476757601305,0,8.837925550825307,0
15,1,0,1,1,0,0,0,0,5.132289495878794,3,0,1,1,138.96077385789374,1,13.145566823191881,0
8,1,0,1,1,0,0,0,0,2.187076399016411,2,0,0,0,0,0,0,0
9,3,0,0,1,0,0,0,0,5.69309160435812,3,0,0,0,0,0,0,0
16,4,0,0,1,0,0,0,0,5.162837218523291,2,0,0,0,0,0,0,0
4,0,0,1,1,0,0,0,0,4.445127326171294,2,0,0,0,0,0,0,0
13,0,0,0,1,0,0,0,0,2.2462841982546604,4,0,1,1,282.4082252179499,0,12.713083798723673,0
13,0,0,0,1,0,0,0,0,4.10712028776937,2,0,1,1,71.18356139620884,0,1.4156869277435455,0
7,0,0,3,1,0,0,0,0,2.980183871266655,3,0,1,1,232.4293889011534,0,12.913331185241491,0
13,1,0,1,1,0,0,1,0,5.464685373727425,1,0,1,3,84.15350706255211,0,12.294277170263078,0
4,6,1,3,1,0,0,0,0,4.968523204191667,3,0,1,1,19.764783741257812,0,3.1392140620866797,0
9,6,1,0,1,0,0,0,0,5.14081630708956,2,0,0,0,0,0,0,0
20,6,1,1,1,0,0,0,0,2.155579503271058,1,0,0,0,0,0,0,0
17,4,0,0,1,0,0,0,0,5.761171831892293,6,0,1,2,43.81637315176839,0,6.31879330896906,0
11,3,0,1,1,0,0,0,0,5.124465479532981,2,0,0,0,0,0,0,0
14,0,0,0,1,0,0,0,0,2.1643784012773857,2,1,0,0,0,0,0,0
9,2,0,1,1,0,0,0,0,5.562611762261188,3,0,0,0,0,0,0,0
16,3,0,0,1,0,0,0,0,4.96548003836733,6,0,0,0,0,0,0,0
13,4,0,0,1,0,0,0,0,2.8756968757538646,2,0,0,0,0,0,0,0
9,4,0,1,1,0,0,0,0,3.8901989942410617,5,0,1,2,208.63915647447948,0,11.372986169535544,0
9,0,0,0,1,0,0,0,0,4.3999193260761595,5,1,1,2,176.21195700555222,0,4.006770247912023,0
11,3,0,0,1,0,0,0,0,3.8568867143886347,2,1,1,1,297.9247778961319,0,0.8911679813010593,0
15,5,1,1,1,0,0,0,0,4.504470534020962,3,0,0,0,0,0,0,0
9,3,0,2,1,0,0,0,0,2.1363026748257443,2,0,1,1,348.6156756305213,0,12.65964549715088,0
18,1,0,0,1,0,0,0,0,3.9602388449244343,3,0,0,0,0,0,0,0
15,3,0,1,1,0,0,1,0,2.368848937191397,1,0,0,0,0,0,0,0
17,5,1,0,1,0,0,0,0,2.287860463282803,1,0,1,1,205.52373118246229,0,7.985180970922561,0
10,6,1,0,1,0,0,0,0,2.554646678767088,3,0,1,1,225.88766973829885,0,6.9918441519632095,0
14,0,0,3,1,0,0,0,0,2.603726885669095,1,0,0,0,0,0,0,0
12,3,0,2,1,0,0,0,0,4.188209144211418,2,0,1,1,225.73210256405258,0,6.0083226222464,0
16,4,0,0.25084181412430206,1,0,0,0,0,0.7558497303225846,20,10,0,0,0,0,0,1
9,0,0,1,1,0,0,0,0,5.681332293344726,2,0,0,0,0,0,0,0
7,3,0,1,1,0,0,0,0,2.7688203756488097,5,0,0,0,0,0,0,0
14,2,0,0,1,0,0,0,0,3.109542300405435,4,0,0,0,0,0,0,0
8,3,0,0,1,0,0,0,0,2.193883758440831,2,0,0,0,0,0,0,0
0,1,0,0,1,0,0,0,0,5.006792969600557,2,0,0,0,0,0,0,0
13,1,0,2,1,0,0,0,0,5.211266950033176,2,0,1,1,212.36335424918934,0,2.343527328988929,0
16,0,0,1,1,0,0,0,0,3.451180676686994,6,0,0,0,0,0,0,0
9,1,0,0,1,0,0,0,0,3.025246603003281,2,0,1,2,146.20458541751367,0,6.350081739298261,0
7,0,0,0,1,0,0,0,0,2.440700044693397,5,0,0,0,0,0,0,0
8,2,0,1,1,0,0,0,0,3.959117865158885,2,0,1,1,176.34407619292952,0,13.26783841236475,0
12,1,0,0,1,0,0,0,0,3.658838502747885,5,0,1,2,378.03867684342157,0,10.815060686831004,0
7,0,0,0,1,0,0,0,0,3.2187646093980335,4,0,0,0,0,0,0,0
10,2,0,0,1,0,0,0,0,3.8847381999054766,2,0,0,0,0,0,0,0
8,4,0,1,1,0,0,0,0,5.491000668006038,5,0,0,0,0,0,0,0
9,1,0,0,1,0,0,0,0,4.346146495871146,2,0,0,0,0,0,0,0
14,0,0,0,1,0,0,0,0,2.531103588133806,5,0,1,1,161.1422668070328,0,7.145211084542995,0
8,4,0,0,1,0,0,0,0,2.8091186932735637,1,0,0,0,0,0,0,0
14,6,1,0,1,0,0,0,0,4.234732308531633,1,0,0,0,0,0,0,0
22,0,0,0,1,0,0,0,0,3.8313392299333726,3,0,1,1,104.3735975828658,0,2.5428016838868635,0
9,3,0,0,1,0,0,0,0,4.527913873683163,1,0,0,0,0,0,0,0
14,3,0,0,1,0,0,0,0,2.8733973010873664,1,0,0,0,0,0,0,0
4,6,1,6.270927730414065,1,0,1,1,1,4.068174466450558,2,0,0,0,0,0,0,1
20,1,0,1,1,0,0,0,0,2.326478131930916,5,0,1,2,161.43317085139626,0,9.909582141481723,0
11,1,0,1,1,0,0,0,0,3.858804568681811,3,0,0,0,0,0,0,0
14,4,0,1,1,0,0,0,0,4.211622034283076,5,0,0,0,0,0,0,0
15,5,1,0,1,0,0,0,0,3.4466820079220697,2,0,1,1,267.226455330585,0,6.040792506048287,0
17,4,0,2,1,0,0,0,0,2.7331508337719588,3,0,0,0,0,0,0,0
11,4,0,2,1,0,0,0,0,3.1363591967469007,4,0,1,2,395.6336580355256,0,2.507208729616514,0
18,4,0,1,1,0,0,0,0,4.217265485353216,4,0,0,0,0,0,0,0
13,4,0,0,1,0,0,0,0,2.6292467140804066,4,0,1,1,231.30995905866337,0,3.6801440954029987,0
9,2,0,0,1,0,0,0,0,4.774398047265927,5,0,0,0,0,0,0,0
8,3,0,1,1,0,0,0,0,5.25968987415506,3,0,0,0,0,0,0,0
21,4,0,1,1,0,0,1,0,4.582230207081407,1,0,0,0,0,0,0,0
13,0,0,1,1,0,0,0,0,5.285902426358565,2,0,0,0,0,0,0,0
11,4,0,2,1,0,0,0,0,3.818288488035546,3,0,1,1,384.173129016508,0,3.528763336821085,0
13,5,1,0,1,0,0,0,0,3.76658938310223,4,0,1,2,298.47939005056475,0,11.32821570004343,0
16,3,0,1,1,0,0,0,0,4.491020922632769,5,0,1,1,310.8233558511206,0,4.846686982742675,0
10,3,0,1,1,0,0,0,0,3.0777293945011386,1,0,1,3,385.7856758389855,0,3.0578518952934144,0
7,3,0,1,1,0,0,0,0,5.502255463502975,1,0,1,1,312.7945187443163,0,10.705168888683112,0
4,5,1,5.324463366155708,1,0,0,0,1,-1.6892529001475425,10,5,0,0,0,0,0,1
14,2,0,0,1,0,0,0,0,2.525348927232048,1,0,0,0,0,0,0,0
13,2,0,2,1,0,0,0,0,4.2553919637027064,1,0,1,1,109.01426851315877,0,2.124640822733591,0
17,0,0,0,1,0,0,0,0,4.945525280935943,3,0,0,0,0,0,0,0
12,0,0,0,1,0,0,0,0,2.7373232441119892,3,0,1,2,109.81703460557918,0,2.2170028710233263,0
12,2,0,0,1,0,0,0,0,5.34174626027224,3,0,1,2,94.05715709239914,0,6.627961490940664,0
12,3,0,0,1,0,0,1,1,5.49116095329811,5,0,0,0,0,0,0,0
15,0,0,0.9439137950324725,1,0,0,0,0,-1.222540809057808,20,20,0,0,0,0,0,1
10,2,0,1,1,0,0,0,0,2.372636639516658,1,0,1,2,15.91792300592596,0,1.0050825775818073,0
20,1,0,1,1,0,0,0,0,4.305929135954486,2,0,1,1,229.13312737499623,0,10.143753250217442,0
18,0,0,0,1,0,0,0,0,5.647113677712522,4,0,1,1,242.5811603700847,0,7.634945397563054,0
16,3,0,3,1,0,0,0,0,3.6809358607544542,3,1,1,3,224.8801589995667,0,0.34221306229578397,0
19,1,0,2,1,0,0,0,0,3.054109323320216,1,0,1,1,121.72612824669278,0,9.737522403225737,0
18,6,1,0,1,0,0,0,0,5.727236199714165,3,0,0,0,0,0,0,0
12,1,0,0,1,0,0,0,0,2.3062943381911376,4,0,0,0,0,0,0,0
0,0,0,1,1,0,0,0,0,5.555210060624372,2,0,1,1,235.32321266306465,0,7.967269657191771,0
12,0,0,2,1,0,0,0,0,5.747479091095897,2,0,1,2,57.09268952512122,0,10.150635108568247,0
7,2,0,1,1,0,0,0,0,4.021057178135652,2,0,0,0,0,0,0,0
21,3,0,3,1,0,0,0,0,4.937278238143872,6,0,0,0,0,0,0,0
15,1,0,1,1,0,0,0,0,2.231453114065349,3,0,1,1,186.94283258506445,0,1.3496815996954477,0
16,3,0,0,1,0,1,0,0,4.245578292019199,2,0,1,1,175.90441579868153,0,5.3791029473276915,0
9,0,0,0,1,0,0,0,0,5.857612811102859,5,0,1,1,120.57456429921395,0,6.049779479493771,0
12,2,0,3,1,0,0,0,0,3.2118180520826933,2,0,1,2,187.8041973247809,0,6.629661991956297,0
10,0,0,0,1,0,0,0,0,4.130630709493006,2,0,1,1,323.65940451262645,0,10.64733609687559,0
8,3,0,0,1,0,0,0,0,4.481647832221146,1,0,1,1,47.720649673369,0,0.6422355302772957,0
15,2,0,0,1,0,0,0,0,4.337996807461819,4,0,0,0,0,0,0,0
11,4,0,0,1,0,0,0,0,4.944918204379128,1,0,0,0,0,0,0,0
15,3,0,1,1,0,0,0,0,2.8253337874136717,1,0,1,2,139.49308242811634,0,9.233283186436616,0
10,1,0,3,1,0,0,0,0,2.1911821617892375,4,0,0,0,0,0,0,0
22,1,0,0,1,0,0,0,0,3.3751593427171054,1,0,0,0,0,0,0,0
3,1,0,0,1,0,0,0,0,4.599537751118093,3,0,1,2,16.508521235731553,0,9.773951529835177,0
14,1,0,0,1,0,0,0,0,5.8409576008654405,4,0,0,0,0,0,0,0
9,0,0,0,1,0,0,0,0,4.985371567826435,1,0,1,1,262.9961505716367,1,7.235220328830956,0
11,2,0,3,1,0,0,0,0,3.060031707658833,1,0,1,2,282.9949015295115,0,11.702946513831808,0
6,2,0,1,1,0,0,0,0,2.079139393748659,6,0,0,0,0,0,0,0
3,1,0,0,1,0,0,0,0,2.765529943779172,3,0,1,1,243.05819709647255,0,7.556442298251359,0
8,6,1,2,1,0,0,0,0,2.3818037786997577,1,0,1,1,200.30142268665884,0,7.177244996548176,0
11,1,0,3,1,0,0,0,0,5.007261547268268,3,0,1,3,36.83043348436126,0,2.35918356496248,0
14,3,0,0,1,0,0,0,0,5.59189576792166,2,0,1,1,157.1494733902615,0,12.474452248189197,0
23,0,0,0,1,0,0,0,0,3.0024337014339433,3,0,0,0,0,0,0,0
14,3,0,0,1,0,0,0,0,5.94974172487235,4,0,0,0,0,0,0,0
17,1,0,0,1,0,0,0,0,3.6577460306406624,5,0,0,0,0,0,0,0
13,1,0,3,1,0,0,0,0,2.058708053678696,2,0,0,0,0,0,0,0
10,4,0,1,1,0,0,0,0,3.214354238089377,5,0,0,0,0,0,0,0
16,3,0,2,1,0,0,0,0,4.782360845236456,3,0,0,0,0,0,0,0
18,4,0,0,1,0,0,0,0,4.749973814089593,4,0,1,1,376.40997090031476,0,8.624917414091383,0
15,6,1,1,1,0,1,0,0,5.520538633186499,2,1,1,1,97.09404151597354,0,2.512123608440414,0
21,3,0,1,1,0,0,0,0,5.3542550965631195,3,0,1,1,298.03804508087177,0,9.630966710682323,0
21,2,0,2,1,0,0,0,0,3.1398439234914237,3,2,0,0,0,0,0,0
6,3,0,0,1,0,0,0,0,2.682537024509945,2,0,0,0,0,0,0,0
6,0,0,0,1,0,0,0,0,3.620537870204456,3,0,1,1,399.5090755545748,0,10.852761343723994,0
7,2,0,1,1,0,0,0,0,3.081791553353534,5,0,0,0,0,0,0,0
12,3,0,0,1,0,0,0,0,2.390826572791602,5,0,0,0,0,0,0,0
15,4,0,2,1,0,0,0,0,2.61809160963934,2,0,0,0,0,0,0,0
5,1,0,0,1,0,0,0,0,3.6971832758633654,2,0,1,1,90.66150155415663,0,0.328469887543146,0
11,4,0,0,1,0,0,0,0,2.907838571621576,1,0,1,1,174.42980265485104,0,13.143136102071633,0
19,3,0,1,1,0,0,0,0,3.283748042028326,5,1,0,0,0,0,0,0
14,1,0,0,1,0,0,1,0,4.180142898700382,3,0,0,0,0,0,0,0
10,1,0,0,1,0,0,0,0,3.990604197775116,3,2,1,2,372.44209756088526,0,5.443841822273113,0
15,6,1,0,1,0,0,0,0,3.8339647652128894,1,0,1,1,145.48586195341252,0,13.039900640601628,0
1,4,0,0,1,0,0,1,0,4.849775866312612,5,0,0,0,0,0,0,0
11,3,0,0,1,0,0,0,0,3.0219791345153832,5,0,0,0,0,0,0,0
4,2,0,0,1,0,0,0,0,4.5691292765760805,1,0,0,0,0,0,0,0
22,4,0,0,1,0,0,0,0,3.870943558564101,6,0,0,0,0,0,0,0
9,2,0,0,1,0,0,0,0,4.570153572615218,3,0,0,0,0,0,0,0
16,1,0,2,1,0,0,0,0,2.746004494923093,4,0,1,1,62.09904735152741,0,8.263369493913492,0
14,0,0,0,1,0,0,0,0,4.66656976468899,1,0,0,0,0,0,0,0
17,6,1,2,1,0,0,0,0,2.3144703727106704,1,0,1,1,311.55278253423387,0,0.9959598284234124,0
8,4,0,0,1,0,0,0,0,2.372180411339079,5,0,0,0,0,0,0,0
15,1,0,1,1,0,0,0,0,4.409957556836808,2,0,1,1,305.3262655708122,1,11.20580319590855,0
17,0,0,0,1,0,0,0,0,5.16961503421694,1,0,0,0,0,0,0,0
19,5,1,3,1,0,0,0,0,4.93711097195323,2,0,0,0,0,0,0,0
5,3,0,1,1,0,0,0,0,2.3391184551756403,5,0,0,0,0,0,0,0
21,2,0,0,1,0,0,0,0,5.517969744218826,3,0,0,0,0,0,0,0
16,4,0,0,1,0,0,0,0,3.3516817176283404,2,0,1,1,265.5571285361531,0,12.307515464942941,0
11,5,1,1,1,0,0,0,0,5.798348234868858,1,0,1,2,290.28815784270654,0,13.459125176407973,0
8,2,0,0,1,0,0,0,0,2.218499092048949,2,0,1,2,278.69493927475116,0,9.71482260087778,0
10,2,0,0,1,0,0,0,0,2.0722750994196013,4,0,1,1,92.73815978664176,0,12.614589929433889,0
12,1,0,0,1,0,0,0,0,2.9701915418759315,3,0,0,0,0,0,0,0
7,0,0,0,1,0,0,1,1,3.9723279738953905,2,0,0,0,0,0,0,0
17,4,0,1,1,0,0,1,0,2.7470793152548243,2,0,1,1,196.32147769366196,0,4.725940177770186,0
6,0,0,2,1,0,0,0,0,4.074077719649491,5,0,0,0,0,0,0,0
15,0,0,0,1,0,0,0,0,3.733026008080277,2,0,0,0,0,0,0,0
7,6,1,0,1,0,0,0,0,2.4112276266353234,1,0,0,0,0,0,0,0
18,3,0,0,1,0,0,0,0,4.6986095324154125,3,0,0,0,0,0,0,0
10,0,0,1,1,0,0,0,0,3.232401371193537,6,0,0,0,0,0,0,0
7,2,0,1,1,0,0,0,0,5.088518171081197,3,2,1,2,321.6929203524428,0,11.150232269550383,0
11,0,0,0,1,0,0,0,0,3.0098178271412,6,0,0,0,0,0,0,0
20,3,0,0,1,0,0,0,0,4.843120323428094,2,0,1,1,87.22411141829973,0,8.235240924603536,0
13,2,0,2,1,0,0,0,0,4.029512418620221,3,0,0,0,0,0,0,0
7,3,0,1,1,0,0,0,0,5.047459415323115,5,0,1,2,179.9233610315579,0,11.812529627684821,0
21,4,0,0,1,0,0,0,0,3.810119632759089,3,0,1,1,55.10217762218112,0,12.119086641749625,0
15,1,0,0,1,0,0,0,0,2.034839837684725,1,0,1,1,145.11747762607493,0,3.56678258592345,0
17,4,0,1,1,0,0,0,0,3.1346291839563487,3,1,0,0,0,0,0,0
2,0,0,2.171587395334576,1,0,0,0,0,-1.1934336376561174,50,15,1,1,48.07179316869239,0,281.22789610270695,1
16,0,0,0,1,0,0,0,0,5.535722215830431,3,0,0,0,0,0,0,0
16,3,0,1,1,0,0,0,0,4.408579771730917,1,0,0,0,0,0,0,0
22,2,0,1,1,0,0,0,0,3.2960269265075004,3,0,1,2,75.76521415916824,0,5.40635517178246,0
14,0,0,0,1,0,0,0,0,3.158171741313615,3,0,0,0,0,0,0,0
14,0,0,0,1,0,0,0,0,4.832025297929731,4,0,1,1,83.78250797693345,0,9.09120425147567,0
19,3,0,0,1,0,0,0,0,5.731346560248789,1,0,0,0,0,0,0,0
15,3,0,1,1,0,0,0,0,3.0369008627865957,3,0,1,1,314.51916529449335,0,11.842217903066405,0
17,1,0,0,1,0,0,0,0,4.595904233266854,4,0,0,0,0,0,0,0
8,3,0,0,1,0,0,0,0,5.519459027617916,2,0,0,0,0,0,0,0
11,2,0,2,1,0,0,0,0,3.10774140763648,5,0,0,0,0,0,0,0
13,1,0,0,1,0,0,0,0,4.636919774130382,4,0,1,1,233.41825515821364,0,3.703245623903702,0
9,1,0,0,1,0,1,0,0,3.3992537807612053,1,0,1,2,333.9994330873486,0,4.022684201683687,0
22,2,0,3,1,0,0,0,0,3.031545439951106,5,0,0,0,0,0,0,0
20,2,0,0,1,0,0,0,0,5.0943290654771065,5,0,0,0,0,0,0,0
0,0,0,0,1,0,0,0,0,5.589562992401698,2,0,0,0,0,0,0,0
11,1,0,0,1,0,0,0,0,3.6157602969275375,3,0,1,2,365.9247497884919,0,11.587740822463044,0
20,0,0,0,1,0,0,0,0,5.722300892379776,4,0,1,1,153.7279733323563,0,10.254211307884654,0
14,2,0,0,1,0,0,0,0,4.656203967132614,1,0,1,1,56.24973309500052,0,13.455497776811928,0
17,2,0,0,1,0,0,0,0,4.57184289913425,2,0,0,0,0,0,0,0
8,3,0,1,1,0,0,0,0,4.15447214831209,2,0,0,0,0,0,0,0
8,0,0,0,1,0,0,0,0,5.114028121038038,5,0,1,1,245.05881786405163,0,1.8578771846230433,0
10,1,0,0,1,0,0,0,0,4.069180278967335,2,0,0,0,0,0,0,0
15,2,0,1,1,0,0,0,0,4.161921658585936,6,0,0,0,0,0,0,0
17,5,1,1,1,0,0,0,0,2.161504218706652,3,0,0,0,0,0,0,0
2,1,0,0,1,0,0,0,0,5.516496296293067,3,0,0,0,0,0,0,0
15,2,0,0,1,0,0,0,0,2.2830868778556166,4,0,1,1,138.80306039865303,0,11.084673721477424,0
11,2,0,0,1,0,0,0,0,5.493865013491028,4,0,0,0,0,0,0,0
8,0,0,0,1,0,0,0,0,3.3079641575538368,3,0,0,0,0,0,0,0
12,4,0,1,1,0,0,0,0,3.8724108772918044,4,0,0,0,0,0,0,0
17,3,0,0,1,0,0,1,0,2.331622150367052,2,0,0,0,0,0,0,0
6,1,0,2,1,0,0,0,0,2.9571148061633497,2,0,1,1,312.84819261868444,0,11.869501990026377,0
17,3,0,3,1,0,0,0,0,2.716624779473335,4,0,0,0,0,0,0,0
7,3,0,0,1,0,0,0,0,3.9316058954243274,1,0,1,1,149.54966854956223,0,3.425462754831645,0
2,0,0,0,1,0,0,0,0,2.155928157510266,6,0,1,1,364.7063316211855,0,12.242808071838633,0
10,3,0,0,1,0,0,0,0,5.937915500602481,3,0,1,1,96.38193584640105,0,12.254188338093783,0
8,6,1,1,1,0,0,0,0,5.051626252663343,1,0,1,2,174.66180519295446,0,3.15968264221888,0
14,4,0,3.1694431083767642,1,0,0,0,0,-1.368392329706983,20,20,1,1,19.66115908035536,1,67.00109274833764,1
15,3,0,0,1,0,0,0,0,4.606303739111727,2,0,0,0,0,0,0,0
18,3,0,3,1,0,0,0,0,2.351148964607144,2,0,0,0,0,0,0,0
10,2,0,1,1,0,0,0,0,3.4251913198264243,5,0,1,1,253.93518577124584,0,10.950035292886358,0
17,0,0,0,1,0,0,0,0,5.880240851449649,4,0,1,1,82.54320508700806,0,13.771814896241702,0
7,2,0,0,1,0,0,0,0,2.4387448115217643,5,1,1,1,362.180766270003,0,1.9204667911822697,0
19,4,0,0,1,0,0,0,0,5.002755328611812,3,0,0,0,0,0,0,0
14,4,0,0,1,0,0,0,0,2.2564849418263826,4,0,0,0,0,0,0,0
9,2,0,1,1,0,0,0,0,4.609621046283708,2,0,0,0,0,0,0,0
8,2,0,2,1,0,0,0,0,2.5309234565591896,3,0,1,2,137.68792246353848,0,0.19221155867788187,0
15,0,0,1,1,0,0,0,0,5.063005564965502,2,0,0,0,0,0,0,0
5,2,0,0,1,0,0,0,0,2.8583750825722594,4,0,0,0,0,0,0,0
5,2,0,1,1,0,0,0,0,4.42605981850662,6,0,0,0,0,0,0,0
13,1,0,0,1,0,0,0,0,2.4302805211928056,2,0,0,0,0,0,0,0
18,4,0,1,1,0,0,1,0,2.1178244470969405,4,0,0,0,0,0,0,0
15,4,0,1,1,0,0,0,0,4.056546722065528,2,0,1,1,387.54592609728,0,6.769047820184033,0
8,4,0,0,1,0,0,0,0,3.347515836129539,1,0,0,0,0,0,0,0
8,3,0,0,1,0,0,0,0,2.971576797197837,6,0,1,1,82.37855808344628,0,7.985495788002575,0
10,5,1,0,1,0,0,0,0,2.749377648000577,5,0,0,0,0,0,0,0
14,4,0,1,1,0,0,0,0,3.501338447140998,2,0,0,0,0,0,0,0
11,4,0,0,1,0,0,0,0,3.376703071125169,2,0,0,0,0,0,0,0
11,6,1,0,1,0,0,0,0,5.393854750612318,4,0,1,1,127.47951122270189,0,5.6824769281377545,0
0,5,1,0,1,0,0,0,0,3.94256960878409,3,0,1,1,66.61742863604115,0,0.3910792022783902,0
11,3,0,1,1,0,0,0,0,5.233685851888445,3,0,1,1,307.5240961166214,0,0.5130710171391717,0
14,3,0,0,1,0,0,0,0,3.094208224294878,2,0,0,0,0,0,0,0
13,0,0,0,1,0,0,0,0,5.092558261269979,3,0,1,1,334.04060761964,0,3.4139707103203625,0
10,0,0,0,1,0,0,0,0,4.462766915277209,5,0,0,0,0,0,0,0
15,4,0,1,1,0,0,0,0,4.025400970872212,5,0,0,0,0,0,0,0
8,5,1,1,1,0,0,0,0,4.631500910903979,1,0,0,0,0,0,0,0
13,5,1,3,1,0,0,0,0,5.115971754531897,1,0,0,0,0,0,0,0
23,1,0,1,1,0,0,0,0,5.356889009223638,4,0,1,2,283.2838535494379,0,0.394891976180227,0
16,4,0,0,1,0,0,0,0,4.1215980789624345,1,0,1,1,73.67469286153803,0,10.729563352073429,0
10,0,0,0,1,0,0,0,0,3.741555136747964,2,0,0,0,0,0,0,0
14,4,0,1,1,0,0,0,0,4.75877511549575,3,0,1,1,353.325255209882,0,9.330541722854754,0
7,0,0,0,1,0,0,0,0,2.4216151239812853,1,0,0,0,0,0,0,0
19,1,0,0,1,0,0,0,0,4.87123811904036,2,0,0,0,0,0,0,0
6,4,0,1,1,0,0,0,0,4.991635676724782,2,0,1,1,162.58955256774658,0,13.70076515265786,0
16,3,0,0,1,0,0,0,0,3.7107476759227174,1,0,1,2,224.59785163333163,0,8.155133930857117,0
4,2,0,0,1,0,0,1,1,2.439483612327683,1,0,0,0,0,0,0,0
17,1,0,0,1,0,0,0,0,2.849670638419117,6,0,0,0,0,0,0,0
18,6,1,0,1,0,0,0,0,4.180394425898154,3,0,0,0,0,0,0,0
9,2,0,0,1,0,0,0,0,2.167521450016731,3,0,1,1,311.0222728961159,0,2.9047861830441812,0
9,3,0,0,1,0,0,0,0,4.0618858255367,2,0,0,0,0,0,0,0
3,1,0,0,1,0,0,0,0,2.3340983793138346,3,0,1,1,67.57415438204121,1,1.1395530984879163,0
12,0,0,2,1,0,0,0,0,4.248724893264526,3,0,0,0,0,0,0,0
16,0,0,1,1,0,0,0,0,5.831168881240755,3,0,0,0,0,0,0,0
1,3,0,1,1,0,0,0,0,5.568292245086324,3,0,0,0,0,0,0,0
8,4,0,1,1,0,0,0,0,4.8485678094348295,4,0,0,0,0,0,0,0
1,1,0,11.61199570399668,1,0,0,1,0,4.516281406102886,2,0,0,0,0,0,0,1
7,6,1,2,1,0,0,0,0,3.8093107896416,1,0,0,0,0,0,0,0
16,0,0,3,1,0,0,0,0,4.765890234692446,3,0,0,0,0,0,0,0
4,1,0,0,1,0,1,0,0,2.300283556832141,2,0,1,2,303.3500538077472,0,1.740692801142584,0
10,1,0,0,1,0,0,0,0,5.931116505501632,3,0,1,2,181.6891481252644,0,4.984529712273967,0
15,1,0,0,1,0,0,0,0,3.302740530910139,3,0,0,0,0,0,0,0
10,1,0,0,1,0,0,0,0,3.9537723969601335,3,0,1,1,249.68575709860218,0,12.83912004868182,0
1,0,0,1,1,0,0,0,0,2.544021610840618,3,0,0,0,0,0,0,0
7,0,0,3,1,0,0,0,0,4.716489397779868,5,0,1,1,206.376843527351,0,10.657243380004045,0
18,2,0,0,1,0,0,0,0,3.2795610250059184,6,0,0,0,0,0,0,0
11,0,0,0,1,0,0,0,0,4.15255757825941,3,0,0,0,0,0,0,0
22,4,0,0,1,0,0,0,0,2.1088526201760445,2,0,0,0,0,0,0,0
12,3,0,3,1,0,0,1,0,3.549943749684212,3,0,0,0,0,0,0,0
17,1,0,1,1,0,0,0,0,5.496861407762934,5,0,1,1,163.5951556836645,0,0.18289583914044005,0
12,4,0,3.6587055368769463,1,0,0,0,0,-0.24325354488997553,10,5,0,0,0,0,0,1
7,5,1,0,1,0,0,0,0,4.564707618896907,1,0,1,2,284.976258046228,0,8.537547225269707,0
20,4,0,0,1,0,0,0,0,5.091872416942988,2,0,1,1,107.68711341726575,0,12.55163089900181,0
1,1,0,0,1,0,0,1,1,2.8872954127917922,2,0,1,1,179.13165121079396,0,13.901073489309093,0
8,0,0,1,1,0,0,0,0,2.705044207739458,4,0,0,0,0,0,0,0
7,2,0,0,1,0,0,0,0,4.621436981895952,3,1,0,0,0,0,0,0
15,1,0,0,1,0,0,0,0,5.296025405470742,2,0,0,0,0,0,0,0
15,1,0,2,1,0,0,0,0,3.100378120429709,3,0,0,0,0,0,0,0
16,1,0,0,1,0,0,0,0,4.020561401825264,2,0,0,0,0,0,0,0
7,1,0,0,1,0,0,0,0,4.929104879716325,5,0,0,0,0,0,0,0
16,2,0,0,1,0,0,0,0,4.729922519424748,5,0,0,0,0,0,0,0
11,0,0,0,1,0,0,1,0,3.226693686280037,2,0,1,1,192.07519957307878,0,11.0634840308341,0
0,4,0,10.573862148703071,1,0,0,0,0,3.2632165046821573,1,1,1,1,99.16200153143765,0,174.31142874006588,1
8,4,0,1,1,0,1,0,0,5.74892932367699,4,0,1,1,55.48721526424818,0,13.151051207004757,0
10,4,0,0,1,0,0,0,0,5.7278258118272545,2,0,0,0,0,0,0,0
10,0,0,1,1,0,0,0,0,3.56238373891308,3,0,0,0,0,0,0,0
9,5,1,3,1,0,0,0,0,2.318271098028374,6,0,0,0,0,0,0,0
20,1,0,3,1,0,0,0,0,4.7468332004605935,3,1,0,0,0,0,0,0
6,0,0,1,1,0,0,0,0,4.667262163597996,3,0,0,0,0,0,0,0
15,0,0,1,1,0,0,0,0,3.7023575510429363,3,0,0,0,0,0,0,0
16,4,0,0,1,0,0,0,0,3.006645586154722,3,1,0,0,0,0,0,0
21,0,0,0,1,0,0,0,0,3.3801451209073528,1,0,1,1,20.26249434216158,0,8.52961537815217,0
11,2,0,1,1,0,0,1,1,2.5931233091979866,6,0,1,1,219.21256333714257,0,11.846921864576094,0
15,2,0,1,1,0,0,0,0,5.2187269437282415,2,0,1,2,270.2124384269888,0,11.744318879706793,0
15,2,0,0,1,0,0,0,0,2.808068669487094,4,0,0,0,0,0,0,0
8,4,0,0,1,0,0,0,0,2.1661421742785505,1,0,1,1,326.1488150684591,0,5.880376743816211,0
12,4,0,0,1,0,0,0,0,3.9319992757771276,2,0,1,1,278.3561431706163,0,3.1381091497725535,0
19,0,0,1,1,0,0,0,0,2.7190647894826907,1,0,1,1,283.865661397682,0,9.691922526242507,0
19,5,1,3,1,0,0,0,0,2.874170568085837,6,0,0,0,0,0,0,0
12,3,0,0,1,0,0,0,0,5.682377576005456,1,0,1,1,189.1306170441417,0,5.013698925165626,0
13,0,0,0,1,0,0,0,0,3.72435468745449,1,0,1,2,75.90194044441364,0,11.150757552696701,0
18,3,0,2,1,0,0,0,0,4.777424592905858,1,0,0,0,0,0,0,0
17,3,0,0,1,0,0,1,0,3.7127287666582776,2,0,0,0,0,0,0,0
20,2,0,1,1,0,0,0,0,4.630778011942722,4,0,1,1,395.32092832435916,0,2.581054730266835,0
7,0,0,1,1,0,0,0,0,4.865147214435378,5,0,1,2,238.08626200097498,0,13.007718861574464,0
19,3,0,3,1,0,0,0,0,3.3314853806343154,6,2,1,1,359.7836732729491,0,0.3810150738978295,0
13,2,0,0,1,0,0,0,0,3.7604280377204224,2,0,1,1,379.4447973129623,0,11.623800266951656,0
8,2,0,2,1,0,0,0,0,5.069258038782422,2,0,0,0,0,0,0,0
9,0,0,0,1,0,0,0,0,4.1823342321936785,3,0,0,0,0,0,0,0
16,5,1,1,1,0,0,0,0,2.9201742952472434,3,0,1,1,153.96386526584922,0,13.809035531526057,0
2,4,0,1,1,0,0,0,0,3.4203499691471806,5,0,1,2,157.26664964997227,0,6.192424739081505,0
8,5,1,9.72174917759633,0,1,1,1,1,1.9485934670408724,1,2,1,1,0.08981278358266626,1,0.058344783769393185,1
16,4,0,0,1,0,0,0,0,3.977403849172009,3,0,1,2,100.32987179942302,0,10.011445926299366,0
7,0,0,0,1,0,0,0,0,5.987892411934142,3,0,1,2,319.5059703249721,0,3.2574448319848894,0
11,1,0,0,1,0,0,0,0,3.6897132566677953,4,0,0,0,0,0,0,0
16,3,0,0,1,0,0,0,0,3.6059771001176104,3,0,0,0,0,0,0,0
10,2,0,0,1,0,0,0,0,3.6793860194635464,3,1,1,1,336.3501198896375,0,8.053374883381789,0
15,4,0,0,1,0,0,0,0,4.786446719094222,1,1,0,0,0,0,0,0
5,4,0,1.542074899732492,1,0,0,0,0,-1.790275032393419,50,15,0,0,0,0,0,1
19,4,0,2,1,0,0,0,0,5.723764932153532,4,1,0,0,0,0,0,0
18,4,0,0,1,0,0,0,0,5.679561396357122,4,0,0,0,0,0,0,0
15,0,0,0,1,0,0,0,0,3.3540399249691526,2,0,1,3,379.6859219375632,0,13.037537415317283,0
7,0,0,2,1,0,0,0,0,3.588050083040678,4,0,0,0,0,0,0,0
13,1,0,0,1,0,0,0,0,5.932763813692038,4,0,0,0,0,0,0,0
18,4,0,1,1,0,0,0,0,3.127366634901231,3,0,0,0,0,0,0,0
16,1,0,0,1,0,0,0,0,4.886383870970693,4,0,0,0,0,0,0,0
8,2,0,1,1,0,0,1,1,2.566183264536282,6,0,1,2,287.8531880304856,0,5.908376200223515,0
18,2,0,1,1,0,0,0,0,2.3847139281185497,2,0,0,0,0,0,0,0
15,6,1,2.3405487771258584,1,0,0,1,0,-1.6407777759074447,10,10,0,0,0,0,0,1
9,0,0,1,1,0,0,0,0,4.797242063759225,1,0,1,1,154.34596181814027,0,9.708898347588459,0
10,6,1,0,1,0,0,0,0,4.945507627056466,3,0,0,0,0,0,0,0
18,5,1,0,1,0,0,0,0,5.584701987913004,1,0,0,0,0,0,0,0
8,6,1,0,1,0,0,0,0,2.568079659017109,1,0,0,0,0,0,0,0
16,3,0,0,1,0,0,0,0,5.915623959666557,4,1,1,2,29.04469180125718,0,12.294723502403702,0
16,3,0,0,1,0,0,0,0,3.438781371575096,5,0,1,1,130.02925176830473,0,5.070764949320655,0
19,0,0,0,1,0,0,0,0,5.956197779499293,1,0,0,0,0,0,0,0
8,1,0,1,1,0,0,0,0,3.9225683542231398,3,0,0,0,0,0,0,0
17,3,0,0,1,0,0,0,0,2.5098669380748815,6,0,1,3,108.85137331648667,0,4.054785534113062,0
14,1,0,0,1,0,0,0,0,3.542981877499259,6,0,0,0,0,0,0,0
17,3,0,0,1,0,0,0,0,3.5545805889479167,2,0,1,2,21.36423303859895,0,9.091756026531197,0
16,1,0,2,1,0,0,0,0,5.527062387547072,5,0,0,0,0,0,0,0
12,5,1,1,1,0,0,0,0,4.252922608844191,1,0,0,0,0,0,0,0
6,4,0,1,1,0,0,0,0,2.5825959023479546,2,0,0,0,0,0,0,0
11,6,1,0,1,0,0,0,0,3.6426534475735877,1,0,0,0,0,0,0,0
10,4,0,1,1,0,0,0,0,4.909984885438601,6,0,0,0,0,0,0,0
1,0,0,0,1,0,0,0,0,5.893669174339156,3,0,1,1,202.94767862825606,0,0.7541791735038383,0
19,4,0,0,1,0,0,0,0,4.108621168508121,3,0,1,1,363.50378564797296,0,4.204490578040034,0
9,4,0,0,1,0,0,0,0,4.2626058494999395,4,0,0,0,0,0,0,0
17,4,0,1,1,0,0,0,0,2.1358691250576602,2,0,0,0,0,0,0,0
3,2,0,9.091128744049453,1,0,0,1,1,4.6713073613126115,1,1,0,0,0,0,0,1
7,0,0,1,1,0,0,0,0,5.623724453131753,6,2,1,1,180.83749600105574,0,8.11530123318219,0
8,1,0,0,1,0,0,0,0,4.954961610958877,1,0,1,1,206.15712940923154,0,8.259806506448925,0
11,3,0,0,1,0,0,1,0,2.5559967742466743,4,0,1,1,363.11939478718216,0,11.489376935744422,0
19,0,0,0,1,0,0,0,0,2.3482902663034335,1,0,0,0,0,0,0,0
1,5,1,11.467153048140212,1,0,0,0,0,2.9290617502618765,1,1,0,0,0,0,0,1
3,1,0,0,1,0,0,0,0,4.19837218564493,1,1,0,0,0,0,0,0
18,0,0,0,1,0,0,0,0,4.737359025959611,1,0,1,1,200.4334921351937,0,13.811308393655613,0
8,4,0,2,1,0,0,0,0,2.5221347314082028,3,0,0,0,0,0,0,0
11,0,0,0,1,0,0,0,0,3.100222344060755,1,1,0,0,0,0,0,0
11,2,0,0,1,0,1,1,0,3.2066809578567903,1,0,1,2,141.7501855592551,0,13.944539790569126,0
12,3,0,0,1,0,0,0,0,3.1571796618168855,4,0,0,0,0,0,0,0
15,1,0,0,1,0,0,0,0,3.736001379370368,2,0,0,0,0,0,0,0
12,2,0,3,1,0,0,1,1,5.994548063339272,2,0,0,0,0,0,0,0
16,0,0,2,1,0,0,1,1,4.337129394367867,5,0,0,0,0,0,0,0
9,3,0,0,1,0,0,1,1,5.598599563610311,1,0,1,1,213.82895994819208,0,2.0268187214997053,0
16,4,0,1,1,0,0,0,0,2.2321175515111933,4,0,1,1,102.55232378308445,0,2.036758918907103,0
14,3,0,2,1,0,0,0,0,2.536935895896319,2,0,0,0,0,0,0,0
15,0,0,1,1,0,0,0,0,3.458807560926994,4,0,0,0,0,0,0,0
9,5,1,0,1,0,0,0,0,2.7900547144141012,2,0,1,1,221.43877511079359,0,2.947589631879719,0
7,2,0,0,1,0,0,0,0,3.470751111427247,2,0,1,2,102.1641073371549,0,0.6165307016793335,0
8,3,0,1,1,0,0,0,0,2.7501736021264134,5,0,0,0,0,0,0,0
4,2,0,1,1,0,0,0,0,5.94213581660712,1,0,0,0,0,0,0,0
18,2,0,2,1,0,0,0,0,4.341274758295599,3,0,1,1,85.7591344555551,0,8.321756971230737,0
17,1,0,1,1,0,0,0,0,4.066619015740738,3,0,0,0,0,0,0,0
15,0,0,0,1,0,0,0,0,2.7529811642408197,5,0,0,0,0,0,0,0
13,1,0,0,1,0,0,0,0,4.641053856068155,6,0,1,2,53.19442973752973,0,8.580286787763693,0
7,0,0,0,1,0,0,0,0,3.988496952149224,4,0,0,0,0,0,0,0
18,0,0,0,1,0,1,0,0,3.4515017521506186,3,0,0,0,0,0,0,0
23,2,0,0,1,0,0,0,0,4.793683453834463,1,0,0,0,0,0,0,0
20,0,0,1,1,0,0,0,0,3.882377270546306,1,0,0,0,0,0,0,0
11,3,0,2,1,0,0,0,0,4.97402613947107,5,0,0,0,0,0,0,0
16,2,0,0,1,0,0,0,0,3.1017071166583086,3,0,1,1,349.2192842422853,0,5.810733913201931,0
9,1,0,0,1,0,0,0,0,4.77579924919621,4,0,0,0,0,0,0,0
9,3,0,1,1,0,0,0,0,2.7284385658665333,2,0,0,0,0,0,0,0
8,6,1,1,1,0,0,0,0,5.921065948170396,1,1,1,1,22.640021420993733,0,3.596012056636179,0
9,4,0,2,1,0,0,0,0,5.761420772271018,1,0,0,0,0,0,0,0
15,2,0,2,1,0,1,0,0,2.420175505450428,3,0,1,1,302.78542236157045,0,6.126417638186277,0
8,2,0,0,1,0,0,0,0,5.203381816905914,4,0,1,1,87.17074820541991,0,12.750857993973678,0
9,4,0,0,1,0,0,0,0,5.941814525974475,2,0,0,0,0,0,0,0
11,3,0,0,1,0,0,0,0,5.475903921024495,1,0,0,0,0,0,0,0
19,2,0,0,1,0,0,0,0,2.1314391844531646,3,0,0,0,0,0,0,0
12,0,0,0,1,0,0,0,0,4.475198405965605,6,0,1,1,32.127183363616496,0,9.032257471262186,0
13,4,0,0,1,0,1,0,0,2.475244078894358,6,0,1,1,376.43414684477494,0,2.7868103417342995,0
4,3,0,0,1,0,0,0,0,4.192212029840869,3,0,1,2,16.49358769153962,0,4.773613429539797,0
11,1,0,1,1,0,0,0,0,2.3540940058619597,4,0,0,0,0,0,0,0
8,2,0,0,1,0,0,0,0,4.680777888484117,2,0,0,0,0,0,0,0
14,0,0,1,1,0,0,0,0,3.3669847807229694,4,0,0,0,0,0,0,0
10,1,0,2,1,0,0,0,0,4.090853759127347,3,0,1,1,54.31934091796797,0,7.17125672126953,0
18,3,0,2,1,0,0,0,0,3.9272723874328936,2,0,0,0,0,0,0,0
13,6,1,0,1,0,0,0,0,4.291543115913835,4,0,0,0,0,0,0,0
11,3,0,1,1,0,0,0,0,4.707052926816818,2,0,1,1,30.186899829362183,0,12.731354326621448,0
14,4,0,2,1,0,0,1,0,5.297230174851378,1,0,1,1,124.47149013890696,0,5.980294963315002,0
8,3,0,0,1,0,0,0,0,2.755877696530497,2,0,1,2,145.76013198317733,0,12.90575684947823,0
20,0,0,0,1,0,1,0,0,3.1380350302222495,3,0,0,0,0,0,0,0
6,1,0,0,1,0,0,0,0,4.443095487453988,2,0,0,0,0,0,0,0
18,3,0,0,1,0,0,0,0,2.7199154185411225,2,0,0,0,0,0,0,0
9,2,0,0,1,0,0,0,0,3.2183269916016126,2,0,0,0,0,0,0,0
12,6,1,1,1,0,0,0,0,2.0632288113652453,1,0,0,0,0,0,0,0
16,0,0,0,1,0,0,0,0,3.756319538427545,3,1,1,1,55.50281988531807,0,8.434289013161498,0
10,1,0,0,1,0,0,0,0,5.73277552160331,1,0,1,1,22.28021461563143,0,13.627010187018605,0
17,3,0,2,1,0,0,0,0,5.676600920321498,3,0,0,0,0,0,0,0
19,1,0,0,1,0,0,0,0,5.149953381778198,1,1,0,0,0,0,0,0
9,1,0,0,1,0,0,0,0,3.4444474979242607,4,0,1,2,156.15117652955564,0,7.1509149900767355,0
13,2,0,0,1,0,0,0,0,3.253592510251512,4,0,0,0,0,0,0,0
15,5,1,1,1,0,0,0,0,4.346436700364838,5,0,1,2,384.7756776064425,0,13.186924988552583,0
21,5,1,1,1,0,0,0,0,2.0788503420011257,3,0,1,2,39.10529748844914,0,13.312422704521504,0
19,3,0,0,1,0,0,0,0,2.0104561892726878,3,0,1,1,90.18530528382706,0,4.50165575709415,0
17,2,0,1,1,0,0,0,0,3.817664859577559,3,0,0,0,0,0,0,0
12,1,0,0,1,0,0,0,0,5.885638111624168,4,0,0,0,0,0,0,0
9,0,0,0,1,0,0,0,0,4.241861917128762,3,0,1,1,96.84945515762612,0,1.5204503344457845,0
7,3,0,0,1,0,0,0,0,2.8556301713545436,3,0,1,1,97.7607246340702,0,4.442646200473231,0
12,6,1,1,1,0,0,0,0,2.3192469723484455,6,0,0,0,0,0,0,0
13,0,0,3,1,0,0,0,0,2.757927384094316,1,0,0,0,0,0,0,0
13,0,0,0,1,0,0,1,1,3.3628133273051093,3,0,1,1,134.45445636893413,0,4.108318437227181,0
8,3,0,0,1,0,0,0,0,4.463840533219944,2,0,0,0,0,0,0,0
8,3,0,1,1,0,0,0,0,3.8281439990734345,3,0,1,1,115.8869257119211,0,7.476749359985714,0
1,6,1,0.518787486263601,1,0,0,0,0,-0.13317288533606275,10,15,0,0,0,0,0,1
21,6,1,0,1,0,0,0,0,4.997373205578286,4,0,0,0,0,0,0,0
7,1,0,0,1,0,0,0,0,3.459328715880337,2,0,0,0,0,0,0,0
16,4,0,1,1,0,0,1,1,4.6139625190266855,4,0,0,0,0,0,0,0
2,1,0,0.8076530252185257,1,0,0,0,0,-1.9660794097891106,100,10,0,0,0,0,0,1
16,0,0,0,1,0,0,0,0,4.720800278852369,1,0,0,0,0,0,0,0
13,4,0,0,1,0,0,0,0,5.085292693482559,2,0,0,0,0,0,0,0
13,3,0,0,1,0,0,0,0,4.26269643996026,1,0,0,0,0,0,0,0
3,6,1,1,1,0,0,0,0,5.259731003870515,3,0,0,0,0,0,0,0
9,2,0,0,1,0,0,0,0,4.260618713139823,4,0,0,0,0,0,0,0
12,3,0,0,1,0,0,0,0,3.3978616250614353,3,0,0,0,0,0,0,0
10,4,0,0,1,0,0,0,0,4.188130466482042,2,0,0,0,0,0,0,0
2,5,1,0,1,0,0,0,0,4.120454296477337,1,0,1,1,187.5364213778438,0,7.039484526738114,0
22,1,0,2,1,0,0,0,0,5.667932143083359,6,0,1,1,308.917223505727,0,1.4328994712903316,0
16,4,0,2,1,0,0,0,0,3.3218128774233477,3,0,0,0,0,0,0,0
17,4,0,1,1,0,0,0,0,2.0084218201355153,1,0,1,1,228.43900991375918,0,2.481500284706347,0
21,4,0,1,1,0,0,0,0,3.9211501107180076,1,0,0,0,0,0,0,0
3,4,0,2,1,0,0,0,0,3.276635353504218,5,0,1,2,296.8429730270166,0,12.151317990178935,0
5,1,0,0,1,0,0,0,0,4.689530568356238,5,0,1,1,329.4526458841245,0,1.5094158167610534,0
4,1,0,1,1,0,0,0,0,5.294648440379271,4,0,1,2,376.8996079495132,0,7.542061306550754,0
7,2,0,0,1,0,0,0,0,5.158399602542925,2,0,1,1,156.03057592225358,0,0.24664862679015265,0
8,1,0,0,1,0,0,0,0,5.325664727464176,3,0,1,2,57.99116022211056,0,1.0696045579904245,0
14,0,0,0,1,0,0,0,0,2.678161894457206,3,0,0,0,0,0,0,0
0,3,0,3,1,0,0,0,0,2.5152296429012684,4,0,1,1,387.5230659625714,0,11.755044870627362,0
12,2,0,3,1,0,0,0,0,4.175663858877309,4,0,0,0,0,0,0,0
10,3,0,1,1,0,0,0,0,2.109403573333485,1,0,1,2,66.53159817447704,0,8.79614782540251,0
17,2,0,0,1,0,0,0,0,3.162352328828043,3,1,0,0,0,0,0,0
6,5,1,0,1,0,0,0,0,4.446146580646971,6,0,1,3,206.54427132235142,0,7.445265581783284,0
14,1,0,0,1,0,0,0,0,4.613278668036827,4,0,1,2,92.42999167441297,0,4.312859816364167,0
14,5,1,1,1,0,0,0,0,4.552201303937907,6,0,1,1,221.05131258461876,0,7.6288980770539885,0
4,3,0,0,1,0,0,0,0,3.666347134652985,3,0,1,1,383.2669656024003,0,11.265634159020262,0
9,2,0,1,1,0,0,0,0,5.891113609617087,1,0,1,1,154.12527016202338,0,3.3484291574975638,0
15,1,0,0,1,0,0,1,0,4.076524759422675,1,0,1,2,387.60958259076295,0,10.616770118453898,0
12,4,0,0,1,0,0,0,0,3.2950938028314134,2,0,0,0,0,0,0,0
14,3,0,1,1,0,0,0,0,5.8375789702057,4,0,0,0,0,0,0,0
18,2,0,0,1,0,0,0,0,3.760667550481621,3,0,0,0,0,0,0,0
8,3,0,0,1,0,0,0,0,3.8866429747350617,3,0,0,0,0,0,0,0
14,2,0,0,1,0,0,0,0,3.4757947108400025,3,0,0,0,0,0,0,0
6,6,1,0.8667471617947173,1,0,0,0,0,-0.06825923676163748,20,10,0,0,0,0,0,1
17,4,0,0,1,0,0,0,0,3.989296024736454,3,0,0,0,0,0,0,0
3,0,0,1,1,0,0,0,0,5.684060266736058,4,0,0,0,0,0,0,0
13,4,0,0,1,0,0,0,0,3.978316562191671,2,0,0,0,0,0,0,0
12,1,0,1,1,0,0,1,1,5.088526236089837,2,0,0,0,0,0,0,0
8,3,0,1,1,0,0,0,0,3.3929901916983236,1,0,0,0,0,0,0,0
11,5,1,0,1,0,0,0,0,4.366657882137993,2,0,0,0,0,0,0,0
6,2,0,0,1,0,0,0,0,5.0649629226516595,4,0,0,0,0,0,0,0
9,3,0,0,1,0,0,0,0,3.8908383861894875,1,0,1,2,56.27266043743339,0,4.989237572707537,0
15,3,0,0,1,0,0,0,0,3.7136531268465043,4,0,1,1,186.9361040999943,0,7.73064915782177,0
8,3,0,0,1,0,0,0,0,2.292380728884254,1,0,1,2,286.25394527845776,0,3.6968729443167367,0
13,3,0,1,1,0,0,0,0,5.73821456955376,4,0,0,0,0,0,0,0
10,4,0,0,1,0,0,0,0,3.926380985247047,3,0,0,0,0,0,0,0
17,3,0,0,1,0,0,0,0,4.412760668361106,4,0,0,0,0,0,0,0
13,4,0,2,1,0,0,0,0,2.477543437763969,1,0,0,0,0,0,0,0
19,4,0,0,1,0,0,0,0,3.1867178927610924,5,0,0,0,0,0,0,0
11,1,0,0,1,0,0,0,0,5.218574506018739,3,0,0,0,0,0,0,0
9,3,0,0,1,0,0,0,0,4.0944878242188185,2,1,1,1,312.81450287298424,0,11.409536962383314,0
9,4,0,0,1,0,0,0,0,3.49838999597943,3,0,0,0,0,0,0,0
16,3,0,1,1,0,0,0,0,5.341134188568091,2,0,0,0,0,0,0,0
11,0,0,1,1,0,0,0,0,2.5591047066325148,2,0,0,0,0,0,0,0
11,5,1,0,1,0,0,0,0,2.0792518538361833,1,0,0,0,0,0,0,0
12,3,0,2,1,0,0,0,0,3.9509519968770492,1,2,1,1,360.4421558396948,0,1.6478557823674116,0
10,4,0,1,1,0,0,0,0,3.280629273573337,1,0,0,0,0,0,0,0
8,0,0,1,1,0,0,0,0,5.051309878687734,5,0,0,0,0,0,0,0
7,3,0,1,1,0,0,0,0,2.967929777608016,1,0,0,0,0,0,0,0
15,2,0,3,1,0,0,0,0,2.0625296416844083,2,0,1,2,100.54378945331645,0,8.793788512978882,0
17,3,0,1,1,0,0,0,0,4.491635692453301,3,0,0,0,0,0,0,0
10,2,0,0,1,0,0,1,1,4.034859811532372,1,0,0,0,0,0,0,0
10,2,0,0,1,0,0,1,0,2.7442595204475655,2,0,1,1,85.38214905506057,0,2.4619127783079815,0
3,2,0,0,1,0,0,0,0,4.836573378258361,3,0,1,1,91.58661185418507,0,9.730632790395997,0
14,4,0,0,1,0,0,0,0,4.2563908565031054,2,0,1,1,246.5523741404062,0,11.554328724695239,0
13,0,0,3,1,0,1,0,0,4.190203984203098,2,0,0,0,0,0,0,0
8,1,0,3,1,0,0,0,0,4.416171289753947,2,0,0,0,0,0,0,0
15,1,0,0,1,0,0,0,0,3.832269923805037,1,1,1,1,203.40002187584557,0,12.760060149802163,0
19,2,0,0,1,0,0,0,0,3.8083369913688787,3,0,1,2,398.52882971723994,0,5.497847198072251,0
9,5,1,0,1,0,0,0,0,4.759435400258958,4,0,0,0,0,0,0,0
15,3,0,0,1,0,0,0,0,5.015750836368075,1,0,0,0,0,0,0,0
10,2,0,2,1,0,0,0,0,3.4028342847240576,5,0,1,2,263.5836137980541,0,11.949013842264797,0
16,1,0,1,1,0,0,1,0,2.1420360298089705,1,0,0,0,0,0,0,0
8,3,0,0,1,0,0,0,0,5.158488457034975,2,0,1,1,346.55878708451496,0,7.296939174432156,0
12,4,0,1,1,0,0,0,0,4.613847748590195,3,0,0,0,0,0,0,0
4,0,0,1,1,0,0,0,0,4.130361570024084,3,0,1,1,133.18235038029968,0,5.955050113271154,0
10,4,0,0,1,0,0,0,0,5.087865309454781,2,0,1,1,81.67582056800568,0,12.035185515836911,0
17,4,0,0,1,0,0,0,0,5.056051495816908,3,0,1,2,215.46166654245738,0,6.632650371922297,0
4,3,0,1,1,0,0,0,0,3.322673939495864,3,0,1,1,14.887642883629539,0,11.507553995360468,0
19,1,0,0,1,0,0,0,0,3.7734620141670834,4,0,1,1,124.83141971213584,0,13.999563041919174,0
8,5,1,2,1,0,0,0,0,5.936282254597051,4,0,0,0,0,0,0,0
9,1,0,1,1,0,0,0,0,5.140559630895412,2,0,1,1,34.47217492013063,0,5.7425684960889445,0
9,1,0,1,1,0,0,0,0,3.628628402499167,4,0,1,1,394.45642364050906,0,9.51588431277269,0
17,1,0,0,1,0,0,0,0,5.954614043162945,3,0,1,3,330.58140388141913,0,12.098144867959938,0
16,0,0,0,1,0,0,0,0,4.730887854693124,3,0,0,0,0,0,0,0
9,2,0,1,1,0,0,0,0,5.1856498574042185,2,0,1,1,396.5478684232415,0,11.474804789930678,0
18,1,0,0,1,0,0,0,0,3.106059590324417,4,0,0,0,0,0,0,0
14,2,0,1,1,0,0,0,0,4.579684833042744,2,0,0,0,0,0,0,0
9,4,0,0,1,0,0,0,0,4.448775826521828,3,0,0,0,0,0,0,0
17,4,0,1,1,0,0,0,0,3.1505732828518345,5,0,0,0,0,0,0,0
17,4,0,0,1,0,0,0,0,4.630094758630696,3,0,0,0,0,0,0,0
11,5,1,0,1,0,0,0,0,4.705728836971169,3,0,1,1,320.5793143928501,0,8.054822562371642,0
8,3,0,0,1,0,0,0,0,4.062870783623261,4,0,1,3,15.240180715243241,0,7.012037353527225,0
9,3,0,0,1,0,0,0,0,2.6269314061080538,3,0,0,0,0,0,0,0
14,2,0,2,1,0,0,0,0,2.405168191934066,3,0,1,1,280.5432842317931,0,5.865613007426341,0
3,1,0,1,1,0,1,0,0,2.0707679645109804,2,0,1,2,308.98085513813277,0,9.721644854257022,0
20,6,1,1,1,0,0,0,0,4.0249598179796795,4,0,0,0,0,0,0,0
7,4,0,2,1,0,0,0,0,3.078841286141397,1,0,1,1,218.19480008381615,0,1.370135080592024,0
8,1,0,0,1,0,0,0,0,2.2864492794574707,1,0,0,0,0,0,0,0
16,2,0,0,1,0,0,0,0,3.8574261723240717,1,0,1,1,298.5782815945923,1,0.138018635299062,0
14,2,0,0,1,0,0,0,0,4.612541186067604,6,1,1,2,104.95489264468716,0,6.07940573927701,0
6,2,0,1,1,0,0,0,0,3.031288564016307,2,0,0,0,0,0,0,0
9,2,0,1,1,0,0,0,0,3.3537261304105908,4,0,0,0,0,0,0,0
10,4,0,1,1,0,0,0,0,3.7109804181452475,4,0,1,1,121.6974846565229,0,2.4104217672955253,0
11,6,1,0,1,0,0,0,0,5.802220679405708,5,0,1,1,391.44721636849005,0,5.5739549984212236,0
11,1,0,1,1,0,0,1,1,5.052691964350773,5,0,0,0,0,0,0,0
15,3,0,0,1,0,0,0,0,3.909532281011707,3,0,0,0,0,0,0,0
10,1,0,0,1,0,0,0,0,2.164570364877855,2,0,1,2,269.33166002536007,0,11.263610557788422,0
12,1,0,3,1,0,0,0,0,5.404352656808774,3,1,0,0,0,0,0,0
2,3,0,0,1,0,0,0,0,3.711978613689169,2,0,0,0,0,0,0,0
11,3,0,3.0021926524882696,1,0,0,0,0,-1.8191465759070813,20,3,0,0,0,0,0,1
12,0,0,0,1,0,0,0,0,3.286760431086304,3,2,0,0,0,0,0,0
10,0,0,0,1,0,1,0,0,4.511140845717549,2,1,0,0,0,0,0,0
14,5,1,0,1,0,0,0,0,5.256786349151973,3,0,0,0,0,0,0,0
8,0,0,0,1,0,0,0,0,2.109717626298208,4,0,0,0,0,0,0,0
19,2,0,1,1,0,0,0,0,2.924665760609641,3,1,1,1,31.39104325452378,0,2.7114018083584988,0
16,1,0,2,1,0,0,0,0,4.372156861455242,3,0,0,0,0,0,0,0
9,3,0,1,1,0,0,0,0,5.066205971092159,2,0,1,1,28.623020417533553,0,7.916912576454132,0
8,4,0,1,1,0,0,0,0,2.5395166018662594,5,0,0,0,0,0,0,0
7,3,0,1,1,0,0,0,0,5.887010219645701,1,1,0,0,0,0,0,0
14,2,0,0,1,0,0,0,0,5.975397818861976,5,0,0,0,0,0,0,0
8,3,0,0,1,0,0,0,0,4.411965729765684,2,0,1,1,126.77300428984127,0,8.298658774978655,0
8,2,0,0,1,0,0,0,0,4.7499313716610825,1,0,1,2,266.9828891371638,0,13.393674043789908,0
14,0,0,1,1,0,0,0,0,3.8474691651554376,2,0,0,0,0,0,0,0
8,1,0,1,1,0,0,0,0,5.521862119214243,3,0,1,1,318.3426198503163,0,7.3837709883048275,0
9,4,0,0,1,0,0,0,0,5.838965405574589,4,0,1,2,70.8998981657339,0,4.800604418478125,0
8,2,0,0,1,0,0,0,0,2.2448261981629782,4,0,0,0,0,0,0,0
18,5,1,0,1,0,0,0,0,4.492820278921316,3,0,1,1,398.4822947340178,0,4.187207582336728,0
6,1,0,4.593425575993886,1,0,0,0,0,0.03341022111611158,10,15,0,0,0,0,0,1
18,3,0,1,1,0,0,0,0,2.882930701741204,4,0,0,0,0,0,0,0
22,4,0,0,1,0,0,0,0,5.73399465053944,3,0,1,1,194.3067897753407,0,7.383549240953979,0
8,0,0,0,1,0,0,0,0,3.504550228487754,1,0,1,2,244.47563473015393,0,12.746310126663296,0
8,2,0,0,1,0,0,0,0,5.150635260256292,5,2,1,1,75.90819103173345,0,12.285235399139276,0
9,4,0,3,1,0,0,0,0,4.11244567287201,3,0,1,1,354.4251983075755,0,3.1509600911095643,0
18,0,0,1,1,0,0,0,0,5.022065835927766,2,0,1,1,173.63528661762234,0,0.32427994582876507,0
16,4,0,1,1,0,0,0,0,4.380023444380683,2,0,1,3,380.4295023331755,0,2.4277135656601425,0
13,0,0,0,1,0,1,0,0,5.040196873043717,4,0,0,0,0,0,0,0
16,1,0,0,1,0,0,0,0,3.793697416959335,2,0,0,0,0,0,0,0
11,1,0,1,1,0,0,0,0,3.9137796361785666,3,0,1,2,239.49762162617077,0,1.0828808796127816,0
11,3,0,2,1,0,0,0,0,5.569424307989095,4,0,0,0,0,0,0,0
9,5,1,2,1,0,0,0,0,3.8286737926415957,1,0,0,0,0,0,0,0
16,0,0,0,1,0,0,0,0,5.043912855735588,1,0,1,2,238.66583011922003,0,4.942546051453229,0
15,3,0,0,1,0,0,0,0,2.431433388940053,2,0,1,1,363.1148276192189,0,8.296656151316368,0
16,0,0,1,1,0,0,0,0,2.2479862706415763,5,0,0,0,0,0,0,0
14,3,0,0,1,0,0,1,0,4.396378488718659,5,0,1,1,233.4233062994777,0,11.395379691186262,0
7,4,0,2,1,0,0,0,0,3.7216843666393635,2,0,0,0,0,0,0,0
21,1,0,1,1,0,0,0,0,4.37490601819249,1,1,0,0,0,0,0,0
18,4,0,0,1,0,0,0,0,5.73699357473008,3,0,0,0,0,0,0,0
7,1,0,0,1,0,0,0,0,2.7420997199494526,6,0,0,0,0,0,0,0
7,1,0,0,1,0,0,0,0,3.6927876321561603,3,0,1,1,277.549905604921,0,13.872484669598967,0
22,2,0,8.2803394606225,1,0,1,1,1,5.79555274919263,1,2,0,0,0,0,0,1
13,2,0,0,1,0,0,1,0,3.954458720964723,2,0,1,2,260.0755168253173,0,6.910891030624432,0
1,0,0,1,1,0,0,0,0,3.1670852968980827,1,0,0,0,0,0,0,0
15,2,0,0,1,0,0,0,0,2.6151018747351915,1,0,1,1,382.70779095558015,0,0.08127505043131711,0
16,4,0,0,1,0,0,0,0,5.755038249906141,5,0,0,0,0,0,0,0
7,3,0,0,1,0,0,0,0,4.411692283188202,3,0,1,1,353.81859188349927,0,12.6510349174509,0
19,2,0,1,1,0,0,0,0,4.315389060847872,2,0,0,0,0,0,0,0
11,0,0,1,1,0,0,0,0,2.6513126882555094,3,0,0,0,0,0,0,0
14,2,0,0,1,0,0,0,0,4.454319075490329,1,0,0,0,0,0,0,0
13,4,0,0,1,0,0,0,0,4.508170931490831,4,0,1,2,366.8446094644515,0,3.233233309710421,0
8,3,0,0,1,0,0,0,0,4.465114543975411,3,0,1,1,63.27980177294353,0,4.207510867601297,0
15,1,0,0,1,0,0,1,0,3.259153513850722,5,0,1,1,316.31777853796734,0,5.821214477010285,0
9,6,1,3,1,0,0,0,0,2.8549026760085097,1,0,1,1,147.63157832733262,0,7.047947913171533,0
19,3,0,3,1,0,0,0,0,4.832033961991131,2,0,0,0,0,0,0,0
15,3,0,0,1,0,0,1,0,5.685662814812233,6,0,1,2,40.35305575423773,0,0.8755015592599844,0
15,3,0,0,1,0,0,0,0,4.17769940879222,6,0,0,0,0,0,0,0
17,1,0,0,1,0,0,0,0,4.1809014809371625,5,0,1,2,357.0757011631705,0,7.074392200022983,0
7,2,0,0,1,0,0,0,0,2.495370594057712,3,0,1,1,166.60850684704968,0,5.996780577977801,0
13,2,0,0,1,0,0,0,0,2.1258447878202476,2,0,1,1,325.6032791368403,0,9.581339482457526,0
18,4,0,0,1,0,0,0,0,5.676522992397594,3,0,0,0,0,0,0,0
20,2,0,1,1,0,0,0,0,4.682650187706265,1,0,1,1,215.71221047448878,0,5.1269821949581456,0
18,4,0,0,1,0,0,0,0,5.521295145707763,1,0,0,0,0,0,0,0
14,3,0,0,1,0,0,0,0,5.146638954651494,3,0,1,1,152.8676528108868,0,7.515521110695303,0
2,0,0,0,1,0,0,0,0,3.672260527122182,4,1,1,3,397.53614249550947,0,0.28121743268688926,0
8,1,0,1,1,0,0,0,0,5.278835981104118,3,0,0,0,0,0,0,0
19,5,1,1,1,0,0,0,0,3.0032052525801474,1,0,1,1,134.45085910837372,0,1.0449154991419962,0
9,2,0,1,1,0,0,1,0,5.021380100052266,2,0,1,2,355.43363077887966,0,0.8136478265694715,0
12,5,1,0,1,0,0,0,0,2.508087208249595,2,0,1,2,205.05081515324912,0,7.070875544771596,0
9,4,0,1,1,0,0,0,0,5.855147562100708,3,0,1,1,246.21749972566928,0,12.608048389637757,0
9,0,0,1,1,0,0,0,0,5.133900961004239,3,0,0,0,0,0,0,0
13,5,1,0,1,0,0,0,0,4.490764236068689,1,1,0,0,0,0,0,0
9,0,0,0,1,0,0,0,0,5.527657613252707,2,0,1,1,289.2963365394595,0,7.834912190074882,0
13,2,0,0,1,0,0,0,0,4.063361054961504,3,0,0,0,0,0,0,0
10,0,0,1,1,0,0,0,0,4.856070049102918,3,0,0,0,0,0,0,0
20,0,0,0,1,0,0,1,0,4.714048533607565,5,0,0,0,0,0,0,0
8,1,0,1,1,0,0,0,0,4.840300849187292,6,0,0,0,0,0,0,0
14,3,0,1,1,0,0,0,0,3.279684162081359,1,0,1,1,53.037597020560895,0,13.719956806061424,0
10,4,0,2,1,0,0,0,0,2.0491037050167993,3,0,0,0,0,0,0,0
11,3,0,0,1,0,0,0,0,3.220930387841867,4,0,1,1,382.30932674946973,0,10.67214676665966,0
8,2,0,0,1,0,0,0,0,4.138488304618911,3,0,1,2,67.05932444494067,0,6.713330403855007,0
16,5,1,0,1,0,0,0,0,3.001580263499672,1,0,1,1,237.3441039328158,0,4.907195963066465,0
1,1,0,0,1,0,0,0,0,3.408789755731557,1,0,0,0,0,0,0,0
1,4,0,0,1,0,0,0,0,4.100375154636209,3,0,0,0,0,0,0,0
18,1,0,0,1,0,0,0,0,2.8302139842737346,3,0,1,1,132.62333630602632,0,1.333545952990916,0
16,2,0,1,1,0,0,0,0,3.7356198649353116,4,0,1,2,102.27446661157398,0,5.073877397038888,0
22,3,0,2,1,0,0,0,0,5.587572293380363,3,0,0,0,0,0,0,0
14,6,1,0,1,0,0,0,0,4.75855111389418,3,0,0,0,0,0,0,0
13,0,0,1,1,0,0,0,0,5.516633035334156,1,1,0,0,0,0,0,0
11,0,0,0,1,0,0,0,0,2.218947538119562,1,0,0,0,0,0,0,0
9,3,0,2,1,0,0,0,0,3.916835432788812,3,0,0,0,0,0,0,0
17,1,0,0,1,0,0,0,0,3.7333622952663448,4,0,0,0,0,0,0,0
9,3,0,0,1,0,0,0,0,4.038737810808019,6,0,0,0,0,0,0,0
10,4,0,0,1,0,0,0,0,5.85118384482743,3,0,0,0,0,0,0,0
15,2,0,1,1,0,0,0,0,5.756448112081098,5,0,1,2,192.10698559702908,0,2.1664256149388286,0
15,1,0,0,1,0,0,0,0,5.638304955275965,2,0,1,1,18.965300489305964,0,0.7961019286017601,0
8,1,0,2,1,0,0,0,0,2.4264767296834244,4,1,1,2,187.36513791214026,0,6.18267702894493,0
22,3,0,9.81392863355791,1,0,0,1,1,5.73843540049857,2,1,1,1,99.39131510370838,0,249.61140828976224,1
7,1,0,1,1,0,0,0,0,3.317370465235132,2,0,0,0,0,0,0,0
15,3,0,0,1,0,0,0,0,3.3127520233542995,2,0,0,0,0,0,0,0
0,6,1,3.3699733566788814,1,0,0,0,0,-1.1331347964779312,20,10,0,0,0,0,0,1
9,0,0,3,1,0,0,0,0,3.8654472991868767,3,0,1,1,387.2682394418674,0,4.661038490706504,0
10,2,0,0,1,0,0,1,0,3.533887293050119,3,0,0,0,0,0,0,0
18,5,1,0,1,0,0,0,0,5.808179834891719,2,0,0,0,0,0,0,0
20,2,0,3,1,0,0,0,0,5.096541161750773,4,0,0,0,0,0,0,0
15,3,0,0,1,0,0,0,0,2.361468937161086,3,0,1,1,16.814374270619563,0,2.3567610065798887,0
8,2,0,3,1,0,0,0,0,2.043101261682818,2,0,0,0,0,0,0,0
19,0,0,0,1,0,0,0,0,4.0317072967809295,1,0,0,0,0,0,0,0
8,5,1,0,1,0,0,1,1,5.564751771307195,2,0,0,0,0,0,0,0
10,0,0,0,1,0,0,1,1,5.052650813165097,4,0,1,1,198.64907526353934,0,3.649518314217823,0
7,0,0,0,1,0,0,0,0,2.5988637716346723,3,0,0,0,0,0,0,0
7,3,0,0,1,0,0,0,0,4.238074133602618,1,0,0,0,0,0,0,0
8,6,1,0,1,0,0,1,0,2.72269681643655,3,1,0,0,0,0,0,0
13,2,0,3,1,0,0,0,0,4.461983131308315,1,0,0,0,0,0,0,0
15,0,0,0,1,0,0,0,0,4.024966200301836,5,0,1,1,336.90960338402937,0,4.868357013404878,0
14,4,0,0,1,0,0,0,0,5.1457589955633,2,0,0,0,0,0,0,0
17,0,0,3,1,0,0,0,0,5.256266879928273,4,0,0,0,0,0,0,0
14,1,0,0,1,0,0,0,0,3.250759683745057,4,0,1,2,208.0815760567867,0,12.702276448252906,0
18,1,0,1,1,0,0,0,0,5.042876182063766,2,0,1,1,273.1757012580073,0,12.736449737382276,0
15,3,0,2,1,0,0,0,0,5.095473591975917,4,0,1,1,96.32123250208639,0,7.488252456005586,0
15,3,0,1,1,0,0,0,0,3.4688882401489725,2,0,1,2,355.29729826735525,0,10.100128726657978,0
11,2,0,1,1,0,0,0,0,4.131097644444459,1,0,0,0,0,0,0,0
8,0,0,0,1,0,0,0,0,2.3403159498729416,3,0,0,0,0,0,0,0
1,0,0,2,1,0,0,1,0,3.812706199115193,5,0,0,0,0,0,0,0
8,0,0,0,1,0,0,0,0,5.948364482683541,1,0,1,2,360.43826447834056,0,6.981077352946816,0
16,5,1,1,1,0,0,0,0,2.419511261782577,5,0,1,1,260.8425577703332,0,4.081364935569484,0
7,3,0,1,1,0,0,0,0,3.1861235428088674,6,0,0,0,0,0,0,0
17,0,0,0,1,0,0,0,0,4.8439279131753565,2,0,1,1,82.67034681925273,0,12.322309628956825,0
11,3,0,0,1,0,0,0,0,4.556008067022798,6,0,0,0,0,0,0,0
20,3,0,0,1,0,0,0,0,3.3052256550237056,3,0,1,1,131.37578257142854,0,11.050875665924922,0
9,0,0,0,1,0,0,0,0,3.578490451286352,1,0,0,0,0,0,0,0
15,1,0,0,1,0,0,0,0,3.5515227260172932,1,1,1,2,253.4520004428094,0,10.730774962976117,0
17,5,1,1,1,0,0,0,0,3.3602816422452206,3,0,0,0,0,0,0,0
18,1,0,1,1,0,0,0,0,2.716751054039827,3,1,1,1,135.91126058859726,0,5.730613408431127,0
16,1,0,0,1,0,0,0,0,4.400331145988899,6,0,1,1,171.69030333974155,0,4.062701461209314,0
12,4,0,2,1,0,0,0,0,4.526848761933875,1,0,1,1,257.6715356137731,0,11.884610807143321,0
16,4,0,0,1,0,0,0,0,5.961454119456153,4,1,1,2,242.1000642525457,0,6.277971132704074,0
18,0,0,0,1,0,0,0,0,4.230095741594393,3,1,1,2,362.59371553331283,0,13.839485036508616,0
12,0,0,0,1,0,0,1,0,2.057705334388419,2,0,0,0,0,0,0,0
10,1,0,0,1,0,0,0,0,5.925273827386307,3,0,1,1,173.7770458433491,0,3.0978373764271536,0
5,4,0,0,1,0,0,0,0,2.930662600695074,1,0,0,0,0,0,0,0
16,2,0,0,1,0,0,0,0,2.3233177358498818,2,0,0,0,0,0,0,0
19,0,0,1,1,0,0,0,0,4.534552363796783,2,0,0,0,0,0,0,0
20,2,0,3.4271651447478515,0,1,2,1,1,-0.6228937184007175,1,0,0,0,0,0,0,1
14,2,0,0,1,0,0,0,0,4.608780645092747,2,0,0,0,0,0,0,0
14,6,1,0,1,0,0,0,0,3.899975520039503,1,0,1,1,197.56688435201144,0,12.433211847131856,0
10,6,1,2,1,0,0,0,0,2.266170229832673,2,1,0,0,0,0,0,0
13,2,0,5.935348346265263,0,1,3,1,1,-0.6625763072892124,1,1,0,0,0,0,0,1
11,3,0,0,1,0,0,0,0,4.977839366928922,2,0,1,1,91.10136433616836,0,8.683251078758351,0
10,2,0,0,1,0,0,0,0,2.803278301451318,3,0,1,2,242.07420008370786,1,10.111643318614975,0
9,1,0,0,1,0,0,0,0,3.001385730795913,1,0,1,2,175.3946181570323,0,10.410035320595048,0
11,0,0,0,1,0,0,0,0,2.8560150878851904,1,0,0,0,0,0,0,0
14,4,0,0,1,0,0,0,0,4.227558684171534,2,0,0,0,0,0,0,0
6,1,0,0,1,0,0,0,0,3.6494155306347555,4,0,0,0,0,0,0,0
17,0,0,0,1,0,0,0,0,3.955286817128601,5,0,1,1,110.45754343807212,0,3.8589821541557074,0
9,5,1,0,1,0,0,0,0,4.739358449556342,3,0,0,0,0,0,0,0
14,0,0,0,1,0,0,0,0,4.773358430997579,6,0,1,1,94.05608642928033,0,9.781215660779033,0
12,2,0,4.391564735506872,0,1,1,1,1,0.338966523851699,2,0,1,1,0.1482259047583291,1,0.17020123726126557,1
23,1,0,0,1,0,0,0,0,3.0216010458676186,5,0,1,1,53.0793123664312,0,12.724959817378785,0
14,4,0,0,1,0,0,0,0,3.2882506447111637,5,2,0,0,0,0,0,0
14,3,0,2,1,0,0,0,0,5.029148927329,5,0,0,0,0,0,0,0
4,1,0,0,1,0,0,0,0,5.956490809184494,3,0,1,1,151.79203194965027,0,12.121175879092807,0
7,3,0,2,1,0,0,0,0,2.1843605422834793,1,0,1,1,363.2609232988512,0,8.401319215216056,0
12,1,0,0,1,0,0,0,0,2.145716750926489,1,0,1,2,161.1966657209577,0,3.749194635829451,0
7,0,0,1,1,0,0,0,0,3.235733720190185,5,0,1,1,160.84700667326564,0,4.558417379065538,0
19,0,0,0,1,0,0,0,0,3.195154209378668,1,0,1,1,150.46703903587888,0,4.944335039680987,0
5,3,0,2.8633991626064286,1,0,0,0,0,-1.4529129889977919,50,3,1,1,64.02536267755868,1,186.10717296022318,1
13,1,0,1,1,0,0,0,0,4.082842104611898,6,2,1,1,66.1552719598424,0,8.859609489034064,0
12,2,0,0,1,0,0,0,0,2.128240389993152,2,0,0,0,0,0,0,0
19,4,0,0,1,0,0,0,0,2.3879059646687617,3,0,0,0,0,0,0,0
17,0,0,1,1,0,0,0,0,5.124780833213899,5,0,0,0,0,0,0,0
10,0,0,0,1,0,0,1,0,4.474937062715371,2,0,0,0,0,0,0,0
10,4,0,0,1,0,0,0,0,4.14876061028477,2,0,0,0,0,0,0,0
13,4,0,0,1,0,0,1,0,3.6054643138121536,1,0,0,0,0,0,0,0
17,0,0,2,1,0,0,0,0,5.7360843702757816,3,0,1,1,119.44946916908378,0,12.524904531737082,0
20,4,0,2,1,0,0,0,0,2.8005682707763473,3,0,1,1,396.54225954903006,0,0.41063346014817204,0
8,2,0,1,1,0,0,0,0,3.3441717660669723,3,0,1,1,335.6592791712205,0,7.45156703987949,0
11,1,0,2,1,0,0,0,0,5.308114105251102,1,1,0,0,0,0,0,0
21,2,0,1,1,0,0,0,0,2.6786959476586465,3,0,0,0,0,0,0,0
19,0,0,0,1,0,0,0,0,5.323944102475655,2,1,0,0,0,0,0,0
9,3,0,0,1,0,0,0,0,4.0092983498018455,3,0,0,0,0,0,0,0
8,4,0,2,1,0,0,0,0,5.926441948236496,3,0,1,2,398.96866172229596,0,8.043158810970201,0
0,1,0,3,1,0,0,0,0,5.2883848791673955,5,0,1,2,157.41454688636932,0,4.420999595126136,0
4,1,0,0,1,0,0,0,0,2.16222908854761,6,0,1,1,331.8609299030252,0,5.090825394655899,0
17,3,0,0,1,0,0,0,0,5.684307702903157,1,0,0,0,0,0,0,0
16,4,0,3,1,0,0,0,0,5.971426394323515,2,0,1,1,277.53391668319495,0,7.550203694864043,0
10,3,0,0,1,0,0,0,0,4.384432689051295,4,0,1,1,176.99679414591333,0,8.90654628973337,0
18,1,0,0,1,0,0,0,0,4.42670397151943,1,0,0,0,0,0,0,0
3,4,0,1,1,0,0,0,0,5.40715164720588,4,0,1,2,321.64353002288186,0,6.1235733167345,0
11,1,0,0,1,0,0,0,0,5.866503012086063,2,0,0,0,0,0,0,0
17,3,0,1,1,0,0,0,0,3.461833281721306,4,0,1,2,115.23114379781573,0,1.576034212205366,0
8,1,0,0,1,0,0,0,0,2.3674766803624845,3,0,0,0,0,0,0,0
12,0,0,0,1,0,0,0,0,5.579743460029294,3,0,0,0,0,0,0,0
12,0,0,3,1,0,0,0,0,4.409752557617475,4,0,0,0,0,0,0,0
13,0,0,0,1,0,0,0,0,2.994948028501076,3,0,0,0,0,0,0,0
4,2,0,0,1,0,0,0,0,3.983960386030173,3,1,1,1,319.85865229061386,0,2.2850051932983972,0
15,2,0,2,1,0,0,0,0,5.024561789264864,1,0,1,2,369.0979739319998,0,11.339954343633018,0
15,5,1,2,1,0,0,1,1,2.676998240480408,4,0,0,0,0,0,0,0
11,3,0,0,1,0,0,0,0,4.674919088891704,2,1,0,0,0,0,0,0
20,5,1,5.106367261721397,0,1,2,1,0,1.0181331191594638,3,1,1,1,0.019518229882739525,1,0.15041242695492088,1
16,0,0,0,1,0,0,0,0,2.409910201784679,3,0,0,0,0,0,0,0
1,3,0,5.641277607767751,1,0,0,0,0,-0.5637264424996942,20,20,0,0,0,0,0,1
11,3,0,0,1,0,0,0,0,5.434318247740825,1,0,0,0,0,0,0,0
14,1,0,0,1,0,0,0,0,5.352383732031074,4,0,1,1,21.127944023524282,0,4.319531729354352,0
15,2,0,2,1,0,0,0,0,5.9657357752759275,2,0,1,1,140.11261481931456,0,0.8188269842601399,0
9,1,0,0,1,0,0,0,0,5.491489328216799,3,0,0,0,0,0,0,0
7,1,0,2,1,0,0,0,0,2.4095460610327675,3,0,0,0,0,0,0,0
12,1,0,0,1,0,0,0,0,5.847253045354584,4,0,0,0,0,0,0,0
13,2,0,5.135046042387087,0,1,2,1,1,0.48460323349726186,1,1,0,0,0,0,0,1
2,4,0,2,1,0,0,0,0,3.5156910316607113,4,0,1,1,106.69787408919103,0,9.2527220129895,0
10,3,0,0,1,0,0,1,0,3.3174259813687055,3,0,0,0,0,0,0,0
20,1,0,0,1,0,0,0,0,4.861341123720457,3,0,0,0,0,0,0,0
11,6,1,0,1,0,0,0,0,5.4430967088292235,4,0,0,0,0,0,0,0
10,2,0,0,1,0,0,0,0,2.678431481125338,2,0,0,0,0,0,0,0
13,0,0,1,1,0,0,0,0,4.406248108385186,1,0,1,2,159.68857893951923,0,7.129098953521862,0
10,0,0,0,1,0,0,0,0,5.907934418937451,2,0,0,0,0,0,0,0
21,1,0,2,1,0,0,0,0,2.808738366316844,1,0,1,1,115.74409879089818,0,4.500049011860943,0
18,1,0,0,1,0,0,0,0,5.724640308628742,5,0,1,2,175.87655148404022,0,5.827592379018415,0
2,0,0,1,1,0,0,0,0,2.039221196014435,1,0,0,0,0,0,0,0
18,4,0,2,1,0,1,0,0,3.41725294859758,2,0,0,0,0,0,0,0
7,4,0,0,1,0,0,0,0,5.086156627997559,3,0,1,3,102.52398299137725,0,8.259155107546158,0
8,3,0,1,1,0,0,0,0,2.5177123108397934,2,0,1,2,156.65307045144203,0,0.883749889194495,0
4,3,0,1,1,0,0,0,0,4.050778169720999,2,0,1,1,32.725379263275364,0,7.485437535693821,0
8,4,0,1,1,0,0,1,0,3.7871189614604486,1,0,1,1,390.8708887568791,0,10.23210412828541,0
15,4,0,2,1,0,0,1,0,3.406584742772596,3,0,1,1,55.772295423924916,0,5.145854708614902,0
20,3,0,1,1,0,0,0,0,5.640786270953086,3,0,0,0,0,0,0,0
3,2,0,0,1,0,0,0,0,2.532449288982342,6,0,1,1,76.16138004928732,0,13.137040465229724,0
19,0,0,1,1,0,0,0,0,2.27220371327301,1,0,0,0,0,0,0,0
12,4,0,0,1,0,0,0,0,2.310751745192486,2,0,1,1,208.62017782628436,0,4.446753495530115,0
14,4,0,1,1,0,0,0,0,4.8387126706718995,4,0,0,0,0,0,0,0
21,0,0,1.3176360869781865,1,0,0,0,0,-1.5675646590767645,10,20,0,0,0,0,0,1
8,1,0,2.5828085209589506,1,0,0,0,0,-1.151841675716446,50,3,0,0,0,0,0,1
18,4,0,0,1,0,0,0,0,4.289469890521451,3,0,0,0,0,0,0,0
15,3,0,1,1,0,0,0,0,4.652451070381799,3,1,0,0,0,0,0,0
16,2,0,1,1,0,0,0,0,5.055311863189119,5,0,1,2,313.3317033792803,0,12.395864622020312,0
8,3,0,0,1,0,0,0,0,5.702021771754078,3,0,0,0,0,0,0,0
23,6,1,9.2372377585177,1,0,0,1,1,2.7901254535755164,1,0,0,0,0,0,0,1
8,4,0,2,1,0,0,0,0,4.814724861054954,1,0,1,1,221.15857496565204,0,7.352949798405783,0
9,0,0,0,1,0,0,0,0,4.769366593378553,2,0,1,1,316.48362593548956,0,7.3666114065432815,0
15,2,0,3.830215208218172,0,1,5,1,1,0.09900477167638178,2,0,0,0,0,0,0,1
18,2,0,2,1,0,0,0,0,4.9489257934114885,6,1,0,0,0,0,0,0
16,5,1,0,1,0,0,0,0,5.513652748929527,6,0,1,1,126.64062647955566,0,11.96815782221939,0
0,2,0,1,1,0,0,0,0,3.299959268532576,1,0,0,0,0,0,0,0
10,5,1,1,1,0,0,0,0,3.067222838377888,4,0,1,2,99.85941497262647,0,6.444245285505189,0
12,2,0,1,1,0,0,0,0,4.159769051623094,3,1,1,1,32.34389172040126,0,1.1024690896011318,0
13,2,0,0,1,0,0,0,0,4.437726922648041,4,0,1,1,375.06294631334396,0,8.603912736307029,0
14,1,0,1,1,0,0,0,0,2.642585639457051,4,0,1,1,119.93505078100917,0,2.089439283182349,0
22,4,0,4.159429316575741,1,0,0,1,1,3.7420669667980495,2,2,0,0,0,0,0,1
16,3,0,0,1,0,0,1,0,5.610356769119456,2,0,0,0,0,0,0,0
9,1,0,1,1,0,0,0,0,5.561748058947085,3,0,0,0,0,0,0,0
10,2,0,3,1,0,0,0,0,4.830759178128854,1,0,0,0,0,0,0,0
14,2,0,0,1,0,0,0,0,3.6380512605162596,5,0,0,0,0,0,0,0
0,1,0,4.915209157995951,1,0,1,1,1,2.6622684983926854,2,1,1,1,95.1301524740857,0,68.2373399029624,1
9,3,0,1,1,0,0,0,0,5.461856752689676,2,0,1,2,328.3907014598128,0,10.277862714156432,0
7,2,0,3,1,0,0,0,0,3.6948167140297796,1,0,0,0,0,0,0,0
17,1,0,1,1,0,0,0,0,2.13766773698743,1,0,1,1,381.9266324690447,0,7.174880516399492,0
18,6,1,0,1,0,0,0,0,2.353793114621009,2,0,0,0,0,0,0,0
10,1,0,0,1,0,0,0,0,5.7660732008763285,4,0,1,2,79.70309634946159,0,12.942548895936397,0
8,0,0,0,1,0,0,0,0,2.203778532962671,4,0,0,0,0,0,0,0
16,5,1,0,1,0,0,0,0,4.519357228253655,3,0,1,3,92.82298275973922,0,7.48286813058014,0
16,1,0,1,1,0,0,0,0,3.6323477829946307,3,0,0,0,0,0,0,0
9,1,0,0,1,0,0,0,0,3.791441679465041,1,0,1,1,153.19901922043474,0,12.23503451966398,0
22,5,1,0,1,0,0,0,0,4.692394794277382,5,0,0,0,0,0,0,0
17,2,0,1,1,0,0,0,0,2.5206880542974712,1,0,0,0,0,0,0,0
7,4,0,0,1,0,0,0,0,3.755659979534719,1,2,0,0,0,0,0,0
5,1,0,0,1,0,0,0,0,2.345950980265178,5,0,1,1,376.7701425261945,0,11.81139293817854,0
18,1,0,0,1,0,0,0,0,3.7559164696246374,4,0,0,0,0,0,0,0
13,1,0,0,1,0,0,0,0,2.9905219097741838,2,0,0,0,0,0,0,0
22,6,1,0,1,0,0,0,0,5.936524687716118,1,0,0,0,0,0,0,0
9,5,1,1,1,0,0,0,0,3.6577453760466345,3,0,0,0,0,0,0,0
4,3,0,1,1,0,0,1,1,5.2399347372893725,3,0,0,0,0,0,0,0
16,3,0,0,1,0,0,0,0,2.334161827637137,1,0,0,0,0,0,0,0
12,4,0,0,1,0,0,0,0,2.737454681560327,1,1,0,0,0,0,0,0
13,5,1,1,1,0,0,0,0,2.4550358215022485,4,0,0,0,0,0,0,0
10,0,0,1,1,0,1,0,0,4.8218054263459695,3,0,1,3,235.45884699686366,0,7.913241209086872,0
8,1,0,0,1,0,0,0,0,3.9514300641552538,2,0,1,1,207.93007921302197,0,6.5336729880179005,0
10,3,0,0,1,0,0,0,0,3.115896461661554,3,0,1,1,86.30382609588524,0,13.57598449548194,0
12,3,0,3,1,0,0,0,0,4.946832867601654,2,0,1,2,298.2775765684216,0,11.855416703166911,0
8,4,0,2,1,0,0,0,0,5.261386786637386,2,0,0,0,0,0,0,0
16,2,0,0,1,0,0,0,0,2.799977229888331,1,0,1,2,114.63758499083166,0,4.07987138371156,0
20,3,0,0,1,0,0,0,0,3.7730076821805736,2,0,1,2,291.65160422304024,0,7.366564502838541,0
14,0,0,0,1,0,0,0,0,2.863001925922974,3,0,0,0,0,0,0,0
17,0,0,1,1,0,0,0,0,3.94713833271032,4,0,1,1,338.8165050568507,0,12.891515325070449,0
21,1,0,2,1,0,0,0,0,5.89497974197714,5,1,1,1,321.8598937314662,0,7.895671554050551,0
19,1,0,0,1,0,0,0,0,2.101236899193119,3,0,0,0,0,0,0,0
13,2,0,1,1,0,0,0,0,2.3921709901895474,2,0,0,0,0,0,0,0
9,0,0,0,1,0,0,0,0,3.794725965620626,2,0,0,0,0,0,0,0
18,2,0,0,1,0,0,0,0,3.844966734819599,1,0,1,1,53.73183317925622,0,11.15460882706745,0
13,1,0,0,1,0,0,0,0,3.0499775771256017,1,0,1,1,197.05188058044143,0,1.7327367885709417,0
12,1,0,0,1,0,0,0,0,2.92029378481058,3,0,1,3,87.2415828050954,0,10.61847413738626,0
10,0,0,0,1,0,0,0,0,3.2256889352659517,3,0,1,1,248.01128260716948,0,8.349212283554037,0
14,2,0,1,1,0,0,0,0,5.041928881286786,2,0,0,0,0,0,0,0
0,2,0,0,1,0,0,0,0,3.475337364909448,2,1,0,0,0,0,0,0
15,1,0,0,1,0,0,0,0,2.5190677724709705,2,0,1,1,99.43094261573525,0,4.544523679426372,0
17,1,0,2,1,0,0,0,0,4.888849360155676,5,0,1,1,313.60853376953594,0,12.842819859594247,0
12,3,0,0,1,0,0,0,0,3.966798655213296,2,0,0,0,0,0,0,0
9,2,0,0,1,0,0,0,0,3.985745576214851,5,0,0,0,0,0,0,0
20,3,0,0,1,0,0,0,0,4.3178144981247435,2,0,1,1,120.38549185010406,0,7.557716578472787,0
17,6,1,0,1,0,0,0,0,2.5854602503152653,2,2,1,1,377.1792044242994,0,13.318598207930297,0
9,3,0,0,1,0,0,0,0,3.597602020561589,2,2,0,0,0,0,0,0
9,4,0,0,1,0,0,0,0,3.135281310794846,6,0,0,0,0,0,0,0
15,5,1,1,1,0,0,0,0,2.50055148272105,1,0,1,1,180.56958188412156,0,3.759943238849309,0
16,3,0,0,1,0,0,0,0,2.272000604204563,3,0,0,0,0,0,0,0
12,3,0,0,1,0,0,1,0,4.765822784029103,2,0,0,0,0,0,0,0
10,3,0,0,1,0,0,0,0,5.545982842450476,3,0,0,0,0,0,0,0
9,0,0,0,1,0,0,0,0,3.052170174553361,4,0,0,0,0,0,0,0
14,4,0,0,1,0,0,0,0,2.65013144720232,1,0,1,2,78.72020519764872,0,0.17425297395027184,0
11,0,0,0,1,0,1,0,0,2.067103461228432,3,0,1,2,280.97899557189004,0,2.52672918170334,0
19,1,0,2,1,0,0,0,0,2.5525381255369726,3,0,0,0,0,0,0,0
17,0,0,1,1,0,0,0,0,3.6795662807694867,3,0,1,1,348.4984844571883,0,4.965680771524006,0
2,4,0,0,1,0,0,1,0,3.057322544790176,1,0,0,0,0,0,0,0
13,4,0,1,1,0,0,0,0,4.628083620453811,4,0,0,0,0,0,0,0
13,1,0,0,1,0,0,0,0,4.127749869512822,2,2,0,0,0,0,0,0
21,0,0,1,1,0,0,1,0,5.3178258208966795,3,0,0,0,0,0,0,0
14,0,0,1,1,0,0,0,0,3.321378249502615,3,0,0,0,0,0,0,0
14,3,0,1,1,0,0,0,0,3.231831498747303,2,0,0,0,0,0,0,0
10,3,0,0,1,0,0,0,0,2.4014664544845283,1,0,0,0,0,0,0,0
19,5,1,0,1,0,0,0,0,2.9765088108970863,1,0,1,2,195.17820540632403,0,0.757668533644285,0
7,0,0,1,1,0,0,0,0,4.911831127718571,5,0,0,0,0,0,0,0
8,3,0,0,1,0,0,0,0,4.183023521492329,1,0,1,1,321.5064800509579,0,5.614751932160881,0
11,2,0,0,1,0,0,0,0,4.365844963770858,2,0,1,1,174.59453234342305,0,7.949054065883802,0
12,3,0,0,1,0,0,0,0,4.64094435551738,3,0,1,1,177.79652914266737,0,8.234710554869078,0
14,0,0,0,1,0,0,0,0,3.262408220657664,3,0,1,1,55.898172905581,0,3.06485467318935,0
9,0,0,0,1,0,0,0,0,3.8653961930540284,3,0,0,0,0,0,0,0
15,3,0,0,1,0,0,0,0,4.029532574305769,2,0,0,0,0,0,0,0
20,4,0,1,1,0,0,0,0,2.0655420747657707,3,0,0,0,0,0,0,0
16,2,0,1,1,0,0,0,0,2.6955219516479043,1,0,1,1,315.39400553351675,0,8.873019110274802,0
9,0,0,2,1,0,0,0,0,4.450876989364033,5,0,1,1,173.4907197154341,0,3.1382478307152626,0
10,0,0,0,1,0,0,0,0,2.8290969113254794,4,0,0,0,0,0,0,0
9,3,0,0,1,0,0,0,0,5.416323592905286,6,0,0,0,0,0,0,0
8,0,0,0,1,0,0,0,0,5.4428103280036115,5,0,0,0,0,0,0,0
17,3,0,0,1,0,0,0,0,2.5958145183638184,3,1,0,0,0,0,0,0
21,4,0,0,1,0,0,0,0,4.7664491828582385,2,0,0,0,0,0,0,0
0,4,0,1,1,0,0,0,0,4.460196339335459,3,0,1,2,327.34847154117244,0,0.016335922436560013,0
18,3,0,0,1,0,0,0,0,4.300671051603592,4,0,0,0,0,0,0,0
9,4,0,1,1,0,1,0,0,2.738626250931891,1,0,0,0,0,0,0,0
13,2,0,0,1,0,0,1,0,4.522193563294497,2,0,0,0,0,0,0,0
20,6,1,0,1,0,0,0,0,4.924546357418029,1,0,1,2,136.22927117881233,0,5.525905168319696,0
6,2,0,1,1,0,0,0,0,2.2797967631543608,2,0,1,2,107.73073721630445,0,13.80208040459562,0
2,3,0,3,1,0,0,0,0,4.460834202374482,2,0,0,0,0,0,0,0
11,4,0,2,1,0,0,0,0,4.127994623864339,4,2,0,0,0,0,0,0
13,2,0,0,1,0,0,0,0,2.22350202630539,3,0,0,0,0,0,0,0
13,0,0,0,1,0,0,0,0,4.487090686754723,2,0,0,0,0,0,0,0
19,0,0,1,1,0,0,0,0,4.50563858084292,1,0,0,0,0,0,0,0
15,4,0,0,1,0,0,0,0,3.613891232542868,1,0,1,2,224.94371614768696,0,6.827780270755925,0
20,2,0,0,1,0,0,0,0,2.040110647529097,1,0,1,2,111.71126491833797,0,5.934766115055677,0
11,1,0,0,1,0,0,0,0,5.1804135774516915,1,0,1,1,111.39421694291667,0,9.171444711668183,0
11,3,0,0,1,0,0,0,0,4.0660414912735305,3,0,0,0,0,0,0,0
23,0,0,0,1,0,0,0,0,3.5622846271213575,1,0,0,0,0,0,0,0
19,2,0,0,1,0,0,0,0,5.366151817102835,3,0,0,0,0,0,0,0
10,4,0,1,1,0,0,0,0,3.5619049990146485,2,0,0,0,0,0,0,0
15,3,0,0,1,0,0,0,0,4.798838881431024,2,0,1,1,356.8554104781626,0,2.1573436115302553,0
2,1,0,3,1,0,0,0,0,4.118248843125373,1,0,0,0,0,0,0,0
15,3,0,0,1,0,0,0,0,2.258055244167326,2,0,0,0,0,0,0,0
8,0,0,1,1,0,0,0,0,4.566817868932871,3,0,1,1,62.606619728904555,0,0.9605421395409826,0
14,3,0,2,1,0,0,0,0,2.462759861081138,1,0,1,2,301.42245238732517,0,5.148318363605771,0
4,1,0,0,1,0,0,0,0,4.249948969695996,1,0,0,0,0,0,0,0
17,4,0,2,1,0,0,0,0,5.554504489595709,4,0,0,0,0,0,0,0
17,4,0,0,1,0,0,0,0,2.9310012947823902,2,0,1,1,156.46497501129593,0,6.0507768641474575,0
19,0,0,0,1,0,0,0,0,2.0874285069021017,3,0,0,0,0,0,0,0
14,0,0,0,1,0,0,0,0,3.542534799596124,3,0,0,0,0,0,0,0
18,4,0,2,1,0,0,0,0,5.768238996280839,3,0,1,2,69.35710102525329,0,13.193658995209885,0
7,2,0,1,1,0,0,0,0,5.155254551888426,1,0,1,1,91.63523721455293,0,2.955866849237145,0
21,1,0,1,1,0,0,0,0,4.477451846923966,3,0,0,0,0,0,0,0
11,6,1,0,1,0,0,0,0,2.634239839739,3,0,1,1,244.67275087075492,0,8.401426631083307,0
11,1,0,0,1,0,0,0,0,3.894709968406606,3,1,0,0,0,0,0,0
10,4,0,0,1,0,0,0,0,4.00043226540801,4,0,0,0,0,0,0,0
16,1,0,3,1,0,0,1,0,5.497944726659242,1,0,1,1,205.5245731358679,0,13.04548428574686,0
8,0,0,0,1,0,0,0,0,5.587731636408634,3,0,1,1,385.35592508357024,0,3.803539592896567,0
14,2,0,3,1,0,0,0,0,4.520511637701489,2,0,0,0,0,0,0,0
10,6,1,0,1,0,0,0,0,3.2829036902770414,3,0,0,0,0,0,0,0
18,5,1,3,1,0,0,0,0,3.2110104357748885,4,0,0,0,0,0,0,0
13,3,0,1,1,0,0,0,0,2.2406927872441016,2,0,1,1,204.14392456787655,0,1.203605088118677,0
13,1,0,0,1,0,0,0,0,3.080342661557424,4,0,1,1,176.71997446234124,0,7.960047326333548,0
11,4,0,0,1,0,0,0,0,3.3730451054970603,2,0,1,2,286.915071646795,0,1.2656553966116437,0
2,1,0,3,1,0,0,0,0,3.31626897609774,4,0,1,2,98.40290162565655,0,7.834237125618778,0
11,1,0,2,1,0,0,0,0,3.912625327703677,1,0,1,1,339.09523746077394,0,4.339624543442776,0
18,4,0,2,1,0,0,0,0,2.6157502309007516,4,0,0,0,0,0,0,0
14,2,0,0,1,0,0,0,0,3.818087027850097,1,0,1,2,81.04805730482934,1,10.54929606615788,0
18,6,1,0,1,0,0,0,0,2.031857016758507,3,1,0,0,0,0,0,0
9,3,0,0,1,0,0,0,0,2.8778269043257594,4,0,1,1,354.68084684033795,0,13.008974124926091,0
20,1,0,0,1,0,0,0,0,2.412741396783472,1,0,0,0,0,0,0,0
2,2,0,1,1,0,0,0,0,3.3272993457502738,1,0,1,2,33.00547381255336,0,6.643247560299075,0
9,1,0,1,1,0,1,0,0,5.579437959425464,3,0,0,0,0,0,0,0
8,2,0,0,1,0,0,0,0,2.0648659599165966,1,0,0,0,0,0,0,0
16,3,0,0,1,0,0,0,0,3.2945220921929197,3,0,1,1,266.59239997643436,1,0.5852070424786542,0
21,4,0,0,1,0,0,0,0,3.4924719512250215,4,0,0,0,0,0,0,0
13,4,0,0,1,0,0,0,0,5.868200280797656,2,0,0,0,0,0,0,0
19,1,0,0,1,0,0,0,0,4.350092850825327,4,0,1,1,156.4652419020651,0,9.330614189124319,0
15,2,0,1,1,0,0,0,0,2.2704250625484117,1,0,1,2,130.41609734448298,0,7.622504084017628,0
18,0,0,0,1,0,0,0,0,4.839645968180644,4,0,0,0,0,0,0,0
12,2,0,0,1,0,0,0,0,5.155416662000494,2,0,0,0,0,0,0,0
13,2,0,1,1,0,0,0,0,4.787022078603831,2,0,1,1,178.29223181755867,0,4.257110382712742,0
8,1,0,1,1,0,0,0,0,3.776158362683086,2,0,0,0,0,0,0,0
14,2,0,0,1,0,0,0,0,4.176938637658576,4,0,1,1,83.03962920000583,0,4.246638342200905,0
13,3,0,1,1,0,0,0,0,3.527078130527233,3,0,1,2,131.3109504038303,0,6.488325678879642,0
16,4,0,1,1,0,0,0,0,2.0418240515753263,3,0,1,1,41.44649495388394,0,5.4061549005696765,0
12,1,0,0,1,0,0,0,0,2.7090491118716673,3,1,0,0,0,0,0,0
20,5,1,1,1,0,0,0,0,2.23926054033345,2,0,1,2,265.8571530711741,0,8.194249286560948,0
2,1,0,0,1,0,0,0,0,2.1187550911238615,1,0,1,2,87.51994114587812,0,2.031221561682827,0
16,1,0,5.83626978565401,1,1,0,1,1,1.8543371377938076,1,2,1,1,0.08106311181589992,1,0.03120058602872147,1
13,6,1,2,1,0,0,0,0,2.157693044686237,3,0,0,0,0,0,0,0
11,0,0,0,1,0,1,0,0,4.231900024415086,1,0,0,0,0,0,0,0
18,2,0,0,1,0,0,0,0,3.1557739096605966,5,0,0,0,0,0,0,0
12,2,0,0,1,0,0,0,0,4.072134592444245,2,0,0,0,0,0,0,0
9,1,0,0,1,0,0,0,0,5.122527998525763,1,0,1,1,248.08449368804514,0,10.480519091375996,0
17,3,0,2,1,0,0,1,0,2.962780313882703,4,0,1,2,267.2258035723658,0,5.471048328922512,0
2,0,0,0,1,0,0,0,0,3.2334136004709175,2,0,1,1,224.03264727879662,0,12.396897698493545,0
15,4,0,0,1,0,0,0,0,4.9859852241527935,5,0,1,1,171.72726563058612,0,8.004706561969726,0
11,0,0,0,1,0,0,0,0,2.7970065030787095,4,0,1,2,358.00628191806396,0,4.371690019103793,0
11,1,0,0,1,0,0,0,0,4.703784997772446,2,0,0,0,0,0,0,0
14,2,0,2,1,0,0,0,0,4.540393240967626,4,0,0,0,0,0,0,0
8,1,0,1,1,0,0,0,0,5.790961668187298,4,0,1,1,141.10343929873835,0,11.704502915113622,0
15,1,0,0,1,0,0,0,0,2.025050802517783,1,0,1,2,93.10360747400496,0,8.958413482050915,0
6,4,0,0,1,0,0,1,1,2.9732312686665434,2,0,0,0,0,0,0,0
8,2,0,0,1,0,0,0,0,3.717939662818917,2,0,0,0,0,0,0,0
19,1,0,3.362679228189605,1,0,1,1,0,2.5083118228511823,1,0,1,1,0.09552945091331766,1,0.1582561134998125,1
11,0,0,1,1,0,0,0,0,5.963101040417305,4,0,0,0,0,0,0,0
8,0,0,0,1,0,0,0,0,2.9312419918238217,1,0,0,0,0,0,0,0
2,0,0,0,1,0,0,0,0,5.273180518179855,2,0,1,2,182.73404733601765,0,11.692854518768035,0
22,2,0,1,1,0,0,0,0,2.0847718360796414,3,0,1,2,35.87895425753625,0,9.110693268250731,0
10,2,0,0,1,0,0,0,0,4.946639488493176,5,0,1,1,93.16565743983094,0,5.573891415381199,0
8,6,1,0,1,0,0,0,0,3.465986976532226,2,0,1,2,201.81882648425778,0,10.912362844855656,0
23,1,0,0,1,0,0,0,0,3.8927110711614716,2,0,1,1,387.2260306105528,0,3.6576527571880644,0
11,1,0,0.5069202352613811,1,0,0,0,0,-1.8985015221874668,50,10,1,1,91.50396315826697,0,221.1468143916478,1
10,0,0,0,1,0,0,0,0,3.433401003878879,2,0,0,0,0,0,0,0
8,6,1,0,1,0,0,0,0,5.9661858365848195,1,0,1,2,60.215598793765075,0,3.003944671455854,0
12,4,0,0,1,0,0,0,0,3.4214342436858254,1,0,0,0,0,0,0,0
14,0,0,0,1,0,0,0,0,5.539371836211412,2,0,1,1,167.16949044253332,0,3.7825506909325295,0
9,5,1,0,1,0,0,0,0,2.1350796507281546,2,1,1,1,323.8248328043419,0,7.819163687982314,0
8,1,0,1,1,0,0,0,0,2.1431138189790384,1,0,0,0,0,0,0,0
8,2,0,0,1,0,0,0,0,5.520227794072296,2,0,0,0,0,0,0,0
10,3,0,0,1,0,0,0,0,5.420047372401584,3,0,1,1,306.64366438283724,0,12.676947389272836,0
16,2,0,0,1,0,0,0,0,5.5578910666068895,2,0,1,1,387.11407735503934,0,12.946748840237063,0
7,2,0,0,1,0,0,0,0,2.829487876730506,3,0,0,0,0,0,0,0
10,1,0,3,1,0,0,0,0,3.892470795744621,4,0,0,0,0,0,0,0
0,1,0,9.097891339185853,1,0,0,1,1,4.810774742086123,2,0,0,0,0,0,0,1
14,1,0,0.2530759804270839,1,0,0,0,0,-1.2028625003882973,20,3,0,0,0,0,0,1
14,0,0,0,1,0,0,0,0,5.019927951880978,3,0,1,2,170.6137108568029,0,13.84399898497954,0
12,6,1,0,1,0,0,0,0,2.107048898829543,3,0,0,0,0,0,0,0
10,3,0,0,1,0,0,0,0,3.4422888148356416,4,1,0,0,0,0,0,0
9,2,0,3,1,0,0,0,0,2.2597455266196524,5,2,0,0,0,0,0,0
21,1,0,2,1,0,0,0,0,4.161342011580965,3,0,0,0,0,0,0,0
15,3,0,2,1,0,0,0,0,5.744399121827014,2,0,1,1,162.86663684347565,0,10.441113718743408,0
3,4,0,0,1,0,0,0,0,4.944024106388593,1,0,0,0,0,0,0,0
14,2,0,0,1,0,0,0,0,3.332274489972528,1,0,0,0,0,0,0,0
9,4,0,1,1,0,0,0,0,4.84176490160781,4,0,1,1,205.27201761578834,0,3.302557857241551,0
16,0,0,0,1,0,0,0,0,3.1952306731556903,3,0,0,0,0,0,0,0
8,0,0,0,1,0,0,0,0,3.5452936004515556,1,0,0,0,0,0,0,0
16,3,0,1,1,0,0,0,0,3.799199895259032,4,0,0,0,0,0,0,0
8,2,0,0,1,0,0,0,0,5.318889419819304,2,0,0,0,0,0,0,0
18,1,0,0,1,0,0,0,0,4.4257443622106685,1,0,1,1,176.4156390964753,0,7.165640489744708,0
7,5,1,2,1,0,0,0,0,4.720590133588301,1,0,0,0,0,0,0,0
20,3,0,1,1,0,0,0,0,4.0243073393568345,3,0,1,1,354.42175337492927,0,12.123573047711458,0
6,5,1,1,1,0,0,1,0,2.2606504475920968,3,0,0,0,0,0,0,0
15,2,0,1,1,0,0,0,0,2.1876333406251547,1,0,1,2,265.45139562030874,0,12.568103610015363,0
11,3,0,1,1,0,0,0,0,3.261662056041704,3,0,0,0,0,0,0,0
10,3,0,2,1,0,0,1,0,4.808596857308174,2,0,0,0,0,0,0,0
3,4,0,1,1,0,0,0,0,3.6518452741651894,4,0,1,2,332.21873417416606,0,7.0886831948842195,0
9,6,1,0,1,0,0,0,0,2.91352357079272,4,0,1,1,328.61576033984596,0,3.924632906241269,0
11,4,0,1,1,0,0,0,0,5.187948266661975,3,0,1,2,371.8665339113306,0,7.8603628733660535,0
8,3,0,0,1,0,0,0,0,5.46092743901509,5,0,0,0,0,0,0,0
10,0,0,0,1,0,0,0,0,2.0667480507499882,5,0,0,0,0,0,0,0
14,5,1,0,1,0,0,0,0,4.559354735954809,2,0,0,0,0,0,0,0
12,0,0,1,1,0,0,0,0,2.2503795121151486,1,0,0,0,0,0,0,0
17,0,0,0,1,0,0,0,0,5.287758183022559,2,0,0,0,0,0,0,0
13,1,0,1,1,0,0,0,0,2.4897953905560253,4,0,1,1,353.56567609159634,0,10.921060447892224,0
18,2,0,1,1,0,0,0,0,5.401067677763395,3,0,1,1,364.0498586911038,0,10.852432239683258,0
9,6,1,0,1,0,0,0,0,3.5627049662227908,1,0,0,0,0,0,0,0
9,6,1,0,1,0,0,1,0,5.834947225373222,1,2,0,0,0,0,0,0
15,2,0,1,1,0,0,0,0,3.0014941219564237,2,0,1,1,200.7876613408308,0,7.5288781565575364,0
9,0,0,2,1,0,0,0,0,5.712012130125779,3,0,0,0,0,0,0,0
19,0,0,0,1,0,0,0,0,2.5301826134098544,3,0,0,0,0,0,0,0
14,1,0,0,1,0,0,0,0,4.155491369690256,3,0,0,0,0,0,0,0
18,1,0,0,1,0,0,0,0,3.2672970137654276,2,0,0,0,0,0,0,0
9,5,1,3.6302501753787726,1,0,0,0,0,-1.8102869513398991,20,5,0,0,0,0,0,1
17,3,0,0,1,0,0,1,0,4.872593730357611,1,0,0,0,0,0,0,0
11,5,1,3,1,0,0,0,0,3.903955625071826,6,0,0,0,0,0,0,0
11,4,0,0,1,0,0,0,0,4.923169820525787,2,2,1,1,255.29413711930843,0,9.741581192270031,0
15,1,0,0,1,0,0,0,0,3.02057816059237,5,0,1,1,159.25052087882514,0,3.0942245343849604,0
11,0,0,1,1,0,0,0,0,2.986499179421336,6,0,1,2,318.76054599191804,0,3.1107601234919553,0
14,1,0,0,1,0,0,0,0,4.86851329771804,3,0,0,0,0,0,0,0
20,3,0,0,1,0,0,0,0,5.672625086407523,2,0,1,1,260.4852601780331,0,0.15260460291394629,0
12,3,0,0,1,0,0,0,0,5.630765138487959,5,0,1,1,376.5900209643523,0,10.571828966919753,0
11,6,1,0,1,0,1,0,0,3.3722733369127282,1,0,0,0,0,0,0,0
14,5,1,2,1,0,0,0,0,2.897091860575836,4,0,0,0,0,0,0,0
13,2,0,0,1,0,0,0,0,2.717943229587017,1,0,0,0,0,0,0,0
17,4,0,0,1,0,0,0,0,2.7242715770996404,1,0,0,0,0,0,0,0
20,3,0,0,1,0,0,0,0,4.870657081938498,6,0,0,0,0,0,0,0
10,3,0,1,1,0,0,0,0,3.1096738005694147,1,0,1,1,319.6082391333359,0,9.945540742467406,0
19,0,0,1,1,0,0,0,0,5.728040374968806,3,0,1,1,367.56167024227784,0,4.362376856303238,0
17,3,0,3,1,0,0,0,0,2.6692189501223704,1,0,0,0,0,0,0,0
20,3,0,2,1,0,0,0,0,5.76074275943782,4,0,1,1,189.6374406296561,0,11.711135812991598,0
8,4,0,0,1,0,1,0,0,2.5548362677480814,3,0,0,0,0,0,0,0
21,0,0,2,1,0,0,0,0,4.686108588667313,1,0,1,1,208.6087460853258,0,6.386818799936767,0
9,1,0,0,1,0,1,0,0,4.144726121165149,6,0,0,0,0,0,0,0
19,1,0,1,1,0,1,0,0,4.598157440042087,1,0,0,0,0,0,0,0
11,1,0,0,1,0,0,0,0,4.747852979710121,3,1,0,0,0,0,0,0
10,3,0,0,1,0,0,0,0,5.239237409934864,2,0,1,1,69.94029999542039,0,6.808577863596508,0
14,0,0,0,1,0,0,0,0,2.6041796836478976,2,0,0,0,0,0,0,0
18,2,0,1,1,0,0,0,0,5.103856692604285,2,0,0,0,0,0,0,0
5,1,0,0,1,0,0,0,0,4.62433878613645,5,0,1,2,118.91176027439471,0,9.66787144659435,0
11,1,0,0,1,0,0,0,0,3.7414580036950307,1,0,0,0,0,0,0,0
2,0,0,1,1,0,0,0,0,4.824601606696691,2,0,0,0,0,0,0,0
13,4,0,0,1,0,0,0,0,5.7271198205939555,4,0,1,1,290.93289536823016,0,5.343107068202458,0
20,1,0,1,1,0,0,0,0,5.081440460161447,3,0,0,0,0,0,0,0
4,0,0,0,1,0,1,0,0,3.943702162145906,4,0,1,1,359.18163035655977,0,3.0181403798094375,0
8,6,1,0,1,0,0,0,0,2.4154495663419597,2,0,1,1,50.75904215793348,0,12.257507019354538,0
9,6,1,0,1,0,0,0,0,5.318714040853175,1,0,1,2,161.14599796801446,0,0.328063982491684,0
7,1,0,0,1,0,0,0,0,4.03425123572182,3,0,1,1,26.29849540529991,0,13.86470309106797,0
14,2,0,1,1,0,0,0,0,2.4742794830752968,4,0,0,0,0,0,0,0
12,3,0,1,1,0,0,0,0,5.4148023001005985,3,0,0,0,0,0,0,0
9,0,0,0,1,0,0,0,0,3.0844782608613603,3,0,0,0,0,0,0,0
9,0,0,0,1,0,0,0,0,5.771638857340218,5,0,1,1,367.0153696398498,0,3.7083223309727344,0
12,2,0,0,1,0,0,0,0,3.9084241896901633,1,0,1,2,375.53587824566927,0,12.53838840208182,0
10,0,0,1,1,0,0,0,0,5.392061118025342,4,0,0,0,0,0,0,0
10,2,0,0,1,0,0,0,0,2.613918828055655,2,0,0,0,0,0,0,0
13,4,0,0,1,0,0,1,0,2.988271284906296,4,0,0,0,0,0,0,0
15,4,0,0,1,0,0,0,0,5.8812138394031654,1,0,1,2,201.59094707470732,0,5.103052511433466,0
14,0,0,2,1,0,0,0,0,5.999552721173865,3,0,0,0,0,0,0,0
11,6,1,0,1,0,0,0,0,4.327686345925271,5,0,0,0,0,0,0,0
10,2,0,0,1,0,0,0,0,4.418066939263223,3,1,0,0,0,0,0,0
8,1,0,1,1,0,0,0,0,3.0413673935125005,1,0,0,0,0,0,0,0
6,6,1,3.636395178823953,1,0,0,0,0,-1.378181577576033,100,10,0,0,0,0,0,1
8,5,1,0,1,0,1,0,0,2.6186837051822547,3,0,0,0,0,0,0,0
17,6,1,2.1270391819827803,0,1,5,1,1,1.0698041600158774,2,0,0,0,0,0,0,1
12,0,0,0,1,0,0,0,0,4.072890996413998,3,1,1,1,290.9100245043113,0,7.9075025167081705,0
6,0,0,0,1,0,0,0,0,2.5000864573270887,4,0,0,0,0,0,0,0
19,4,0,3,1,0,0,0,0,3.808705632468606,1,0,0,0,0,0,0,0
11,3,0,5.658250729786641,1,0,0,1,0,-1.2732056102840086,20,10,1,1,6.643244723521646,0,60.21818711522589,1
19,0,0,0,1,0,0,0,0,2.0916710392165565,1,0,0,0,0,0,0,0
12,2,0,0,1,0,0,0,0,2.813836469477994,1,0,1,1,359.2177414575157,0,12.840993007769587,0
11,1,0,2,1,0,0,0,0,2.3518333794818953,2,0,1,1,46.21920427902858,0,4.547497603019338,0
12,4,0,2,1,0,0,0,0,4.914843734088626,4,0,0,0,0,0,0,0
17,3,0,0,1,0,0,0,0,5.81939732557307,3,0,1,1,333.9804797536738,0,11.780046363307004,0
17,6,1,1,1,0,0,0,0,3.0884430406929835,1,0,1,1,157.6072036480575,0,9.721398057471001,0
13,5,1,0,1,0,0,0,0,4.932079037714189,2,0,1,2,89.61264223859114,0,7.362064262640892,0
11,3,0,2,1,0,0,0,0,5.941313917338033,2,2,1,2,343.0924772714037,0,9.747267323797569,0
22,5,1,3,1,0,0,0,0,2.4296588527060248,1,0,1,1,300.3712085836553,0,5.3900181508649245,0
10,3,0,1,1,0,0,0,0,3.6082279425817996,5,0,1,1,245.43936698708,0,2.9258011053891324,0
16,3,0,1,1,0,0,0,0,2.2515272207434953,5,0,1,1,31.61328959492954,0,2.1277628896670704,0
17,6,1,1,1,0,0,0,0,5.800505720247876,1,0,0,0,0,0,0,0
8,5,1,0,1,0,0,0,0,4.517771684973234,2,1,1,3,147.2857948160334,0,7.759155556408836,0
17,0,0,0,1,0,0,0,0,4.892833983270048,1,1,0,0,0,0,0,0
14,3,0,0,1,0,0,0,0,3.050038492465701,1,0,1,1,298.35703221460403,0,7.697889798058185,0
10,2,0,0,1,0,0,0,0,2.5104810186448066,1,0,1,1,213.1125767998617,0,2.9430353416061195,0
0,3,0,0,1,0,0,0,0,3.76574633271553,4,0,0,0,0,0,0,0
9,3,0,2,1,0,0,1,0,2.691114292440812,2,0,1,2,226.5590865167985,0,9.76199062961969,0
11,4,0,0,1,0,0,0,0,2.1800274613373563,2,0,1,1,14.267023527757665,0,11.233333608659915,0
9,4,0,0,1,0,0,0,0,3.759311113474252,4,0,0,0,0,0,0,0
19,2,0,1,1,0,0,0,0,2.6645045304241717,2,0,0,0,0,0,0,0
6,0,0,0,1,0,0,0,0,2.4260732350807706,5,0,1,1,234.94746449260558,0,9.93498311098465,0
15,4,0,1,1,0,1,0,0,3.832093160047104,4,0,0,0,0,0,0,0
15,4,0,1,1,0,0,0,0,2.690708092938727,1,0,0,0,0,0,0,0
13,1,0,0,1,0,0,0,0,3.5334136956977193,3,1,0,0,0,0,0,0
15,0,0,1,1,0,0,0,0,5.2413990712457,3,0,0,0,0,0,0,0
14,2,0,1,1,0,0,0,0,4.406101875714487,4,0,0,0,0,0,0,0
14,0,0,2,1,0,0,0,0,2.4151703919266643,2,0,1,2,310.7164372119646,0,3.1432530333881634,0
18,1,0,0,1,0,0,1,0,5.102126009267009,4,0,1,2,188.71722419316785,0,5.71492961582394,0
17,4,0,0,1,0,0,0,0,2.2884039721378344,4,0,0,0,0,0,0,0
18,4,0,0,1,0,0,0,0,4.893446396779039,1,1,0,0,0,0,0,0
21,3,0,0,1,0,0,0,0,4.5738729697428635,1,0,0,0,0,0,0,0
9,4,0,1,1,0,0,0,0,3.463084953438944,2,0,0,0,0,0,0,0
8,5,1,0,1,0,0,0,0,2.9648013400048634,2,0,0,0,0,0,0,0
16,4,0,0,1,0,0,0,0,4.026359173662857,4,0,0,0,0,0,0,0
10,0,0,2,1,0,0,0,0,4.51045181258929,5,0,0,0,0,0,0,0
8,0,0,0,1,0,0,0,0,2.3560976487636065,1,1,0,0,0,0,0,0
17,2,0,0,1,0,0,0,0,3.2830858476036187,3,0,1,2,389.361503589213,0,9.435671816153198,0
20,2,0,0,1,0,0,0,0,3.0054973734331516,2,0,1,1,102.11108463521437,0,7.143404901540466,0
21,3,0,1,1,0,0,0,0,4.936465692563906,5,0,0,0,0,0,0,0
18,0,0,3,1,0,0,0,0,5.063084552595128,1,0,0,0,0,0,0,0
18,1,0,1,1,0,0,0,0,3.5875295167633525,3,0,1,2,378.4294166320698,0,1.272548719862551,0
17,0,0,2,1,0,0,0,0,5.742316368676359,6,0,0,0,0,0,0,0
9,1,0,0,1,0,0,0,0,2.994152451202255,1,0,0,0,0,0,0,0
11,1,0,0,1,0,0,0,0,2.421714807178232,3,0,0,0,0,0,0,0
19,4,0,1,1,0,0,0,0,2.693358000887839,2,0,0,0,0,0,0,0
10,3,0,0,1,0,0,0,0,2.1548418944101413,2,0,0,0,0,0,0,0
12,3,0,0,1,0,0,0,0,3.8466702323198216,3,1,0,0,0,0,0,0
14,4,0,1,1,0,0,0,0,2.282266464154397,2,1,1,1,242.92367627928272,0,1.46628341243109,0
7,2,0,1,1,0,0,0,0,2.3465123770777527,4,0,0,0,0,0,0,0
15,1,0,1,1,0,0,0,0,3.72796095528016,2,0,0,0,0,0,0,0
12,5,1,2,1,0,0,0,0,2.681746023685735,2,0,0,0,0,0,0,0
9,0,0,3,1,0,0,0,0,3.1739724776833076,4,0,0,0,0,0,0,0
15,0,0,0,1,0,0,0,0,4.475454348039902,6,0,0,0,0,0,0,0
14,0,0,3,1,0,0,0,0,4.219298952665994,3,0,1,1,307.88491944908714,0,0.5291831291548512,0
15,3,0,2,1,0,0,0,0,2.4500075225940936,3,1,1,1,57.31582392353033,0,6.668525341929243,0
7,4,0,0,1,0,0,0,0,3.0286875466896643,2,0,0,0,0,0,0,0
17,0,0,0,1,0,0,0,0,3.3986698568587306,3,0,0,0,0,0,0,0
13,3,0,3,1,0,0,0,0,2.6241762312399954,6,0,1,1,323.58900575593856,0,0.6608770999159841,0
14,0,0,0,1,0,0,1,0,3.4337113145548748,4,0,0,0,0,0,0,0
15,4,0,0,1,0,0,0,0,3.5613608786214654,5,0,1,1,383.36883052962935,0,2.3274579424993957,0
17,2,0,0,1,0,0,0,0,5.3772255639953705,2,0,0,0,0,0,0,0
9,0,0,0,1,0,0,0,0,4.399008425440598,3,0,1,1,273.9054518684407,0,13.423021737017544,0
18,3,0,0,1,0,0,0,0,4.2823417178855685,1,0,1,1,262.88859955664543,0,4.699059476549299,0
13,2,0,0,1,0,0,0,0,5.153810755562018,2,0,0,0,0,0,0,0
19,3,0,1,1,0,0,0,0,5.213575079603228,2,1,1,1,121.82431659522649,0,2.1331048879821415,0
5,1,0,0,1,0,0,0,0,2.9047528471365034,4,0,1,1,321.1962754326596,0,6.011596147282082,0
9,2,0,0,1,0,0,0,0,5.20907632849204,1,0,0,0,0,0,0,0
20,0,0,0,1,0,0,0,0,2.076020151743762,2,0,1,2,292.08650267091303,0,12.505540656056079,0
13,1,0,0,1,0,0,0,0,3.3219289765501236,6,0,0,0,0,0,0,0
6,0,0,0,1,0,0,0,0,3.1738941849435,4,0,1,1,25.556820841542493,0,4.517536267723256,0
18,1,0,0,1,0,0,0,0,4.586270404124628,3,0,1,1,391.8202881502146,0,3.0355744602527897,0
6,5,1,0,1,0,0,0,0,3.18116827872974,2,0,1,1,243.44925808755627,0,2.0723356403776254,0
15,6,1,1,1,0,0,0,0,2.905388540453463,4,0,0,0,0,0,0,0
8,5,1,2,1,0,0,0,0,2.539370827713073,3,0,0,0,0,0,0,0
21,3,0,0,1,0,0,0,0,3.2184513678623925,2,0,1,1,387.6138439100509,0,13.794322016497228,0
12,1,0,1,1,0,0,0,0,2.8975641167126227,2,0,0,0,0,0,0,0
15,0,0,0,1,0,0,0,0,5.159301872455009,2,0,0,0,0,0,0,0
23,2,0,7.02153290191662,1,0,0,1,1,5.178199335755196,1,1,0,0,0,0,0,1
19,1,0,0,1,0,0,0,0,2.990986883200518,6,0,0,0,0,0,0,0
17,2,0,0,1,0,0,0,0,3.7038081871633097,3,0,1,1,358.5200747928334,0,4.316209838106417,0
8,4,0,1,1,0,0,0,0,3.6097082562130987,2,0,0,0,0,0,0,0
18,2,0,1,1,0,0,0,0,2.6503411111977653,4,0,0,0,0,0,0,0
15,1,0,0,1,0,0,0,0,3.3931264020807492,5,0,1,1,306.19594550947477,0,1.5425592577917742,0
11,3,0,0,1,0,0,0,0,5.636923412804524,1,0,0,0,0,0,0,0
0,4,0,4.654421892316711,0,1,2,1,1,0.09739932338096668,2,0,0,0,0,0,0,1
10,1,0,0,1,0,0,0,0,2.640907678293582,4,0,1,1,136.97016844848702,0,7.961149727521244,0
13,2,0,0,1,0,0,0,0,3.3295163782831048,4,0,1,1,105.3902761158398,0,13.262794450517175,0
8,5,1,0,1,0,0,0,0,3.319012123337396,3,1,1,1,221.45533129196974,0,3.8700774253740775,0
1,2,0,4.359660298529671,1,0,0,1,1,3.5869577314959344,2,0,1,1,58.25010853956757,0,226.5376408219697,1
16,6,1,0,1,0,0,0,0,5.289256100563829,2,0,0,0,0,0,0,0
13,2,0,1,1,0,0,0,0,5.2896692049070975,5,0,0,0,0,0,0,0
16,0,0,1,1,0,0,0,0,5.342008844515258,1,0,0,0,0,0,0,0
11,1,0,1,1,0,0,0,0,3.8840295375731313,1,0,0,0,0,0,0,0
10,4,0,0,1,0,0,0,0,3.9714695990460713,3,0,0,0,0,0,0,0
7,4,0,1,1,0,0,0,0,4.558909711907009,4,1,1,3,394.2554538254861,0,12.067824143107737,0
8,3,0,1,1,0,0,0,0,5.697632839582784,3,0,0,0,0,0,0,0
15,1,0,0,1,0,0,0,0,5.092236870309857,5,1,1,1,375.7579513098411,0,7.31233021350732,0
17,4,0,2,1,0,0,0,0,2.9582165976297645,6,0,0,0,0,0,0,0
13,3,0,0,1,0,0,0,0,5.51158700788274,1,0,0,0,0,0,0,0
11,0,0,0,1,0,0,0,0,3.816576364433861,1,0,0,0,0,0,0,0
0,3,0,0,1,0,1,0,0,4.573613278891601,1,1,1,2,289.78098803903544,0,10.13736245214481,0
11,3,0,1,1,0,0,0,0,2.6855006031553637,1,0,1,1,46.74334149856253,0,1.0249823790219104,0
19,4,0,2,1,0,0,0,0,2.066780497064164,2,0,1,1,220.0286967903249,0,9.367695911199602,0
12,2,0,0,1,0,0,0,0,4.755211773615577,1,0,1,1,114.65230091471894,0,4.401180640278045,0
12,1,0,1,1,0,0,0,0,4.558514664849398,2,0,1,1,65.83390726155041,0,4.543637243513037,0
2,0,0,2,1,0,0,0,0,5.989134075531442,1,0,0,0,0,0,0,0
7,6,1,1,1,0,0,0,0,4.114242905365102,1,0,0,0,0,0,0,0
16,4,0,0,1,0,0,0,0,4.814019419565225,2,0,1,1,313.31556227518496,0,2.292928373081063,0
13,1,0,0,1,0,0,0,0,5.686778049260126,1,0,1,3,377.8570935279225,0,13.778797385055112,0
